<ContinuityOfCareRecord xmlns:xsi="http://www.w3.org/2001/XMLSchema-instance" xsi:schemaLocation="urn:astm-org:CCR CCR_20051109.xsd http://www.w3.org/2001/XMLSchema xmldsig-core-schema.xsd" xmlns="urn:astm-org:CCR">
  <CCRDocumentObjectID>50536a6c709357c7fa000326</CCRDocumentObjectID>
  <Language>
    <Text>English</Text>
  </Language>
  <Version>V1.0</Version>
  <DateTime>
    <ExactDateTime>2012-09-14T13:36:09-04:00</ExactDateTime>
  </DateTime>
  <Patient>
    <ActorID>50536a6c709357c7fa000326</ActorID>
  </Patient>
  <From>
    <ActorLink>
      <ActorID>AA0002</ActorID>
    </ActorLink>
  </From>
  <Purpose>
    <Description>
      <Text>Cypress Test Patient CCR XML Record</Text>
    </Description>
    <Indications>
      <Indication>
        <Source>
          <Actor>
            <ActorID>AA0002</ActorID>
          </Actor>
        </Source>
        <InternalCCRLink>
          <LinkID/>
        </InternalCCRLink>
      </Indication>
    </Indications>
  </Purpose>
  <Body>
    <Problems>
      <Problem>
        <CCRDataObjectID>PR0001</CCRDataObjectID>
        <DateTime>
          <Type>
            <Text>Start date</Text>
          </Type>
          <ExactDateTime>1995-09-13T04:00:00Z</ExactDateTime>
        </DateTime>
        <Type>
          <Text>Diagnosis</Text>
        </Type>
        <Description>
          <Text>Diagnosis, Active: Bipolar Disorder (Code List: 2.16.840.1.113883.3.67.1.101.1.128)</Text>
          <Code>
            <Value>296.00</Value>
            <CodingSystem>ICD-9-CM</CodingSystem>
            <Version>2005</Version>
          </Code>
          <Code>
            <Value>162004</Value>
            <CodingSystem>SNOMED-CT</CodingSystem>
            <Version>2005</Version>
          </Code>
          <Code>
            <Value>F30.2</Value>
            <CodingSystem>ICD-10-CM</CodingSystem>
            <Version>2005</Version>
          </Code>
        </Description>
        <Status>
          <Text>Active</Text>
        </Status>
        <Source>
          <Actor>
            <ActorID>50536a6c709357c7fa000326</ActorID>
          </Actor>
        </Source>
      </Problem>
      <Problem>
        <CCRDataObjectID>PR0002</CCRDataObjectID>
        <DateTime>
          <Type>
            <Text>Start date</Text>
          </Type>
          <ExactDateTime>2001-07-29T04:00:00Z</ExactDateTime>
        </DateTime>
        <Type>
          <Text>Diagnosis</Text>
        </Type>
        <Description>
          <Text>Diagnosis, Active: Personality Disorder (Code List: 2.16.840.1.113883.3.67.1.101.1.246)</Text>
          <Code>
            <Value>300.14</Value>
            <CodingSystem>ICD-9-CM</CodingSystem>
            <Version>2005</Version>
          </Code>
          <Code>
            <Value>F21</Value>
            <CodingSystem>ICD-10-CM</CodingSystem>
            <Version>2005</Version>
          </Code>
          <Code>
            <Value>600009</Value>
            <CodingSystem>SNOMED-CT</CodingSystem>
            <Version>2005</Version>
          </Code>
        </Description>
        <Status>
          <Text>Active</Text>
        </Status>
        <Source>
          <Actor>
            <ActorID>50536a6c709357c7fa000326</ActorID>
          </Actor>
        </Source>
      </Problem>
      <Problem>
        <CCRDataObjectID>PR0003</CCRDataObjectID>
        <DateTime>
          <Type>
            <Text>Start date</Text>
          </Type>
          <ExactDateTime>2010-11-15T05:00:00Z</ExactDateTime>
        </DateTime>
        <Type>
          <Text>Diagnosis</Text>
        </Type>
        <Description>
          <Text>Diagnosis, Active: Major Depression (Code List: 2.16.840.1.113883.3.67.1.101.1.250)</Text>
          <Code>
            <Value>832007</Value>
            <CodingSystem>SNOMED-CT</CodingSystem>
            <Version>2005</Version>
          </Code>
          <Code>
            <Value>296.20</Value>
            <CodingSystem>ICD-9-CM</CodingSystem>
            <Version>2005</Version>
          </Code>
          <Code>
            <Value>F32.0</Value>
            <CodingSystem>ICD-10-CM</CodingSystem>
            <Version>2005</Version>
          </Code>
        </Description>
        <Status>
          <Text>Active</Text>
        </Status>
        <Source>
          <Actor>
            <ActorID>50536a6c709357c7fa000326</ActorID>
          </Actor>
        </Source>
      </Problem>
      <Problem>
        <CCRDataObjectID>PR0004</CCRDataObjectID>
        <DateTime>
          <Type>
            <Text>Start date</Text>
          </Type>
          <ExactDateTime>2001-03-13T05:00:00Z</ExactDateTime>
        </DateTime>
        <Type>
          <Text>Diagnosis</Text>
        </Type>
        <Description>
          <Text>Diagnosis, Active: Dysthymia (Code List: 2.16.840.1.113883.3.67.1.101.1.254)</Text>
          <Code>
            <Value>300.4</Value>
            <CodingSystem>ICD-9-CM</CodingSystem>
            <Version>2005</Version>
          </Code>
          <Code>
            <Value>F34.1</Value>
            <CodingSystem>ICD-10-CM</CodingSystem>
            <Version>2005</Version>
          </Code>
          <Code>
            <Value>2506003</Value>
            <CodingSystem>SNOMED-CT</CodingSystem>
            <Version>2005</Version>
          </Code>
        </Description>
        <Status>
          <Text>Active</Text>
        </Status>
        <Source>
          <Actor>
            <ActorID>50536a6c709357c7fa000326</ActorID>
          </Actor>
        </Source>
      </Problem>
      <Problem>
        <CCRDataObjectID>PR0005</CCRDataObjectID>
        <DateTime>
          <Type>
            <Text>Start date</Text>
          </Type>
          <ExactDateTime>2001-08-09T04:00:00Z</ExactDateTime>
        </DateTime>
        <Type>
          <Text>Diagnosis</Text>
        </Type>
        <Description>
          <Text>Diagnosis, Active: Major Depression (Code List: 2.16.840.1.113883.3.67.1.101.1.250)</Text>
          <Code>
            <Value>832007</Value>
            <CodingSystem>SNOMED-CT</CodingSystem>
            <Version>2005</Version>
          </Code>
          <Code>
            <Value>296.20</Value>
            <CodingSystem>ICD-9-CM</CodingSystem>
            <Version>2005</Version>
          </Code>
          <Code>
            <Value>F32.0</Value>
            <CodingSystem>ICD-10-CM</CodingSystem>
            <Version>2005</Version>
          </Code>
        </Description>
        <Status>
          <Text>Active</Text>
        </Status>
        <Source>
          <Actor>
            <ActorID>50536a6c709357c7fa000326</ActorID>
          </Actor>
        </Source>
      </Problem>
      <Problem>
        <CCRDataObjectID>PR0006</CCRDataObjectID>
        <DateTime>
          <Type>
            <Text>Start date</Text>
          </Type>
          <ExactDateTime>2003-09-27T04:00:00Z</ExactDateTime>
        </DateTime>
        <Type>
          <Text>Diagnosis</Text>
        </Type>
        <Description>
          <Text>Diagnosis, Active: Dysthymia (Code List: 2.16.840.1.113883.3.67.1.101.1.254)</Text>
          <Code>
            <Value>300.4</Value>
            <CodingSystem>ICD-9-CM</CodingSystem>
            <Version>2005</Version>
          </Code>
          <Code>
            <Value>F34.1</Value>
            <CodingSystem>ICD-10-CM</CodingSystem>
            <Version>2005</Version>
          </Code>
          <Code>
            <Value>2506003</Value>
            <CodingSystem>SNOMED-CT</CodingSystem>
            <Version>2005</Version>
          </Code>
        </Description>
        <Status>
          <Text>Active</Text>
        </Status>
        <Source>
          <Actor>
            <ActorID>50536a6c709357c7fa000326</ActorID>
          </Actor>
        </Source>
      </Problem>
    </Problems>
    <Procedures>
      <Procedure>
        <CCRDataObjectID>PR0001</CCRDataObjectID>
        <DateTime>
          <Type>
            <Text>Service date</Text>
          </Type>
          <ExactDateTime>2006-07-30T04:00:00Z</ExactDateTime>
        </DateTime>
        <Description>
          <Text>Intervention, Order: Palliative Care (Code List: 2.16.840.1.113883.3.526.3.1024)</Text>
          <Code>
            <Value>103735009</Value>
            <CodingSystem>SNOMED-CT</CodingSystem>
            <Version>2005</Version>
          </Code>
        </Description>
        <Status>
          <Text>Active</Text>
        </Status>
        <Source/>
      </Procedure>
      <Procedure>
        <CCRDataObjectID>PR0002</CCRDataObjectID>
        <DateTime>
          <Type>
            <Text>Service date</Text>
          </Type>
          <ExactDateTime>2006-08-28T04:00:00Z</ExactDateTime>
        </DateTime>
        <Description>
          <Text>Risk Category Assessment: PHQ-9 Tool (Code List: 2.16.840.1.113883.3.67.1.101.11.723)</Text>
          <Code>
            <Value>44249-1</Value>
            <CodingSystem>LOINC</CodingSystem>
            <Version>2005</Version>
          </Code>
        </Description>
        <Status>
          <Text>Active</Text>
        </Status>
        <Source/>
      </Procedure>
    </Procedures>
    <Encounters>
      <Encounter>
        <CCRDataObjectID>EN0001</CCRDataObjectID>
        <DateTime>
          <Type>
            <Text>Encounter Date</Text>
          </Type>
          <ExactDateTime>2011-03-31T04:00:00Z</ExactDateTime>
        </DateTime>
        <Description>
          <Text>Encounter, Performed: Residence (Code List: 2.16.840.1.113883.3.67.1.101.11.725)</Text>
          <Code>
            <Value>20733006</Value>
            <CodingSystem>SNOMED-CT</CodingSystem>
            <Version>2005</Version>
          </Code>
        </Description>
        <Status>
          <Text>Active</Text>
        </Status>
        <Source>
          <Actor>
            <ActorID>50536a6c709357c7fa000326</ActorID>
          </Actor>
        </Source>
      </Encounter>
      <Encounter>
        <CCRDataObjectID>EN0002</CCRDataObjectID>
        <DateTime>
          <Type>
            <Text>Encounter Date</Text>
          </Type>
          <ExactDateTime>2001-03-26T05:00:00Z</ExactDateTime>
        </DateTime>
        <Description>
          <Text>Residence (Code List: 2.16.840.1.113883.3.67.1.101.11.725)</Text>
          <Code>
            <Value>20733006</Value>
            <CodingSystem>SNOMED-CT</CodingSystem>
            <Version>2005</Version>
          </Code>
        </Description>
        <Status>
          <Text>Active</Text>
        </Status>
        <Source>
          <Actor>
            <ActorID>50536a6c709357c7fa000326</ActorID>
          </Actor>
        </Source>
      </Encounter>
      <Encounter>
        <CCRDataObjectID>EN0003</CCRDataObjectID>
        <DateTime>
          <Type>
            <Text>Encounter Date</Text>
          </Type>
          <ExactDateTime>2001-07-01T04:00:00Z</ExactDateTime>
        </DateTime>
        <Description>
          <Text>Encounter, Performed: Office Visit (Code List: 2.16.840.1.113883.3.464.1003.101.12.1001)</Text>
          <Code>
            <Value>99201</Value>
            <CodingSystem>CPT</CodingSystem>
            <Version>2005</Version>
          </Code>
        </Description>
        <Status>
          <Text>Active</Text>
        </Status>
        <Source>
          <Actor>
            <ActorID>50536a6c709357c7fa000326</ActorID>
          </Actor>
        </Source>
      </Encounter>
      <Encounter>
        <CCRDataObjectID>EN0004</CCRDataObjectID>
        <DateTime>
          <Type>
            <Text>Encounter Date</Text>
          </Type>
          <ExactDateTime>2002-09-28T04:00:00Z</ExactDateTime>
        </DateTime>
        <Description>
          <Text>Encounter, Performed: Preventive Care Services - Established Office Visit, 18 and Up (Code List: 2.16.840.1.113883.3.464.1003.101.12.1025)</Text>
          <Code>
            <Value>99395</Value>
            <CodingSystem>CPT</CodingSystem>
            <Version>2005</Version>
          </Code>
        </Description>
        <Status>
          <Text>Active</Text>
        </Status>
        <Source>
          <Actor>
            <ActorID>50536a6c709357c7fa000326</ActorID>
          </Actor>
        </Source>
      </Encounter>
      <Encounter>
        <CCRDataObjectID>EN0005</CCRDataObjectID>
        <DateTime>
          <Type>
            <Text>Encounter Date</Text>
          </Type>
          <ExactDateTime>2005-10-31T05:00:00Z</ExactDateTime>
        </DateTime>
        <Description>
          <Text>Encounter, Performed: Home Healthcare Services (Code List: 2.16.840.1.113883.3.464.1003.101.12.1016)</Text>
          <Code>
            <Value>99341</Value>
            <CodingSystem>CPT</CodingSystem>
            <Version>2005</Version>
          </Code>
        </Description>
        <Status>
          <Text>Active</Text>
        </Status>
        <Source>
          <Actor>
            <ActorID>50536a6c709357c7fa000326</ActorID>
          </Actor>
        </Source>
      </Encounter>
      <Encounter>
        <CCRDataObjectID>EN0006</CCRDataObjectID>
        <DateTime>
          <Type>
            <Text>Encounter Date</Text>
          </Type>
          <ExactDateTime>2011-12-07T05:00:00Z</ExactDateTime>
        </DateTime>
        <Description>
          <Text>Encounter, Performed: Hospital Observation Care - Initial (Code List: 2.16.840.1.113883.3.464.1003.101.12.1002)</Text>
          <Code>
            <Value>99218</Value>
            <CodingSystem>CPT</CodingSystem>
            <Version>2005</Version>
          </Code>
        </Description>
        <Status>
          <Text>Active</Text>
        </Status>
        <Source>
          <Actor>
            <ActorID>50536a6c709357c7fa000326</ActorID>
          </Actor>
        </Source>
      </Encounter>
      <Encounter>
        <CCRDataObjectID>EN0007</CCRDataObjectID>
        <DateTime>
          <Type>
            <Text>Encounter Date</Text>
          </Type>
          <ExactDateTime>2009-01-18T05:00:00Z</ExactDateTime>
        </DateTime>
        <Description>
          <Text>Encounter, Performed: Office or Other Outpatient Visit for E/M of Established Patient (Code List: 2.16.840.1.113883.3.67.1.101.3.2014)</Text>
          <Code>
            <Value>99211</Value>
            <CodingSystem>CPT</CodingSystem>
            <Version>2005</Version>
          </Code>
        </Description>
        <Status>
          <Text>Active</Text>
        </Status>
        <Source>
          <Actor>
            <ActorID>50536a6c709357c7fa000326</ActorID>
          </Actor>
        </Source>
      </Encounter>
      <Encounter>
        <CCRDataObjectID>EN0008</CCRDataObjectID>
        <DateTime>
          <Type>
            <Text>Encounter Date</Text>
          </Type>
          <ExactDateTime>2011-05-11T04:00:00Z</ExactDateTime>
        </DateTime>
        <Description>
          <Text>Encounter, Performed: Observation Care Discharge Day Management (Code List: 2.16.840.1.113883.3.67.1.101.3.2015)</Text>
          <Code>
            <Value>99217</Value>
            <CodingSystem>CPT</CodingSystem>
            <Version>2005</Version>
          </Code>
        </Description>
        <Status>
          <Text>Active</Text>
        </Status>
        <Source>
          <Actor>
            <ActorID>50536a6c709357c7fa000326</ActorID>
          </Actor>
        </Source>
      </Encounter>
      <Encounter>
        <CCRDataObjectID>EN0009</CCRDataObjectID>
        <DateTime>
          <Type>
            <Text>Encounter Date</Text>
          </Type>
          <ExactDateTime>2010-05-20T04:00:00Z</ExactDateTime>
        </DateTime>
        <Description>
          <Text>Encounter, Performed: Preventive Care Services-Individual Counseling (Code List: 2.16.840.1.113883.3.464.1003.101.12.1026)</Text>
          <Code>
            <Value>99401</Value>
            <CodingSystem>CPT</CodingSystem>
            <Version>2005</Version>
          </Code>
        </Description>
        <Status>
          <Text>Active</Text>
        </Status>
        <Source>
          <Actor>
            <ActorID>50536a6c709357c7fa000326</ActorID>
          </Actor>
        </Source>
      </Encounter>
      <Encounter>
        <CCRDataObjectID>EN00010</CCRDataObjectID>
        <DateTime>
          <Type>
            <Text>Encounter Date</Text>
          </Type>
          <ExactDateTime>2011-03-27T04:00:00Z</ExactDateTime>
        </DateTime>
        <Description>
          <Text>Encounter, Performed: Psych Visit - Individual Outpatient Interactive Psychotherapy (Code List: 2.16.840.1.113883.3.526.3.1015)</Text>
          <Code>
            <Value>90810</Value>
            <CodingSystem>CPT</CodingSystem>
            <Version>2005</Version>
          </Code>
        </Description>
        <Status>
          <Text>Active</Text>
        </Status>
        <Source>
          <Actor>
            <ActorID>50536a6c709357c7fa000326</ActorID>
          </Actor>
        </Source>
      </Encounter>
      <Encounter>
        <CCRDataObjectID>EN00011</CCRDataObjectID>
        <DateTime>
          <Type>
            <Text>Encounter Date</Text>
          </Type>
          <ExactDateTime>2001-01-22T05:00:00Z</ExactDateTime>
        </DateTime>
        <Description>
          <Text>Encounter, Performed: Psych Visit - Individual Outpatient Psychotherapy (Code List: 2.16.840.1.113883.3.526.3.1014)</Text>
          <Code>
            <Value>90804</Value>
            <CodingSystem>CPT</CodingSystem>
            <Version>2005</Version>
          </Code>
        </Description>
        <Status>
          <Text>Active</Text>
        </Status>
        <Source>
          <Actor>
            <ActorID>50536a6c709357c7fa000326</ActorID>
          </Actor>
        </Source>
      </Encounter>
      <Encounter>
        <CCRDataObjectID>EN00012</CCRDataObjectID>
        <DateTime>
          <Type>
            <Text>Encounter Date</Text>
          </Type>
          <ExactDateTime>2010-11-11T05:00:00Z</ExactDateTime>
        </DateTime>
        <Description>
          <Text>Encounter, Performed: Preventive Care Services-Initial Office Visit, 18 and Up (Code List: 2.16.840.1.113883.3.464.1003.101.12.1023)</Text>
          <Code>
            <Value>99385</Value>
            <CodingSystem>CPT</CodingSystem>
            <Version>2005</Version>
          </Code>
        </Description>
        <Status>
          <Text>Active</Text>
        </Status>
        <Source>
          <Actor>
            <ActorID>50536a6c709357c7fa000326</ActorID>
          </Actor>
        </Source>
      </Encounter>
      <Encounter>
        <CCRDataObjectID>EN00013</CCRDataObjectID>
        <DateTime>
          <Type>
            <Text>Encounter Date</Text>
          </Type>
          <ExactDateTime>2004-06-17T04:00:00Z</ExactDateTime>
        </DateTime>
        <Description>
          <Text>Encounter, Performed: Outpatient Consultation (Code List: 2.16.840.1.113883.3.464.1003.101.12.1008)</Text>
          <Code>
            <Value>99241</Value>
            <CodingSystem>CPT</CodingSystem>
            <Version>2005</Version>
          </Code>
        </Description>
        <Status>
          <Text>Active</Text>
        </Status>
        <Source>
          <Actor>
            <ActorID>50536a6c709357c7fa000326</ActorID>
          </Actor>
        </Source>
      </Encounter>
      <Encounter>
        <CCRDataObjectID>EN00014</CCRDataObjectID>
        <DateTime>
          <Type>
            <Text>Encounter Date</Text>
          </Type>
          <ExactDateTime>2002-11-04T05:00:00Z</ExactDateTime>
        </DateTime>
        <Description>
          <Text>Encounter, Performed: Self Care Training (Code List: 2.16.840.1.113883.3.464.1003.101.12.1044)</Text>
          <Code>
            <Value>97535</Value>
            <CodingSystem>CPT</CodingSystem>
            <Version>2005</Version>
          </Code>
          <Code>
            <Value>225967005</Value>
            <CodingSystem>SNOMED-CT</CodingSystem>
            <Version>2005</Version>
          </Code>
        </Description>
        <Status>
          <Text>Active</Text>
        </Status>
        <Source>
          <Actor>
            <ActorID>50536a6c709357c7fa000326</ActorID>
          </Actor>
        </Source>
      </Encounter>
      <Encounter>
        <CCRDataObjectID>EN00015</CCRDataObjectID>
        <DateTime>
          <Type>
            <Text>Encounter Date</Text>
          </Type>
          <ExactDateTime>2010-11-30T05:00:00Z</ExactDateTime>
        </DateTime>
        <Description>
          <Text>Encounter, Performed: Preventive Care Services - Group Counseling (Code List: 2.16.840.1.113883.3.464.1003.101.12.1027)</Text>
          <Code>
            <Value>99411</Value>
            <CodingSystem>CPT</CodingSystem>
            <Version>2005</Version>
          </Code>
        </Description>
        <Status>
          <Text>Active</Text>
        </Status>
        <Source>
          <Actor>
            <ActorID>50536a6c709357c7fa000326</ActorID>
          </Actor>
        </Source>
      </Encounter>
      <Encounter>
        <CCRDataObjectID>EN00016</CCRDataObjectID>
        <DateTime>
          <Type>
            <Text>Encounter Date</Text>
          </Type>
          <ExactDateTime>2001-11-23T05:00:00Z</ExactDateTime>
        </DateTime>
        <Description>
          <Text>Encounter, Performed: Group Education Services (Code List: 2.16.840.1.113883.3.464.1003.101.12.1045)</Text>
          <Code>
            <Value>99078</Value>
            <CodingSystem>CPT</CodingSystem>
            <Version>2005</Version>
          </Code>
          <Code>
            <Value>386460002</Value>
            <CodingSystem>SNOMED-CT</CodingSystem>
            <Version>2005</Version>
          </Code>
        </Description>
        <Status>
          <Text>Active</Text>
        </Status>
        <Source>
          <Actor>
            <ActorID>50536a6c709357c7fa000326</ActorID>
          </Actor>
        </Source>
      </Encounter>
    </Encounters>
  </Body>
  <Actors>
    <Actor>
      <ActorObjectID>50536a6c709357c7fa000326</ActorObjectID>
      <Person>
        <Name>
          <CurrentName>
            <Given>Anna</Given>
            <Family>Armstrong</Family>
          </CurrentName>
        </Name>
        <DateOfBirth>
          <ExactDateTime>2000-10-25T04:00:00Z</ExactDateTime>
        </DateOfBirth>
        <Gender>
          <Text>Female</Text>
        </Gender>
      </Person>
      <Source/>
    </Actor>
  </Actors>
</ContinuityOfCareRecord>
