<ContinuityOfCareRecord xmlns:xsi="http://www.w3.org/2001/XMLSchema-instance" xsi:schemaLocation="urn:astm-org:CCR CCR_20051109.xsd http://www.w3.org/2001/XMLSchema xmldsig-core-schema.xsd" xmlns="urn:astm-org:CCR">
  <CCRDocumentObjectID>50536a6a709357c7fa000001</CCRDocumentObjectID>
  <Language>
    <Text>English</Text>
  </Language>
  <Version>V1.0</Version>
  <DateTime>
    <ExactDateTime>2012-09-14T13:36:03-04:00</ExactDateTime>
  </DateTime>
  <Patient>
    <ActorID>50536a6a709357c7fa000001</ActorID>
  </Patient>
  <From>
    <ActorLink>
      <ActorID>AA0002</ActorID>
    </ActorLink>
  </From>
  <Purpose>
    <Description>
      <Text>Cypress Test Patient CCR XML Record</Text>
    </Description>
    <Indications>
      <Indication>
        <Source>
          <Actor>
            <ActorID>AA0002</ActorID>
          </Actor>
        </Source>
        <InternalCCRLink>
          <LinkID/>
        </InternalCCRLink>
      </Indication>
    </Indications>
  </Purpose>
  <Body>
    <Procedures>
      <Procedure>
        <CCRDataObjectID>PR0001</CCRDataObjectID>
        <DateTime>
          <Type>
            <Text>Service date</Text>
          </Type>
          <ExactDateTime>2007-06-30T04:00:00Z</ExactDateTime>
        </DateTime>
        <Description>
          <Text>Procedure, Performed: Bilateral Mastectomy (Code List: 2.16.840.1.113883.3.464.0003.98.02.0005)</Text>
          <Code>
            <Value>14693006</Value>
            <CodingSystem>SNOMED-CT</CodingSystem>
            <Version>2005</Version>
          </Code>
        </Description>
        <Status>
          <Text>Active</Text>
        </Status>
        <Source/>
      </Procedure>
      <Procedure>
        <CCRDataObjectID>PR0002</CCRDataObjectID>
        <DateTime>
          <Type>
            <Text>Service date</Text>
          </Type>
          <ExactDateTime>2000-01-01T05:00:00Z</ExactDateTime>
        </DateTime>
        <Description>
          <Text>Procedure, Performed: Unilateral Mastectomy (Code List: 2.16.840.1.113883.3.464.0003.98.02.0020)</Text>
          <Code>
            <Value>19180</Value>
            <CodingSystem>CPT</CodingSystem>
            <Version>2005</Version>
          </Code>
          <Code>
            <Value>8115005</Value>
            <CodingSystem>SNOMED-CT</CodingSystem>
            <Version>2005</Version>
          </Code>
        </Description>
        <Status>
          <Text>Active</Text>
        </Status>
        <Source/>
      </Procedure>
      <Procedure>
        <CCRDataObjectID>PR0003</CCRDataObjectID>
        <DateTime>
          <Type>
            <Text>Service date</Text>
          </Type>
          <ExactDateTime>2011-10-26T04:00:00Z</ExactDateTime>
        </DateTime>
        <Description>
          <Text>Diagnostic Study, Performed: Mammogram (Code List: 2.16.840.1.113883.3.464.0003.08.02.0018)</Text>
          <Code>
            <Value>G0202</Value>
            <CodingSystem>HCPCS</CodingSystem>
            <Version>2005</Version>
          </Code>
          <Code>
            <Value>24604-1</Value>
            <CodingSystem>LOINC</CodingSystem>
            <Version>2005</Version>
          </Code>
        </Description>
        <Status>
          <Text>Active</Text>
        </Status>
        <Source/>
      </Procedure>
    </Procedures>
  </Body>
  <Actors>
    <Actor>
      <ActorObjectID>50536a6a709357c7fa000001</ActorObjectID>
      <Person>
        <Name>
          <CurrentName>
            <Given>Audrey</Given>
            <Family>Carpenter</Family>
          </CurrentName>
        </Name>
        <DateOfBirth>
          <ExactDateTime>2002-08-22T04:00:00Z</ExactDateTime>
        </DateOfBirth>
        <Gender>
          <Text>Female</Text>
        </Gender>
      </Person>
      <Source/>
    </Actor>
  </Actors>
</ContinuityOfCareRecord>
