<ContinuityOfCareRecord xmlns:xsi="http://www.w3.org/2001/XMLSchema-instance" xsi:schemaLocation="urn:astm-org:CCR CCR_20051109.xsd http://www.w3.org/2001/XMLSchema xmldsig-core-schema.xsd" xmlns="urn:astm-org:CCR">
  <CCRDocumentObjectID>50536a6b709357c7fa000199</CCRDocumentObjectID>
  <Language>
    <Text>English</Text>
  </Language>
  <Version>V1.0</Version>
  <DateTime>
    <ExactDateTime>2012-09-14T13:36:06-04:00</ExactDateTime>
  </DateTime>
  <Patient>
    <ActorID>50536a6b709357c7fa000199</ActorID>
  </Patient>
  <From>
    <ActorLink>
      <ActorID>AA0002</ActorID>
    </ActorLink>
  </From>
  <Purpose>
    <Description>
      <Text>Cypress Test Patient CCR XML Record</Text>
    </Description>
    <Indications>
      <Indication>
        <Source>
          <Actor>
            <ActorID>AA0002</ActorID>
          </Actor>
        </Source>
        <InternalCCRLink>
          <LinkID/>
        </InternalCCRLink>
      </Indication>
    </Indications>
  </Purpose>
  <Body>
    <Problems>
      <Problem>
        <CCRDataObjectID>PR0001</CCRDataObjectID>
        <DateTime>
          <Type>
            <Text>Start date</Text>
          </Type>
          <ExactDateTime>1995-12-28T05:00:00Z</ExactDateTime>
        </DateTime>
        <Type>
          <Text>Diagnosis</Text>
        </Type>
        <Description>
          <Text>Diagnosis, Active: End Stage Renal Disease (Code List: 2.16.840.1.113883.3.526.03.353)</Text>
          <Code>
            <Value>N18.6</Value>
            <CodingSystem>ICD-10-CM</CodingSystem>
            <Version>2005</Version>
          </Code>
          <Code>
            <Value>46177005</Value>
            <CodingSystem>SNOMED-CT</CodingSystem>
            <Version>2005</Version>
          </Code>
          <Code>
            <Value>585.6</Value>
            <CodingSystem>ICD-9-CM</CodingSystem>
            <Version>2005</Version>
          </Code>
        </Description>
        <Status>
          <Text>Active</Text>
        </Status>
        <Source>
          <Actor>
            <ActorID>50536a6b709357c7fa000199</ActorID>
          </Actor>
        </Source>
      </Problem>
      <Problem>
        <CCRDataObjectID>PR0002</CCRDataObjectID>
        <DateTime>
          <Type>
            <Text>Start date</Text>
          </Type>
          <ExactDateTime>1996-12-18T05:00:00Z</ExactDateTime>
        </DateTime>
        <Type>
          <Text>Diagnosis</Text>
        </Type>
        <Description>
          <Text>Diagnosis, Active: Pregnancy (Code List: 2.16.840.1.113883.3.526.03.378)</Text>
          <Code>
            <Value>O00.1</Value>
            <CodingSystem>ICD-10-CM</CodingSystem>
            <Version>2005</Version>
          </Code>
          <Code>
            <Value>633.11</Value>
            <CodingSystem>ICD-9-CM</CodingSystem>
            <Version>2005</Version>
          </Code>
          <Code>
            <Value>9279009</Value>
            <CodingSystem>SNOMED-CT</CodingSystem>
            <Version>2005</Version>
          </Code>
        </Description>
        <Status>
          <Text>Active</Text>
        </Status>
        <Source>
          <Actor>
            <ActorID>50536a6b709357c7fa000199</ActorID>
          </Actor>
        </Source>
      </Problem>
      <Problem>
        <CCRDataObjectID>PR0003</CCRDataObjectID>
        <DateTime>
          <Type>
            <Text>Start date</Text>
          </Type>
          <ExactDateTime>1998-03-07T05:00:00Z</ExactDateTime>
        </DateTime>
        <Type>
          <Text>Diagnosis</Text>
        </Type>
        <Description>
          <Text>Diagnosis, Active: Hypertension (Code List: 2.16.840.1.113883.3.526.03.388)</Text>
          <Code>
            <Value>401.0</Value>
            <CodingSystem>ICD-9-CM</CodingSystem>
            <Version>2005</Version>
          </Code>
          <Code>
            <Value>I10</Value>
            <CodingSystem>ICD-10-CM</CodingSystem>
            <Version>2005</Version>
          </Code>
          <Code>
            <Value>193003</Value>
            <CodingSystem>SNOMED-CT</CodingSystem>
            <Version>2005</Version>
          </Code>
        </Description>
        <Status>
          <Text>Active</Text>
        </Status>
        <Source>
          <Actor>
            <ActorID>50536a6b709357c7fa000199</ActorID>
          </Actor>
        </Source>
      </Problem>
    </Problems>
    <Results>
      <Result>
        <CCRDataObjectID>LB0001</CCRDataObjectID>
        <DateTime>
          <Type>
            <Text>Start date</Text>
          </Type>
          <ExactDateTime>2010-04-13T04:00:00Z</ExactDateTime>
        </DateTime>
        <Source/>
        <Test>
          <CCRDataObjectID>LB0001TestResult</CCRDataObjectID>
          <Description>
            <Text>Systolic Blood Pressure (Code List: 2.16.840.1.113883.3.526.03.1032)</Text>
            <Code>
              <Value>8480-6 </Value>
              <CodingSystem>LOINC</CodingSystem>
              <Version>2005</Version>
            </Code>
          </Description>
          <Source/>
          <TestResult>
          </TestResult>
        </Test>
      </Result>
      <Result>
        <CCRDataObjectID>LB0002</CCRDataObjectID>
        <DateTime>
          <Type>
            <Text>Start date</Text>
          </Type>
          <ExactDateTime>1995-01-25T05:00:00Z</ExactDateTime>
        </DateTime>
        <Source/>
        <Test>
          <CCRDataObjectID>LB0002TestResult</CCRDataObjectID>
          <Description>
            <Text>Diastolic Blood Pressure (Code List: 2.16.840.1.113883.3.526.03.1033)</Text>
            <Code>
              <Value>8462-4</Value>
              <CodingSystem>LOINC</CodingSystem>
              <Version>2005</Version>
            </Code>
          </Description>
          <Source/>
          <TestResult>
          </TestResult>
        </Test>
      </Result>
      <Result>
        <CCRDataObjectID>LB0003</CCRDataObjectID>
        <DateTime>
          <Type>
            <Text>Start date</Text>
          </Type>
          <ExactDateTime>1996-10-27T04:00:00Z</ExactDateTime>
        </DateTime>
        <Source/>
        <Test>
          <CCRDataObjectID>LB0003TestResult</CCRDataObjectID>
          <Description>
            <Text>Physical Exam, Finding: Blood Pressure Measured (Code List: 2.16.840.1.113883.3.464.0003.21.02.0007)</Text>
            <Code>
              <Value>55284-4</Value>
              <CodingSystem>LOINC</CodingSystem>
              <Version>2005</Version>
            </Code>
          </Description>
          <Source/>
          <TestResult>
          </TestResult>
        </Test>
      </Result>
      <Result>
        <CCRDataObjectID>LB0004</CCRDataObjectID>
        <DateTime>
          <Type>
            <Text>Start date</Text>
          </Type>
          <ExactDateTime>1996-04-30T04:00:00Z</ExactDateTime>
        </DateTime>
        <Source/>
        <Test>
          <CCRDataObjectID>LB0004TestResult</CCRDataObjectID>
          <Description>
            <Text>Physical Exam, Finding: Delta systolic blood pressure (Code List: 2.16.840.1.113883.3.464.0003.21.02.0013)</Text>
            <Code>
              <Value>71789-2</Value>
              <CodingSystem>LOINC</CodingSystem>
              <Version>2005</Version>
            </Code>
          </Description>
          <Source/>
          <TestResult>
            <Value>10</Value>
            <Unit>
              <Unit>mm[Hg]</Unit>
            </Unit>
          </TestResult>
        </Test>
      </Result>
    </Results>
    <Procedures>
      <Procedure>
        <CCRDataObjectID>PR0001</CCRDataObjectID>
        <DateTime>
          <Type>
            <Text>Service date</Text>
          </Type>
          <ExactDateTime>1995-08-03T04:00:00Z</ExactDateTime>
        </DateTime>
        <Description>
          <Text>Procedure, Performed: Renal Transplant (Code List: 2.16.840.1.113883.3.464.0003.09.02.0002)</Text>
          <Code>
            <Value>70536003</Value>
            <CodingSystem>SNOMED-CT</CodingSystem>
            <Version>2005</Version>
          </Code>
          <Code>
            <Value>50320</Value>
            <CodingSystem>CPT</CodingSystem>
            <Version>2005</Version>
          </Code>
        </Description>
        <Status>
          <Text>Active</Text>
        </Status>
        <Source/>
      </Procedure>
      <Procedure>
        <CCRDataObjectID>PR0002</CCRDataObjectID>
        <DateTime>
          <Type>
            <Text>Service date</Text>
          </Type>
          <ExactDateTime>2005-06-13T04:00:00Z</ExactDateTime>
        </DateTime>
        <Description>
          <Text>Procedure, Performed: Hemodialysis (Code List: 2.16.840.1.113883.3.526.03.1083)</Text>
          <Code>
            <Value>90951</Value>
            <CodingSystem>CPT</CodingSystem>
            <Version>2005</Version>
          </Code>
          <Code>
            <Value>302497006</Value>
            <CodingSystem>SNOMED-CT</CodingSystem>
            <Version>2005</Version>
          </Code>
        </Description>
        <Status>
          <Text>Active</Text>
        </Status>
        <Source/>
      </Procedure>
      <Procedure>
        <CCRDataObjectID>PR0003</CCRDataObjectID>
        <DateTime>
          <Type>
            <Text>Service date</Text>
          </Type>
          <ExactDateTime>1999-10-14T04:00:00Z</ExactDateTime>
        </DateTime>
        <Description>
          <Text>Procedure, Performed: Peritoneal Dialysis (Code List: 2.16.840.1.113883.3.526.03.1084)</Text>
          <Code>
            <Value>90945</Value>
            <CodingSystem>CPT</CodingSystem>
            <Version>2005</Version>
          </Code>
          <Code>
            <Value>676002</Value>
            <CodingSystem>SNOMED-CT</CodingSystem>
            <Version>2005</Version>
          </Code>
        </Description>
        <Status>
          <Text>Active</Text>
        </Status>
        <Source/>
      </Procedure>
    </Procedures>
    <Encounters>
      <Encounter>
        <CCRDataObjectID>EN0001</CCRDataObjectID>
        <DateTime>
          <Type>
            <Text>Encounter Date</Text>
          </Type>
          <ExactDateTime>2000-06-02T04:00:00Z</ExactDateTime>
        </DateTime>
        <Description>
          <Text>Blood Pressure Visit (Code List: 2.16.840.1.113883.3.464.0003.01.02.0056)</Text>
          <Code>
            <Value>99395</Value>
            <CodingSystem>CPT</CodingSystem>
            <Version>2005</Version>
          </Code>
          <Code>
            <Value>4525004</Value>
            <CodingSystem>SNOMED-CT</CodingSystem>
            <Version>2005</Version>
          </Code>
        </Description>
        <Status>
          <Text>Active</Text>
        </Status>
        <Source>
          <Actor>
            <ActorID>50536a6b709357c7fa000199</ActorID>
          </Actor>
        </Source>
      </Encounter>
    </Encounters>
  </Body>
  <Actors>
    <Actor>
      <ActorObjectID>50536a6b709357c7fa000199</ActorObjectID>
      <Person>
        <Name>
          <CurrentName>
            <Given>Emma</Given>
            <Family>Matthews</Family>
          </CurrentName>
        </Name>
        <DateOfBirth>
          <ExactDateTime>1995-02-01T05:00:00Z</ExactDateTime>
        </DateOfBirth>
        <Gender>
          <Text>Female</Text>
        </Gender>
      </Person>
      <Source/>
    </Actor>
  </Actors>
</ContinuityOfCareRecord>
