<ContinuityOfCareRecord xmlns:xsi="http://www.w3.org/2001/XMLSchema-instance" xsi:schemaLocation="urn:astm-org:CCR CCR_20051109.xsd http://www.w3.org/2001/XMLSchema xmldsig-core-schema.xsd" xmlns="urn:astm-org:CCR">
  <CCRDocumentObjectID>50536a6b709357c7fa000123</CCRDocumentObjectID>
  <Language>
    <Text>English</Text>
  </Language>
  <Version>V1.0</Version>
  <DateTime>
    <ExactDateTime>2012-09-14T13:36:05-04:00</ExactDateTime>
  </DateTime>
  <Patient>
    <ActorID>50536a6b709357c7fa000123</ActorID>
  </Patient>
  <From>
    <ActorLink>
      <ActorID>AA0002</ActorID>
    </ActorLink>
  </From>
  <Purpose>
    <Description>
      <Text>Cypress Test Patient CCR XML Record</Text>
    </Description>
    <Indications>
      <Indication>
        <Source>
          <Actor>
            <ActorID>AA0002</ActorID>
          </Actor>
        </Source>
        <InternalCCRLink>
          <LinkID/>
        </InternalCCRLink>
      </Indication>
    </Indications>
  </Purpose>
  <Body>
    <Procedures>
      <Procedure>
        <CCRDataObjectID>PR0001</CCRDataObjectID>
        <DateTime>
          <Type>
            <Text>Service date</Text>
          </Type>
          <ExactDateTime>2003-05-23T04:00:00Z</ExactDateTime>
        </DateTime>
        <Description>
          <Text>Risk Category Assessment: Patient not ambulatory (Code List: 2.16.840.1.113883.3.464.0003.18.02.0009)</Text>
          <Code>
            <Value>160685001</Value>
            <CodingSystem>SNOMED-CT</CodingSystem>
            <Version>2005</Version>
          </Code>
        </Description>
        <Status>
          <Text>Active</Text>
        </Status>
        <Source/>
      </Procedure>
      <Procedure>
        <CCRDataObjectID>PR0002</CCRDataObjectID>
        <DateTime>
          <Type>
            <Text>Service date</Text>
          </Type>
          <ExactDateTime>2002-11-08T05:00:00Z</ExactDateTime>
        </DateTime>
        <Description>
          <Text>Risk Category Assessment: Falls Screening (Code List: 2.16.840.1.113883.3.464.0003.18.02.0028)</Text>
          <Code>
            <Value>408422004</Value>
            <CodingSystem>SNOMED-CT</CodingSystem>
            <Version>2005</Version>
          </Code>
        </Description>
        <Status>
          <Text>Active</Text>
        </Status>
        <Source/>
      </Procedure>
      <Procedure>
        <CCRDataObjectID>PR0003</CCRDataObjectID>
        <DateTime>
          <Type>
            <Text>Service date</Text>
          </Type>
          <ExactDateTime>1996-06-01T04:00:00Z</ExactDateTime>
        </DateTime>
        <Description>
          <Text>Risk Category Assessment: Falls Screening (Code List: 2.16.840.1.113883.3.464.0003.18.02.0028)</Text>
          <Code>
            <Value>408422004</Value>
            <CodingSystem>SNOMED-CT</CodingSystem>
            <Version>2005</Version>
          </Code>
        </Description>
        <Status>
          <Text>Active</Text>
        </Status>
        <Source/>
      </Procedure>
    </Procedures>
    <Encounters>
      <Encounter>
        <CCRDataObjectID>EN0001</CCRDataObjectID>
        <DateTime>
          <Type>
            <Text>Encounter Date</Text>
          </Type>
          <ExactDateTime>1998-10-06T04:00:00Z</ExactDateTime>
        </DateTime>
        <Description>
          <Text>Encounter, Performed: Face-to-Face Interaction (Code List: 2.16.840.1.113883.3.464.0003.01.02.0048)</Text>
          <Code>
            <Value>4525004</Value>
            <CodingSystem>SNOMED-CT</CodingSystem>
            <Version>2005</Version>
          </Code>
        </Description>
        <Status>
          <Text>Active</Text>
        </Status>
        <Source>
          <Actor>
            <ActorID>50536a6b709357c7fa000123</ActorID>
          </Actor>
        </Source>
      </Encounter>
      <Encounter>
        <CCRDataObjectID>EN0002</CCRDataObjectID>
        <DateTime>
          <Type>
            <Text>Encounter Date</Text>
          </Type>
          <ExactDateTime>2004-03-06T05:00:00Z</ExactDateTime>
        </DateTime>
        <Description>
          <Text>Encounter, Performed: Office Visit (Code List: 2.16.840.1.113883.3.464.0003.01.02.0001)</Text>
          <Code>
            <Value>99201</Value>
            <CodingSystem>CPT</CodingSystem>
            <Version>2005</Version>
          </Code>
        </Description>
        <Status>
          <Text>Active</Text>
        </Status>
        <Source>
          <Actor>
            <ActorID>50536a6b709357c7fa000123</ActorID>
          </Actor>
        </Source>
      </Encounter>
      <Encounter>
        <CCRDataObjectID>EN0003</CCRDataObjectID>
        <DateTime>
          <Type>
            <Text>Encounter Date</Text>
          </Type>
          <ExactDateTime>2012-07-15T04:00:00Z</ExactDateTime>
        </DateTime>
        <Description>
          <Text>Encounter, Performed: Physical Therapy Evaluation (Code List: 2.16.840.1.113883.3.464.0003.01.02.0042)</Text>
          <Code>
            <Value>97001</Value>
            <CodingSystem>CPT</CodingSystem>
            <Version>2005</Version>
          </Code>
        </Description>
        <Status>
          <Text>Active</Text>
        </Status>
        <Source>
          <Actor>
            <ActorID>50536a6b709357c7fa000123</ActorID>
          </Actor>
        </Source>
      </Encounter>
      <Encounter>
        <CCRDataObjectID>EN0004</CCRDataObjectID>
        <DateTime>
          <Type>
            <Text>Encounter Date</Text>
          </Type>
          <ExactDateTime>1996-07-28T04:00:00Z</ExactDateTime>
        </DateTime>
        <Description>
          <Text>Encounter, Performed: Occupational Therapy Evaluation (Code List: 2.16.840.1.113883.3.526.03.1011)</Text>
          <Code>
            <Value>97003</Value>
            <CodingSystem>CPT</CodingSystem>
            <Version>2005</Version>
          </Code>
        </Description>
        <Status>
          <Text>Active</Text>
        </Status>
        <Source>
          <Actor>
            <ActorID>50536a6b709357c7fa000123</ActorID>
          </Actor>
        </Source>
      </Encounter>
      <Encounter>
        <CCRDataObjectID>EN0005</CCRDataObjectID>
        <DateTime>
          <Type>
            <Text>Encounter Date</Text>
          </Type>
          <ExactDateTime>2011-12-10T05:00:00Z</ExactDateTime>
        </DateTime>
        <Description>
          <Text>Encounter, Performed: Preventive Care Services-Individual Counseling (Code List: 2.16.840.1.113883.3.464.0003.01.02.0026)</Text>
          <Code>
            <Value>99401</Value>
            <CodingSystem>CPT</CodingSystem>
            <Version>2005</Version>
          </Code>
        </Description>
        <Status>
          <Text>Active</Text>
        </Status>
        <Source>
          <Actor>
            <ActorID>50536a6b709357c7fa000123</ActorID>
          </Actor>
        </Source>
      </Encounter>
      <Encounter>
        <CCRDataObjectID>EN0006</CCRDataObjectID>
        <DateTime>
          <Type>
            <Text>Encounter Date</Text>
          </Type>
          <ExactDateTime>2008-07-06T04:00:00Z</ExactDateTime>
        </DateTime>
        <Description>
          <Text>Encounter, Performed: Outpatient Consultation (Code List: 2.16.840.1.113883.3.464.0003.01.02.0008)</Text>
          <Code>
            <Value>99241</Value>
            <CodingSystem>CPT</CodingSystem>
            <Version>2005</Version>
          </Code>
        </Description>
        <Status>
          <Text>Active</Text>
        </Status>
        <Source>
          <Actor>
            <ActorID>50536a6b709357c7fa000123</ActorID>
          </Actor>
        </Source>
      </Encounter>
      <Encounter>
        <CCRDataObjectID>EN0007</CCRDataObjectID>
        <DateTime>
          <Type>
            <Text>Encounter Date</Text>
          </Type>
          <ExactDateTime>2006-05-17T04:00:00Z</ExactDateTime>
        </DateTime>
        <Description>
          <Text>Encounter, Performed: Nursing Facility Visit (Code List: 2.16.840.1.113883.3.464.0003.01.02.0012)</Text>
          <Code>
            <Value>99304</Value>
            <CodingSystem>CPT</CodingSystem>
            <Version>2005</Version>
          </Code>
        </Description>
        <Status>
          <Text>Active</Text>
        </Status>
        <Source>
          <Actor>
            <ActorID>50536a6b709357c7fa000123</ActorID>
          </Actor>
        </Source>
      </Encounter>
      <Encounter>
        <CCRDataObjectID>EN0008</CCRDataObjectID>
        <DateTime>
          <Type>
            <Text>Encounter Date</Text>
          </Type>
          <ExactDateTime>1999-10-20T04:00:00Z</ExactDateTime>
        </DateTime>
        <Description>
          <Text>Encounter, Performed: Care Services in Long-Term Residential Facility (Code List: 2.16.840.1.113883.3.464.0003.01.02.0014)</Text>
          <Code>
            <Value>99324</Value>
            <CodingSystem>CPT</CodingSystem>
            <Version>2005</Version>
          </Code>
        </Description>
        <Status>
          <Text>Active</Text>
        </Status>
        <Source>
          <Actor>
            <ActorID>50536a6b709357c7fa000123</ActorID>
          </Actor>
        </Source>
      </Encounter>
      <Encounter>
        <CCRDataObjectID>EN0009</CCRDataObjectID>
        <DateTime>
          <Type>
            <Text>Encounter Date</Text>
          </Type>
          <ExactDateTime>2011-11-25T05:00:00Z</ExactDateTime>
        </DateTime>
        <Description>
          <Text>Encounter, Performed: Home Healthcare Services (Code List: 2.16.840.1.113883.3.464.0003.01.02.0016)</Text>
          <Code>
            <Value>99341</Value>
            <CodingSystem>CPT</CodingSystem>
            <Version>2005</Version>
          </Code>
        </Description>
        <Status>
          <Text>Active</Text>
        </Status>
        <Source>
          <Actor>
            <ActorID>50536a6b709357c7fa000123</ActorID>
          </Actor>
        </Source>
      </Encounter>
      <Encounter>
        <CCRDataObjectID>EN00010</CCRDataObjectID>
        <DateTime>
          <Type>
            <Text>Encounter Date</Text>
          </Type>
          <ExactDateTime>2002-12-05T05:00:00Z</ExactDateTime>
        </DateTime>
        <Description>
          <Text>Encounter, Performed: Preventive Care Services-Initial Office Visit, 18 and Up (Code List: 2.16.840.1.113883.3.464.0003.01.02.0023)</Text>
          <Code>
            <Value>99385</Value>
            <CodingSystem>CPT</CodingSystem>
            <Version>2005</Version>
          </Code>
        </Description>
        <Status>
          <Text>Active</Text>
        </Status>
        <Source>
          <Actor>
            <ActorID>50536a6b709357c7fa000123</ActorID>
          </Actor>
        </Source>
      </Encounter>
      <Encounter>
        <CCRDataObjectID>EN00011</CCRDataObjectID>
        <DateTime>
          <Type>
            <Text>Encounter Date</Text>
          </Type>
          <ExactDateTime>2005-05-11T04:00:00Z</ExactDateTime>
        </DateTime>
        <Description>
          <Text>Encounter, Performed: Preventive Care Services - Established Office Visit, 18 and Up (Code List: 2.16.840.1.113883.3.464.0003.01.02.0025)</Text>
          <Code>
            <Value>99395</Value>
            <CodingSystem>CPT</CodingSystem>
            <Version>2005</Version>
          </Code>
        </Description>
        <Status>
          <Text>Active</Text>
        </Status>
        <Source>
          <Actor>
            <ActorID>50536a6b709357c7fa000123</ActorID>
          </Actor>
        </Source>
      </Encounter>
    </Encounters>
  </Body>
  <Actors>
    <Actor>
      <ActorObjectID>50536a6b709357c7fa000123</ActorObjectID>
      <Person>
        <Name>
          <CurrentName>
            <Given>Jenny</Given>
            <Family>Hunter</Family>
          </CurrentName>
        </Name>
        <DateOfBirth>
          <ExactDateTime>1996-06-21T04:00:00Z</ExactDateTime>
        </DateOfBirth>
        <Gender>
          <Text>Female</Text>
        </Gender>
      </Person>
      <Source/>
    </Actor>
  </Actors>
</ContinuityOfCareRecord>
