<ContinuityOfCareRecord xmlns:xsi="http://www.w3.org/2001/XMLSchema-instance" xsi:schemaLocation="urn:astm-org:CCR CCR_20051109.xsd http://www.w3.org/2001/XMLSchema xmldsig-core-schema.xsd" xmlns="urn:astm-org:CCR">
  <CCRDocumentObjectID>50536a6b709357c7fa0002c5</CCRDocumentObjectID>
  <Language>
    <Text>English</Text>
  </Language>
  <Version>V1.0</Version>
  <DateTime>
    <ExactDateTime>2012-09-14T13:36:08-04:00</ExactDateTime>
  </DateTime>
  <Patient>
    <ActorID>50536a6b709357c7fa0002c5</ActorID>
  </Patient>
  <From>
    <ActorLink>
      <ActorID>AA0002</ActorID>
    </ActorLink>
  </From>
  <Purpose>
    <Description>
      <Text>Cypress Test Patient CCR XML Record</Text>
    </Description>
    <Indications>
      <Indication>
        <Source>
          <Actor>
            <ActorID>AA0002</ActorID>
          </Actor>
        </Source>
        <InternalCCRLink>
          <LinkID/>
        </InternalCCRLink>
      </Indication>
    </Indications>
  </Purpose>
  <Body>
    <Problems>
      <Problem>
        <CCRDataObjectID>PR0001</CCRDataObjectID>
        <DateTime>
          <Type>
            <Text>Start date</Text>
          </Type>
          <ExactDateTime>2007-08-27T04:00:00Z</ExactDateTime>
        </DateTime>
        <Type>
          <Text>Diagnosis</Text>
        </Type>
        <Description>
          <Text>Diagnosis, Active: Allergy to ACE inhibitor or ARB (Code List: 2.16.840.1.113883.3.526.03.1211)</Text>
          <Code>
            <Value>295036000</Value>
            <CodingSystem>SNOMED-CT</CodingSystem>
            <Version>2005</Version>
          </Code>
        </Description>
        <Status>
          <Text>Active</Text>
        </Status>
        <Source>
          <Actor>
            <ActorID>50536a6b709357c7fa0002c5</ActorID>
          </Actor>
        </Source>
      </Problem>
      <Problem>
        <CCRDataObjectID>PR0002</CCRDataObjectID>
        <DateTime>
          <Type>
            <Text>Start date</Text>
          </Type>
          <ExactDateTime>2002-12-11T05:00:00Z</ExactDateTime>
        </DateTime>
        <Type>
          <Text>Diagnosis</Text>
        </Type>
        <Description>
          <Text>Diagnosis, Active: Intolerance to ACE inhibitor or ARB (Code List: 2.16.840.1.113883.3.526.03.1212)</Text>
          <Code>
            <Value>293500009</Value>
            <CodingSystem>SNOMED-CT</CodingSystem>
            <Version>2005</Version>
          </Code>
        </Description>
        <Status>
          <Text>Active</Text>
        </Status>
        <Source>
          <Actor>
            <ActorID>50536a6b709357c7fa0002c5</ActorID>
          </Actor>
        </Source>
      </Problem>
      <Problem>
        <CCRDataObjectID>PR0003</CCRDataObjectID>
        <DateTime>
          <Type>
            <Text>Start date</Text>
          </Type>
          <ExactDateTime>2011-02-09T05:00:00Z</ExactDateTime>
        </DateTime>
        <Type>
          <Text>Diagnosis</Text>
        </Type>
        <Description>
          <Text>Diagnosis, Active: Pregnancy (Code List: 2.16.840.1.113883.3.526.03.378)</Text>
          <Code>
            <Value>O00.1</Value>
            <CodingSystem>ICD-10-CM</CodingSystem>
            <Version>2005</Version>
          </Code>
          <Code>
            <Value>633.11</Value>
            <CodingSystem>ICD-9-CM</CodingSystem>
            <Version>2005</Version>
          </Code>
          <Code>
            <Value>9279009</Value>
            <CodingSystem>SNOMED-CT</CodingSystem>
            <Version>2005</Version>
          </Code>
        </Description>
        <Status>
          <Text>Active</Text>
        </Status>
        <Source>
          <Actor>
            <ActorID>50536a6b709357c7fa0002c5</ActorID>
          </Actor>
        </Source>
      </Problem>
      <Problem>
        <CCRDataObjectID>PR0004</CCRDataObjectID>
        <DateTime>
          <Type>
            <Text>Start date</Text>
          </Type>
          <ExactDateTime>2003-05-14T04:00:00Z</ExactDateTime>
        </DateTime>
        <Type>
          <Text>Diagnosis</Text>
        </Type>
        <Description>
          <Text>Diagnosis, Active: Renal Failure Due to ACE Inhibitor (Code List: 2.16.840.1.113883.3.526.03.1151)</Text>
          <Code>
            <Value>236429004</Value>
            <CodingSystem>SNOMED-CT</CodingSystem>
            <Version>2005</Version>
          </Code>
        </Description>
        <Status>
          <Text>Active</Text>
        </Status>
        <Source>
          <Actor>
            <ActorID>50536a6b709357c7fa0002c5</ActorID>
          </Actor>
        </Source>
      </Problem>
      <Problem>
        <CCRDataObjectID>PR0005</CCRDataObjectID>
        <DateTime>
          <Type>
            <Text>Start date</Text>
          </Type>
          <ExactDateTime>2000-01-11T05:00:00Z</ExactDateTime>
        </DateTime>
        <Type>
          <Text>Diagnosis</Text>
        </Type>
        <Description>
          <Text>Diagnosis, Active: Moderate or Severe LVSD (Code List: 2.16.840.1.113883.3.526.03.1090)</Text>
          <Code>
            <Value>981000124106</Value>
            <CodingSystem>SNOMED-CT</CodingSystem>
            <Version>2005</Version>
          </Code>
        </Description>
        <Status>
          <Text>Active</Text>
        </Status>
        <Source>
          <Actor>
            <ActorID>50536a6b709357c7fa0002c5</ActorID>
          </Actor>
        </Source>
      </Problem>
      <Problem>
        <CCRDataObjectID>PR0006</CCRDataObjectID>
        <DateTime>
          <Type>
            <Text>Start date</Text>
          </Type>
          <ExactDateTime>2010-04-03T04:00:00Z</ExactDateTime>
        </DateTime>
        <Type>
          <Text>Diagnosis</Text>
        </Type>
        <Description>
          <Text>Diagnosis, Active: Left ventricular systolic dysfunction (Code List: 2.16.840.1.113883.3.526.03.1091)</Text>
          <Code>
            <Value>134401001</Value>
            <CodingSystem>SNOMED-CT</CodingSystem>
            <Version>2005</Version>
          </Code>
        </Description>
        <Status>
          <Text>Active</Text>
        </Status>
        <Source>
          <Actor>
            <ActorID>50536a6b709357c7fa0002c5</ActorID>
          </Actor>
        </Source>
      </Problem>
      <Problem>
        <CCRDataObjectID>PR0007</CCRDataObjectID>
        <DateTime>
          <Type>
            <Text>Start date</Text>
          </Type>
          <ExactDateTime>2003-09-25T04:00:00Z</ExactDateTime>
        </DateTime>
        <Type>
          <Text>Diagnosis</Text>
        </Type>
        <Description>
          <Text>Diagnosis, Active: Heart Failure (Code List: 2.16.840.1.113883.3.526.03.376)</Text>
          <Code>
            <Value>402.01</Value>
            <CodingSystem>ICD-9-CM</CodingSystem>
            <Version>2005</Version>
          </Code>
          <Code>
            <Value>I11.0</Value>
            <CodingSystem>ICD-10-CM</CodingSystem>
            <Version>2005</Version>
          </Code>
          <Code>
            <Value>364006</Value>
            <CodingSystem>SNOMED-CT</CodingSystem>
            <Version>2005</Version>
          </Code>
        </Description>
        <Status>
          <Text>Active</Text>
        </Status>
        <Source>
          <Actor>
            <ActorID>50536a6b709357c7fa0002c5</ActorID>
          </Actor>
        </Source>
      </Problem>
    </Problems>
    <Alerts>
      <Alert>
        <CCRDataObjectID>AL0001</CCRDataObjectID>
        <DateTime>
          <Type>
            <Text>Initial Occurrence</Text>
          </Type>
          <ExactDateTime>2004-12-05T05:00:00Z</ExactDateTime>
        </DateTime>
        <Type>
          <Text>Allergy</Text>
        </Type>
        <Description>
          <Text>Medication, Allergy: ACE inhibitor or ARB (Code List: 2.16.840.1.113883.3.526.03.1139)</Text>
          <Code>
            <Value>104370</Value>
            <CodingSystem>RxNorm</CodingSystem>
            <Version>2005</Version>
          </Code>
        </Description>
        <Status>
          <Text>Current</Text>
        </Status>
        <Source/>
      </Alert>
    </Alerts>
    <Medications>
      <Medication>
        <CCRDataObjectID>MD0001</CCRDataObjectID>
        <DateTime>
          <Type>
            <Text>Prescription Date</Text>
          </Type>
          <ExactDateTime>2004-06-04T04:00:00Z</ExactDateTime>
        </DateTime>
        <Type>
          <Text>Medication</Text>
        </Type>
        <Status>
          <Text>Active</Text>
        </Status>
        <Source>
          <Actor>
            <ActorID>50536a6b709357c7fa0002c5</ActorID>
          </Actor>
        </Source>
        <Product>
          <ProductName>
            <Text>Medication, Active: ACE inhibitor or ARB (Code List: 2.16.840.1.113883.3.526.03.1139)</Text>
          </ProductName>
          <BrandName>
            <Text>Medication, Active: ACE inhibitor or ARB (Code List: 2.16.840.1.113883.3.526.03.1139)</Text>
            <Code>
              <Value>104370</Value>
              <CodingSystem>RxNorm</CodingSystem>
              <Version>2005</Version>
            </Code>
          </BrandName>
        </Product>
      </Medication>
      <Medication>
        <CCRDataObjectID>MD0002</CCRDataObjectID>
        <DateTime>
          <Type>
            <Text>Prescription Date</Text>
          </Type>
          <ExactDateTime>2010-07-21T04:00:00Z</ExactDateTime>
        </DateTime>
        <Type>
          <Text>Medication</Text>
        </Type>
        <Status>
          <Text>Active</Text>
        </Status>
        <Source>
          <Actor>
            <ActorID>50536a6b709357c7fa0002c5</ActorID>
          </Actor>
        </Source>
        <Product>
          <ProductName>
            <Text>Medication, Active: ACE inhibitor or ARB (Code List: 2.16.840.1.113883.3.526.03.1139)</Text>
          </ProductName>
          <BrandName>
            <Text>Medication, Active: ACE inhibitor or ARB (Code List: 2.16.840.1.113883.3.526.03.1139)</Text>
            <Code>
              <Value>104370</Value>
              <CodingSystem>RxNorm</CodingSystem>
              <Version>2005</Version>
            </Code>
          </BrandName>
        </Product>
      </Medication>
      <Medication>
        <CCRDataObjectID>MD0003</CCRDataObjectID>
        <DateTime>
          <Type>
            <Text>Prescription Date</Text>
          </Type>
          <ExactDateTime>2000-10-17T04:00:00Z</ExactDateTime>
        </DateTime>
        <Type>
          <Text>Medication</Text>
        </Type>
        <Status>
          <Text>Active</Text>
        </Status>
        <Source>
          <Actor>
            <ActorID>50536a6b709357c7fa0002c5</ActorID>
          </Actor>
        </Source>
        <Product>
          <ProductName>
            <Text>Medication, Active: ACE inhibitor or ARB (Code List: 2.16.840.1.113883.3.526.03.1139)</Text>
          </ProductName>
          <BrandName>
            <Text>Medication, Active: ACE inhibitor or ARB (Code List: 2.16.840.1.113883.3.526.03.1139)</Text>
            <Code>
              <Value>104370</Value>
              <CodingSystem>RxNorm</CodingSystem>
              <Version>2005</Version>
            </Code>
          </BrandName>
        </Product>
      </Medication>
      <Medication>
        <CCRDataObjectID>MD0004</CCRDataObjectID>
        <DateTime>
          <Type>
            <Text>Prescription Date</Text>
          </Type>
          <ExactDateTime>1999-07-17T04:00:00Z</ExactDateTime>
        </DateTime>
        <Type>
          <Text>Medication</Text>
        </Type>
        <Status>
          <Text>Active</Text>
        </Status>
        <Source>
          <Actor>
            <ActorID>50536a6b709357c7fa0002c5</ActorID>
          </Actor>
        </Source>
        <Product>
          <ProductName>
            <Text>Medication, Order: ACE inhibitor or ARB (Code List: 2.16.840.1.113883.3.526.03.1139)</Text>
          </ProductName>
          <BrandName>
            <Text>Medication, Order: ACE inhibitor or ARB (Code List: 2.16.840.1.113883.3.526.03.1139)</Text>
            <Code>
              <Value>104370</Value>
              <CodingSystem>RxNorm</CodingSystem>
              <Version>2005</Version>
            </Code>
          </BrandName>
        </Product>
      </Medication>
      <Medication>
        <CCRDataObjectID>MD0005</CCRDataObjectID>
        <DateTime>
          <Type>
            <Text>Prescription Date</Text>
          </Type>
          <ExactDateTime>2002-06-29T04:00:00Z</ExactDateTime>
        </DateTime>
        <Type>
          <Text>Medication</Text>
        </Type>
        <Status>
          <Text>Active</Text>
        </Status>
        <Source>
          <Actor>
            <ActorID>50536a6b709357c7fa0002c5</ActorID>
          </Actor>
        </Source>
        <Product>
          <ProductName>
            <Text>Medication, Order: ACE inhibitor or ARB (Code List: 2.16.840.1.113883.3.526.03.1139)</Text>
          </ProductName>
          <BrandName>
            <Text>Medication, Order: ACE inhibitor or ARB (Code List: 2.16.840.1.113883.3.526.03.1139)</Text>
            <Code>
              <Value>104370</Value>
              <CodingSystem>RxNorm</CodingSystem>
              <Version>2005</Version>
            </Code>
          </BrandName>
        </Product>
      </Medication>
      <Medication>
        <CCRDataObjectID>MD0006</CCRDataObjectID>
        <DateTime>
          <Type>
            <Text>Prescription Date</Text>
          </Type>
          <ExactDateTime>2004-01-25T05:00:00Z</ExactDateTime>
        </DateTime>
        <Type>
          <Text>Medication</Text>
        </Type>
        <Status>
          <Text>Active</Text>
        </Status>
        <Source>
          <Actor>
            <ActorID>50536a6b709357c7fa0002c5</ActorID>
          </Actor>
        </Source>
        <Product>
          <ProductName>
            <Text>Medication, Order: ACE inhibitor or ARB (Code List: 2.16.840.1.113883.3.526.03.1139)</Text>
          </ProductName>
          <BrandName>
            <Text>Medication, Order: ACE inhibitor or ARB (Code List: 2.16.840.1.113883.3.526.03.1139)</Text>
            <Code>
              <Value>104370</Value>
              <CodingSystem>RxNorm</CodingSystem>
              <Version>2005</Version>
            </Code>
          </BrandName>
        </Product>
      </Medication>
      <Medication>
        <CCRDataObjectID>MD0007</CCRDataObjectID>
        <DateTime>
          <Type>
            <Text>Prescription Date</Text>
          </Type>
          <ExactDateTime>2000-06-17T04:00:00Z</ExactDateTime>
        </DateTime>
        <Type>
          <Text>Medication</Text>
        </Type>
        <Status>
          <Text>Active</Text>
        </Status>
        <Source>
          <Actor>
            <ActorID>50536a6b709357c7fa0002c5</ActorID>
          </Actor>
        </Source>
        <Product>
          <ProductName>
            <Text>Medication, Order: ACE inhibitor or ARB (Code List: 2.16.840.1.113883.3.526.03.1139)</Text>
          </ProductName>
          <BrandName>
            <Text>Medication, Order: ACE inhibitor or ARB (Code List: 2.16.840.1.113883.3.526.03.1139)</Text>
            <Code>
              <Value>104370</Value>
              <CodingSystem>RxNorm</CodingSystem>
              <Version>2005</Version>
            </Code>
          </BrandName>
        </Product>
      </Medication>
      <Medication>
        <CCRDataObjectID>MD0008</CCRDataObjectID>
        <DateTime>
          <Type>
            <Text>Prescription Date</Text>
          </Type>
          <ExactDateTime>2005-10-06T04:00:00Z</ExactDateTime>
        </DateTime>
        <Type>
          <Text>Medication</Text>
        </Type>
        <Status>
          <Text>Active</Text>
        </Status>
        <Source>
          <Actor>
            <ActorID>50536a6b709357c7fa0002c5</ActorID>
          </Actor>
        </Source>
        <Product>
          <ProductName>
            <Text>ACE inhibitor or ARB (Code List: 2.16.840.1.113883.3.526.03.1139)</Text>
          </ProductName>
          <BrandName>
            <Text>ACE inhibitor or ARB (Code List: 2.16.840.1.113883.3.526.03.1139)</Text>
            <Code>
              <Value>104370</Value>
              <CodingSystem>RxNorm</CodingSystem>
              <Version>2005</Version>
            </Code>
          </BrandName>
        </Product>
      </Medication>
    </Medications>
    <Results>
      <Result>
        <CCRDataObjectID>LB0001</CCRDataObjectID>
        <DateTime>
          <Type>
            <Text>Start date</Text>
          </Type>
          <ExactDateTime>2011-01-03T05:00:00Z</ExactDateTime>
        </DateTime>
        <Source/>
        <Test>
          <CCRDataObjectID>LB0001TestResult</CCRDataObjectID>
          <Description>
            <Text>Diagnostic Study, Result: Ejection Fraction (Code List: 2.16.840.1.113883.3.526.03.1134)</Text>
            <Code>
              <Value>10230-1</Value>
              <CodingSystem>LOINC</CodingSystem>
              <Version>2005</Version>
            </Code>
          </Description>
          <Source/>
          <TestResult>
            <Value>40</Value>
            <Unit>
              <Unit>%</Unit>
            </Unit>
          </TestResult>
        </Test>
      </Result>
    </Results>
    <Procedures>
      <Procedure>
        <CCRDataObjectID>PR0001</CCRDataObjectID>
        <DateTime>
          <Type>
            <Text>Service date</Text>
          </Type>
          <ExactDateTime>2011-03-06T05:00:00Z</ExactDateTime>
        </DateTime>
        <Description>
          <Text>Communication: From Patient to Provider: Patient reason for ACE inhibitor or ARB decline (Code List: 2.16.840.1.113883.3.526.03.1140)</Text>
          <Code>
            <Value>134397009</Value>
            <CodingSystem>SNOMED-CT</CodingSystem>
            <Version>2005</Version>
          </Code>
        </Description>
        <Status>
          <Text>Active</Text>
        </Status>
        <Source/>
      </Procedure>
    </Procedures>
    <Encounters>
      <Encounter>
        <CCRDataObjectID>EN0001</CCRDataObjectID>
        <DateTime>
          <Type>
            <Text>Encounter Date</Text>
          </Type>
          <ExactDateTime>2001-08-16T04:00:00Z</ExactDateTime>
        </DateTime>
        <Description>
          <Text>Care Services in Long-Term Residential Facility (Code List: 2.16.840.1.113883.3.464.0003.01.02.0014)</Text>
          <Code>
            <Value>99324</Value>
            <CodingSystem>CPT</CodingSystem>
            <Version>2005</Version>
          </Code>
        </Description>
        <Status>
          <Text>Active</Text>
        </Status>
        <Source>
          <Actor>
            <ActorID>50536a6b709357c7fa0002c5</ActorID>
          </Actor>
        </Source>
      </Encounter>
      <Encounter>
        <CCRDataObjectID>EN0002</CCRDataObjectID>
        <DateTime>
          <Type>
            <Text>Encounter Date</Text>
          </Type>
          <ExactDateTime>2004-02-07T05:00:00Z</ExactDateTime>
        </DateTime>
        <Description>
          <Text>Discharge Services - Hospital Inpatient (Code List: 2.16.840.1.113883.3.464.0003.01.02.0007)</Text>
          <Code>
            <Value>99238</Value>
            <CodingSystem>CPT</CodingSystem>
            <Version>2005</Version>
          </Code>
        </Description>
        <Status>
          <Text>Active</Text>
        </Status>
        <Source>
          <Actor>
            <ActorID>50536a6b709357c7fa0002c5</ActorID>
          </Actor>
        </Source>
      </Encounter>
      <Encounter>
        <CCRDataObjectID>EN0003</CCRDataObjectID>
        <DateTime>
          <Type>
            <Text>Encounter Date</Text>
          </Type>
          <ExactDateTime>2004-12-01T05:00:00Z</ExactDateTime>
        </DateTime>
        <Description>
          <Text>Home Healthcare Services (Code List: 2.16.840.1.113883.3.464.0003.01.02.0016)</Text>
          <Code>
            <Value>99341</Value>
            <CodingSystem>CPT</CodingSystem>
            <Version>2005</Version>
          </Code>
        </Description>
        <Status>
          <Text>Active</Text>
        </Status>
        <Source>
          <Actor>
            <ActorID>50536a6b709357c7fa0002c5</ActorID>
          </Actor>
        </Source>
      </Encounter>
      <Encounter>
        <CCRDataObjectID>EN0004</CCRDataObjectID>
        <DateTime>
          <Type>
            <Text>Encounter Date</Text>
          </Type>
          <ExactDateTime>2000-01-25T05:00:00Z</ExactDateTime>
        </DateTime>
        <Description>
          <Text>Nursing Facility Visit (Code List: 2.16.840.1.113883.3.464.0003.01.02.0012)</Text>
          <Code>
            <Value>99304</Value>
            <CodingSystem>CPT</CodingSystem>
            <Version>2005</Version>
          </Code>
        </Description>
        <Status>
          <Text>Active</Text>
        </Status>
        <Source>
          <Actor>
            <ActorID>50536a6b709357c7fa0002c5</ActorID>
          </Actor>
        </Source>
      </Encounter>
      <Encounter>
        <CCRDataObjectID>EN0005</CCRDataObjectID>
        <DateTime>
          <Type>
            <Text>Encounter Date</Text>
          </Type>
          <ExactDateTime>2003-07-08T04:00:00Z</ExactDateTime>
        </DateTime>
        <Description>
          <Text>Office Visit (Code List: 2.16.840.1.113883.3.464.0003.01.02.0001)</Text>
          <Code>
            <Value>99201</Value>
            <CodingSystem>CPT</CodingSystem>
            <Version>2005</Version>
          </Code>
        </Description>
        <Status>
          <Text>Active</Text>
        </Status>
        <Source>
          <Actor>
            <ActorID>50536a6b709357c7fa0002c5</ActorID>
          </Actor>
        </Source>
      </Encounter>
      <Encounter>
        <CCRDataObjectID>EN0006</CCRDataObjectID>
        <DateTime>
          <Type>
            <Text>Encounter Date</Text>
          </Type>
          <ExactDateTime>2012-01-02T05:00:00Z</ExactDateTime>
        </DateTime>
        <Description>
          <Text>Outpatient Consultation (Code List: 2.16.840.1.113883.3.464.0003.01.02.0008)</Text>
          <Code>
            <Value>99241</Value>
            <CodingSystem>CPT</CodingSystem>
            <Version>2005</Version>
          </Code>
        </Description>
        <Status>
          <Text>Active</Text>
        </Status>
        <Source>
          <Actor>
            <ActorID>50536a6b709357c7fa0002c5</ActorID>
          </Actor>
        </Source>
      </Encounter>
      <Encounter>
        <CCRDataObjectID>EN0007</CCRDataObjectID>
        <DateTime>
          <Type>
            <Text>Encounter Date</Text>
          </Type>
          <ExactDateTime>2003-03-28T05:00:00Z</ExactDateTime>
        </DateTime>
        <Description>
          <Text>Face-to-Face Interaction (Code List: 2.16.840.1.113883.3.464.0003.01.02.0048)</Text>
          <Code>
            <Value>4525004</Value>
            <CodingSystem>SNOMED-CT</CodingSystem>
            <Version>2005</Version>
          </Code>
        </Description>
        <Status>
          <Text>Active</Text>
        </Status>
        <Source>
          <Actor>
            <ActorID>50536a6b709357c7fa0002c5</ActorID>
          </Actor>
        </Source>
      </Encounter>
      <Encounter>
        <CCRDataObjectID>EN0008</CCRDataObjectID>
        <DateTime>
          <Type>
            <Text>Encounter Date</Text>
          </Type>
          <ExactDateTime>2008-06-17T04:00:00Z</ExactDateTime>
        </DateTime>
        <Description>
          <Text>Encounter, Performed: Patient Provider Interaction (Code List: 2.16.840.1.113883.3.526.03.1012)</Text>
          <Code>
            <Value>4525004</Value>
            <CodingSystem>SNOMED-CT</CodingSystem>
            <Version>2005</Version>
          </Code>
        </Description>
        <Status>
          <Text>Active</Text>
        </Status>
        <Source>
          <Actor>
            <ActorID>50536a6b709357c7fa0002c5</ActorID>
          </Actor>
        </Source>
      </Encounter>
    </Encounters>
  </Body>
  <Actors>
    <Actor>
      <ActorObjectID>50536a6b709357c7fa0002c5</ActorObjectID>
      <Person>
        <Name>
          <CurrentName>
            <Given>Leslie</Given>
            <Family>Ellis</Family>
          </CurrentName>
        </Name>
        <DateOfBirth>
          <ExactDateTime>2000-08-16T04:00:00Z</ExactDateTime>
        </DateOfBirth>
        <Gender>
          <Text>Female</Text>
        </Gender>
      </Person>
      <Source/>
    </Actor>
  </Actors>
</ContinuityOfCareRecord>
