<ContinuityOfCareRecord xmlns:xsi="http://www.w3.org/2001/XMLSchema-instance" xsi:schemaLocation="urn:astm-org:CCR CCR_20051109.xsd http://www.w3.org/2001/XMLSchema xmldsig-core-schema.xsd" xmlns="urn:astm-org:CCR">
  <CCRDocumentObjectID>50536a6b709357c7fa000186</CCRDocumentObjectID>
  <Language>
    <Text>English</Text>
  </Language>
  <Version>V1.0</Version>
  <DateTime>
    <ExactDateTime>2012-09-14T13:36:06-04:00</ExactDateTime>
  </DateTime>
  <Patient>
    <ActorID>50536a6b709357c7fa000186</ActorID>
  </Patient>
  <From>
    <ActorLink>
      <ActorID>AA0002</ActorID>
    </ActorLink>
  </From>
  <Purpose>
    <Description>
      <Text>Cypress Test Patient CCR XML Record</Text>
    </Description>
    <Indications>
      <Indication>
        <Source>
          <Actor>
            <ActorID>AA0002</ActorID>
          </Actor>
        </Source>
        <InternalCCRLink>
          <LinkID/>
        </InternalCCRLink>
      </Indication>
    </Indications>
  </Purpose>
  <Body>
    <Medications>
      <Medication>
        <CCRDataObjectID>MD0001</CCRDataObjectID>
        <DateTime>
          <Type>
            <Text>Prescription Date</Text>
          </Type>
          <ExactDateTime>2004-01-21T05:00:00Z</ExactDateTime>
        </DateTime>
        <Type>
          <Text>Medication</Text>
        </Type>
        <Status>
          <Text>Active</Text>
        </Status>
        <Source>
          <Actor>
            <ActorID>50536a6b709357c7fa000186</ActorID>
          </Actor>
        </Source>
        <Product>
          <ProductName>
            <Text>Medication, Active: High Risk Medications for the Elderly (Code List: 2.16.840.1.113883.3.464.0003.96.02.0203)</Text>
          </ProductName>
          <BrandName>
            <Text>Medication, Active: High Risk Medications for the Elderly (Code List: 2.16.840.1.113883.3.464.0003.96.02.0203)</Text>
            <Code>
              <Value>197622</Value>
              <CodingSystem>RxNorm</CodingSystem>
              <Version>2005</Version>
            </Code>
          </BrandName>
        </Product>
      </Medication>
    </Medications>
  </Body>
  <Actors>
    <Actor>
      <ActorObjectID>50536a6b709357c7fa000186</ActorObjectID>
      <Person>
        <Name>
          <CurrentName>
            <Given>Sherri</Given>
            <Family>Harvey</Family>
          </CurrentName>
        </Name>
        <DateOfBirth>
          <ExactDateTime>1995-12-28T05:00:00Z</ExactDateTime>
        </DateOfBirth>
        <Gender>
          <Text>Female</Text>
        </Gender>
      </Person>
      <Source/>
    </Actor>
  </Actors>
</ContinuityOfCareRecord>
