<ContinuityOfCareRecord xmlns:xsi="http://www.w3.org/2001/XMLSchema-instance" xsi:schemaLocation="urn:astm-org:CCR CCR_20051109.xsd http://www.w3.org/2001/XMLSchema xmldsig-core-schema.xsd" xmlns="urn:astm-org:CCR">
  <CCRDocumentObjectID>50536a6a709357c7fa00002b</CCRDocumentObjectID>
  <Language>
    <Text>English</Text>
  </Language>
  <Version>V1.0</Version>
  <DateTime>
    <ExactDateTime>2012-09-14T13:36:04-04:00</ExactDateTime>
  </DateTime>
  <Patient>
    <ActorID>50536a6a709357c7fa00002b</ActorID>
  </Patient>
  <From>
    <ActorLink>
      <ActorID>AA0002</ActorID>
    </ActorLink>
  </From>
  <Purpose>
    <Description>
      <Text>Cypress Test Patient CCR XML Record</Text>
    </Description>
    <Indications>
      <Indication>
        <Source>
          <Actor>
            <ActorID>AA0002</ActorID>
          </Actor>
        </Source>
        <InternalCCRLink>
          <LinkID/>
        </InternalCCRLink>
      </Indication>
    </Indications>
  </Purpose>
  <Body>
    <Problems>
      <Problem>
        <CCRDataObjectID>PR0001</CCRDataObjectID>
        <DateTime>
          <Type>
            <Text>Start date</Text>
          </Type>
          <ExactDateTime>2010-10-01T04:00:00Z</ExactDateTime>
        </DateTime>
        <Type>
          <Text>Diagnosis</Text>
        </Type>
        <Description>
          <Text>Major Depression (Code List: 2.16.840.1.113883.3.464.0003.05.02.0007)</Text>
          <Code>
            <Value>F32.0</Value>
            <CodingSystem>ICD-10-CM</CodingSystem>
            <Version>2005</Version>
          </Code>
          <Code>
            <Value>296.20</Value>
            <CodingSystem>ICD-9-CM</CodingSystem>
            <Version>2005</Version>
          </Code>
          <Code>
            <Value>832007</Value>
            <CodingSystem>SNOMED-CT</CodingSystem>
            <Version>2005</Version>
          </Code>
        </Description>
        <Status>
          <Text>Active</Text>
        </Status>
        <Source>
          <Actor>
            <ActorID>50536a6a709357c7fa00002b</ActorID>
          </Actor>
        </Source>
      </Problem>
    </Problems>
    <Medications>
      <Medication>
        <CCRDataObjectID>MD0001</CCRDataObjectID>
        <DateTime>
          <Type>
            <Text>Prescription Date</Text>
          </Type>
          <ExactDateTime>2007-11-13T05:00:00Z</ExactDateTime>
        </DateTime>
        <Type>
          <Text>Medication</Text>
        </Type>
        <Status>
          <Text>Active</Text>
        </Status>
        <Source>
          <Actor>
            <ActorID>50536a6a709357c7fa00002b</ActorID>
          </Actor>
        </Source>
        <Product>
          <ProductName>
            <Text>Medication, Active: Antidepressant Medication (Code List: 2.16.840.1.113883.3.464.0003.96.02.0213)</Text>
          </ProductName>
          <BrandName>
            <Text>Medication, Active: Antidepressant Medication (Code List: 2.16.840.1.113883.3.464.0003.96.02.0213)</Text>
            <Code>
              <Value>197909</Value>
              <CodingSystem>RxNorm</CodingSystem>
              <Version>2005</Version>
            </Code>
          </BrandName>
        </Product>
      </Medication>
      <Medication>
        <CCRDataObjectID>MD0002</CCRDataObjectID>
        <DateTime>
          <Type>
            <Text>Prescription Date</Text>
          </Type>
          <ExactDateTime>2005-08-04T04:00:00Z</ExactDateTime>
        </DateTime>
        <Type>
          <Text>Medication</Text>
        </Type>
        <Status>
          <Text>Active</Text>
        </Status>
        <Source>
          <Actor>
            <ActorID>50536a6a709357c7fa00002b</ActorID>
          </Actor>
        </Source>
        <Product>
          <ProductName>
            <Text>Antidepressant Medication (Code List: 2.16.840.1.113883.3.464.0003.96.02.0213)</Text>
          </ProductName>
          <BrandName>
            <Text>Antidepressant Medication (Code List: 2.16.840.1.113883.3.464.0003.96.02.0213)</Text>
            <Code>
              <Value>197909</Value>
              <CodingSystem>RxNorm</CodingSystem>
              <Version>2005</Version>
            </Code>
          </BrandName>
        </Product>
      </Medication>
      <Medication>
        <CCRDataObjectID>MD0003</CCRDataObjectID>
        <DateTime>
          <Type>
            <Text>Prescription Date</Text>
          </Type>
          <ExactDateTime>2005-07-26T04:00:00Z</ExactDateTime>
        </DateTime>
        <Type>
          <Text>Medication</Text>
        </Type>
        <Status>
          <Text>Active</Text>
        </Status>
        <Source>
          <Actor>
            <ActorID>50536a6a709357c7fa00002b</ActorID>
          </Actor>
        </Source>
        <Product>
          <ProductName>
            <Text>Medication, Active: Antidepressant Medication (Code List: 2.16.840.1.113883.3.464.0003.96.02.0213)</Text>
          </ProductName>
          <BrandName>
            <Text>Medication, Active: Antidepressant Medication (Code List: 2.16.840.1.113883.3.464.0003.96.02.0213)</Text>
            <Code>
              <Value>197909</Value>
              <CodingSystem>RxNorm</CodingSystem>
              <Version>2005</Version>
            </Code>
          </BrandName>
        </Product>
      </Medication>
      <Medication>
        <CCRDataObjectID>MD0004</CCRDataObjectID>
        <DateTime>
          <Type>
            <Text>Prescription Date</Text>
          </Type>
          <ExactDateTime>2006-05-01T04:00:00Z</ExactDateTime>
        </DateTime>
        <Type>
          <Text>Medication</Text>
        </Type>
        <Status>
          <Text>Active</Text>
        </Status>
        <Source>
          <Actor>
            <ActorID>50536a6a709357c7fa00002b</ActorID>
          </Actor>
        </Source>
        <Product>
          <ProductName>
            <Text>Medication, Active: Antidepressant Medication (Code List: 2.16.840.1.113883.3.464.0003.96.02.0213)</Text>
          </ProductName>
          <BrandName>
            <Text>Medication, Active: Antidepressant Medication (Code List: 2.16.840.1.113883.3.464.0003.96.02.0213)</Text>
            <Code>
              <Value>197909</Value>
              <CodingSystem>RxNorm</CodingSystem>
              <Version>2005</Version>
            </Code>
          </BrandName>
        </Product>
      </Medication>
    </Medications>
  </Body>
  <Actors>
    <Actor>
      <ActorObjectID>50536a6a709357c7fa00002b</ActorObjectID>
      <Person>
        <Name>
          <CurrentName>
            <Given>Sherry</Given>
            <Family>Mcguire</Family>
          </CurrentName>
        </Name>
        <DateOfBirth>
          <ExactDateTime>1994-12-25T05:00:00Z</ExactDateTime>
        </DateOfBirth>
        <Gender>
          <Text>Female</Text>
        </Gender>
      </Person>
      <Source/>
    </Actor>
  </Actors>
</ContinuityOfCareRecord>
