<ContinuityOfCareRecord xmlns:xsi="http://www.w3.org/2001/XMLSchema-instance" xsi:schemaLocation="urn:astm-org:CCR CCR_20051109.xsd http://www.w3.org/2001/XMLSchema xmldsig-core-schema.xsd" xmlns="urn:astm-org:CCR">
  <CCRDocumentObjectID>50536a6b709357c7fa0000dc</CCRDocumentObjectID>
  <Language>
    <Text>English</Text>
  </Language>
  <Version>V1.0</Version>
  <DateTime>
    <ExactDateTime>2012-09-14T13:36:05-04:00</ExactDateTime>
  </DateTime>
  <Patient>
    <ActorID>50536a6b709357c7fa0000dc</ActorID>
  </Patient>
  <From>
    <ActorLink>
      <ActorID>AA0002</ActorID>
    </ActorLink>
  </From>
  <Purpose>
    <Description>
      <Text>Cypress Test Patient CCR XML Record</Text>
    </Description>
    <Indications>
      <Indication>
        <Source>
          <Actor>
            <ActorID>AA0002</ActorID>
          </Actor>
        </Source>
        <InternalCCRLink>
          <LinkID/>
        </InternalCCRLink>
      </Indication>
    </Indications>
  </Purpose>
  <Body>
    <Problems>
      <Problem>
        <CCRDataObjectID>PR0001</CCRDataObjectID>
        <DateTime>
          <Type>
            <Text>Start date</Text>
          </Type>
          <ExactDateTime>2009-04-15T04:00:00Z</ExactDateTime>
        </DateTime>
        <Type>
          <Text>Diagnosis</Text>
        </Type>
        <Description>
          <Text>Diagnosis, Active: Gestational Diabetes (Code List: 2.16.840.1.113883.3.464.0003.03.02.0010)</Text>
          <Code>
            <Value>11687002</Value>
            <CodingSystem>SNOMED-CT</CodingSystem>
            <Version>2005</Version>
          </Code>
          <Code>
            <Value>O24.410</Value>
            <CodingSystem>ICD-10-CM</CodingSystem>
            <Version>2005</Version>
          </Code>
        </Description>
        <Status>
          <Text>Active</Text>
        </Status>
        <Source>
          <Actor>
            <ActorID>50536a6b709357c7fa0000dc</ActorID>
          </Actor>
        </Source>
      </Problem>
      <Problem>
        <CCRDataObjectID>PR0002</CCRDataObjectID>
        <DateTime>
          <Type>
            <Text>Start date</Text>
          </Type>
          <ExactDateTime>2008-08-27T04:00:00Z</ExactDateTime>
        </DateTime>
        <Type>
          <Text>Diagnosis</Text>
        </Type>
        <Description>
          <Text>Diagnosis, Active: Steroid Induced Diabetes (Code List: 2.16.840.1.113883.3.464.0003.03.02.0011)</Text>
          <Code>
            <Value>249.00</Value>
            <CodingSystem>ICD-9-CM</CodingSystem>
            <Version>2005</Version>
          </Code>
          <Code>
            <Value>E08.00</Value>
            <CodingSystem>ICD-10-CM</CodingSystem>
            <Version>2005</Version>
          </Code>
          <Code>
            <Value>190416008</Value>
            <CodingSystem>SNOMED-CT</CodingSystem>
            <Version>2005</Version>
          </Code>
        </Description>
        <Status>
          <Text>Active</Text>
        </Status>
        <Source>
          <Actor>
            <ActorID>50536a6b709357c7fa0000dc</ActorID>
          </Actor>
        </Source>
      </Problem>
      <Problem>
        <CCRDataObjectID>PR0003</CCRDataObjectID>
        <DateTime>
          <Type>
            <Text>Start date</Text>
          </Type>
          <ExactDateTime>2001-10-30T05:00:00Z</ExactDateTime>
        </DateTime>
        <Type>
          <Text>Diagnosis</Text>
        </Type>
        <Description>
          <Text>Diagnosis, Active: Polycystic Ovary Disease (Code List: 2.16.840.1.113883.3.464.0003.99.02.0019)</Text>
          <Code>
            <Value>256.4</Value>
            <CodingSystem>ICD-9-CM</CodingSystem>
            <Version>2005</Version>
          </Code>
          <Code>
            <Value>E28.2</Value>
            <CodingSystem>ICD-10-CM</CodingSystem>
            <Version>2005</Version>
          </Code>
          <Code>
            <Value>45248009</Value>
            <CodingSystem>SNOMED-CT</CodingSystem>
            <Version>2005</Version>
          </Code>
        </Description>
        <Status>
          <Text>Active</Text>
        </Status>
        <Source>
          <Actor>
            <ActorID>50536a6b709357c7fa0000dc</ActorID>
          </Actor>
        </Source>
      </Problem>
      <Problem>
        <CCRDataObjectID>PR0004</CCRDataObjectID>
        <DateTime>
          <Type>
            <Text>Start date</Text>
          </Type>
          <ExactDateTime>2008-02-07T05:00:00Z</ExactDateTime>
        </DateTime>
        <Type>
          <Text>Diagnosis</Text>
        </Type>
        <Description>
          <Text>Diagnosis, Active: Diabetes (Code List: 2.16.840.1.113883.3.464.0003.03.02.0001)</Text>
          <Code>
            <Value>250.00</Value>
            <CodingSystem>ICD-9-CM</CodingSystem>
            <Version>2005</Version>
          </Code>
          <Code>
            <Value>E10.8</Value>
            <CodingSystem>ICD-10-CM</CodingSystem>
            <Version>2005</Version>
          </Code>
          <Code>
            <Value>4783006</Value>
            <CodingSystem>SNOMED-CT</CodingSystem>
            <Version>2005</Version>
          </Code>
        </Description>
        <Status>
          <Text>Active</Text>
        </Status>
        <Source>
          <Actor>
            <ActorID>50536a6b709357c7fa0000dc</ActorID>
          </Actor>
        </Source>
      </Problem>
    </Problems>
    <VitalSigns>
      <Result>
        <CCRDataObjectID>VT0001</CCRDataObjectID>
        <DateTime>
          <Type>
            <Text>Start date</Text>
          </Type>
          <ExactDateTime>2008-11-01T04:00:00Z</ExactDateTime>
        </DateTime>
        <Source/>
        <Test>
          <CCRDataObjectID>VT0001TestResult</CCRDataObjectID>
          <Description>
            <Text>Laboratory Test, Result: HbA1c Laboratory Test (Code List: 2.16.840.1.113883.3.464.0003.98.02.0013)</Text>
            <Code>
              <Value>17855-8</Value>
              <CodingSystem>LOINC</CodingSystem>
              <Version>2005</Version>
            </Code>
          </Description>
          <Source/>
          <TestResult>
          </TestResult>
        </Test>
      </Result>
    </VitalSigns>
    <Encounters>
      <Encounter>
        <CCRDataObjectID>EN0001</CCRDataObjectID>
        <DateTime>
          <Type>
            <Text>Encounter Date</Text>
          </Type>
          <ExactDateTime>2001-07-15T04:00:00Z</ExactDateTime>
        </DateTime>
        <Description>
          <Text>Diabetes Visit (Code List: 2.16.840.1.113883.3.464.0003.03.02.0012)</Text>
          <Code>
            <Value>99391</Value>
            <CodingSystem>CPT</CodingSystem>
            <Version>2005</Version>
          </Code>
          <Code>
            <Value>4525004</Value>
            <CodingSystem>SNOMED-CT</CodingSystem>
            <Version>2005</Version>
          </Code>
        </Description>
        <Status>
          <Text>Active</Text>
        </Status>
        <Source>
          <Actor>
            <ActorID>50536a6b709357c7fa0000dc</ActorID>
          </Actor>
        </Source>
      </Encounter>
    </Encounters>
  </Body>
  <Actors>
    <Actor>
      <ActorObjectID>50536a6b709357c7fa0000dc</ActorObjectID>
      <Person>
        <Name>
          <CurrentName>
            <Given>Wanda</Given>
            <Family>Mason</Family>
          </CurrentName>
        </Name>
        <DateOfBirth>
          <ExactDateTime>1998-11-20T05:00:00Z</ExactDateTime>
        </DateOfBirth>
        <Gender>
          <Text>Female</Text>
        </Gender>
      </Person>
      <Source/>
    </Actor>
  </Actors>
</ContinuityOfCareRecord>
