<ContinuityOfCareRecord xmlns:xsi="http://www.w3.org/2001/XMLSchema-instance" xsi:schemaLocation="urn:astm-org:CCR CCR_20051109.xsd http://www.w3.org/2001/XMLSchema xmldsig-core-schema.xsd" xmlns="urn:astm-org:CCR">
  <CCRDocumentObjectID>4ff748251d41c8778e0013a7</CCRDocumentObjectID>
  <Language>
    <Text>English</Text>
  </Language>
  <Version>V1.0</Version>
  <DateTime>
    <ExactDateTime>2012-07-06T16:18:45-04:00</ExactDateTime>
  </DateTime>
  <Patient>
    <ActorID>4ff748251d41c8778e0013a7</ActorID>
  </Patient>
  <From>
    <ActorLink>
      <ActorID>AA0002</ActorID>
    </ActorLink>
  </From>
  <Purpose>
    <Description>
      <Text>Cypress Test Patient CCR XML Record</Text>
    </Description>
    <Indications>
      <Indication>
        <Source>
          <Actor>
            <ActorID>AA0002</ActorID>
          </Actor>
        </Source>
        <InternalCCRLink>
          <LinkID/>
        </InternalCCRLink>
      </Indication>
    </Indications>
  </Purpose>
  <Body>
    <Problems>
      <Problem>
        <CCRDataObjectID>PR0001</CCRDataObjectID>
        <DateTime>
          <Type>
            <Text>Start date</Text>
          </Type>
          <ExactDateTime>2010-05-26T04:00:00Z</ExactDateTime>
        </DateTime>
        <Type>
          <Text>Diagnosis</Text>
        </Type>
        <Description>
          <Text>Hypertension</Text>
          <Code>
            <Value>401.9</Value>
            <CodingSystem>ICD-9-CM</CodingSystem>
            <Version>2005</Version>
          </Code>
          <Code>
            <Value>I10</Value>
            <CodingSystem>ICD-10-CM</CodingSystem>
            <Version>2005</Version>
          </Code>
          <Code>
            <Value>59621000</Value>
            <CodingSystem>SNOMED-CT</CodingSystem>
            <Version>2005</Version>
          </Code>
        </Description>
        <Status>
          <Text>Active</Text>
        </Status>
        <Source>
          <Actor>
            <ActorID>4ff748251d41c8778e0013a7</ActorID>
          </Actor>
        </Source>
      </Problem>
      <Problem>
        <CCRDataObjectID>PR0002</CCRDataObjectID>
        <DateTime>
          <Type>
            <Text>Start date</Text>
          </Type>
          <ExactDateTime>2010-07-11T04:00:00Z</ExactDateTime>
        </DateTime>
        <Type>
          <Text>Diagnosis</Text>
        </Type>
        <Description>
          <Text>Breast Cancer</Text>
          <Code>
            <Value>174.9</Value>
            <CodingSystem>ICD-9-CM</CodingSystem>
            <Version>2005</Version>
          </Code>
          <Code>
            <Value>C50</Value>
            <CodingSystem>ICD-10-CM</CodingSystem>
            <Version>2005</Version>
          </Code>
          <Code>
            <Value>188161004</Value>
            <CodingSystem>SNOMED-CT</CodingSystem>
            <Version>2005</Version>
          </Code>
        </Description>
        <Status>
          <Text>Active</Text>
        </Status>
        <Source>
          <Actor>
            <ActorID>4ff748251d41c8778e0013a7</ActorID>
          </Actor>
        </Source>
      </Problem>
    </Problems>
    <SocialHistory>
      <SocialHistoryElement>
        <CCRDataObjectID>SH0001</CCRDataObjectID>
        <Description>
          <Text>Tobacco Non-User</Text>
          <Code>
            <Value>160618006</Value>
            <CodingSystem>SNOMED-CT</CodingSystem>
            <Version>2005</Version>
          </Code>
        </Description>
        <Source/>
      </SocialHistoryElement>
      <SocialHistoryElement>
        <CCRDataObjectID>SH000RACE</CCRDataObjectID>
        <Type>
          <Text>Race</Text>
        </Type>
        <Description>
          <Code>
            <Value>2106-3</Value>
            <CodingSystem>2.16.840.1.113883.6.238</CodingSystem>
            <Version>2005</Version>
          </Code>
        </Description>
        <Source/>
      </SocialHistoryElement>
      <SocialHistoryElement>
        <CCRDataObjectID>SH000ETHICITY</CCRDataObjectID>
        <Type>
          <Text>Ethnicity</Text>
        </Type>
        <Description>
          <Code>
            <Value>2135-2</Value>
            <CodingSystem>2.16.840.1.113883.6.238</CodingSystem>
            <Version>2005</Version>
          </Code>
        </Description>
        <Source/>
      </SocialHistoryElement>
    </SocialHistory>
    <Medications>
      <Medication>
        <CCRDataObjectID>MD0001</CCRDataObjectID>
        <DateTime>
          <Type>
            <Text>Prescription Date</Text>
          </Type>
          <ExactDateTime>2010-07-05T04:00:00Z</ExactDateTime>
        </DateTime>
        <Type>
          <Text>Medication</Text>
        </Type>
        <Status>
          <Text>Active</Text>
        </Status>
        <Source>
          <Actor>
            <ActorID>4ff748251d41c8778e0013a7</ActorID>
          </Actor>
        </Source>
        <Product>
          <ProductName>
            <Text>Tamoxifen or Aromatase Inhibitor Therapy</Text>
          </ProductName>
          <BrandName>
            <Text>Tamoxifen or Aromatase Inhibitor Therapy</Text>
            <Code>
              <Value>313195</Value>
              <CodingSystem>RxNorm</CodingSystem>
              <Version>2005</Version>
            </Code>
          </BrandName>
        </Product>
      </Medication>
      <Medication>
        <CCRDataObjectID>MD0002</CCRDataObjectID>
        <DateTime>
          <Type>
            <Text>Prescription Date</Text>
          </Type>
          <ExactDateTime>2010-05-26T04:00:00Z</ExactDateTime>
        </DateTime>
        <Type>
          <Text>Medication</Text>
        </Type>
        <Status>
          <Text>Active</Text>
        </Status>
        <Source>
          <Actor>
            <ActorID>4ff748251d41c8778e0013a7</ActorID>
          </Actor>
        </Source>
        <Product>
          <ProductName>
            <Text>Antihypertensive combinations</Text>
          </ProductName>
          <BrandName>
            <Text>Antihypertensive combinations</Text>
            <Code>
              <Value>858828</Value>
              <CodingSystem>RxNorm</CodingSystem>
              <Version>2005</Version>
            </Code>
          </BrandName>
        </Product>
      </Medication>
    </Medications>
    <Immunizations>
      <Immunization>
        <CCRDataObjectID>IM0001</CCRDataObjectID>
        <DateTime>
          <Type>
            <Text>Prescription Date</Text>
          </Type>
          <ExactDateTime>2010-10-26T04:00:00Z</ExactDateTime>
        </DateTime>
        <Type>
          <Text>Immunization</Text>
        </Type>
        <Status>
          <Text>Active</Text>
        </Status>
        <Source>
          <Actor>
            <ActorID>4ff748251d41c8778e0013a7</ActorID>
          </Actor>
        </Source>
        <Product>
          <ProductName>
            <Text>Influenza Vaccine</Text>
          </ProductName>
          <BrandName>
            <Text>Influenza Vaccine</Text>
            <Code>
              <Value>857942</Value>
              <CodingSystem>RxNorm</CodingSystem>
              <Version>2005</Version>
            </Code>
          </BrandName>
        </Product>
      </Immunization>
      <Immunization>
        <CCRDataObjectID>IM0002</CCRDataObjectID>
        <DateTime>
          <Type>
            <Text>Prescription Date</Text>
          </Type>
          <ExactDateTime>2010-10-26T04:00:00Z</ExactDateTime>
        </DateTime>
        <Type>
          <Text>Immunization</Text>
        </Type>
        <Status>
          <Text>Active</Text>
        </Status>
        <Source>
          <Actor>
            <ActorID>4ff748251d41c8778e0013a7</ActorID>
          </Actor>
        </Source>
        <Product>
          <ProductName>
            <Text>Pneumococcal Vaccine all ages</Text>
          </ProductName>
          <BrandName>
            <Text>Pneumococcal Vaccine all ages</Text>
            <Code>
              <Value>100</Value>
              <CodingSystem>CVX</CodingSystem>
              <Version>2005</Version>
            </Code>
            <Code>
              <Value>90669</Value>
              <CodingSystem>CPT</CodingSystem>
              <Version>2005</Version>
            </Code>
          </BrandName>
        </Product>
      </Immunization>
    </Immunizations>
    <VitalSigns>
      <Result>
        <CCRDataObjectID>VT0001</CCRDataObjectID>
        <DateTime>
          <Type>
            <Text>Start date</Text>
          </Type>
          <ExactDateTime>2010-10-26T04:00:00Z</ExactDateTime>
        </DateTime>
        <Source/>
        <Test>
          <CCRDataObjectID>VT0001TestResult</CCRDataObjectID>
          <Description>
            <Text>Systolic Blood Pressure</Text>
            <Code>
              <Value>271649006</Value>
              <CodingSystem>SNOMED-CT</CodingSystem>
              <Version>2005</Version>
            </Code>
            <Code>
              <Value>8480-6</Value>
              <CodingSystem>LOINC</CodingSystem>
              <Version>2005</Version>
            </Code>
          </Description>
          <Source/>
          <TestResult>
            <Value></Value>
            <Units>
              <Unit></Unit>
            </Units>
          </TestResult>
        </Test>
      </Result>
      <Result>
        <CCRDataObjectID>VT0002</CCRDataObjectID>
        <DateTime>
          <Type>
            <Text>Start date</Text>
          </Type>
          <ExactDateTime>2010-10-26T04:00:00Z</ExactDateTime>
        </DateTime>
        <Source/>
        <Test>
          <CCRDataObjectID>VT0002TestResult</CCRDataObjectID>
          <Description>
            <Text>Diastolic Blood Pressure</Text>
            <Code>
              <Value>271650006</Value>
              <CodingSystem>SNOMED-CT</CodingSystem>
              <Version>2005</Version>
            </Code>
            <Code>
              <Value>8462-4</Value>
              <CodingSystem>LOINC</CodingSystem>
              <Version>2005</Version>
            </Code>
          </Description>
          <Source/>
          <TestResult>
            <Value></Value>
            <Units>
              <Unit></Unit>
            </Units>
          </TestResult>
        </Test>
      </Result>
      <Result>
        <CCRDataObjectID>VT0003</CCRDataObjectID>
        <DateTime>
          <Type>
            <Text>Start date</Text>
          </Type>
          <ExactDateTime>2010-10-26T04:00:00Z</ExactDateTime>
        </DateTime>
        <Source/>
        <Test>
          <CCRDataObjectID>VT0003TestResult</CCRDataObjectID>
          <Description>
            <Text>Heart Rate</Text>
            <Code>
              <Value>364075005</Value>
              <CodingSystem>SNOMED-CT</CodingSystem>
              <Version>2005</Version>
            </Code>
            <Code>
              <Value>8867-4</Value>
              <CodingSystem>LOINC</CodingSystem>
              <Version>2005</Version>
            </Code>
          </Description>
          <Source/>
          <TestResult>
            <Value></Value>
            <Units>
              <Unit></Unit>
            </Units>
          </TestResult>
        </Test>
      </Result>
      <Result>
        <CCRDataObjectID>VT0004</CCRDataObjectID>
        <DateTime>
          <Type>
            <Text>Start date</Text>
          </Type>
          <ExactDateTime>2010-05-26T04:00:00Z</ExactDateTime>
        </DateTime>
        <Source/>
        <Test>
          <CCRDataObjectID>VT0004TestResult</CCRDataObjectID>
          <Description>
            <Text>Systolic Blood Pressure</Text>
            <Code>
              <Value>271649006</Value>
              <CodingSystem>SNOMED-CT</CodingSystem>
              <Version>2005</Version>
            </Code>
            <Code>
              <Value>8480-6</Value>
              <CodingSystem>LOINC</CodingSystem>
              <Version>2005</Version>
            </Code>
          </Description>
          <Source/>
          <TestResult>
            <Value></Value>
            <Units>
              <Unit></Unit>
            </Units>
          </TestResult>
        </Test>
      </Result>
      <Result>
        <CCRDataObjectID>VT0005</CCRDataObjectID>
        <DateTime>
          <Type>
            <Text>Start date</Text>
          </Type>
          <ExactDateTime>2010-05-26T04:00:00Z</ExactDateTime>
        </DateTime>
        <Source/>
        <Test>
          <CCRDataObjectID>VT0005TestResult</CCRDataObjectID>
          <Description>
            <Text>Diastolic Blood Pressure</Text>
            <Code>
              <Value>271650006</Value>
              <CodingSystem>SNOMED-CT</CodingSystem>
              <Version>2005</Version>
            </Code>
            <Code>
              <Value>8462-4</Value>
              <CodingSystem>LOINC</CodingSystem>
              <Version>2005</Version>
            </Code>
          </Description>
          <Source/>
          <TestResult>
            <Value></Value>
            <Units>
              <Unit></Unit>
            </Units>
          </TestResult>
        </Test>
      </Result>
      <Result>
        <CCRDataObjectID>VT0006</CCRDataObjectID>
        <DateTime>
          <Type>
            <Text>Start date</Text>
          </Type>
          <ExactDateTime>2010-05-26T04:00:00Z</ExactDateTime>
        </DateTime>
        <Source/>
        <Test>
          <CCRDataObjectID>VT0006TestResult</CCRDataObjectID>
          <Description>
            <Text>Heart Rate</Text>
            <Code>
              <Value>364075005</Value>
              <CodingSystem>SNOMED-CT</CodingSystem>
              <Version>2005</Version>
            </Code>
            <Code>
              <Value>8867-4</Value>
              <CodingSystem>LOINC</CodingSystem>
              <Version>2005</Version>
            </Code>
          </Description>
          <Source/>
          <TestResult>
            <Value></Value>
            <Units>
              <Unit></Unit>
            </Units>
          </TestResult>
        </Test>
      </Result>
      <Result>
        <CCRDataObjectID>VT0007</CCRDataObjectID>
        <DateTime>
          <Type>
            <Text>Start date</Text>
          </Type>
          <ExactDateTime>2010-10-26T04:00:00Z</ExactDateTime>
        </DateTime>
        <Source/>
        <Test>
          <CCRDataObjectID>VT0007TestResult</CCRDataObjectID>
          <Description>
            <Text>BMI</Text>
            <Code>
              <Value>60621009</Value>
              <CodingSystem>SNOMED-CT</CodingSystem>
              <Version>2005</Version>
            </Code>
            <Code>
              <Value>39156-5</Value>
              <CodingSystem>LOINC</CodingSystem>
              <Version>2005</Version>
            </Code>
          </Description>
          <Source/>
          <TestResult>
            <Value></Value>
            <Units>
              <Unit></Unit>
            </Units>
          </TestResult>
        </Test>
      </Result>
      <Result>
        <CCRDataObjectID>VT0008</CCRDataObjectID>
        <DateTime>
          <Type>
            <Text>Start date</Text>
          </Type>
          <ExactDateTime>2010-05-26T04:00:00Z</ExactDateTime>
        </DateTime>
        <Source/>
        <Test>
          <CCRDataObjectID>VT0008TestResult</CCRDataObjectID>
          <Description>
            <Text>BMI</Text>
            <Code>
              <Value>60621009</Value>
              <CodingSystem>SNOMED-CT</CodingSystem>
              <Version>2005</Version>
            </Code>
            <Code>
              <Value>39156-5</Value>
              <CodingSystem>LOINC</CodingSystem>
              <Version>2005</Version>
            </Code>
          </Description>
          <Source/>
          <TestResult>
            <Value></Value>
            <Units>
              <Unit></Unit>
            </Units>
          </TestResult>
        </Test>
      </Result>
    </VitalSigns>
    <Results>
      <Result>
        <CCRDataObjectID>LB0001</CCRDataObjectID>
        <DateTime>
          <Type>
            <Text>Start date</Text>
          </Type>
          <ExactDateTime>2010-05-26T04:00:00Z</ExactDateTime>
        </DateTime>
        <Source/>
        <Test>
          <CCRDataObjectID>LB0001TestResult</CCRDataObjectID>
          <Description>
            <Text>Pap Test</Text>
            <Code>
              <Value>V72.32</Value>
              <CodingSystem>ICD-9-CM</CodingSystem>
              <Version>2005</Version>
            </Code>
            <Code>
              <Value>Z12.4</Value>
              <CodingSystem>ICD-10-CM</CodingSystem>
              <Version>2005</Version>
            </Code>
            <Code>
              <Value>88174</Value>
              <CodingSystem>CPT</CodingSystem>
              <Version>2005</Version>
            </Code>
            <Code>
              <Value>G0147</Value>
              <CodingSystem>HCPCS</CodingSystem>
              <Version>2005</Version>
            </Code>
            <Code>
              <Value>10524-7</Value>
              <CodingSystem>LOINC</CodingSystem>
              <Version>2005</Version>
            </Code>
            <Code>
              <Value>440623000</Value>
              <CodingSystem>SNOMED-CT</CodingSystem>
              <Version>2005</Version>
            </Code>
          </Description>
          <Source/>
          <TestResult>
            <Value></Value>
            <Units>
              <Unit></Unit>
            </Units>
          </TestResult>
        </Test>
      </Result>
      <Result>
        <CCRDataObjectID>LB0002</CCRDataObjectID>
        <DateTime>
          <Type>
            <Text>Start date</Text>
          </Type>
          <ExactDateTime>2010-07-11T04:00:00Z</ExactDateTime>
        </DateTime>
        <Source/>
        <Test>
          <CCRDataObjectID>LB0002TestResult</CCRDataObjectID>
          <Description>
            <Text>Breast Cancer Stage IC-IIIC</Text>
            <Code>
              <Value>261653007</Value>
              <CodingSystem>SNOMED-CT</CodingSystem>
              <Version>2005</Version>
            </Code>
          </Description>
          <Source/>
          <TestResult>
            <Value></Value>
            <Units>
              <Unit></Unit>
            </Units>
          </TestResult>
        </Test>
      </Result>
      <Result>
        <CCRDataObjectID>LB0003</CCRDataObjectID>
        <DateTime>
          <Type>
            <Text>Start date</Text>
          </Type>
          <ExactDateTime>2010-07-11T04:00:00Z</ExactDateTime>
        </DateTime>
        <Source/>
        <Test>
          <CCRDataObjectID>LB0003TestResult</CCRDataObjectID>
          <Description>
            <Text>Breast Cancer ER or PR Positive</Text>
            <Code>
              <Value>417742002</Value>
              <CodingSystem>SNOMED-CT</CodingSystem>
              <Version>2005</Version>
            </Code>
          </Description>
          <Source/>
          <TestResult>
            <Value></Value>
            <Units>
              <Unit></Unit>
            </Units>
          </TestResult>
        </Test>
      </Result>
    </Results>
    <Procedures>
      <Procedure>
        <CCRDataObjectID>PR0001</CCRDataObjectID>
        <DateTime>
          <Type>
            <Text>Service date</Text>
          </Type>
          <ExactDateTime>2010-05-26T04:00:00Z</ExactDateTime>
        </DateTime>
        <Description>
          <Text>counseling for nutrition</Text>
          <Code>
            <Value>97802</Value>
            <CodingSystem>CPT</CodingSystem>
            <Version>2005</Version>
          </Code>
          <Code>
            <Value>V65.3</Value>
            <CodingSystem>ICD-9-CM</CodingSystem>
            <Version>2005</Version>
          </Code>
          <Code>
            <Value>S9470</Value>
            <CodingSystem>HCPCS</CodingSystem>
            <Version>2005</Version>
          </Code>
          <Code>
            <Value>Z00.8</Value>
            <CodingSystem>ICD-10-CM</CodingSystem>
            <Version>2005</Version>
          </Code>
        </Description>
        <Status>
          <Text>Active</Text>
        </Status>
        <Source/>
      </Procedure>
      <Procedure>
        <CCRDataObjectID>PR0002</CCRDataObjectID>
        <DateTime>
          <Type>
            <Text>Service date</Text>
          </Type>
          <ExactDateTime>2010-05-26T04:00:00Z</ExactDateTime>
        </DateTime>
        <Description>
          <Text>counseling for physical activity</Text>
          <Code>
            <Value>V65.41</Value>
            <CodingSystem>ICD-9-CM</CodingSystem>
            <Version>2005</Version>
          </Code>
          <Code>
            <Value>S9451</Value>
            <CodingSystem>HCPCS</CodingSystem>
            <Version>2005</Version>
          </Code>
          <Code>
            <Value>Z71.3</Value>
            <CodingSystem>ICD-10-CM</CodingSystem>
            <Version>2005</Version>
          </Code>
        </Description>
        <Status>
          <Text>Active</Text>
        </Status>
        <Source/>
      </Procedure>
      <Procedure>
        <CCRDataObjectID>PR0003</CCRDataObjectID>
        <DateTime>
          <Type>
            <Text>Service date</Text>
          </Type>
          <ExactDateTime>2010-07-11T04:00:00Z</ExactDateTime>
        </DateTime>
        <Description>
          <Text>Breast Cancer Stage IC-IIIC</Text>
          <Code>
            <Value>261653007</Value>
            <CodingSystem>SNOMED-CT</CodingSystem>
            <Version>2005</Version>
          </Code>
        </Description>
        <Status>
          <Text>Active</Text>
        </Status>
        <Source/>
      </Procedure>
      <Procedure>
        <CCRDataObjectID>PR0004</CCRDataObjectID>
        <DateTime>
          <Type>
            <Text>Service date</Text>
          </Type>
          <ExactDateTime>2010-07-11T04:00:00Z</ExactDateTime>
        </DateTime>
        <Description>
          <Text>Breast Cancer ER or PR Positive</Text>
          <Code>
            <Value>417742002</Value>
            <CodingSystem>SNOMED-CT</CodingSystem>
            <Version>2005</Version>
          </Code>
        </Description>
        <Status>
          <Text>Active</Text>
        </Status>
        <Source/>
      </Procedure>
      <Procedure>
        <CCRDataObjectID>PR0005</CCRDataObjectID>
        <DateTime>
          <Type>
            <Text>Service date</Text>
          </Type>
          <ExactDateTime>2010-06-06T04:00:00Z</ExactDateTime>
        </DateTime>
        <Description>
          <Text>breast cancer screening</Text>
          <Code>
            <Value>77057</Value>
            <CodingSystem>CPT</CodingSystem>
            <Version>2005</Version>
          </Code>
          <Code>
            <Value>G0202</Value>
            <CodingSystem>HCPCS</CodingSystem>
            <Version>2005</Version>
          </Code>
          <Code>
            <Value>V76.12</Value>
            <CodingSystem>ICD-9-CM</CodingSystem>
            <Version>2005</Version>
          </Code>
          <Code>
            <Value>Z12.31</Value>
            <CodingSystem>ICD-10-CM</CodingSystem>
            <Version>2005</Version>
          </Code>
          <Code>
            <Value>24623002</Value>
            <CodingSystem>SNOMED-CT</CodingSystem>
            <Version>2005</Version>
          </Code>
        </Description>
        <Status>
          <Text>Active</Text>
        </Status>
        <Source/>
      </Procedure>
    </Procedures>
    <Encounters>
      <Encounter>
        <CCRDataObjectID>EN0001</CCRDataObjectID>
        <DateTime>
          <Type>
            <Text>Encounter Date</Text>
          </Type>
          <ExactDateTime>2010-10-26T04:00:00Z</ExactDateTime>
        </DateTime>
        <Description>
          <Text>Encounter Outpatient</Text>
          <Code>
            <Value>99213</Value>
            <CodingSystem>CPT</CodingSystem>
            <Version>2005</Version>
          </Code>
          <Code>
            <Value>V70.0</Value>
            <CodingSystem>ICD-9-CM</CodingSystem>
            <Version>2005</Version>
          </Code>
        </Description>
        <Status>
          <Text>Active</Text>
        </Status>
        <Source>
          <Actor>
            <ActorID>4ff748251d41c8778e0013a7</ActorID>
          </Actor>
        </Source>
      </Encounter>
      <Encounter>
        <CCRDataObjectID>EN0002</CCRDataObjectID>
        <DateTime>
          <Type>
            <Text>Encounter Date</Text>
          </Type>
          <ExactDateTime>2010-08-16T04:00:00Z</ExactDateTime>
        </DateTime>
        <Description>
          <Text>Encounter Office Visit</Text>
          <Code>
            <Value>99212</Value>
            <CodingSystem>CPT</CodingSystem>
            <Version>2005</Version>
          </Code>
        </Description>
        <Status>
          <Text>Active</Text>
        </Status>
        <Source>
          <Actor>
            <ActorID>4ff748251d41c8778e0013a7</ActorID>
          </Actor>
        </Source>
      </Encounter>
      <Encounter>
        <CCRDataObjectID>EN0003</CCRDataObjectID>
        <DateTime>
          <Type>
            <Text>Encounter Date</Text>
          </Type>
          <ExactDateTime>2010-07-12T04:00:00Z</ExactDateTime>
        </DateTime>
        <Description>
          <Text>Encounter Inpatient Discharge</Text>
          <Code>
            <Value>99238</Value>
            <CodingSystem>CPT</CodingSystem>
            <Version>2005</Version>
          </Code>
        </Description>
        <Status>
          <Text>Active</Text>
        </Status>
        <Source>
          <Actor>
            <ActorID>4ff748251d41c8778e0013a7</ActorID>
          </Actor>
        </Source>
      </Encounter>
      <Encounter>
        <CCRDataObjectID>EN0004</CCRDataObjectID>
        <DateTime>
          <Type>
            <Text>Encounter Date</Text>
          </Type>
          <ExactDateTime>2010-07-10T04:00:00Z</ExactDateTime>
        </DateTime>
        <Description>
          <Text>encounter acute inpt</Text>
          <Code>
            <Value>99251</Value>
            <CodingSystem>CPT</CodingSystem>
            <Version>2005</Version>
          </Code>
        </Description>
        <Status>
          <Text>Active</Text>
        </Status>
        <Source>
          <Actor>
            <ActorID>4ff748251d41c8778e0013a7</ActorID>
          </Actor>
        </Source>
      </Encounter>
      <Encounter>
        <CCRDataObjectID>EN0005</CCRDataObjectID>
        <DateTime>
          <Type>
            <Text>Encounter Date</Text>
          </Type>
          <ExactDateTime>2010-06-18T04:00:00Z</ExactDateTime>
        </DateTime>
        <Description>
          <Text>Encounter Office Visit</Text>
          <Code>
            <Value>99212</Value>
            <CodingSystem>CPT</CodingSystem>
            <Version>2005</Version>
          </Code>
        </Description>
        <Status>
          <Text>Active</Text>
        </Status>
        <Source>
          <Actor>
            <ActorID>4ff748251d41c8778e0013a7</ActorID>
          </Actor>
        </Source>
      </Encounter>
      <Encounter>
        <CCRDataObjectID>EN0006</CCRDataObjectID>
        <DateTime>
          <Type>
            <Text>Encounter Date</Text>
          </Type>
          <ExactDateTime>2010-05-26T04:00:00Z</ExactDateTime>
        </DateTime>
        <Description>
          <Text>Encounter Outpatient</Text>
          <Code>
            <Value>99213</Value>
            <CodingSystem>CPT</CodingSystem>
            <Version>2005</Version>
          </Code>
          <Code>
            <Value>V70.0</Value>
            <CodingSystem>ICD-9-CM</CodingSystem>
            <Version>2005</Version>
          </Code>
        </Description>
        <Status>
          <Text>Active</Text>
        </Status>
        <Source>
          <Actor>
            <ActorID>4ff748251d41c8778e0013a7</ActorID>
          </Actor>
        </Source>
      </Encounter>
    </Encounters>
  </Body>
  <Actors>
    <Actor>
      <ActorObjectID>4ff748251d41c8778e0013a7</ActorObjectID>
      <Person>
        <Name>
          <CurrentName>
            <Given>Jean</Given>
            <Family>Manson</Family>
          </CurrentName>
        </Name>
        <DateOfBirth>
          <ExactDateTime>1953-09-14T04:00:00Z</ExactDateTime>
        </DateOfBirth>
        <Gender>
          <Text>Female</Text>
        </Gender>
      </Person>
      <Source/>
    </Actor>
  </Actors>
</ContinuityOfCareRecord>
