<ContinuityOfCareRecord xmlns:xsi="http://www.w3.org/2001/XMLSchema-instance" xsi:schemaLocation="urn:astm-org:CCR CCR_20051109.xsd http://www.w3.org/2001/XMLSchema xmldsig-core-schema.xsd" xmlns="urn:astm-org:CCR">
  <CCRDocumentObjectID>4ff748251d41c8778e001395</CCRDocumentObjectID>
  <Language>
    <Text>English</Text>
  </Language>
  <Version>V1.0</Version>
  <DateTime>
    <ExactDateTime>2012-07-06T16:18:45-04:00</ExactDateTime>
  </DateTime>
  <Patient>
    <ActorID>4ff748251d41c8778e001395</ActorID>
  </Patient>
  <From>
    <ActorLink>
      <ActorID>AA0002</ActorID>
    </ActorLink>
  </From>
  <Purpose>
    <Description>
      <Text>Cypress Test Patient CCR XML Record</Text>
    </Description>
    <Indications>
      <Indication>
        <Source>
          <Actor>
            <ActorID>AA0002</ActorID>
          </Actor>
        </Source>
        <InternalCCRLink>
          <LinkID/>
        </InternalCCRLink>
      </Indication>
    </Indications>
  </Purpose>
  <Body>
    <Problems>
      <Problem>
        <CCRDataObjectID>PR0001</CCRDataObjectID>
        <DateTime>
          <Type>
            <Text>Start date</Text>
          </Type>
          <ExactDateTime>2010-05-05T04:00:00Z</ExactDateTime>
        </DateTime>
        <Type>
          <Text>Diagnosis</Text>
        </Type>
        <Description>
          <Text>pharyngitis</Text>
          <Code>
            <Value>J02</Value>
            <CodingSystem>ICD-10-CM</CodingSystem>
            <Version>2005</Version>
          </Code>
          <Code>
            <Value>363746003</Value>
            <CodingSystem>SNOMED-CT</CodingSystem>
            <Version>2005</Version>
          </Code>
          <Code>
            <Value>462</Value>
            <CodingSystem>ICD-9-CM</CodingSystem>
            <Version>2005</Version>
          </Code>
        </Description>
        <Status>
          <Text>Active</Text>
        </Status>
        <Source>
          <Actor>
            <ActorID>4ff748251d41c8778e001395</ActorID>
          </Actor>
        </Source>
      </Problem>
      <Problem>
        <CCRDataObjectID>PR0002</CCRDataObjectID>
        <DateTime>
          <Type>
            <Text>Start date</Text>
          </Type>
          <ExactDateTime>2010-06-14T04:00:00Z</ExactDateTime>
        </DateTime>
        <Type>
          <Text>Diagnosis</Text>
        </Type>
        <Description>
          <Text>asthma</Text>
          <Code>
            <Value>493.92</Value>
            <CodingSystem>ICD-9-CM</CodingSystem>
            <Version>2005</Version>
          </Code>
          <Code>
            <Value>J45</Value>
            <CodingSystem>ICD-10-CM</CodingSystem>
            <Version>2005</Version>
          </Code>
          <Code>
            <Value>195979001</Value>
            <CodingSystem>SNOMED-CT</CodingSystem>
            <Version>2005</Version>
          </Code>
        </Description>
        <Status>
          <Text>Active</Text>
        </Status>
        <Source>
          <Actor>
            <ActorID>4ff748251d41c8778e001395</ActorID>
          </Actor>
        </Source>
      </Problem>
      <Problem>
        <CCRDataObjectID>PR0003</CCRDataObjectID>
        <DateTime>
          <Type>
            <Text>Start date</Text>
          </Type>
          <ExactDateTime>2010-06-14T04:00:00Z</ExactDateTime>
        </DateTime>
        <Type>
          <Text>Diagnosis</Text>
        </Type>
        <Description>
          <Text>Asthma Daytime Symptoms Quantified</Text>
          <Code>
            <Value>370202007</Value>
            <CodingSystem>SNOMED-CT</CodingSystem>
            <Version>2005</Version>
          </Code>
        </Description>
        <Status>
          <Text>Active</Text>
        </Status>
        <Source>
          <Actor>
            <ActorID>4ff748251d41c8778e001395</ActorID>
          </Actor>
        </Source>
      </Problem>
      <Problem>
        <CCRDataObjectID>PR0004</CCRDataObjectID>
        <DateTime>
          <Type>
            <Text>Start date</Text>
          </Type>
          <ExactDateTime>2010-06-14T04:00:00Z</ExactDateTime>
        </DateTime>
        <Type>
          <Text>Diagnosis</Text>
        </Type>
        <Description>
          <Text>Asthma Nighttime Symptoms Quantified</Text>
          <Code>
            <Value>370205009</Value>
            <CodingSystem>SNOMED-CT</CodingSystem>
            <Version>2005</Version>
          </Code>
        </Description>
        <Status>
          <Text>Active</Text>
        </Status>
        <Source>
          <Actor>
            <ActorID>4ff748251d41c8778e001395</ActorID>
          </Actor>
        </Source>
      </Problem>
    </Problems>
    <Medications>
      <Medication>
        <CCRDataObjectID>MD0001</CCRDataObjectID>
        <DateTime>
          <Type>
            <Text>Prescription Date</Text>
          </Type>
          <ExactDateTime>2010-05-05T04:00:00Z</ExactDateTime>
        </DateTime>
        <Type>
          <Text>Medication</Text>
        </Type>
        <Status>
          <Text>Active</Text>
        </Status>
        <Source>
          <Actor>
            <ActorID>4ff748251d41c8778e001395</ActorID>
          </Actor>
        </Source>
        <Product>
          <ProductName>
            <Text>Antiasthmatic combinations</Text>
          </ProductName>
          <BrandName>
            <Text>Antiasthmatic combinations</Text>
            <Code>
              <Value>388681</Value>
              <CodingSystem>RxNorm</CodingSystem>
              <Version>2005</Version>
            </Code>
          </BrandName>
        </Product>
      </Medication>
      <Medication>
        <CCRDataObjectID>MD0002</CCRDataObjectID>
        <DateTime>
          <Type>
            <Text>Prescription Date</Text>
          </Type>
          <ExactDateTime>2010-09-29T04:00:00Z</ExactDateTime>
        </DateTime>
        <Type>
          <Text>Medication</Text>
        </Type>
        <Status>
          <Text>Active</Text>
        </Status>
        <Source>
          <Actor>
            <ActorID>4ff748251d41c8778e001395</ActorID>
          </Actor>
        </Source>
        <Product>
          <ProductName>
            <Text>Antiasthmatic combinations</Text>
          </ProductName>
          <BrandName>
            <Text>Antiasthmatic combinations</Text>
            <Code>
              <Value>388681</Value>
              <CodingSystem>RxNorm</CodingSystem>
              <Version>2005</Version>
            </Code>
          </BrandName>
        </Product>
      </Medication>
      <Medication>
        <CCRDataObjectID>MD0003</CCRDataObjectID>
        <DateTime>
          <Type>
            <Text>Prescription Date</Text>
          </Type>
          <ExactDateTime>2010-05-05T04:00:00Z</ExactDateTime>
        </DateTime>
        <Type>
          <Text>Medication</Text>
        </Type>
        <Status>
          <Text>Active</Text>
        </Status>
        <Source>
          <Actor>
            <ActorID>4ff748251d41c8778e001395</ActorID>
          </Actor>
        </Source>
        <Product>
          <ProductName>
            <Text>Second generation cephalosporins</Text>
          </ProductName>
          <BrandName>
            <Text>Second generation cephalosporins</Text>
            <Code>
              <Value>309097</Value>
              <CodingSystem>RxNorm</CodingSystem>
              <Version>2005</Version>
            </Code>
          </BrandName>
        </Product>
      </Medication>
    </Medications>
    <Immunizations>
      <Immunization>
        <CCRDataObjectID>IM0001</CCRDataObjectID>
        <DateTime>
          <Type>
            <Text>Prescription Date</Text>
          </Type>
          <ExactDateTime>2010-09-29T04:00:00Z</ExactDateTime>
        </DateTime>
        <Type>
          <Text>Immunization</Text>
        </Type>
        <Status>
          <Text>Active</Text>
        </Status>
        <Source>
          <Actor>
            <ActorID>4ff748251d41c8778e001395</ActorID>
          </Actor>
        </Source>
        <Product>
          <ProductName>
            <Text>Influenza Vaccine</Text>
          </ProductName>
          <BrandName>
            <Text>Influenza Vaccine</Text>
            <Code>
              <Value>857942</Value>
              <CodingSystem>RxNorm</CodingSystem>
              <Version>2005</Version>
            </Code>
          </BrandName>
        </Product>
      </Immunization>
    </Immunizations>
    <VitalSigns>
      <Result>
        <CCRDataObjectID>VT0001</CCRDataObjectID>
        <DateTime>
          <Type>
            <Text>Start date</Text>
          </Type>
          <ExactDateTime>2010-09-29T04:00:00Z</ExactDateTime>
        </DateTime>
        <Source/>
        <Test>
          <CCRDataObjectID>VT0001TestResult</CCRDataObjectID>
          <Description>
            <Text>BMI</Text>
            <Code>
              <Value>60621009</Value>
              <CodingSystem>SNOMED-CT</CodingSystem>
              <Version>2005</Version>
            </Code>
            <Code>
              <Value>39156-5</Value>
              <CodingSystem>LOINC</CodingSystem>
              <Version>2005</Version>
            </Code>
          </Description>
          <Source/>
          <TestResult>
            <Value></Value>
            <Units>
              <Unit></Unit>
            </Units>
          </TestResult>
        </Test>
      </Result>
      <Result>
        <CCRDataObjectID>VT0002</CCRDataObjectID>
        <DateTime>
          <Type>
            <Text>Start date</Text>
          </Type>
          <ExactDateTime>2010-06-14T04:00:00Z</ExactDateTime>
        </DateTime>
        <Source/>
        <Test>
          <CCRDataObjectID>VT0002TestResult</CCRDataObjectID>
          <Description>
            <Text>BMI</Text>
            <Code>
              <Value>60621009</Value>
              <CodingSystem>SNOMED-CT</CodingSystem>
              <Version>2005</Version>
            </Code>
            <Code>
              <Value>39156-5</Value>
              <CodingSystem>LOINC</CodingSystem>
              <Version>2005</Version>
            </Code>
          </Description>
          <Source/>
          <TestResult>
            <Value></Value>
            <Units>
              <Unit></Unit>
            </Units>
          </TestResult>
        </Test>
      </Result>
      <Result>
        <CCRDataObjectID>VT0003</CCRDataObjectID>
        <DateTime>
          <Type>
            <Text>Start date</Text>
          </Type>
          <ExactDateTime>2010-05-05T04:00:00Z</ExactDateTime>
        </DateTime>
        <Source/>
        <Test>
          <CCRDataObjectID>VT0003TestResult</CCRDataObjectID>
          <Description>
            <Text>BMI</Text>
            <Code>
              <Value>60621009</Value>
              <CodingSystem>SNOMED-CT</CodingSystem>
              <Version>2005</Version>
            </Code>
            <Code>
              <Value>39156-5</Value>
              <CodingSystem>LOINC</CodingSystem>
              <Version>2005</Version>
            </Code>
          </Description>
          <Source/>
          <TestResult>
            <Value></Value>
            <Units>
              <Unit></Unit>
            </Units>
          </TestResult>
        </Test>
      </Result>
    </VitalSigns>
    <Procedures>
      <Procedure>
        <CCRDataObjectID>PR0001</CCRDataObjectID>
        <DateTime>
          <Type>
            <Text>Service date</Text>
          </Type>
          <ExactDateTime>2010-05-05T04:00:00Z</ExactDateTime>
        </DateTime>
        <Description>
          <Text>counseling for physical activity</Text>
          <Code>
            <Value>V65.41</Value>
            <CodingSystem>ICD-9-CM</CodingSystem>
            <Version>2005</Version>
          </Code>
          <Code>
            <Value>S9451</Value>
            <CodingSystem>HCPCS</CodingSystem>
            <Version>2005</Version>
          </Code>
          <Code>
            <Value>Z71.3</Value>
            <CodingSystem>ICD-10-CM</CodingSystem>
            <Version>2005</Version>
          </Code>
        </Description>
        <Status>
          <Text>Active</Text>
        </Status>
        <Source/>
      </Procedure>
      <Procedure>
        <CCRDataObjectID>PR0002</CCRDataObjectID>
        <DateTime>
          <Type>
            <Text>Service date</Text>
          </Type>
          <ExactDateTime>2010-05-05T04:00:00Z</ExactDateTime>
        </DateTime>
        <Description>
          <Text>counseling for nutrition</Text>
          <Code>
            <Value>97802</Value>
            <CodingSystem>CPT</CodingSystem>
            <Version>2005</Version>
          </Code>
          <Code>
            <Value>V65.3</Value>
            <CodingSystem>ICD-9-CM</CodingSystem>
            <Version>2005</Version>
          </Code>
          <Code>
            <Value>S9470</Value>
            <CodingSystem>HCPCS</CodingSystem>
            <Version>2005</Version>
          </Code>
          <Code>
            <Value>Z00.8</Value>
            <CodingSystem>ICD-10-CM</CodingSystem>
            <Version>2005</Version>
          </Code>
        </Description>
        <Status>
          <Text>Active</Text>
        </Status>
        <Source/>
      </Procedure>
      <Procedure>
        <CCRDataObjectID>PR0003</CCRDataObjectID>
        <DateTime>
          <Type>
            <Text>Service date</Text>
          </Type>
          <ExactDateTime>2010-06-14T04:00:00Z</ExactDateTime>
        </DateTime>
        <Description>
          <Text>Asthma Symptom Assessment Tool</Text>
          <Code>
            <Value>401011001</Value>
            <CodingSystem>SNOMED-CT</CodingSystem>
            <Version>2005</Version>
          </Code>
        </Description>
        <Status>
          <Text>Active</Text>
        </Status>
        <Source/>
      </Procedure>
    </Procedures>
    <Encounters>
      <Encounter>
        <CCRDataObjectID>EN0001</CCRDataObjectID>
        <DateTime>
          <Type>
            <Text>Encounter Date</Text>
          </Type>
          <ExactDateTime>2010-09-29T04:00:00Z</ExactDateTime>
        </DateTime>
        <Description>
          <Text>Encounter Office &amp; Outpatient Consult</Text>
          <Code>
            <Value>99241</Value>
            <CodingSystem>CPT</CodingSystem>
            <Version>2005</Version>
          </Code>
        </Description>
        <Status>
          <Text>Active</Text>
        </Status>
        <Source>
          <Actor>
            <ActorID>4ff748251d41c8778e001395</ActorID>
          </Actor>
        </Source>
      </Encounter>
      <Encounter>
        <CCRDataObjectID>EN0002</CCRDataObjectID>
        <DateTime>
          <Type>
            <Text>Encounter Date</Text>
          </Type>
          <ExactDateTime>2010-06-14T04:00:00Z</ExactDateTime>
        </DateTime>
        <Description>
          <Text>Encounter Office &amp; Outpatient Consult</Text>
          <Code>
            <Value>99241</Value>
            <CodingSystem>CPT</CodingSystem>
            <Version>2005</Version>
          </Code>
        </Description>
        <Status>
          <Text>Active</Text>
        </Status>
        <Source>
          <Actor>
            <ActorID>4ff748251d41c8778e001395</ActorID>
          </Actor>
        </Source>
      </Encounter>
      <Encounter>
        <CCRDataObjectID>EN0003</CCRDataObjectID>
        <DateTime>
          <Type>
            <Text>Encounter Date</Text>
          </Type>
          <ExactDateTime>2010-05-05T04:00:00Z</ExactDateTime>
        </DateTime>
        <Description>
          <Text>Encounter Outpatient</Text>
          <Code>
            <Value>99213</Value>
            <CodingSystem>CPT</CodingSystem>
            <Version>2005</Version>
          </Code>
          <Code>
            <Value>V70.0</Value>
            <CodingSystem>ICD-9-CM</CodingSystem>
            <Version>2005</Version>
          </Code>
        </Description>
        <Status>
          <Text>Active</Text>
        </Status>
        <Source>
          <Actor>
            <ActorID>4ff748251d41c8778e001395</ActorID>
          </Actor>
        </Source>
      </Encounter>
    </Encounters>
  </Body>
  <Actors>
    <Actor>
      <ActorObjectID>4ff748251d41c8778e001395</ActorObjectID>
      <Person>
        <Name>
          <CurrentName>
            <Given>Josh</Given>
            <Family>Regis</Family>
          </CurrentName>
        </Name>
        <DateOfBirth>
          <ExactDateTime>1997-06-17T04:00:00Z</ExactDateTime>
        </DateOfBirth>
        <Gender>
          <Text>Male</Text>
        </Gender>
      </Person>
      <Source/>
    </Actor>
  </Actors>
</ContinuityOfCareRecord>
