<ContinuityOfCareRecord xmlns:xsi="http://www.w3.org/2001/XMLSchema-instance" xsi:schemaLocation="urn:astm-org:CCR CCR_20051109.xsd http://www.w3.org/2001/XMLSchema xmldsig-core-schema.xsd" xmlns="urn:astm-org:CCR">
  <CCRDocumentObjectID>4ff747de1d41c8778e000137</CCRDocumentObjectID>
  <Language>
    <Text>English</Text>
  </Language>
  <Version>V1.0</Version>
  <DateTime>
    <ExactDateTime>2012-07-06T16:17:34-04:00</ExactDateTime>
  </DateTime>
  <Patient>
    <ActorID>4ff747de1d41c8778e000137</ActorID>
  </Patient>
  <From>
    <ActorLink>
      <ActorID>AA0002</ActorID>
    </ActorLink>
  </From>
  <Purpose>
    <Description>
      <Text>Cypress Test Patient CCR XML Record</Text>
    </Description>
    <Indications>
      <Indication>
        <Source>
          <Actor>
            <ActorID>AA0002</ActorID>
          </Actor>
        </Source>
        <InternalCCRLink>
          <LinkID/>
        </InternalCCRLink>
      </Indication>
    </Indications>
  </Purpose>
  <Body>
    <Problems>
      <Problem>
        <CCRDataObjectID>PR0001</CCRDataObjectID>
        <DateTime>
          <Type>
            <Text>Start date</Text>
          </Type>
          <ExactDateTime>2010-04-03T04:00:00Z</ExactDateTime>
        </DateTime>
        <Type>
          <Text>Diagnosis</Text>
        </Type>
        <Description>
          <Text>diabetes</Text>
          <Code>
            <Value>250</Value>
            <CodingSystem>ICD-9-CM</CodingSystem>
            <Version>2005</Version>
          </Code>
          <Code>
            <Value>E11.9</Value>
            <CodingSystem>ICD-10-CM</CodingSystem>
            <Version>2005</Version>
          </Code>
          <Code>
            <Value>73211009</Value>
            <CodingSystem>SNOMED-CT</CodingSystem>
            <Version>2005</Version>
          </Code>
        </Description>
        <Status>
          <Text>Active</Text>
        </Status>
        <Source>
          <Actor>
            <ActorID>4ff747de1d41c8778e000137</ActorID>
          </Actor>
        </Source>
      </Problem>
      <Problem>
        <CCRDataObjectID>PR0002</CCRDataObjectID>
        <DateTime>
          <Type>
            <Text>Start date</Text>
          </Type>
          <ExactDateTime>2010-04-03T04:00:00Z</ExactDateTime>
        </DateTime>
        <Type>
          <Text>Diagnosis</Text>
        </Type>
        <Description>
          <Text>Hypertension</Text>
          <Code>
            <Value>401.9</Value>
            <CodingSystem>ICD-9-CM</CodingSystem>
            <Version>2005</Version>
          </Code>
          <Code>
            <Value>I10</Value>
            <CodingSystem>ICD-10-CM</CodingSystem>
            <Version>2005</Version>
          </Code>
          <Code>
            <Value>59621000</Value>
            <CodingSystem>SNOMED-CT</CodingSystem>
            <Version>2005</Version>
          </Code>
        </Description>
        <Status>
          <Text>Active</Text>
        </Status>
        <Source>
          <Actor>
            <ActorID>4ff747de1d41c8778e000137</ActorID>
          </Actor>
        </Source>
      </Problem>
    </Problems>
    <SocialHistory>
      <SocialHistoryElement>
        <CCRDataObjectID>SH0001</CCRDataObjectID>
        <Description>
          <Text>Tobacco Non-User</Text>
          <Code>
            <Value>160618006</Value>
            <CodingSystem>SNOMED-CT</CodingSystem>
            <Version>2005</Version>
          </Code>
        </Description>
        <Source/>
      </SocialHistoryElement>
      <SocialHistoryElement>
        <CCRDataObjectID>SH000RACE</CCRDataObjectID>
        <Type>
          <Text>Race</Text>
        </Type>
        <Description>
          <Code>
            <Value>2106-3</Value>
            <CodingSystem>2.16.840.1.113883.6.238</CodingSystem>
            <Version>2005</Version>
          </Code>
        </Description>
        <Source/>
      </SocialHistoryElement>
      <SocialHistoryElement>
        <CCRDataObjectID>SH000ETHICITY</CCRDataObjectID>
        <Type>
          <Text>Ethnicity</Text>
        </Type>
        <Description>
          <Code>
            <Value>2186-5</Value>
            <CodingSystem>2.16.840.1.113883.6.238</CodingSystem>
            <Version>2005</Version>
          </Code>
        </Description>
        <Source/>
      </SocialHistoryElement>
    </SocialHistory>
    <Medications>
      <Medication>
        <CCRDataObjectID>MD0001</CCRDataObjectID>
        <DateTime>
          <Type>
            <Text>Prescription Date</Text>
          </Type>
          <ExactDateTime>2010-04-03T04:00:00Z</ExactDateTime>
        </DateTime>
        <Type>
          <Text>Medication</Text>
        </Type>
        <Status>
          <Text>Active</Text>
        </Status>
        <Source>
          <Actor>
            <ActorID>4ff747de1d41c8778e000137</ActorID>
          </Actor>
        </Source>
        <Product>
          <ProductName>
            <Text>Biguanides</Text>
          </ProductName>
          <BrandName>
            <Text>Biguanides</Text>
            <Code>
              <Value>861007</Value>
              <CodingSystem>RxNorm</CodingSystem>
              <Version>2005</Version>
            </Code>
          </BrandName>
        </Product>
      </Medication>
      <Medication>
        <CCRDataObjectID>MD0002</CCRDataObjectID>
        <DateTime>
          <Type>
            <Text>Prescription Date</Text>
          </Type>
          <ExactDateTime>2010-04-03T04:00:00Z</ExactDateTime>
        </DateTime>
        <Type>
          <Text>Medication</Text>
        </Type>
        <Status>
          <Text>Active</Text>
        </Status>
        <Source>
          <Actor>
            <ActorID>4ff747de1d41c8778e000137</ActorID>
          </Actor>
        </Source>
        <Product>
          <ProductName>
            <Text>Antihypertensive combinations</Text>
          </ProductName>
          <BrandName>
            <Text>Antihypertensive combinations</Text>
            <Code>
              <Value>858828</Value>
              <CodingSystem>RxNorm</CodingSystem>
              <Version>2005</Version>
            </Code>
          </BrandName>
        </Product>
      </Medication>
    </Medications>
    <Immunizations>
      <Immunization>
        <CCRDataObjectID>IM0001</CCRDataObjectID>
        <DateTime>
          <Type>
            <Text>Prescription Date</Text>
          </Type>
          <ExactDateTime>2010-11-14T05:00:00Z</ExactDateTime>
        </DateTime>
        <Type>
          <Text>Immunization</Text>
        </Type>
        <Status>
          <Text>Active</Text>
        </Status>
        <Source>
          <Actor>
            <ActorID>4ff747de1d41c8778e000137</ActorID>
          </Actor>
        </Source>
        <Product>
          <ProductName>
            <Text>Influenza Vaccine</Text>
          </ProductName>
          <BrandName>
            <Text>Influenza Vaccine</Text>
            <Code>
              <Value>857942</Value>
              <CodingSystem>RxNorm</CodingSystem>
              <Version>2005</Version>
            </Code>
          </BrandName>
        </Product>
      </Immunization>
      <Immunization>
        <CCRDataObjectID>IM0002</CCRDataObjectID>
        <DateTime>
          <Type>
            <Text>Prescription Date</Text>
          </Type>
          <ExactDateTime>2010-11-14T05:00:00Z</ExactDateTime>
        </DateTime>
        <Type>
          <Text>Immunization</Text>
        </Type>
        <Status>
          <Text>Active</Text>
        </Status>
        <Source>
          <Actor>
            <ActorID>4ff747de1d41c8778e000137</ActorID>
          </Actor>
        </Source>
        <Product>
          <ProductName>
            <Text>Pneumococcal Vaccine all ages</Text>
          </ProductName>
          <BrandName>
            <Text>Pneumococcal Vaccine all ages</Text>
            <Code>
              <Value>100</Value>
              <CodingSystem>CVX</CodingSystem>
              <Version>2005</Version>
            </Code>
            <Code>
              <Value>90669</Value>
              <CodingSystem>CPT</CodingSystem>
              <Version>2005</Version>
            </Code>
          </BrandName>
        </Product>
      </Immunization>
    </Immunizations>
    <VitalSigns>
      <Result>
        <CCRDataObjectID>VT0001</CCRDataObjectID>
        <DateTime>
          <Type>
            <Text>Start date</Text>
          </Type>
          <ExactDateTime>2010-04-03T04:00:00Z</ExactDateTime>
        </DateTime>
        <Source/>
        <Test>
          <CCRDataObjectID>VT0001TestResult</CCRDataObjectID>
          <Description>
            <Text>Systolic Blood Pressure</Text>
            <Code>
              <Value>271649006</Value>
              <CodingSystem>SNOMED-CT</CodingSystem>
              <Version>2005</Version>
            </Code>
            <Code>
              <Value>8480-6</Value>
              <CodingSystem>LOINC</CodingSystem>
              <Version>2005</Version>
            </Code>
          </Description>
          <Source/>
          <TestResult>
            <Value></Value>
            <Units>
              <Unit></Unit>
            </Units>
          </TestResult>
        </Test>
      </Result>
      <Result>
        <CCRDataObjectID>VT0002</CCRDataObjectID>
        <DateTime>
          <Type>
            <Text>Start date</Text>
          </Type>
          <ExactDateTime>2010-04-03T04:00:00Z</ExactDateTime>
        </DateTime>
        <Source/>
        <Test>
          <CCRDataObjectID>VT0002TestResult</CCRDataObjectID>
          <Description>
            <Text>Diastolic Blood Pressure</Text>
            <Code>
              <Value>271650006</Value>
              <CodingSystem>SNOMED-CT</CodingSystem>
              <Version>2005</Version>
            </Code>
            <Code>
              <Value>8462-4</Value>
              <CodingSystem>LOINC</CodingSystem>
              <Version>2005</Version>
            </Code>
          </Description>
          <Source/>
          <TestResult>
            <Value></Value>
            <Units>
              <Unit></Unit>
            </Units>
          </TestResult>
        </Test>
      </Result>
      <Result>
        <CCRDataObjectID>VT0003</CCRDataObjectID>
        <DateTime>
          <Type>
            <Text>Start date</Text>
          </Type>
          <ExactDateTime>2010-04-03T04:00:00Z</ExactDateTime>
        </DateTime>
        <Source/>
        <Test>
          <CCRDataObjectID>VT0003TestResult</CCRDataObjectID>
          <Description>
            <Text>Systolic Blood Pressure</Text>
            <Code>
              <Value>271649006</Value>
              <CodingSystem>SNOMED-CT</CodingSystem>
              <Version>2005</Version>
            </Code>
            <Code>
              <Value>8480-6</Value>
              <CodingSystem>LOINC</CodingSystem>
              <Version>2005</Version>
            </Code>
          </Description>
          <Source/>
          <TestResult>
            <Value></Value>
            <Units>
              <Unit></Unit>
            </Units>
          </TestResult>
        </Test>
      </Result>
      <Result>
        <CCRDataObjectID>VT0004</CCRDataObjectID>
        <DateTime>
          <Type>
            <Text>Start date</Text>
          </Type>
          <ExactDateTime>2010-04-03T04:00:00Z</ExactDateTime>
        </DateTime>
        <Source/>
        <Test>
          <CCRDataObjectID>VT0004TestResult</CCRDataObjectID>
          <Description>
            <Text>Diastolic Blood Pressure</Text>
            <Code>
              <Value>271650006</Value>
              <CodingSystem>SNOMED-CT</CodingSystem>
              <Version>2005</Version>
            </Code>
            <Code>
              <Value>8462-4</Value>
              <CodingSystem>LOINC</CodingSystem>
              <Version>2005</Version>
            </Code>
          </Description>
          <Source/>
          <TestResult>
            <Value></Value>
            <Units>
              <Unit></Unit>
            </Units>
          </TestResult>
        </Test>
      </Result>
      <Result>
        <CCRDataObjectID>VT0005</CCRDataObjectID>
        <DateTime>
          <Type>
            <Text>Start date</Text>
          </Type>
          <ExactDateTime>2010-04-03T04:00:00Z</ExactDateTime>
        </DateTime>
        <Source/>
        <Test>
          <CCRDataObjectID>VT0005TestResult</CCRDataObjectID>
          <Description>
            <Text>Systolic Blood Pressure</Text>
            <Code>
              <Value>271649006</Value>
              <CodingSystem>SNOMED-CT</CodingSystem>
              <Version>2005</Version>
            </Code>
            <Code>
              <Value>8480-6</Value>
              <CodingSystem>LOINC</CodingSystem>
              <Version>2005</Version>
            </Code>
          </Description>
          <Source/>
          <TestResult>
            <Value></Value>
            <Units>
              <Unit></Unit>
            </Units>
          </TestResult>
        </Test>
      </Result>
      <Result>
        <CCRDataObjectID>VT0006</CCRDataObjectID>
        <DateTime>
          <Type>
            <Text>Start date</Text>
          </Type>
          <ExactDateTime>2010-04-03T04:00:00Z</ExactDateTime>
        </DateTime>
        <Source/>
        <Test>
          <CCRDataObjectID>VT0006TestResult</CCRDataObjectID>
          <Description>
            <Text>Diastolic Blood Pressure</Text>
            <Code>
              <Value>271650006</Value>
              <CodingSystem>SNOMED-CT</CodingSystem>
              <Version>2005</Version>
            </Code>
            <Code>
              <Value>8462-4</Value>
              <CodingSystem>LOINC</CodingSystem>
              <Version>2005</Version>
            </Code>
          </Description>
          <Source/>
          <TestResult>
            <Value></Value>
            <Units>
              <Unit></Unit>
            </Units>
          </TestResult>
        </Test>
      </Result>
      <Result>
        <CCRDataObjectID>VT0007</CCRDataObjectID>
        <DateTime>
          <Type>
            <Text>Start date</Text>
          </Type>
          <ExactDateTime>2010-04-03T04:00:00Z</ExactDateTime>
        </DateTime>
        <Source/>
        <Test>
          <CCRDataObjectID>VT0007TestResult</CCRDataObjectID>
          <Description>
            <Text>BMI</Text>
            <Code>
              <Value>60621009</Value>
              <CodingSystem>SNOMED-CT</CodingSystem>
              <Version>2005</Version>
            </Code>
            <Code>
              <Value>39156-5</Value>
              <CodingSystem>LOINC</CodingSystem>
              <Version>2005</Version>
            </Code>
          </Description>
          <Source/>
          <TestResult>
            <Value></Value>
            <Units>
              <Unit></Unit>
            </Units>
          </TestResult>
        </Test>
      </Result>
    </VitalSigns>
    <Results>
      <Result>
        <CCRDataObjectID>LB0001</CCRDataObjectID>
        <DateTime>
          <Type>
            <Text>Start date</Text>
          </Type>
          <ExactDateTime>2010-11-14T05:00:00Z</ExactDateTime>
        </DateTime>
        <Source/>
        <Test>
          <CCRDataObjectID>LB0001TestResult</CCRDataObjectID>
          <Description>
            <Text>HbA1c test</Text>
            <Code>
              <Value>83036</Value>
              <CodingSystem>CPT</CodingSystem>
              <Version>2005</Version>
            </Code>
            <Code>
              <Value>4548-4</Value>
              <CodingSystem>LOINC</CodingSystem>
              <Version>2005</Version>
            </Code>
            <Code>
              <Value>43396009</Value>
              <CodingSystem>SNOMED-CT</CodingSystem>
              <Version>2005</Version>
            </Code>
          </Description>
          <Source/>
          <TestResult>
            <Value></Value>
            <Units>
              <Unit></Unit>
            </Units>
          </TestResult>
        </Test>
      </Result>
      <Result>
        <CCRDataObjectID>LB0002</CCRDataObjectID>
        <DateTime>
          <Type>
            <Text>Start date</Text>
          </Type>
          <ExactDateTime>2010-09-05T04:00:00Z</ExactDateTime>
        </DateTime>
        <Source/>
        <Test>
          <CCRDataObjectID>LB0002TestResult</CCRDataObjectID>
          <Description>
            <Text>HbA1c test</Text>
            <Code>
              <Value>83036</Value>
              <CodingSystem>CPT</CodingSystem>
              <Version>2005</Version>
            </Code>
            <Code>
              <Value>4548-4</Value>
              <CodingSystem>LOINC</CodingSystem>
              <Version>2005</Version>
            </Code>
            <Code>
              <Value>43396009</Value>
              <CodingSystem>SNOMED-CT</CodingSystem>
              <Version>2005</Version>
            </Code>
          </Description>
          <Source/>
          <TestResult>
            <Value></Value>
            <Units>
              <Unit></Unit>
            </Units>
          </TestResult>
        </Test>
      </Result>
      <Result>
        <CCRDataObjectID>LB0003</CCRDataObjectID>
        <DateTime>
          <Type>
            <Text>Start date</Text>
          </Type>
          <ExactDateTime>2010-05-24T04:00:00Z</ExactDateTime>
        </DateTime>
        <Source/>
        <Test>
          <CCRDataObjectID>LB0003TestResult</CCRDataObjectID>
          <Description>
            <Text>HbA1c test</Text>
            <Code>
              <Value>83036</Value>
              <CodingSystem>CPT</CodingSystem>
              <Version>2005</Version>
            </Code>
            <Code>
              <Value>4548-4</Value>
              <CodingSystem>LOINC</CodingSystem>
              <Version>2005</Version>
            </Code>
            <Code>
              <Value>43396009</Value>
              <CodingSystem>SNOMED-CT</CodingSystem>
              <Version>2005</Version>
            </Code>
          </Description>
          <Source/>
          <TestResult>
            <Value></Value>
            <Units>
              <Unit></Unit>
            </Units>
          </TestResult>
        </Test>
      </Result>
      <Result>
        <CCRDataObjectID>LB0004</CCRDataObjectID>
        <DateTime>
          <Type>
            <Text>Start date</Text>
          </Type>
          <ExactDateTime>2010-04-03T04:00:00Z</ExactDateTime>
        </DateTime>
        <Source/>
        <Test>
          <CCRDataObjectID>LB0004TestResult</CCRDataObjectID>
          <Description>
            <Text>HbA1c test</Text>
            <Code>
              <Value>83036</Value>
              <CodingSystem>CPT</CodingSystem>
              <Version>2005</Version>
            </Code>
            <Code>
              <Value>4548-4</Value>
              <CodingSystem>LOINC</CodingSystem>
              <Version>2005</Version>
            </Code>
            <Code>
              <Value>43396009</Value>
              <CodingSystem>SNOMED-CT</CodingSystem>
              <Version>2005</Version>
            </Code>
          </Description>
          <Source/>
          <TestResult>
            <Value></Value>
            <Units>
              <Unit></Unit>
            </Units>
          </TestResult>
        </Test>
      </Result>
      <Result>
        <CCRDataObjectID>LB0005</CCRDataObjectID>
        <DateTime>
          <Type>
            <Text>Start date</Text>
          </Type>
          <ExactDateTime>2010-04-03T04:00:00Z</ExactDateTime>
        </DateTime>
        <Source/>
        <Test>
          <CCRDataObjectID>LB0005TestResult</CCRDataObjectID>
          <Description>
            <Text>LDL</Text>
            <Code>
              <Value>83721</Value>
              <CodingSystem>CPT</CodingSystem>
              <Version>2005</Version>
            </Code>
            <Code>
              <Value>2089-1</Value>
              <CodingSystem>LOINC</CodingSystem>
              <Version>2005</Version>
            </Code>
            <Code>
              <Value>113079009</Value>
              <CodingSystem>SNOMED-CT</CodingSystem>
              <Version>2005</Version>
            </Code>
          </Description>
          <Source/>
          <TestResult>
            <Value></Value>
            <Units>
              <Unit></Unit>
            </Units>
          </TestResult>
        </Test>
      </Result>
      <Result>
        <CCRDataObjectID>LB0006</CCRDataObjectID>
        <DateTime>
          <Type>
            <Text>Start date</Text>
          </Type>
          <ExactDateTime>2010-04-03T04:00:00Z</ExactDateTime>
        </DateTime>
        <Source/>
        <Test>
          <CCRDataObjectID>LB0006TestResult</CCRDataObjectID>
          <Description>
            <Text>High Density Lipoprotein (HDL)</Text>
            <Code>
              <Value>83701</Value>
              <CodingSystem>CPT</CodingSystem>
              <Version>2005</Version>
            </Code>
            <Code>
              <Value>14646-4</Value>
              <CodingSystem>LOINC</CodingSystem>
              <Version>2005</Version>
            </Code>
            <Code>
              <Value>28036006</Value>
              <CodingSystem>SNOMED-CT</CodingSystem>
              <Version>2005</Version>
            </Code>
          </Description>
          <Source/>
          <TestResult>
            <Value></Value>
            <Units>
              <Unit></Unit>
            </Units>
          </TestResult>
        </Test>
      </Result>
      <Result>
        <CCRDataObjectID>LB0007</CCRDataObjectID>
        <DateTime>
          <Type>
            <Text>Start date</Text>
          </Type>
          <ExactDateTime>2010-04-03T04:00:00Z</ExactDateTime>
        </DateTime>
        <Source/>
        <Test>
          <CCRDataObjectID>LB0007TestResult</CCRDataObjectID>
          <Description>
            <Text>Total Cholesterol</Text>
            <Code>
              <Value>82465</Value>
              <CodingSystem>CPT</CodingSystem>
              <Version>2005</Version>
            </Code>
            <Code>
              <Value>2093-3</Value>
              <CodingSystem>LOINC</CodingSystem>
              <Version>2005</Version>
            </Code>
            <Code>
              <Value>121868005</Value>
              <CodingSystem>SNOMED-CT</CodingSystem>
              <Version>2005</Version>
            </Code>
          </Description>
          <Source/>
          <TestResult>
            <Value></Value>
            <Units>
              <Unit></Unit>
            </Units>
          </TestResult>
        </Test>
      </Result>
      <Result>
        <CCRDataObjectID>LB0008</CCRDataObjectID>
        <DateTime>
          <Type>
            <Text>Start date</Text>
          </Type>
          <ExactDateTime>2010-04-03T04:00:00Z</ExactDateTime>
        </DateTime>
        <Source/>
        <Test>
          <CCRDataObjectID>LB0008TestResult</CCRDataObjectID>
          <Description>
            <Text>Triglycerides</Text>
            <Code>
              <Value>84478</Value>
              <CodingSystem>CPT</CodingSystem>
              <Version>2005</Version>
            </Code>
            <Code>
              <Value>12951-0</Value>
              <CodingSystem>LOINC</CodingSystem>
              <Version>2005</Version>
            </Code>
            <Code>
              <Value>14740000</Value>
              <CodingSystem>SNOMED-CT</CodingSystem>
              <Version>2005</Version>
            </Code>
          </Description>
          <Source/>
          <TestResult>
            <Value></Value>
            <Units>
              <Unit></Unit>
            </Units>
          </TestResult>
        </Test>
      </Result>
      <Result>
        <CCRDataObjectID>LB0009</CCRDataObjectID>
        <DateTime>
          <Type>
            <Text>Start date</Text>
          </Type>
          <ExactDateTime>2010-09-05T04:00:00Z</ExactDateTime>
        </DateTime>
        <Source/>
        <Test>
          <CCRDataObjectID>LB0009TestResult</CCRDataObjectID>
          <Description>
            <Text>FOBT</Text>
            <Code>
              <Value>82274</Value>
              <CodingSystem>CPT</CodingSystem>
              <Version>2005</Version>
            </Code>
            <Code>
              <Value>252156002</Value>
              <CodingSystem>SNOMED-CT</CodingSystem>
              <Version>2005</Version>
            </Code>
            <Code>
              <Value>2335-8</Value>
              <CodingSystem>LOINC</CodingSystem>
              <Version>2005</Version>
            </Code>
            <Code>
              <Value>G0328</Value>
              <CodingSystem>HCPCS</CodingSystem>
              <Version>2005</Version>
            </Code>
            <Code>
              <Value>V76.51</Value>
              <CodingSystem>ICD-9-CM</CodingSystem>
              <Version>2005</Version>
            </Code>
          </Description>
          <Source/>
          <TestResult>
            <Value></Value>
            <Units>
              <Unit></Unit>
            </Units>
          </TestResult>
        </Test>
      </Result>
      <Result>
        <CCRDataObjectID>LB00010</CCRDataObjectID>
        <DateTime>
          <Type>
            <Text>Start date</Text>
          </Type>
          <ExactDateTime>2010-09-05T04:00:00Z</ExactDateTime>
        </DateTime>
        <Source/>
        <Test>
          <CCRDataObjectID>LB00010TestResult</CCRDataObjectID>
          <Description>
            <Text>Urine Macroalbumin</Text>
            <Code>
              <Value>81003</Value>
              <CodingSystem>CPT</CodingSystem>
              <Version>2005</Version>
            </Code>
            <Code>
              <Value>50561-0</Value>
              <CodingSystem>LOINC</CodingSystem>
              <Version>2005</Version>
            </Code>
            <Code>
              <Value>71628007</Value>
              <CodingSystem>SNOMED-CT</CodingSystem>
              <Version>2005</Version>
            </Code>
          </Description>
          <Source/>
          <TestResult>
            <Value></Value>
            <Units>
              <Unit></Unit>
            </Units>
          </TestResult>
        </Test>
      </Result>
    </Results>
    <Procedures>
      <Procedure>
        <CCRDataObjectID>PR0001</CCRDataObjectID>
        <DateTime>
          <Type>
            <Text>Service date</Text>
          </Type>
          <ExactDateTime>2010-04-03T04:00:00Z</ExactDateTime>
        </DateTime>
        <Description>
          <Text>Foot Exam</Text>
          <Code>
            <Value>401191002</Value>
            <CodingSystem>SNOMED-CT</CodingSystem>
            <Version>2005</Version>
          </Code>
        </Description>
        <Status>
          <Text>Active</Text>
        </Status>
        <Source/>
      </Procedure>
      <Procedure>
        <CCRDataObjectID>PR0002</CCRDataObjectID>
        <DateTime>
          <Type>
            <Text>Service date</Text>
          </Type>
          <ExactDateTime>2010-04-03T04:00:00Z</ExactDateTime>
        </DateTime>
        <Description>
          <Text>Foot Exam</Text>
          <Code>
            <Value>401191002</Value>
            <CodingSystem>SNOMED-CT</CodingSystem>
            <Version>2005</Version>
          </Code>
        </Description>
        <Status>
          <Text>Active</Text>
        </Status>
        <Source/>
      </Procedure>
      <Procedure>
        <CCRDataObjectID>PR0003</CCRDataObjectID>
        <DateTime>
          <Type>
            <Text>Service date</Text>
          </Type>
          <ExactDateTime>2010-04-03T04:00:00Z</ExactDateTime>
        </DateTime>
        <Description>
          <Text>Foot Exam</Text>
          <Code>
            <Value>401191002</Value>
            <CodingSystem>SNOMED-CT</CodingSystem>
            <Version>2005</Version>
          </Code>
        </Description>
        <Status>
          <Text>Active</Text>
        </Status>
        <Source/>
      </Procedure>
      <Procedure>
        <CCRDataObjectID>PR0004</CCRDataObjectID>
        <DateTime>
          <Type>
            <Text>Service date</Text>
          </Type>
          <ExactDateTime>2010-04-03T04:00:00Z</ExactDateTime>
        </DateTime>
        <Description>
          <Text>eye exam</Text>
          <Code>
            <Value>S0621</Value>
            <CodingSystem>HCPCS</CodingSystem>
            <Version>2005</Version>
          </Code>
          <Code>
            <Value>390735007</Value>
            <CodingSystem>SNOMED-CT</CodingSystem>
            <Version>2005</Version>
          </Code>
          <Code>
            <Value>95.03</Value>
            <CodingSystem>ICD-9-CM</CodingSystem>
            <Version>2005</Version>
          </Code>
          <Code>
            <Value>92012</Value>
            <CodingSystem>CPT</CodingSystem>
            <Version>2005</Version>
          </Code>
        </Description>
        <Status>
          <Text>Active</Text>
        </Status>
        <Source/>
      </Procedure>
    </Procedures>
    <Encounters>
      <Encounter>
        <CCRDataObjectID>EN0001</CCRDataObjectID>
        <DateTime>
          <Type>
            <Text>Encounter Date</Text>
          </Type>
          <ExactDateTime>2010-11-14T05:00:00Z</ExactDateTime>
        </DateTime>
        <Description>
          <Text>Encounter Outpatient</Text>
          <Code>
            <Value>99213</Value>
            <CodingSystem>CPT</CodingSystem>
            <Version>2005</Version>
          </Code>
          <Code>
            <Value>V70.0</Value>
            <CodingSystem>ICD-9-CM</CodingSystem>
            <Version>2005</Version>
          </Code>
        </Description>
        <Status>
          <Text>Active</Text>
        </Status>
        <Source>
          <Actor>
            <ActorID>4ff747de1d41c8778e000137</ActorID>
          </Actor>
        </Source>
      </Encounter>
      <Encounter>
        <CCRDataObjectID>EN0002</CCRDataObjectID>
        <DateTime>
          <Type>
            <Text>Encounter Date</Text>
          </Type>
          <ExactDateTime>2010-09-05T04:00:00Z</ExactDateTime>
        </DateTime>
        <Description>
          <Text>Encounter Outpatient</Text>
          <Code>
            <Value>99213</Value>
            <CodingSystem>CPT</CodingSystem>
            <Version>2005</Version>
          </Code>
          <Code>
            <Value>V70.0</Value>
            <CodingSystem>ICD-9-CM</CodingSystem>
            <Version>2005</Version>
          </Code>
        </Description>
        <Status>
          <Text>Active</Text>
        </Status>
        <Source>
          <Actor>
            <ActorID>4ff747de1d41c8778e000137</ActorID>
          </Actor>
        </Source>
      </Encounter>
      <Encounter>
        <CCRDataObjectID>EN0003</CCRDataObjectID>
        <DateTime>
          <Type>
            <Text>Encounter Date</Text>
          </Type>
          <ExactDateTime>2010-05-24T04:00:00Z</ExactDateTime>
        </DateTime>
        <Description>
          <Text>Encounter Outpatient</Text>
          <Code>
            <Value>99213</Value>
            <CodingSystem>CPT</CodingSystem>
            <Version>2005</Version>
          </Code>
          <Code>
            <Value>V70.0</Value>
            <CodingSystem>ICD-9-CM</CodingSystem>
            <Version>2005</Version>
          </Code>
        </Description>
        <Status>
          <Text>Active</Text>
        </Status>
        <Source>
          <Actor>
            <ActorID>4ff747de1d41c8778e000137</ActorID>
          </Actor>
        </Source>
      </Encounter>
      <Encounter>
        <CCRDataObjectID>EN0004</CCRDataObjectID>
        <DateTime>
          <Type>
            <Text>Encounter Date</Text>
          </Type>
          <ExactDateTime>2010-04-03T04:00:00Z</ExactDateTime>
        </DateTime>
        <Description>
          <Text>Encounter Outpatient</Text>
          <Code>
            <Value>99213</Value>
            <CodingSystem>CPT</CodingSystem>
            <Version>2005</Version>
          </Code>
          <Code>
            <Value>V70.0</Value>
            <CodingSystem>ICD-9-CM</CodingSystem>
            <Version>2005</Version>
          </Code>
        </Description>
        <Status>
          <Text>Active</Text>
        </Status>
        <Source>
          <Actor>
            <ActorID>4ff747de1d41c8778e000137</ActorID>
          </Actor>
        </Source>
      </Encounter>
    </Encounters>
  </Body>
  <Actors>
    <Actor>
      <ActorObjectID>4ff747de1d41c8778e000137</ActorObjectID>
      <Person>
        <Name>
          <CurrentName>
            <Given>Dolly</Given>
            <Family>Karezyk</Family>
          </CurrentName>
        </Name>
        <DateOfBirth>
          <ExactDateTime>1944-09-19T04:00:00Z</ExactDateTime>
        </DateOfBirth>
        <Gender>
          <Text>Female</Text>
        </Gender>
      </Person>
      <Source/>
    </Actor>
  </Actors>
</ContinuityOfCareRecord>
