{
  "_id": "5034b151044a111d99000069",
  "birthdate": 599646600,
  "clinicalTrialParticipant": null,
  "conditions": [
    {
      "_id": "5051b9f4044a114b42000141",
      "causeOfDeath": null,
      "codes": {
      },
      "description": "Diagnosis, Active: Bipolar Depression",
      "end_time": 1285905600,
      "free_text": null,
      "mood_code": "EVN",
      "name": null,
      "negationInd": null,
      "negationReason": null,
      "ordinality": null,
      "priority": null,
      "severity": null,
      "specifics": null,
      "start_time": 1285905600,
      "status_code": {
        "SNOMED-CT": [
          "55561003"
        ],
        "HL7 ActStatus": [
          "active"
        ]
      },
      "time": null,
      "type": null
    },
    {
      "_id": "5051b9f4044a114b42000142",
      "causeOfDeath": null,
      "codes": {
        "SNOMED-CT": [
          "281004"
        ],
        "ICD-9-CM": [
          "291.0"
        ],
        "ICD-10-CM": [
          "F10"
        ]
      },
      "description": "Diagnosis, Active: Alcohol and Drug Dependence",
      "end_time": 1285905600,
      "free_text": null,
      "mood_code": "EVN",
      "name": null,
      "negationInd": null,
      "negationReason": null,
      "ordinality": null,
      "priority": null,
      "severity": null,
      "specifics": null,
      "start_time": 1285905600,
      "status_code": {
        "SNOMED-CT": [
          "55561003"
        ],
        "HL7 ActStatus": [
          "active"
        ]
      },
      "time": null,
      "type": null
    },
    {
      "_id": "5051b9f4044a114b42000144",
      "causeOfDeath": null,
      "codes": {
        "SNOMED-CT": [
          "832007"
        ],
        "ICD-9-CM": [
          "296.20"
        ],
        "ICD-10-CM": [
          "F32.0"
        ]
      },
      "description": "Diagnosis, Active: Major Depression",
      "end_time": 1285905600,
      "free_text": null,
      "mood_code": "EVN",
      "name": null,
      "negationInd": null,
      "negationReason": null,
      "ordinality": null,
      "priority": null,
      "severity": null,
      "specifics": null,
      "start_time": 1285905600,
      "status_code": {
        "SNOMED-CT": [
          "55561003"
        ],
        "HL7 ActStatus": [
          "active"
        ]
      },
      "time": null,
      "type": null
    }
  ],
  "deathdate": null,
  "description": "",
  "description_category": "DENOM",
  "effective_time": null,
  "elimination_population": null,
  "elimination_reason": null,
  "encounters": [
    {
      "_id": "5051b9f4044a114b42000140",
      "admitType": null,
      "admit_time": null,
      "codes": {
        "CPT": [
          "99201"
        ]
      },
      "description": "Encounter, Performed: Office Visit",
      "dischargeDisposition": null,
      "discharge_time": null,
      "end_time": 1257048000,
      "free_text": null,
      "mood_code": "EVN",
      "negationInd": null,
      "negationReason": null,
      "performer_id": null,
      "specifics": null,
      "start_time": 1257048000,
      "status_code": null,
      "time": null
    },
    {
      "_id": "5051b9f4044a114b42000143",
      "admitType": null,
      "admit_time": null,
      "codes": {
        "CPT": [
          "99201"
        ]
      },
      "description": "Encounter, Performed: Office Visit",
      "dischargeDisposition": null,
      "discharge_time": null,
      "end_time": 1285905600,
      "free_text": null,
      "mood_code": "EVN",
      "negationInd": null,
      "negationReason": null,
      "performer_id": null,
      "specifics": null,
      "start_time": 1285905600,
      "status_code": null,
      "time": null
    },
    {
      "_id": "5051b9f4044a114b42000147",
      "admitType": null,
      "admit_time": null,
      "codes": {
        "CPT": [
          "90804"
        ],
        "ICD-9-CM": [
          "94.31"
        ],
        "SNOMED-CT": [
          "75516001"
        ],
        "ICD-10-CM": [
          "GZ50ZZZ"
        ]
      },
      "description": "Encounter, Performed: BH Outpatient psychotherapy",
      "dischargeDisposition": null,
      "discharge_time": null,
      "end_time": 1288584000,
      "free_text": null,
      "mood_code": "EVN",
      "negationInd": null,
      "negationReason": null,
      "performer_id": null,
      "specifics": null,
      "start_time": 1288584000,
      "status_code": null,
      "time": null
    }
  ],
  "ethnicity": null,
  "expired": false,
  "first": "BH_Adult_1_DEN",
  "gender": "M",
  "languages": null,
  "last": "0712_0104_0004_0110",
  "marital_status": null,
  "measure_id": "5048a1c6044a111e810002ff",
  "measure_ids": [
    "0710",
    "0105",
    "0108",
    "0036",
    "0712",
    "0004",
    "0104",
    "0002",
    "0110",
    "0419",
    "ClosingReferralLoop"
  ],
  "measure_period_end": 1293771600000,
  "measure_period_start": 1262322000000,
  "medical_record_number": null,
  "medications": [
    {
      "_id": "5051b9f4044a114b42000145",
      "administrationTiming": null,
      "codes": {
        "RxNorm": [
          "106343"
        ]
      },
      "cumulativeMedicationDuration": null,
      "deliveryMethod": null,
      "description": "Medication, Order: BH Antidepressant medication",
      "dose": null,
      "doseIndicator": null,
      "doseRestriction": null,
      "end_time": 1286164800,
      "freeTextSig": null,
      "free_text": null,
      "fulfillmentInstructions": null,
      "indication": null,
      "mood_code": "EVN",
      "negationInd": null,
      "negationReason": null,
      "patientInstructions": null,
      "productForm": null,
      "reaction": null,
      "route": null,
      "site": null,
      "specifics": null,
      "start_time": 1286164800,
      "statusOfMedication": null,
      "status_code": null,
      "time": null,
      "typeOfMedication": null,
      "vehicle": null
    },
    {
      "_id": "5051b9f4044a114b42000146",
      "administrationTiming": null,
      "codes": {
        "RxNorm": [
          "106343"
        ]
      },
      "cumulativeMedicationDuration": null,
      "deliveryMethod": null,
      "description": "Medication, Active: BH Antidepressant medication",
      "dose": null,
      "doseIndicator": null,
      "doseRestriction": null,
      "end_time": 1286164800,
      "freeTextSig": null,
      "free_text": null,
      "fulfillmentInstructions": null,
      "indication": null,
      "mood_code": "EVN",
      "negationInd": null,
      "negationReason": null,
      "patientInstructions": null,
      "productForm": null,
      "reaction": null,
      "route": null,
      "site": null,
      "specifics": null,
      "start_time": 1286164800,
      "statusOfMedication": null,
      "status_code": {
        "SNOMED-CT": [
          "55561003"
        ],
        "HL7 ActStatus": [
          "active"
        ]
      },
      "time": null,
      "typeOfMedication": null,
      "vehicle": null
    }
  ],
  "procedures": [

  ],
  "race": null,
  "religious_affilication": null,
  "source_data_criteria": [
    {
      "id": "EncounterPerformedOfficeVisit",
      "start_date": 1257048000000,
      "end_date": 1257048000000
    },
    {
      "id": "DiagnosisActiveBipolarDepression",
      "start_date": 1285905600000,
      "end_date": 1285905600000,
      "negation": "",
      "negation_code_list_id": null,
      "field_values": {
      }
    },
    {
      "id": "DiagnosisActiveAlcoholAndDrugDependence",
      "start_date": 1285905600000,
      "end_date": 1285905600000,
      "negation": "",
      "negation_code_list_id": null,
      "field_values": {
      }
    },
    {
      "id": "EncounterPerformedOfficeVisit",
      "start_date": 1285905600000,
      "end_date": 1285905600000,
      "negation": "",
      "negation_code_list_id": null,
      "field_values": {
      }
    },
    {
      "id": "DiagnosisActiveMajorDepression",
      "start_date": 1285905600000,
      "end_date": 1285905600000,
      "negation": "",
      "negation_code_list_id": null,
      "field_values": {
      }
    },
    {
      "id": "MedicationOrderBhAntidepressantMedication",
      "start_date": 1286164800000,
      "end_date": 1286164800000,
      "negation": "",
      "negation_code_list_id": null,
      "field_values": {
      }
    },
    {
      "id": "MedicationActiveBhAntidepressantMedication",
      "start_date": 1286164800000,
      "end_date": 1286164800000,
      "negation": "",
      "negation_code_list_id": null,
      "field_values": {
      }
    },
    {
      "id": "EncounterPerformedBhOutpatientPsychotherapy",
      "start_date": 1288584000000,
      "end_date": 1288584000000,
      "negation": "",
      "negation_code_list_id": null,
      "field_values": {
      }
    },
    {
      "id": "MeasurePeriod",
      "start_date": 1262322000000,
      "end_date": 1293771600000
    }
  ],
  "test_id": null,
  "title": null
}