{
  "_id": "5034b858044a111f38000095",
  "birthdate": 599646600,
  "clinicalTrialParticipant": null,
  "conditions": [
    {
      "_id": "5051b9f1044a114b4200013f",
      "causeOfDeath": null,
      "codes": {
        "ICD-10-CM": [
          "F32.0"
        ],
        "ICD-9-CM": [
          "296.20"
        ],
        "SNOMED-CT": [
          "832007"
        ]
      },
      "description": "Major Depression",
      "end_time": 1254369600,
      "free_text": null,
      "mood_code": "EVN",
      "name": null,
      "negationInd": null,
      "negationReason": null,
      "ordinality": null,
      "priority": null,
      "severity": null,
      "specifics": null,
      "start_time": 1254369600,
      "status_code": {
        "SNOMED-CT": [
          "55561003"
        ],
        "HL7 ActStatus": [
          "active"
        ]
      },
      "time": null,
      "type": null
    }
  ],
  "deathdate": null,
  "description": "",
  "description_category": "DENOM",
  "effective_time": null,
  "elimination_population": null,
  "elimination_reason": null,
  "encounters": [
    {
      "_id": "5051b9f1044a114b4200013c",
      "admitType": null,
      "admit_time": null,
      "codes": {
        "CPT": [
          "99201"
        ]
      },
      "description": "Encounter, Performed: Office Visit",
      "dischargeDisposition": null,
      "discharge_time": null,
      "end_time": 1254369600,
      "free_text": null,
      "mood_code": "EVN",
      "negationInd": null,
      "negationReason": null,
      "performer_id": null,
      "specifics": null,
      "start_time": 1254369600,
      "status_code": null,
      "time": null
    }
  ],
  "ethnicity": null,
  "expired": false,
  "first": "BH_Adult_2_DEN",
  "gender": "M",
  "languages": null,
  "last": "0710_0105",
  "marital_status": null,
  "measure_id": "5048a1c6044a111e810002ff",
  "measure_ids": [
    "0105",
    "0710",
    "0002",
    "ClosingReferralLoop"
  ],
  "measure_period_end": 1293771600000,
  "measure_period_start": 1262322000000,
  "medical_record_number": null,
  "medications": [
    {
      "_id": "5051b9f1044a114b4200013b",
      "administrationTiming": null,
      "codes": {
        "RxNorm": [
          "197909"
        ]
      },
      "cumulativeMedicationDuration": null,
      "deliveryMethod": null,
      "description": "Medication, Dispensed: Antidepressant Medication",
      "dose": null,
      "doseIndicator": null,
      "doseRestriction": null,
      "end_time": 1253764800,
      "freeTextSig": null,
      "free_text": null,
      "fulfillmentInstructions": null,
      "indication": null,
      "mood_code": "EVN",
      "negationInd": null,
      "negationReason": null,
      "patientInstructions": null,
      "productForm": null,
      "reaction": null,
      "route": null,
      "site": null,
      "specifics": null,
      "start_time": 1253764800,
      "statusOfMedication": null,
      "status_code": null,
      "time": null,
      "typeOfMedication": null,
      "vehicle": null
    }
  ],
  "procedures": [
    {
      "_id": "5051b9f1044a114b4200013d",
      "codes": {
        "LOINC": [
          "44249-1"
        ]
      },
      "description": "Risk Category Assessment: PHQ-9 Tool",
      "end_time": 1254369600,
      "free_text": null,
      "mood_code": "EVN",
      "negationInd": null,
      "negationReason": null,
      "performer_id": null,
      "site": null,
      "specifics": null,
      "start_time": 1254369600,
      "status_code": null,
      "time": null,
      "values": [
        {
          "_id": "5051b9f1044a114b4200013e",
          "scalar": "10",
          "units": ""
        }
      ]
    }
  ],
  "race": null,
  "religious_affilication": null,
  "source_data_criteria": [
    {
      "id": "MedicationDispensedAntidepressantMedication",
      "start_date": 1253764800000,
      "end_date": 1253764800000,
      "negation": "",
      "negation_code_list_id": null,
      "field_values": {
      }
    },
    {
      "id": "EncounterPerformedOfficeVisit",
      "start_date": 1254369600000,
      "end_date": 1254369600000,
      "negation": "",
      "negation_code_list_id": null,
      "field_values": {
      }
    },
    {
      "id": "RiskCategoryAssessmentPhq9Tool",
      "start_date": 1254369600000,
      "end_date": 1254369600000,
      "value": [
        {
          "type": "PQ",
          "value": "10",
          "unit": ""
        }
      ],
      "negation": "",
      "negation_code_list_id": null,
      "field_values": {
      }
    },
    {
      "id": "OccurrenceAMajorDepression96",
      "start_date": 1254369600000,
      "end_date": 1254369600000,
      "negation": "",
      "negation_code_list_id": null,
      "field_values": {
      }
    },
    {
      "id": "MeasurePeriod",
      "start_date": 1262322000000,
      "end_date": 1293771600000
    }
  ],
  "test_id": null,
  "title": null
}