{
  "_id": "5034b6a9044a111f3800000b",
  "birthdate": 599646600,
  "clinicalTrialParticipant": null,
  "conditions": [
    {
      "_id": "5051b9f7044a114b4200014a",
      "causeOfDeath": null,
      "codes": {
      },
      "description": "Diagnosis, Active: Bipolar Depression",
      "end_time": 1285905600,
      "free_text": null,
      "mood_code": "EVN",
      "name": null,
      "negationInd": null,
      "negationReason": null,
      "ordinality": null,
      "priority": null,
      "severity": null,
      "specifics": null,
      "start_time": 1285905600,
      "status_code": {
        "SNOMED-CT": [
          "55561003"
        ],
        "HL7 ActStatus": [
          "active"
        ]
      },
      "time": null,
      "type": null
    },
    {
      "_id": "5051b9f7044a114b4200014f",
      "causeOfDeath": null,
      "codes": {
        "SNOMED-CT": [
          "832007"
        ],
        "ICD-9-CM": [
          "296.20"
        ],
        "ICD-10-CM": [
          "F32.0"
        ]
      },
      "description": "Diagnosis, Active: Major Depression",
      "end_time": 1285949100,
      "free_text": null,
      "mood_code": "EVN",
      "name": null,
      "negationInd": null,
      "negationReason": null,
      "ordinality": null,
      "priority": null,
      "severity": null,
      "specifics": null,
      "start_time": 1285949100,
      "status_code": {
        "SNOMED-CT": [
          "55561003"
        ],
        "HL7 ActStatus": [
          "active"
        ]
      },
      "time": null,
      "type": null
    },
    {
      "_id": "5051b9f7044a114b42000153",
      "causeOfDeath": null,
      "codes": {
        "SNOMED-CT": [
          "281004"
        ],
        "ICD-9-CM": [
          "291.0"
        ],
        "ICD-10-CM": [
          "F10"
        ]
      },
      "description": "Diagnosis, Active: Alcohol and Drug Dependence",
      "end_time": 1288584000,
      "free_text": null,
      "mood_code": "EVN",
      "name": null,
      "negationInd": null,
      "negationReason": null,
      "ordinality": null,
      "priority": null,
      "severity": null,
      "specifics": null,
      "start_time": 1288584000,
      "status_code": {
        "SNOMED-CT": [
          "55561003"
        ],
        "HL7 ActStatus": [
          "active"
        ]
      },
      "time": null,
      "type": null
    }
  ],
  "deathdate": null,
  "description": "",
  "description_category": "DENOM",
  "effective_time": null,
  "elimination_population": null,
  "elimination_reason": null,
  "encounters": [
    {
      "_id": "5051b9f7044a114b42000148",
      "admitType": null,
      "admit_time": null,
      "codes": {
        "CPT": [
          "99201"
        ]
      },
      "description": "Encounter, Performed: Office Visit",
      "dischargeDisposition": null,
      "discharge_time": null,
      "end_time": 1257048000,
      "free_text": null,
      "mood_code": "EVN",
      "negationInd": null,
      "negationReason": null,
      "performer_id": null,
      "specifics": null,
      "start_time": 1257048000,
      "status_code": null,
      "time": null
    },
    {
      "_id": "5051b9f7044a114b4200014b",
      "admitType": null,
      "admit_time": null,
      "codes": {
        "CPT": [
          "99201"
        ]
      },
      "description": "Encounter, Performed: Office Visit",
      "dischargeDisposition": null,
      "discharge_time": null,
      "end_time": 1285952400,
      "free_text": null,
      "mood_code": "EVN",
      "negationInd": null,
      "negationReason": null,
      "performer_id": null,
      "specifics": null,
      "start_time": 1285948800,
      "status_code": null,
      "time": null
    },
    {
      "_id": "5051b9f7044a114b42000150",
      "admitType": null,
      "admit_time": null,
      "codes": {
        "CPT": [
          "90804"
        ],
        "ICD-9-CM": [
          "94.31"
        ],
        "SNOMED-CT": [
          "75516001"
        ],
        "ICD-10-CM": [
          "GZ50ZZZ"
        ]
      },
      "description": "Encounter, Performed: BH Outpatient psychotherapy",
      "dischargeDisposition": null,
      "discharge_time": null,
      "end_time": 1288584000,
      "free_text": null,
      "mood_code": "EVN",
      "negationInd": null,
      "negationReason": null,
      "performer_id": null,
      "specifics": null,
      "start_time": 1288584000,
      "status_code": null,
      "time": null
    },
    {
      "_id": "5051b9f7044a114b42000154",
      "admitType": null,
      "admit_time": null,
      "codes": {
        "CPT": [
          "99201"
        ]
      },
      "description": "Encounter, Performed: Office Visit",
      "dischargeDisposition": null,
      "discharge_time": null,
      "end_time": 1288584000,
      "free_text": null,
      "mood_code": "EVN",
      "negationInd": null,
      "negationReason": null,
      "performer_id": null,
      "specifics": null,
      "start_time": 1288584000,
      "status_code": null,
      "time": null
    },
    {
      "_id": "5051b9f7044a114b42000155",
      "admitType": null,
      "admit_time": null,
      "codes": {
        "SNOMED-CT": [
          "24165007"
        ]
      },
      "description": "Encounter, Performed: Alcohol and Drug Dependence Treatment",
      "dischargeDisposition": null,
      "discharge_time": null,
      "end_time": 1288843200,
      "free_text": null,
      "mood_code": "EVN",
      "negationInd": null,
      "negationReason": null,
      "performer_id": null,
      "specifics": null,
      "start_time": 1288843200,
      "status_code": null,
      "time": null
    }
  ],
  "ethnicity": null,
  "expired": false,
  "first": "BH_Adult_1_NUM",
  "gender": "M",
  "languages": null,
  "last": "0712_0104_0004_0110",
  "marital_status": null,
  "measure_id": "5048a1c6044a111e810002ff",
  "measure_ids": [
    "0710",
    "0105",
    "0108",
    "0036",
    "0712",
    "0004",
    "0104",
    "0002",
    "0110",
    "ClosingReferralLoop"
  ],
  "measure_period_end": 1293771600000,
  "measure_period_start": 1262322000000,
  "medical_record_number": null,
  "medications": [
    {
      "_id": "5051b9f7044a114b42000149",
      "administrationTiming": null,
      "codes": {
        "RxNorm": [
          "197909"
        ]
      },
      "cumulativeMedicationDuration": null,
      "deliveryMethod": null,
      "description": "Medication, Active: Antidepressant Medication",
      "dose": null,
      "doseIndicator": null,
      "doseRestriction": null,
      "end_time": 1286164800,
      "freeTextSig": null,
      "free_text": null,
      "fulfillmentInstructions": null,
      "indication": null,
      "mood_code": "EVN",
      "negationInd": null,
      "negationReason": null,
      "patientInstructions": null,
      "productForm": null,
      "reaction": null,
      "route": null,
      "site": null,
      "specifics": null,
      "start_time": 1286164800,
      "statusOfMedication": null,
      "status_code": {
        "SNOMED-CT": [
          "55561003"
        ],
        "HL7 ActStatus": [
          "active"
        ]
      },
      "time": null,
      "typeOfMedication": null,
      "vehicle": null
    }
  ],
  "procedures": [
    {
      "_id": "5051b9f7044a114b4200014c",
      "codes": {
        "LOINC": [
          "TBD"
        ]
      },
      "description": "Risk Category Assessment: Suicide Risk Assessment",
      "end_time": 1285949100,
      "free_text": null,
      "mood_code": "EVN",
      "negationInd": null,
      "negationReason": null,
      "performer_id": null,
      "site": null,
      "specifics": null,
      "start_time": 1285949100,
      "status_code": null,
      "time": null,
      "values": [
        {
          "_id": "5051b9f7044a114b4200014d",
          "codes": {
            "LOINC": [
              "TBD"
            ]
          }
        }
      ]
    },
    {
      "_id": "5051b9f7044a114b4200014e",
      "codes": {
        "SNOMED-CT": [
          "105355005"
        ],
        "HCPCS": [
          "H0001"
        ],
        "CPT": [
          "99408"
        ]
      },
      "description": "Procedure, Performed: BH Assessment for alcohol or other drugs",
      "end_time": 1285949100,
      "free_text": null,
      "mood_code": "EVN",
      "negationInd": null,
      "negationReason": null,
      "performer_id": null,
      "site": null,
      "specifics": null,
      "start_time": 1285949100,
      "status_code": null,
      "time": null
    },
    {
      "_id": "5051b9f7044a114b42000151",
      "codes": {
        "LOINC": [
          "44249-1"
        ]
      },
      "description": "PHQ-9 Tool",
      "end_time": 1288584000,
      "free_text": null,
      "mood_code": "EVN",
      "negationInd": null,
      "negationReason": null,
      "performer_id": null,
      "site": null,
      "specifics": null,
      "start_time": 1288584000,
      "status_code": null,
      "time": null,
      "values": [
        {
          "_id": "5051b9f7044a114b42000152",
          "scalar": "10",
          "units": ""
        }
      ]
    }
  ],
  "race": null,
  "religious_affilication": null,
  "source_data_criteria": [
    {
      "id": "EncounterPerformedOfficeVisit",
      "start_date": 1257048000000,
      "end_date": 1257048000000
    },
    {
      "id": "MedicationActiveAntidepressantMedication",
      "start_date": 1286164800000,
      "end_date": 1286164800000,
      "negation": "",
      "negation_code_list_id": null,
      "field_values": {
      }
    },
    {
      "id": "DiagnosisActiveBipolarDepression",
      "start_date": 1285905600000,
      "end_date": 1285905600000,
      "negation": "",
      "negation_code_list_id": null,
      "field_values": {
      }
    },
    {
      "id": "EncounterPerformedOfficeVisit",
      "start_date": 1285948800000,
      "end_date": 1285952400000,
      "negation": "",
      "negation_code_list_id": null,
      "field_values": {
      }
    },
    {
      "id": "RiskCategoryAssessmentSuicideRiskAssessment",
      "start_date": 1285949100000,
      "end_date": 1285949100000,
      "value": [
        {
          "type": "CD",
          "code_list_id": "2.16.840.1.113883.3.526.03.1156",
          "title": "suicide_risk_assessment"
        }
      ],
      "negation": "",
      "negation_code_list_id": null,
      "field_values": {
      }
    },
    {
      "id": "ProcedurePerformedBhAssessmentForAlcoholOrOtherDrugs",
      "start_date": 1285949100000,
      "end_date": 1285949100000,
      "negation": "",
      "negation_code_list_id": null,
      "field_values": {
      }
    },
    {
      "id": "DiagnosisActiveMajorDepression",
      "start_date": 1285949100000,
      "end_date": 1285949100000,
      "negation": "",
      "negation_code_list_id": null,
      "field_values": {
      }
    },
    {
      "id": "EncounterPerformedBhOutpatientPsychotherapy",
      "start_date": 1288584000000,
      "end_date": 1288584000000,
      "negation": "",
      "negation_code_list_id": null,
      "field_values": {
      }
    },
    {
      "id": "OccurrenceAPhq9Tool161",
      "start_date": 1288584000000,
      "end_date": 1288584000000,
      "value": [
        {
          "type": "PQ",
          "value": "10",
          "unit": ""
        }
      ],
      "negation": "",
      "negation_code_list_id": null,
      "field_values": {
      }
    },
    {
      "id": "DiagnosisActiveAlcoholAndDrugDependence",
      "start_date": 1288584000000,
      "end_date": 1288584000000
    },
    {
      "id": "EncounterPerformedOfficeVisit",
      "start_date": 1288584000000,
      "end_date": 1288584000000
    },
    {
      "id": "EncounterPerformedAlcoholAndDrugDependenceTreatment",
      "start_date": 1288843200000,
      "end_date": 1288843200000,
      "negation": "",
      "negation_code_list_id": null,
      "field_values": {
      }
    },
    {
      "id": "MeasurePeriod",
      "start_date": 1262322000000,
      "end_date": 1293771600000
    }
  ],
  "test_id": null,
  "title": null
}