{
  "_id": "50335170044a114c6000006b",
  "birthdate": 1257064200,
  "clinicalTrialParticipant": null,
  "deathdate": null,
  "description": "",
  "description_category": "NUMER",
  "effective_time": null,
  "elimination_population": null,
  "elimination_reason": null,
  "encounters": [
    {
      "_id": "5051ba00044a114b42000164",
      "admitType": null,
      "admit_time": null,
      "codes": {
        "CPT": [
          "99201"
        ]
      },
      "description": "Encounter, Performed: Office Visit",
      "dischargeDisposition": null,
      "discharge_time": null,
      "end_time": 1265000400,
      "free_text": null,
      "mood_code": "EVN",
      "negationInd": null,
      "negationReason": null,
      "performer_id": null,
      "specifics": null,
      "start_time": 1265000400,
      "status_code": null,
      "time": null
    }
  ],
  "ethnicity": null,
  "expired": false,
  "first": "BH_Infant_NUM",
  "gender": "F",
  "languages": null,
  "last": "1401",
  "marital_status": null,
  "measure_id": "5048a1c6044a111e810002ff",
  "measure_ids": [
    "1401",
    "0060",
    "0031",
    "0002",
    "0024",
    "ClosingReferralLoop"
  ],
  "measure_period_end": 1293771600000,
  "measure_period_start": 1262322000000,
  "medical_record_number": null,
  "procedures": [
    {
      "_id": "5051b9ff044a114b42000163",
      "codes": {
        "SNOMED-CT": [
          "To be added"
        ]
      },
      "description": "Intervention, Performed: Maternal Post Partum Depression Care",
      "end_time": 1265000400,
      "free_text": null,
      "mood_code": "EVN",
      "negationInd": null,
      "negationReason": null,
      "performer_id": null,
      "site": null,
      "specifics": null,
      "start_time": 1265000400,
      "status_code": null,
      "time": null
    }
  ],
  "race": null,
  "religious_affilication": null,
  "source_data_criteria": [
    {
      "id": "InterventionPerformedMaternalPostPartumDepressionCare",
      "start_date": 1265000400000,
      "end_date": 1265000400000
    },
    {
      "id": "EncounterPerformedOfficeVisit",
      "start_date": 1265000400000,
      "end_date": 1265000400000
    },
    {
      "id": "MeasurePeriod",
      "start_date": 1262322000000,
      "end_date": 1293771600000
    }
  ],
  "test_id": null,
  "title": null
}