{
  "_id": "502cc2f8044a11237e0000b2",
  "birthdate": 915179400,
  "clinicalTrialParticipant": null,
  "conditions": [
    {
      "_id": "5051b9fd044a114b42000161",
      "causeOfDeath": null,
      "codes": {
        "ICD-9-CM": [
          "296.20"
        ],
        "SNOMED-CT": [
          "832007"
        ],
        "ICD-10-CM": [
          "F32.0"
        ]
      },
      "description": "Diagnosis, Active: Major Depressive Disorder New or Recurrent",
      "end_time": 1268024400,
      "free_text": null,
      "mood_code": "EVN",
      "name": null,
      "negationInd": null,
      "negationReason": null,
      "ordinality": null,
      "priority": null,
      "severity": null,
      "specifics": null,
      "start_time": 1268024400,
      "status_code": {
        "SNOMED-CT": [
          "55561003"
        ],
        "HL7 ActStatus": [
          "active"
        ]
      },
      "time": null,
      "type": null
    }
  ],
  "deathdate": null,
  "description": "",
  "description_category": "DENOM",
  "effective_time": null,
  "elimination_population": null,
  "elimination_reason": null,
  "encounters": [
    {
      "_id": "5051b9fd044a114b42000160",
      "admitType": null,
      "admit_time": null,
      "codes": {
        "CPT": [
          "99201"
        ]
      },
      "description": "Encounter, Performed: Office Visit",
      "dischargeDisposition": null,
      "discharge_time": null,
      "end_time": 1268024400,
      "free_text": null,
      "mood_code": "EVN",
      "negationInd": null,
      "negationReason": null,
      "performer_id": null,
      "specifics": null,
      "start_time": 1268024400,
      "status_code": null,
      "time": null
    },
    {
      "_id": "5051b9fd044a114b42000162",
      "admitType": null,
      "admit_time": null,
      "codes": {
        "CPT": [
          "99201"
        ]
      },
      "description": "Encounter, Performed: Office Visit",
      "dischargeDisposition": null,
      "discharge_time": null,
      "end_time": 1285905600,
      "free_text": null,
      "mood_code": "EVN",
      "negationInd": null,
      "negationReason": null,
      "performer_id": null,
      "specifics": null,
      "start_time": 1285905600,
      "status_code": null,
      "time": null
    }
  ],
  "ethnicity": null,
  "expired": false,
  "first": "BH_Peds_DEN",
  "gender": "M",
  "languages": null,
  "last": "1365_0108",
  "marital_status": null,
  "measure_id": "5048a1c6044a111e810002ff",
  "measure_ids": [
    "0108",
    "0036",
    "1365",
    "0002",
    "0024",
    "0004",
    "ClosingReferralLoop"
  ],
  "measure_period_end": 1293771600000,
  "measure_period_start": 1262322000000,
  "medical_record_number": null,
  "medications": [
    {
      "_id": "5051b9fd044a114b4200015f",
      "administrationTiming": null,
      "codes": {
        "RxNorm": [
          "349591"
        ]
      },
      "cumulativeMedicationDuration": null,
      "deliveryMethod": null,
      "description": "ADHD Medications",
      "dose": null,
      "doseIndicator": null,
      "doseRestriction": null,
      "end_time": 1257048000,
      "freeTextSig": null,
      "free_text": null,
      "fulfillmentInstructions": null,
      "indication": null,
      "mood_code": "EVN",
      "negationInd": null,
      "negationReason": null,
      "patientInstructions": null,
      "productForm": null,
      "reaction": null,
      "route": null,
      "site": null,
      "specifics": null,
      "start_time": 1257048000,
      "statusOfMedication": null,
      "status_code": null,
      "time": null,
      "typeOfMedication": null,
      "vehicle": null
    }
  ],
  "race": null,
  "religious_affilication": null,
  "source_data_criteria": [
    {
      "id": "OccurrenceAAdhdMedications54",
      "start_date": 1257048000000,
      "end_date": 1257048000000
    },
    {
      "id": "EncounterPerformedOfficeVisit",
      "start_date": 1268024400000,
      "end_date": 1268024400000
    },
    {
      "id": "DiagnosisActiveMajorDepressiveDisorderNewOrRecurrent",
      "start_date": 1268024400000,
      "end_date": 1268024400000
    },
    {
      "id": "EncounterPerformedOfficeVisit",
      "start_date": 1285905600000,
      "end_date": 1285905600000
    },
    {
      "id": "MeasurePeriod",
      "start_date": 1262322000000,
      "end_date": 1293771600000
    }
  ],
  "test_id": null,
  "title": null
}