{
  "_id": "502b9429044a115b910000e1",
  "birthdate": 491729400,
  "clinicalTrialParticipant": null,
  "conditions": [
    {
      "_id": "5051b9d8044a114b42000100",
      "causeOfDeath": null,
      "codes": {
        "ICD-9-CM": [
          "185"
        ],
        "ICD-10-CM": [
          "C61"
        ],
        "SNOMED-CT": [
          "93974005"
        ]
      },
      "description": "Diagnosis, Active: Prostate Cancer",
      "end_time": 1269576000,
      "free_text": null,
      "mood_code": "EVN",
      "name": null,
      "negationInd": null,
      "negationReason": null,
      "ordinality": null,
      "priority": null,
      "severity": null,
      "specifics": null,
      "start_time": 1269576000,
      "status_code": {
        "SNOMED-CT": [
          "55561003"
        ],
        "HL7 ActStatus": [
          "active"
        ]
      },
      "time": null,
      "type": null
    },
    {
      "_id": "5051b9d8044a114b42000101",
      "causeOfDeath": null,
      "codes": {
        "SNOMED-CT": [
          "93683002"
        ],
        "ICD-9-CM": [
          "153.0"
        ],
        "ICD-10-CM": [
          "C18.0"
        ]
      },
      "description": "Colon Cancer",
      "end_time": 1269576000,
      "free_text": null,
      "mood_code": "EVN",
      "name": null,
      "negationInd": null,
      "negationReason": null,
      "ordinality": null,
      "priority": null,
      "severity": null,
      "specifics": null,
      "start_time": 1269576000,
      "status_code": {
        "SNOMED-CT": [
          "55561003"
        ],
        "HL7 ActStatus": [
          "active"
        ]
      },
      "time": null,
      "type": null
    }
  ],
  "deathdate": null,
  "description": "",
  "description_category": "DENOM",
  "effective_time": null,
  "elimination_population": null,
  "elimination_reason": null,
  "encounters": [
    {
      "_id": "5051b9d8044a114b420000fb",
      "admitType": null,
      "admit_time": null,
      "codes": {
        "CPT": [
          "99201"
        ]
      },
      "description": "Office Visit",
      "dischargeDisposition": null,
      "discharge_time": null,
      "end_time": 1269576000,
      "free_text": null,
      "mood_code": "EVN",
      "negationInd": null,
      "negationReason": null,
      "performer_id": null,
      "specifics": null,
      "start_time": 1269576000,
      "status_code": null,
      "time": null
    },
    {
      "_id": "5051b9d9044a114b4200010e",
      "admitType": null,
      "admit_time": null,
      "codes": {
        "CPT": [
          "99201"
        ]
      },
      "description": "Encounter, Performed: Office Visit",
      "dischargeDisposition": null,
      "discharge_time": null,
      "end_time": 1271995200,
      "free_text": null,
      "mood_code": "EVN",
      "negationInd": null,
      "negationReason": null,
      "performer_id": null,
      "specifics": null,
      "start_time": 1271995200,
      "status_code": null,
      "time": null
    }
  ],
  "ethnicity": null,
  "expired": false,
  "first": "Cancer_Adult_Male_DEN",
  "gender": "M",
  "languages": null,
  "last": "0385_0389_0384",
  "marital_status": null,
  "measure_id": "5048a1c6044a111e810002ff",
  "measure_ids": [
    "0385",
    "0389",
    "0421",
    "0384",
    "0028",
    "0034",
    "0110",
    "0038",
    "0002",
    "0031",
    "ClosingReferralLoop"
  ],
  "measure_period_end": 1293771600000,
  "measure_period_start": 1262322000000,
  "medical_record_number": null,
  "procedures": [
    {
      "_id": "5051b9d8044a114b420000fc",
      "codes": {
        "SNOMED-CT": [
          "116783008"
        ]
      },
      "description": "Clinical Staging Procedure",
      "end_time": 1269576000,
      "free_text": null,
      "mood_code": "EVN",
      "negationInd": null,
      "negationReason": null,
      "performer_id": null,
      "site": null,
      "specifics": null,
      "start_time": 1269576000,
      "status_code": null,
      "time": null,
      "values": [
        {
          "_id": "5051b9d8044a114b420000fd",
          "codes": {
            "SNOMED-CT": [
              "7901000047109"
            ]
          }
        }
      ]
    },
    {
      "_id": "5051b9d8044a114b420000fe",
      "codes": {
        "SNOMED-CT": [
          "116783008"
        ]
      },
      "description": "Procedure, Performed: Clinical Staging Procedure",
      "end_time": 1269576000,
      "free_text": null,
      "mood_code": "EVN",
      "negationInd": null,
      "negationReason": null,
      "performer_id": null,
      "site": null,
      "specifics": null,
      "start_time": 1269576000,
      "status_code": null,
      "time": null,
      "values": [
        {
          "_id": "5051b9d8044a114b420000ff",
          "codes": {
            "SNOMED-CT": [
              "8011000047105"
            ]
          }
        }
      ]
    },
    {
      "_id": "5051b9d9044a114b42000102",
      "codes": {
        "SNOMED-CT": [
          "116783008"
        ]
      },
      "description": "Clinical Staging Procedure",
      "end_time": 1269576000,
      "free_text": null,
      "mood_code": "EVN",
      "negationInd": null,
      "negationReason": null,
      "performer_id": null,
      "site": null,
      "specifics": null,
      "start_time": 1269576000,
      "status_code": null,
      "time": null,
      "values": [
        {
          "_id": "5051b9d9044a114b42000103",
          "codes": {
            "SNOMED-CT": [
              "7971000047102"
            ]
          }
        }
      ]
    },
    {
      "_id": "5051b9d9044a114b42000104",
      "codes": {
        "SNOMED-CT": [
          "116783008"
        ]
      },
      "description": "Clinical Staging Procedure",
      "end_time": 1269576000,
      "free_text": null,
      "mood_code": "EVN",
      "negationInd": null,
      "negationReason": null,
      "performer_id": null,
      "site": null,
      "specifics": null,
      "start_time": 1269576000,
      "status_code": null,
      "time": null,
      "values": [
        {
          "_id": "5051b9d9044a114b42000105",
          "codes": {
            "SNOMED-CT": [
              "8041000047109"
            ]
          }
        }
      ]
    },
    {
      "_id": "5051b9d9044a114b42000106",
      "codes": {
        "CPT": [
          "55810"
        ],
        "SNOMED-CT": [
          "8782006"
        ]
      },
      "description": "Procedure, Performed: Prostate Cancer Treatment",
      "end_time": 1271995200,
      "free_text": null,
      "mood_code": "EVN",
      "negationInd": null,
      "negationReason": null,
      "performer_id": null,
      "site": null,
      "specifics": null,
      "start_time": 1271995200,
      "status_code": null,
      "time": null
    },
    {
      "_id": "5051b9d9044a114b42000107",
      "codes": {
        "CPT": [
          "77427"
        ],
        "SNOMED-CT": [
          "84755001"
        ]
      },
      "description": "Radiation Treatment Management",
      "end_time": 1271995200,
      "free_text": null,
      "mood_code": "EVN",
      "negationInd": null,
      "negationReason": null,
      "performer_id": null,
      "site": null,
      "specifics": null,
      "start_time": 1271995200,
      "status_code": null,
      "time": null
    }
  ],
  "race": null,
  "religious_affilication": null,
  "results": [
    {
      "_id": "5051b9d9044a114b4200010c",
      "codes": {
        "SNOMED-CT": [
          "116783008"
        ]
      },
      "description": "Procedure, Result: Clinical Staging Procedure",
      "end_time": 1271995200,
      "free_text": null,
      "interpretation": null,
      "mood_code": "EVN",
      "negationInd": null,
      "negationReason": null,
      "referenceRange": null,
      "specifics": null,
      "start_time": 1271995200,
      "status_code": null,
      "time": null,
      "values": [
        {
          "_id": "5051b9d9044a114b4200010d",
          "codes": {
            "SNOMED-CT": [
              "8091000047104"
            ]
          }
        }
      ]
    }
  ],
  "source_data_criteria": [
    {
      "id": "OccurrenceAOfficeVisit25",
      "start_date": 1269576000000,
      "end_date": 1269576000000,
      "negation": "",
      "negation_code_list_id": null,
      "field_values": {
      }
    },
    {
      "id": "OccurrenceAClinicalStagingProcedure26",
      "start_date": 1269576000000,
      "end_date": 1269576000000,
      "value": [
        {
          "type": "CD",
          "code_list_id": "2.16.840.1.113883.3.526.03.1292",
          "title": "colon_cancer_primary_tumor_size_t1"
        }
      ],
      "negation": "",
      "negation_code_list_id": null,
      "field_values": {
      }
    },
    {
      "id": "ProcedurePerformedClinicalStagingProcedure",
      "start_date": 1269576000000,
      "end_date": 1269576000000,
      "value": [
        {
          "type": "CD",
          "code_list_id": "2.16.840.1.113883.3.526.03.1299",
          "title": "colon_cancer_regional_lymph_node_status_n2"
        }
      ]
    },
    {
      "id": "DiagnosisActiveProstateCancer",
      "start_date": 1269576000000,
      "end_date": 1269576000000
    },
    {
      "id": "OccurrenceAColonCancer24",
      "start_date": 1269576000000,
      "end_date": 1269576000000,
      "negation": "",
      "negation_code_list_id": null,
      "field_values": {
      }
    },
    {
      "id": "OccurrenceAClinicalStagingProcedure26",
      "start_date": 1269576000000,
      "end_date": 1269576000000,
      "value": [
        {
          "type": "CD",
          "code_list_id": "2.16.840.1.113883.3.526.03.1297",
          "title": "colon_cancer_regional_lymph_node_status_n1"
        }
      ],
      "negation": "",
      "negation_code_list_id": null,
      "field_values": {
      }
    },
    {
      "id": "OccurrenceAClinicalStagingProcedure26",
      "start_date": 1269576000000,
      "end_date": 1269576000000,
      "value": [
        {
          "type": "CD",
          "code_list_id": "2.16.840.1.113883.3.526.03.1337",
          "title": "colon_distant_metastasis_status_m0"
        }
      ],
      "negation": "",
      "negation_code_list_id": null,
      "field_values": {
      }
    },
    {
      "id": "ProcedurePerformedProstateCancerTreatment",
      "start_date": 1271995200000,
      "end_date": 1271995200000,
      "negation": "",
      "negation_code_list_id": null,
      "field_values": {
      }
    },
    {
      "id": "OccurrenceARadiationTreatmentManagement0",
      "start_date": 1271995200000,
      "end_date": 1271995200000,
      "negation": "",
      "negation_code_list_id": null,
      "field_values": {
      }
    },
    {
      "id": "LaboratoryTestResultProstateSpecificAntigenTest",
      "start_date": 1271995200000,
      "end_date": 1271995200000,
      "value": [
        {
          "type": "PQ",
          "value": "6",
          "unit": "ng/dL"
        }
      ],
      "value_unit": "ng/dL"
    },
    {
      "id": "LaboratoryTestResultGleasonScore",
      "start_date": 1271995200000,
      "end_date": 1271995200000,
      "value": [
        {
          "type": "PQ",
          "value": "4",
          "unit": ""
        }
      ],
      "value_unit": ""
    },
    {
      "id": "ProcedureResultClinicalStagingProcedure",
      "start_date": 1271995200000,
      "end_date": 1271995200000,
      "value": [
        {
          "type": "CD",
          "code_list_id": "2.16.840.1.113883.3.526.03.1325",
          "title": "prostate_cancer_primary_tumor_size_t1c"
        }
      ]
    },
    {
      "id": "EncounterPerformedOfficeVisit",
      "start_date": 1271995200000,
      "end_date": 1271995200000,
      "negation": "",
      "negation_code_list_id": null,
      "field_values": {
      }
    },
    {
      "id": "MeasurePeriod",
      "start_date": 1262322000000,
      "end_date": 1293771600000
    }
  ],
  "test_id": null,
  "title": null,
  "vital_signs": [
    {
      "_id": "5051b9d9044a114b42000108",
      "codes": {
        "LOINC": [
          "10508-0"
        ]
      },
      "description": "Laboratory Test, Result: Prostate Specific Antigen Test",
      "end_time": 1271995200,
      "free_text": null,
      "interpretation": null,
      "mood_code": "EVN",
      "negationInd": null,
      "negationReason": null,
      "referenceRange": null,
      "specifics": null,
      "start_time": 1271995200,
      "status_code": null,
      "time": null,
      "values": [
        {
          "_id": "5051b9d9044a114b42000109",
          "scalar": "6",
          "units": "ng/dL"
        }
      ]
    },
    {
      "_id": "5051b9d9044a114b4200010a",
      "codes": {
        "LOINC": [
          "35266-6"
        ]
      },
      "description": "Laboratory Test, Result: Gleason Score",
      "end_time": 1271995200,
      "free_text": null,
      "interpretation": null,
      "mood_code": "EVN",
      "negationInd": null,
      "negationReason": null,
      "referenceRange": null,
      "specifics": null,
      "start_time": 1271995200,
      "status_code": null,
      "time": null,
      "values": [
        {
          "_id": "5051b9d9044a114b4200010b",
          "scalar": "4",
          "units": ""
        }
      ]
    }
  ]
}