{
  "_id": "502e1a5b044a116fd500008f",
  "birthdate": -294510600,
  "clinicalTrialParticipant": null,
  "conditions": [
    {
      "_id": "5051b9dc044a114b4200010f",
      "causeOfDeath": null,
      "codes": {
        "ICD-9-CM": [
          "174.0"
        ],
        "ICD-10-CM": [
          "C50.019"
        ],
        "SNOMED-CT": [
          "93680004"
        ]
      },
      "description": "Diagnosis, Active: Breast Cancer",
      "end_time": 1233550800,
      "free_text": null,
      "mood_code": "EVN",
      "name": null,
      "negationInd": null,
      "negationReason": null,
      "ordinality": null,
      "priority": null,
      "severity": null,
      "specifics": null,
      "start_time": 1233550800,
      "status_code": {
        "SNOMED-CT": [
          "55561003"
        ],
        "HL7 ActStatus": [
          "active"
        ]
      },
      "time": null,
      "type": null
    },
    {
      "_id": "5051b9dc044a114b42000110",
      "causeOfDeath": null,
      "codes": {
        "SNOMED-CT": [
          "416053008"
        ]
      },
      "description": "Diagnosis, Active: Breast Cancer ER or PR Positive",
      "end_time": 1267506000,
      "free_text": null,
      "mood_code": "EVN",
      "name": null,
      "negationInd": null,
      "negationReason": null,
      "ordinality": null,
      "priority": null,
      "severity": null,
      "specifics": null,
      "start_time": 1267506000,
      "status_code": {
        "SNOMED-CT": [
          "55561003"
        ],
        "HL7 ActStatus": [
          "active"
        ]
      },
      "time": null,
      "type": null
    }
  ],
  "deathdate": null,
  "description": "",
  "description_category": "DENOM",
  "effective_time": null,
  "elimination_population": null,
  "elimination_reason": null,
  "encounters": [
    {
      "_id": "5051b9dc044a114b42000115",
      "admitType": null,
      "admit_time": null,
      "codes": {
        "CPT": [
          "99201"
        ]
      },
      "description": "Encounter, Performed: Office Visit",
      "dischargeDisposition": null,
      "discharge_time": null,
      "end_time": 1267506000,
      "free_text": null,
      "mood_code": "EVN",
      "negationInd": null,
      "negationReason": null,
      "performer_id": null,
      "specifics": null,
      "start_time": 1267506000,
      "status_code": null,
      "time": null
    },
    {
      "_id": "5051b9dc044a114b42000116",
      "admitType": null,
      "admit_time": null,
      "codes": {
        "CPT": [
          "99201"
        ]
      },
      "description": "Encounter, Performed: Office Visit",
      "dischargeDisposition": null,
      "discharge_time": null,
      "end_time": 1273032000,
      "free_text": null,
      "mood_code": "EVN",
      "negationInd": null,
      "negationReason": null,
      "performer_id": null,
      "specifics": null,
      "start_time": 1273032000,
      "status_code": null,
      "time": null
    }
  ],
  "ethnicity": null,
  "expired": false,
  "first": "Cancer_Adult_Female_DEN",
  "gender": "F",
  "languages": null,
  "last": "0387",
  "marital_status": null,
  "measure_id": "5048a1c6044a111e810002ff",
  "measure_ids": [
    "0387",
    "0384",
    "0002",
    "0028",
    "0033",
    "0024",
    "ClosingReferralLoop"
  ],
  "measure_period_end": 1293771600000,
  "measure_period_start": 1262322000000,
  "medical_record_number": null,
  "procedures": [
    {
      "_id": "5051b9dc044a114b42000111",
      "codes": {
        "SNOMED-CT": [
          "116783008"
        ]
      },
      "description": "Procedure, Performed: Clinical Staging Procedure",
      "end_time": 1267506000,
      "free_text": null,
      "mood_code": "EVN",
      "negationInd": null,
      "negationReason": null,
      "performer_id": null,
      "site": null,
      "specifics": null,
      "start_time": 1267506000,
      "status_code": null,
      "time": null,
      "values": [
        {
          "_id": "5051b9dc044a114b42000112",
          "codes": {
            "SNOMED-CT": [
              "7701000047106"
            ]
          }
        }
      ]
    },
    {
      "_id": "5051b9dc044a114b42000113",
      "codes": {
        "SNOMED-CT": [
          "116783008"
        ]
      },
      "description": "Procedure, Performed: Clinical Staging Procedure",
      "end_time": 1267506000,
      "free_text": null,
      "mood_code": "EVN",
      "negationInd": null,
      "negationReason": null,
      "performer_id": null,
      "site": null,
      "specifics": null,
      "start_time": 1267506000,
      "status_code": null,
      "time": null,
      "values": [
        {
          "_id": "5051b9dc044a114b42000114",
          "codes": {
            "SNOMED-CT": [
              "8701000047105"
            ]
          }
        }
      ]
    }
  ],
  "race": null,
  "religious_affilication": null,
  "source_data_criteria": [
    {
      "id": "DiagnosisActiveBreastCancer",
      "start_date": 1233550800000,
      "end_date": 1233550800000
    },
    {
      "id": "DiagnosisActiveBreastCancerErOrPrPositive",
      "start_date": 1267506000000,
      "end_date": 1267506000000
    },
    {
      "id": "ProcedurePerformedClinicalStagingProcedure",
      "start_date": 1267506000000,
      "end_date": 1267506000000,
      "value": [
        {
          "type": "CD",
          "code_list_id": "2.16.840.1.113883.3.526.03.1302",
          "title": "breast_distant_metastasis_status_m0"
        }
      ]
    },
    {
      "id": "ProcedurePerformedClinicalStagingProcedure",
      "start_date": 1267506000000,
      "end_date": 1267506000000,
      "value": [
        {
          "type": "CD",
          "code_list_id": "2.16.840.1.113883.3.526.02.1019",
          "title": "breast_cancer_regional_lymph_node_status_n0"
        }
      ]
    },
    {
      "id": "EncounterPerformedOfficeVisit",
      "start_date": 1267506000000,
      "end_date": 1267506000000
    },
    {
      "id": "EncounterPerformedOfficeVisit",
      "start_date": 1273032000000,
      "end_date": 1273032000000
    },
    {
      "id": "MeasurePeriod",
      "start_date": 1262322000000,
      "end_date": 1293771600000
    }
  ],
  "test_id": null,
  "title": null
}