{
  "_id": "503351d4044a114c60000070",
  "birthdate": 915179400,
  "clinicalTrialParticipant": null,
  "conditions": [
    {
      "_id": "5051ba1d044a114b4200016f",
      "causeOfDeath": null,
      "codes": {
        "SNOMED-CT": [
          "5170009"
        ],
        "ICD-9-CM": [
          "521.00"
        ],
        "ICD-10-CM": [
          "K02.3"
        ]
      },
      "description": "Diagnosis, Active: Dental Caries",
      "end_time": 1272859200,
      "free_text": null,
      "mood_code": "EVN",
      "name": null,
      "negationInd": null,
      "negationReason": null,
      "ordinality": null,
      "priority": null,
      "severity": null,
      "specifics": null,
      "start_time": 1272859200,
      "status_code": {
        "SNOMED-CT": [
          "55561003"
        ],
        "HL7 ActStatus": [
          "active"
        ]
      },
      "time": null,
      "type": null
    }
  ],
  "deathdate": null,
  "description": "",
  "description_category": "NUMER",
  "effective_time": null,
  "elimination_population": null,
  "elimination_reason": null,
  "ethnicity": null,
  "expired": false,
  "first": "Dental_Peds",
  "gender": "M",
  "languages": null,
  "last": "NUM",
  "marital_status": null,
  "measure_id": "5048a1c6044a111e810002ff",
  "measure_ids": [
    "ChildDentalDecay",
    "0036",
    "PrimaryCariesPrevention",
    "0004",
    "0028",
    "0002",
    "0041",
    "ClosingReferralLoop"
  ],
  "measure_period_end": 1293771600000,
  "measure_period_start": 1262322000000,
  "medical_record_number": null,
  "procedures": [
    {
      "_id": "5051ba1c044a114b4200016e",
      "codes": {
        "SNOMED-CT": [
          "35889000"
        ],
        "CPT": [
          "D1203"
        ]
      },
      "description": "Procedure, Performed: Fluoride Varnish Application for Children",
      "end_time": 1272859200,
      "free_text": null,
      "mood_code": "EVN",
      "negationInd": null,
      "negationReason": null,
      "performer_id": null,
      "site": null,
      "specifics": null,
      "start_time": 1272859200,
      "status_code": null,
      "time": null
    }
  ],
  "race": null,
  "religious_affilication": null,
  "source_data_criteria": [
    {
      "id": "ProcedurePerformedFluorideVarnishApplicationForChildren",
      "start_date": 1272859200000,
      "end_date": 1272859200000
    },
    {
      "id": "DiagnosisActiveDentalCaries",
      "start_date": 1272859200000,
      "end_date": 1272859200000
    },
    {
      "id": "MeasurePeriod",
      "start_date": 1262322000000,
      "end_date": 1293771600000
    }
  ],
  "test_id": null,
  "title": null
}