{
  "_id": "502cb6bf044a112239000001",
  "birthdate": 915179400,
  "clinicalTrialParticipant": null,
  "conditions": [

  ],
  "deathdate": null,
  "description": "",
  "description_category": "DENOM",
  "effective_time": null,
  "elimination_population": null,
  "elimination_reason": null,
  "ethnicity": null,
  "expired": false,
  "first": "Dental_Peds",
  "gender": "M",
  "languages": null,
  "last": "DEN",
  "marital_status": null,
  "measure_id": "5048a1c6044a111e810002ff",
  "measure_ids": [
    "ChildDentalDecay",
    "0036",
    "0060",
    "0022",
    "0002",
    "0041",
    "ClosingReferralLoop"
  ],
  "measure_period_end": 1293771600000,
  "measure_period_start": 1262322000000,
  "medical_record_number": null,
  "race": null,
  "religious_affilication": null,
  "source_data_criteria": [
    {
      "id": "MeasurePeriod",
      "start_date": 1262322000000,
      "end_date": 1293771600000
    }
  ],
  "test_id": null,
  "title": null
}