{
  "_id": "502bace9044a116261000002",
  "birthdate": 946715400,
  "clinicalTrialParticipant": null,
  "conditions": [
    {
      "_id": "5051b9ca044a114b420000e0",
      "causeOfDeath": null,
      "codes": {
        "ICD-9-CM": [
          "250.00"
        ],
        "ICD-10-CM": [
          "E10.8"
        ],
        "SNOMED-CT": [
          "4783006"
        ]
      },
      "description": "Diagnosis, Active: Diabetes",
      "end_time": 1201842000,
      "free_text": null,
      "mood_code": "EVN",
      "name": null,
      "negationInd": null,
      "negationReason": null,
      "ordinality": null,
      "priority": null,
      "severity": null,
      "specifics": null,
      "start_time": 1201842000,
      "status_code": {
        "SNOMED-CT": [
          "55561003"
        ],
        "HL7 ActStatus": [
          "active"
        ]
      },
      "time": null,
      "type": null
    }
  ],
  "deathdate": null,
  "description": "",
  "description_category": "NUMER",
  "effective_time": null,
  "elimination_population": null,
  "elimination_reason": null,
  "encounters": [
    {
      "_id": "5051b9ca044a114b420000e1",
      "admitType": null,
      "admit_time": null,
      "codes": {
        "CPT": [
          "99391"
        ],
        "SNOMED-CT": [
          "4525004"
        ]
      },
      "description": "Diabetes Visit",
      "dischargeDisposition": null,
      "discharge_time": null,
      "end_time": 1220414400,
      "free_text": null,
      "mood_code": "EVN",
      "negationInd": null,
      "negationReason": null,
      "performer_id": null,
      "specifics": null,
      "start_time": 1220414400,
      "status_code": null,
      "time": null
    },
    {
      "_id": "5051b9ca044a114b420000e3",
      "admitType": null,
      "admit_time": null,
      "codes": {
        "CPT": [
          "99391"
        ],
        "SNOMED-CT": [
          "4525004"
        ]
      },
      "description": "Diabetes Visit",
      "dischargeDisposition": null,
      "discharge_time": null,
      "end_time": 1267504920,
      "free_text": null,
      "mood_code": "EVN",
      "negationInd": null,
      "negationReason": null,
      "performer_id": null,
      "specifics": null,
      "start_time": 1267504920,
      "status_code": null,
      "time": null
    }
  ],
  "ethnicity": null,
  "expired": false,
  "first": "Diabetes_Peds_NUM",
  "gender": "F",
  "languages": null,
  "last": "0060",
  "marital_status": null,
  "measure_id": "5048a1c6044a111e810002ff",
  "measure_ids": [
    "0060",
    "0041",
    "0062",
    "0002",
    "0036",
    "0033",
    "ClosingReferralLoop"
  ],
  "measure_period_end": 1293771600000,
  "measure_period_start": 1262322000000,
  "medical_record_number": null,
  "race": null,
  "religious_affilication": null,
  "source_data_criteria": [
    {
      "id": "DiagnosisActiveDiabetes",
      "start_date": 1201842000000,
      "end_date": 1201842000000,
      "negation": "",
      "negation_code_list_id": null,
      "field_values": {
      }
    },
    {
      "id": "OccurrenceBDiabetesVisit134",
      "start_date": 1220414400000,
      "end_date": 1220414400000
    },
    {
      "id": "LaboratoryTestResultHba1cLaboratoryTest",
      "start_date": 1267419600000,
      "end_date": 1267419600000
    },
    {
      "id": "OccurrenceADiabetesVisit133",
      "start_date": 1267504920000,
      "end_date": 1267504920000
    },
    {
      "id": "MeasurePeriod",
      "start_date": 1262322000000,
      "end_date": 1293771600000
    }
  ],
  "test_id": null,
  "title": null,
  "vital_signs": [
    {
      "_id": "5051b9ca044a114b420000e2",
      "codes": {
        "LOINC": [
          "17855-8"
        ]
      },
      "description": "Laboratory Test, Result: HbA1c Laboratory Test",
      "end_time": 1267419600,
      "free_text": null,
      "interpretation": null,
      "mood_code": "EVN",
      "negationInd": null,
      "negationReason": null,
      "referenceRange": null,
      "specifics": null,
      "start_time": 1267419600,
      "status_code": null,
      "time": null
    }
  ]
}