{
  "_id": "5034a6be044a11167b000282",
  "birthdate": 315563400,
  "clinicalTrialParticipant": null,
  "conditions": [
    {
      "_id": "5051b9c7044a114b420000de",
      "causeOfDeath": null,
      "codes": {
        "ICD-9-CM": [
          "250.00"
        ],
        "ICD-10-CM": [
          "E10.8"
        ],
        "SNOMED-CT": [
          "4783006"
        ]
      },
      "description": "Diagnosis, Active: Diabetes",
      "end_time": 1204002000,
      "free_text": null,
      "mood_code": "EVN",
      "name": null,
      "negationInd": null,
      "negationReason": null,
      "ordinality": null,
      "priority": null,
      "severity": null,
      "specifics": null,
      "start_time": 1204002000,
      "status_code": {
        "SNOMED-CT": [
          "55561003"
        ],
        "HL7 ActStatus": [
          "active"
        ]
      },
      "time": null,
      "type": null
    }
  ],
  "deathdate": null,
  "description": "",
  "description_category": "DENOM",
  "effective_time": null,
  "elimination_population": null,
  "elimination_reason": null,
  "encounters": [
    {
      "_id": "5051b9c7044a114b420000df",
      "admitType": null,
      "admit_time": null,
      "codes": {
        "CPT": [
          "99201"
        ]
      },
      "description": "Encounter, Performed: Office Visit",
      "dischargeDisposition": null,
      "discharge_time": null,
      "end_time": 1267160400,
      "free_text": null,
      "mood_code": "EVN",
      "negationInd": null,
      "negationReason": null,
      "performer_id": null,
      "specifics": null,
      "start_time": 1267160400,
      "status_code": null,
      "time": null
    }
  ],
  "ethnicity": null,
  "expired": false,
  "first": "Diabetes_Adult_DEN",
  "gender": "F",
  "languages": null,
  "last": "0055_0056_0059_0062_0064",
  "marital_status": null,
  "measure_id": "5048a1c6044a111e810002ff",
  "measure_ids": [
    "0055",
    "0052",
    "0059",
    "0036",
    "0056",
    "0062",
    "0064",
    "0032",
    "CholesterolScreeningRisk",
    "0024",
    "0002",
    "0043",
    "ClosingReferralLoop"
  ],
  "measure_period_end": 1293771600000,
  "measure_period_start": 1262322000000,
  "medical_record_number": null,
  "race": null,
  "religious_affilication": null,
  "results": [

  ],
  "source_data_criteria": [
    {
      "id": "DiagnosisActiveDiabetes",
      "start_date": 1204002000000,
      "end_date": 1204002000000,
      "negation": "",
      "negation_code_list_id": null,
      "field_values": {
      }
    },
    {
      "id": "EncounterPerformedOfficeVisit",
      "start_date": 1267160400000,
      "end_date": 1267160400000,
      "negation": "",
      "negation_code_list_id": null,
      "field_values": {
      }
    },
    {
      "id": "MeasurePeriod",
      "start_date": 1262322000000,
      "end_date": 1293771600000
    }
  ],
  "test_id": null,
  "title": null,
  "vital_signs": [

  ]
}