{
  "_id": "502b96c4044a115d4e000001",
  "birthdate": 315563400,
  "clinicalTrialParticipant": null,
  "conditions": [
    {
      "_id": "5051b9c4044a114b420000d4",
      "causeOfDeath": null,
      "codes": {
        "ICD-9-CM": [
          "250.00"
        ],
        "ICD-10-CM": [
          "E10.8"
        ],
        "SNOMED-CT": [
          "4783006"
        ]
      },
      "description": "Diagnosis, Active: Diabetes",
      "end_time": 1204002000,
      "free_text": null,
      "mood_code": "EVN",
      "name": null,
      "negationInd": null,
      "negationReason": null,
      "ordinality": null,
      "priority": null,
      "severity": null,
      "specifics": null,
      "start_time": 1204002000,
      "status_code": {
        "SNOMED-CT": [
          "55561003"
        ],
        "HL7 ActStatus": [
          "active"
        ]
      },
      "time": null,
      "type": null
    }
  ],
  "deathdate": null,
  "description": "",
  "description_category": "NUMER",
  "effective_time": null,
  "elimination_population": null,
  "elimination_reason": null,
  "encounters": [
    {
      "_id": "5051b9c4044a114b420000da",
      "admitType": null,
      "admit_time": null,
      "codes": {
        "CPT": [
          "99201"
        ]
      },
      "description": "Encounter, Performed: Office Visit",
      "dischargeDisposition": null,
      "discharge_time": null,
      "end_time": 1270094400,
      "free_text": null,
      "mood_code": "EVN",
      "negationInd": null,
      "negationReason": null,
      "performer_id": null,
      "specifics": null,
      "start_time": 1270094400,
      "status_code": null,
      "time": null
    }
  ],
  "ethnicity": null,
  "expired": false,
  "first": "Diabetes_Adult_NUM",
  "gender": "F",
  "languages": null,
  "last": "0055_0056_0059_0062_0064",
  "marital_status": null,
  "measure_id": "5048a1c6044a111e810002ff",
  "measure_ids": [
    "0055",
    "0052",
    "0059",
    "0036",
    "0056",
    "0062",
    "0064",
    "CholesterolScreeningRisk",
    "0032",
    "0024",
    "0041",
    "0002",
    "ClosingReferralLoop"
  ],
  "measure_period_end": 1293771600000,
  "measure_period_start": 1262322000000,
  "medical_record_number": null,
  "procedures": [

  ],
  "race": null,
  "religious_affilication": null,
  "results": [
    {
      "_id": "5051b9c4044a114b420000db",
      "codes": {
        "SNOMED-CT": [
          "91161007"
        ]
      },
      "description": "Physical Exam, Performed: Pulse Exam of Foot",
      "end_time": 1270094400,
      "free_text": null,
      "interpretation": null,
      "mood_code": "EVN",
      "negationInd": null,
      "negationReason": null,
      "referenceRange": null,
      "specifics": null,
      "start_time": 1270094400,
      "status_code": null,
      "time": null
    },
    {
      "_id": "5051b9c4044a114b420000dc",
      "codes": {
        "SNOMED-CT": [
          "401191002"
        ]
      },
      "description": "Physical Exam, Performed: Visual Exam of Foot",
      "end_time": 1270094400,
      "free_text": null,
      "interpretation": null,
      "mood_code": "EVN",
      "negationInd": null,
      "negationReason": null,
      "referenceRange": null,
      "specifics": null,
      "start_time": 1270094400,
      "status_code": null,
      "time": null
    },
    {
      "_id": "5051b9c4044a114b420000dd",
      "codes": {
        "SNOMED-CT": [
          "6615001"
        ]
      },
      "description": "Physical Exam, Performed: Retinal or Dilated Eye Exam",
      "end_time": 1270094400,
      "free_text": null,
      "interpretation": null,
      "mood_code": "EVN",
      "negationInd": null,
      "negationReason": null,
      "referenceRange": null,
      "specifics": null,
      "start_time": 1270094400,
      "status_code": null,
      "time": null
    }
  ],
  "source_data_criteria": [
    {
      "id": "DiagnosisActiveDiabetes",
      "start_date": 1204002000000,
      "end_date": 1204002000000,
      "negation": "",
      "negation_code_list_id": null,
      "field_values": {
      }
    },
    {
      "id": "LaboratoryTestResultHba1cLaboratoryTest",
      "start_date": 1270094400000,
      "end_date": 1270094400000,
      "value": [
        {
          "type": "PQ",
          "value": "10",
          "unit": "%"
        }
      ]
    },
    {
      "id": "LaboratoryTestResultLdlCLaboratoryTest",
      "start_date": 1270094400000,
      "end_date": 1270094400000,
      "value": [
        {
          "type": "PQ",
          "value": "88",
          "unit": "mm/dL"
        }
      ]
    },
    {
      "id": "LaboratoryTestPerformedMicroalbuminTest",
      "start_date": 1270094400000,
      "end_date": 1270094400000
    },
    {
      "id": "EncounterPerformedOfficeVisit",
      "start_date": 1270094400000,
      "end_date": 1270094400000
    },
    {
      "id": "PhysicalExamPerformedPulseExamOfFoot",
      "start_date": 1270094400000,
      "end_date": 1270094400000
    },
    {
      "id": "PhysicalExamPerformedVisualExamOfFoot",
      "start_date": 1270094400000,
      "end_date": 1270094400000
    },
    {
      "id": "PhysicalExamPerformedRetinalOrDilatedEyeExam",
      "start_date": 1270094400000,
      "end_date": 1270094400000
    },
    {
      "id": "MeasurePeriod",
      "start_date": 1262322000000,
      "end_date": 1293771600000
    }
  ],
  "test_id": null,
  "title": null,
  "vital_signs": [
    {
      "_id": "5051b9c4044a114b420000d5",
      "codes": {
        "LOINC": [
          "17855-8"
        ]
      },
      "description": "Laboratory Test, Result: HbA1c Laboratory Test",
      "end_time": 1270094400,
      "free_text": null,
      "interpretation": null,
      "mood_code": "EVN",
      "negationInd": null,
      "negationReason": null,
      "referenceRange": null,
      "specifics": null,
      "start_time": 1270094400,
      "status_code": null,
      "time": null,
      "values": [
        {
          "_id": "5051b9c4044a114b420000d6",
          "scalar": "10",
          "units": "%"
        }
      ]
    },
    {
      "_id": "5051b9c4044a114b420000d7",
      "codes": {
        "LOINC": [
          "13457-7"
        ]
      },
      "description": "Laboratory Test, Result: LDL-C Laboratory Test",
      "end_time": 1270094400,
      "free_text": null,
      "interpretation": null,
      "mood_code": "EVN",
      "negationInd": null,
      "negationReason": null,
      "referenceRange": null,
      "specifics": null,
      "start_time": 1270094400,
      "status_code": null,
      "time": null,
      "values": [
        {
          "_id": "5051b9c4044a114b420000d8",
          "scalar": "88",
          "units": "mm/dL"
        }
      ]
    },
    {
      "_id": "5051b9c4044a114b420000d9",
      "codes": {
        "LOINC": [
          "11218-5"
        ]
      },
      "description": "Laboratory Test, Performed: Microalbumin Test",
      "end_time": 1270094400,
      "free_text": null,
      "interpretation": null,
      "mood_code": "EVN",
      "negationInd": null,
      "negationReason": null,
      "referenceRange": null,
      "specifics": null,
      "start_time": 1270094400,
      "status_code": null,
      "time": null
    }
  ]
}