{
  "_id": "5032487f044a111561000077",
  "birthdate": -978289200,
  "clinicalTrialParticipant": null,
  "conditions": [
    {
      "_id": "5051b9d0044a114b420000e9",
      "causeOfDeath": null,
      "codes": {
        "ICD-10-CM": [
          "E08.311"
        ],
        "SNOMED-CT": [
          "4855003"
        ],
        "ICD-9-CM": [
          "362.01"
        ]
      },
      "description": "Diagnosis, Active: Diabetic Retinopathy",
      "end_time": 1262625000,
      "free_text": null,
      "mood_code": "EVN",
      "name": null,
      "negationInd": null,
      "negationReason": null,
      "ordinality": null,
      "priority": null,
      "severity": null,
      "specifics": null,
      "start_time": 1262625000,
      "status_code": {
        "SNOMED-CT": [
          "55561003"
        ],
        "HL7 ActStatus": [
          "active"
        ]
      },
      "time": null,
      "type": null
    },
    {
      "_id": "5051b9d0044a114b420000ea",
      "causeOfDeath": null,
      "codes": {
        "ICD-9-CM": [
          "365.10"
        ],
        "ICD-10-CM": [
          "H40.10"
        ],
        "SNOMED-CT": [
          "48705003"
        ]
      },
      "description": "Diagnosis, Active: Primary Open Angle Glaucoma (POAG)",
      "end_time": 1262626200,
      "free_text": null,
      "mood_code": "EVN",
      "name": null,
      "negationInd": null,
      "negationReason": null,
      "ordinality": null,
      "priority": null,
      "severity": null,
      "specifics": null,
      "start_time": 1262626200,
      "status_code": {
        "SNOMED-CT": [
          "55561003"
        ],
        "HL7 ActStatus": [
          "active"
        ]
      },
      "time": null,
      "type": null
    }
  ],
  "deathdate": null,
  "description": "",
  "description_category": "DENOM",
  "effective_time": null,
  "elimination_population": null,
  "elimination_reason": null,
  "encounters": [
    {
      "_id": "5051b9d0044a114b420000e8",
      "admitType": null,
      "admit_time": null,
      "codes": {
        "CPT": [
          "92002"
        ]
      },
      "description": "Ophthalmological Services",
      "dischargeDisposition": null,
      "discharge_time": null,
      "end_time": 1262628000,
      "free_text": null,
      "mood_code": "EVN",
      "negationInd": null,
      "negationReason": null,
      "performer_id": null,
      "specifics": null,
      "start_time": 1262624400,
      "status_code": null,
      "time": null
    },
    {
      "_id": "5051b9d0044a114b420000ed",
      "admitType": null,
      "admit_time": null,
      "codes": {
        "CPT": [
          "92002"
        ]
      },
      "description": "Encounter, Performed: Ophthalmological Services",
      "dischargeDisposition": null,
      "discharge_time": null,
      "end_time": 1278388800,
      "free_text": null,
      "mood_code": "EVN",
      "negationInd": null,
      "negationReason": null,
      "performer_id": null,
      "specifics": null,
      "start_time": 1278388800,
      "status_code": null,
      "time": null
    }
  ],
  "ethnicity": null,
  "expired": false,
  "first": "Eye_Adult_DEN",
  "gender": "M",
  "languages": null,
  "last": "0086_0088_0089_0564_0565",
  "marital_status": null,
  "measure_id": "5048a1c6044a111e810002ff",
  "measure_ids": [
    "0086",
    "0088",
    "0564",
    "0055",
    "0089",
    "0002",
    "0419",
    "ClosingReferralLoop"
  ],
  "measure_period_end": 1293771600000,
  "measure_period_start": 1262322000000,
  "medical_record_number": null,
  "procedures": [
    {
      "_id": "5051b9d0044a114b420000e7",
      "codes": {
        "SNOMED-CT": [
          "5130002"
        ],
        "CPT": [
          "66840"
        ]
      },
      "description": "Procedure, Performed: Cataract Surgery",
      "end_time": 1262624400,
      "free_text": null,
      "mood_code": "EVN",
      "negationInd": null,
      "negationReason": null,
      "performer_id": null,
      "site": null,
      "specifics": null,
      "start_time": 1262624400,
      "status_code": null,
      "time": null
    }
  ],
  "race": null,
  "religious_affilication": null,
  "results": [
    {
      "_id": "5051b9d0044a114b420000eb",
      "codes": {
        "LOINC": [
          "XXXXX-X"
        ]
      },
      "description": "Diagnostic Study, Result: Macular Exam",
      "end_time": 1262626200,
      "free_text": null,
      "interpretation": null,
      "mood_code": "EVN",
      "negationInd": null,
      "negationReason": null,
      "referenceRange": null,
      "specifics": null,
      "start_time": 1262626200,
      "status_code": null,
      "time": null,
      "values": [
        {
          "_id": "5051b9d0044a114b420000ec",
          "scalar": "positive",
          "units": ""
        }
      ]
    }
  ],
  "source_data_criteria": [
    {
      "id": "ProcedurePerformedCataractSurgery",
      "start_date": 1262624400000,
      "end_date": 1262624400000,
      "negation": "",
      "negation_code_list_id": null,
      "field_values": {
      }
    },
    {
      "id": "OccurrenceAOphthalmologicalServices5",
      "start_date": 1262624400000,
      "end_date": 1262628000000,
      "negation": "",
      "negation_code_list_id": null,
      "field_values": {
      }
    },
    {
      "id": "DiagnosisActiveDiabeticRetinopathy",
      "start_date": 1262625000000,
      "end_date": 1262625000000,
      "negation": "",
      "negation_code_list_id": null,
      "field_values": {
      }
    },
    {
      "id": "DiagnosisActivePrimaryOpenAngleGlaucomaPoag",
      "start_date": 1262626200000,
      "end_date": 1262626200000,
      "negation": "",
      "negation_code_list_id": null,
      "field_values": {
      }
    },
    {
      "id": "DiagnosticStudyResultMacularExam",
      "start_date": 1262626200000,
      "end_date": 1262626200000,
      "value": [
        {
          "type": "PQ",
          "value": "positive",
          "unit": ""
        }
      ],
      "negation": "",
      "negation_code_list_id": null,
      "field_values": {
      }
    },
    {
      "id": "EncounterPerformedOphthalmologicalServices",
      "start_date": 1278388800000,
      "end_date": 1278388800000
    },
    {
      "id": "MeasurePeriod",
      "start_date": 1262322000000,
      "end_date": 1293771600000
    }
  ],
  "test_id": null,
  "title": null
}