{
  "_id": "502b8db9044a115ae1000002",
  "birthdate": -978276600,
  "clinicalTrialParticipant": null,
  "conditions": [
    {
      "_id": "5051b9d3044a114b420000f1",
      "causeOfDeath": null,
      "codes": {
        "ICD-9-CM": [
          "365.10"
        ],
        "ICD-10-CM": [
          "H40.10"
        ],
        "SNOMED-CT": [
          "48705003"
        ]
      },
      "description": "Diagnosis, Active: Primary Open Angle Glaucoma (POAG)",
      "end_time": 1262581200,
      "free_text": null,
      "mood_code": "EVN",
      "name": null,
      "negationInd": null,
      "negationReason": null,
      "ordinality": null,
      "priority": null,
      "severity": null,
      "specifics": null,
      "start_time": 1262581200,
      "status_code": {
        "SNOMED-CT": [
          "55561003"
        ],
        "HL7 ActStatus": [
          "active"
        ]
      },
      "time": null,
      "type": null
    },
    {
      "_id": "5051b9d3044a114b420000f2",
      "causeOfDeath": null,
      "codes": {
        "ICD-10-CM": [
          "E08.311"
        ],
        "SNOMED-CT": [
          "4855003"
        ],
        "ICD-9-CM": [
          "362.01"
        ]
      },
      "description": "Diagnosis, Active: Diabetic Retinopathy",
      "end_time": 1262581200,
      "free_text": null,
      "mood_code": "EVN",
      "name": null,
      "negationInd": null,
      "negationReason": null,
      "ordinality": null,
      "priority": null,
      "severity": null,
      "specifics": null,
      "start_time": 1262581200,
      "status_code": {
        "SNOMED-CT": [
          "55561003"
        ],
        "HL7 ActStatus": [
          "active"
        ]
      },
      "time": null,
      "type": null
    }
  ],
  "deathdate": null,
  "description": "",
  "description_category": "DENOM",
  "effective_time": null,
  "elimination_population": null,
  "elimination_reason": null,
  "encounters": [
    {
      "_id": "5051b9d3044a114b420000f0",
      "admitType": null,
      "admit_time": null,
      "codes": {
        "CPT": [
          "92002"
        ]
      },
      "description": "Encounter, Performed: Ophthalmological Services",
      "dischargeDisposition": null,
      "discharge_time": null,
      "end_time": 1262581200,
      "free_text": null,
      "mood_code": "EVN",
      "negationInd": null,
      "negationReason": null,
      "performer_id": null,
      "specifics": null,
      "start_time": 1262581200,
      "status_code": null,
      "time": null
    },
    {
      "_id": "5051b9d3044a114b420000fa",
      "admitType": null,
      "admit_time": null,
      "codes": {
        "CPT": [
          "92002"
        ]
      },
      "description": "Encounter, Performed: Ophthalmological Services",
      "dischargeDisposition": null,
      "discharge_time": null,
      "end_time": 1278396360,
      "free_text": null,
      "mood_code": "EVN",
      "negationInd": null,
      "negationReason": null,
      "performer_id": null,
      "specifics": null,
      "start_time": 1278396360,
      "status_code": null,
      "time": null
    }
  ],
  "ethnicity": null,
  "expired": false,
  "first": "Eye_Adult_NUM",
  "gender": "M",
  "languages": null,
  "last": "0086_0088_0089_0564_0565",
  "marital_status": null,
  "measure_id": "5048a1c6044a111e810002ff",
  "measure_ids": [
    "0086",
    "0088",
    "0089",
    "0564",
    "0068",
    "0565",
    "0032",
    "0002",
    "0041",
    "ClosingReferralLoop"
  ],
  "measure_period_end": 1293771600000,
  "measure_period_start": 1262322000000,
  "medical_record_number": null,
  "procedures": [
    {
      "_id": "5051b9d3044a114b420000f5",
      "codes": {
        "SNOMED-CT": [
          "5130002"
        ],
        "CPT": [
          "66840"
        ]
      },
      "description": "Procedure, Performed: Cataract Surgery",
      "end_time": 1262581200,
      "free_text": null,
      "mood_code": "EVN",
      "negationInd": null,
      "negationReason": null,
      "performer_id": null,
      "site": null,
      "specifics": null,
      "start_time": 1262581200,
      "status_code": null,
      "time": null
    },
    {
      "_id": "5051b9d3044a114b420000f6",
      "codes": {
        "SNOMED-CT": [
          "193349004"
        ]
      },
      "description": "Communication: From Provider to Provider: Level of Severity of Retinopathy Findings",
      "end_time": 1262926800,
      "free_text": null,
      "mood_code": "EVN",
      "negationInd": null,
      "negationReason": null,
      "performer_id": null,
      "site": null,
      "specifics": null,
      "start_time": 1262926800,
      "status_code": null,
      "time": null
    },
    {
      "_id": "5051b9d3044a114b420000f7",
      "codes": {
        "SNOMED-CT": [
          "6971000047100"
        ]
      },
      "description": "Communication: From Provider to Provider: Macular Edema Findings Absent",
      "end_time": 1262926800,
      "free_text": null,
      "mood_code": "EVN",
      "negationInd": null,
      "negationReason": null,
      "performer_id": null,
      "site": null,
      "specifics": null,
      "start_time": 1262926800,
      "status_code": null,
      "time": null
    },
    {
      "_id": "5051b9d3044a114b420000f8",
      "codes": {
        "CPT": [
          "65235"
        ],
        "SNOMED-CT": [
          "4503005"
        ]
      },
      "description": "Procedure, Performed: Removal Procedures",
      "end_time": 1265086800,
      "free_text": null,
      "mood_code": "EVN",
      "negationInd": null,
      "negationReason": null,
      "performer_id": null,
      "site": null,
      "specifics": null,
      "start_time": 1265086800,
      "status_code": null,
      "time": null
    }
  ],
  "race": null,
  "religious_affilication": null,
  "results": [
    {
      "_id": "5051b9d3044a114b420000ee",
      "codes": {
        "LOINC": [
          "XXXXX-X"
        ]
      },
      "description": "Macular Exam",
      "end_time": 1262581200,
      "free_text": null,
      "interpretation": null,
      "mood_code": "EVN",
      "negationInd": null,
      "negationReason": null,
      "referenceRange": null,
      "specifics": null,
      "start_time": 1262581200,
      "status_code": null,
      "time": null,
      "values": [
        {
          "_id": "5051b9d3044a114b420000ef",
          "codes": {
            "SNOMED-CT": [
              "6971000047100"
            ]
          }
        }
      ]
    },
    {
      "_id": "5051b9d3044a114b420000f3",
      "codes": {
        "LOINC": [
          "XXXXX-X"
        ]
      },
      "description": "Macular Exam",
      "end_time": 1262581200,
      "free_text": null,
      "interpretation": null,
      "mood_code": "EVN",
      "negationInd": null,
      "negationReason": null,
      "referenceRange": null,
      "specifics": null,
      "start_time": 1262581200,
      "status_code": null,
      "time": null,
      "values": [
        {
          "_id": "5051b9d3044a114b420000f4",
          "codes": {
            "SNOMED-CT": [
              "193349004"
            ]
          }
        }
      ]
    },
    {
      "_id": "5051b9d3044a114b420000f9",
      "codes": {
        "SNOMED-CT": [
          "422497000"
        ]
      },
      "description": "Diagnostic Study, Result: Visual acuity 20/40 or Better",
      "end_time": 1267506000,
      "free_text": null,
      "interpretation": null,
      "mood_code": "EVN",
      "negationInd": null,
      "negationReason": null,
      "referenceRange": null,
      "specifics": null,
      "start_time": 1267506000,
      "status_code": null,
      "time": null
    }
  ],
  "source_data_criteria": [
    {
      "id": "OccurrenceAMacularExam22",
      "start_date": 1262581200000,
      "end_date": 1262581200000,
      "value": [
        {
          "type": "CD",
          "code_list_id": "2.16.840.1.113883.3.526.03.1286",
          "title": "macular_edema_findings_absent"
        }
      ],
      "negation": "",
      "negation_code_list_id": null,
      "field_values": {
      }
    },
    {
      "id": "EncounterPerformedOphthalmologicalServices",
      "start_date": 1262581200000,
      "end_date": 1262581200000
    },
    {
      "id": "DiagnosisActivePrimaryOpenAngleGlaucomaPoag",
      "start_date": 1262581200000,
      "end_date": 1262581200000
    },
    {
      "id": "DiagnosisActiveDiabeticRetinopathy",
      "start_date": 1262581200000,
      "end_date": 1262581200000
    },
    {
      "id": "OccurrenceAMacularExam22",
      "start_date": 1262581200000,
      "end_date": 1262581200000,
      "value": [
        {
          "type": "CD",
          "code_list_id": "2.16.840.1.113883.3.526.03.1324",
          "title": "level_of_severity_of_retinopathy_findings"
        }
      ],
      "negation": "",
      "negation_code_list_id": null,
      "field_values": {
      }
    },
    {
      "id": "ProcedurePerformedCataractSurgery",
      "start_date": 1262581200000,
      "end_date": 1262581200000
    },
    {
      "id": "CommunicationFromProviderToProviderLevelOfSeverityOfRetinopathyFindings",
      "start_date": 1262926800000,
      "end_date": 1262926800000
    },
    {
      "id": "CommunicationFromProviderToProviderMacularEdemaFindingsAbsent",
      "start_date": 1262926800000,
      "end_date": 1262926800000
    },
    {
      "id": "ProcedurePerformedRemovalProcedures",
      "start_date": 1265086800000,
      "end_date": 1265086800000
    },
    {
      "id": "DiagnosticStudyResultVisualAcuity2040OrBetter",
      "start_date": 1267506000000,
      "end_date": 1267506000000
    },
    {
      "id": "EncounterPerformedOphthalmologicalServices",
      "start_date": 1278396360000,
      "end_date": 1278396360000
    },
    {
      "id": "MeasurePeriod",
      "start_date": 1262322000000,
      "end_date": 1293771600000
    }
  ],
  "test_id": null,
  "title": null
}