{
  "_id": "503f8807044a1136e40000f4",
  "birthdate": -788844600,
  "clinicalTrialParticipant": null,
  "conditions": [
    {
      "_id": "5051ba07044a114b42000166",
      "causeOfDeath": null,
      "codes": {
        "ICD-10-CM": [
          "C83.30"
        ],
        "SNOMED-CT": [
          "91855006"
        ],
        "ICD-9-CM": [
          "200.08"
        ]
      },
      "description": "Diagnosis, Active: All Cancer",
      "end_time": 1267419600,
      "free_text": null,
      "mood_code": "EVN",
      "name": null,
      "negationInd": null,
      "negationReason": null,
      "ordinality": null,
      "priority": null,
      "severity": null,
      "specifics": null,
      "start_time": 1267419600,
      "status_code": {
        "SNOMED-CT": [
          "55561003"
        ],
        "HL7 ActStatus": [
          "active"
        ]
      },
      "time": null,
      "type": null
    },
    {
      "_id": "5051ba07044a114b42000167",
      "causeOfDeath": null,
      "codes": {
        "ICD-9-CM": [
          "402.01"
        ],
        "ICD-10-CM": [
          "I11.0"
        ],
        "SNOMED-CT": [
          "364006"
        ]
      },
      "description": "Diagnosis, Active: Heart Failure",
      "end_time": 1267419600,
      "free_text": null,
      "mood_code": "EVN",
      "name": null,
      "negationInd": null,
      "negationReason": null,
      "ordinality": null,
      "priority": null,
      "severity": null,
      "specifics": null,
      "start_time": 1267419600,
      "status_code": {
        "SNOMED-CT": [
          "55561003"
        ],
        "HL7 ActStatus": [
          "active"
        ]
      },
      "time": null,
      "type": null
    },
    {
      "_id": "5051ba07044a114b42000169",
      "causeOfDeath": null,
      "codes": {
        "SNOMED-CT": [
          "1201005"
        ],
        "ICD-9-CM": [
          "401.0"
        ],
        "ICD-10-CM": [
          "I10"
        ]
      },
      "description": "Diagnosis, Active: Essential Hypertension",
      "end_time": 1275019200,
      "free_text": null,
      "mood_code": "EVN",
      "name": null,
      "negationInd": null,
      "negationReason": null,
      "ordinality": null,
      "priority": null,
      "severity": null,
      "specifics": null,
      "start_time": 1275019200,
      "status_code": {
        "SNOMED-CT": [
          "55561003"
        ],
        "HL7 ActStatus": [
          "active"
        ]
      },
      "time": null,
      "type": null
    }
  ],
  "deathdate": null,
  "description": "",
  "description_category": "NUMER",
  "effective_time": null,
  "elimination_population": null,
  "elimination_reason": null,
  "encounters": [
    {
      "_id": "5051ba07044a114b42000168",
      "admitType": null,
      "admit_time": null,
      "codes": {
        "CPT": [
          "99201"
        ]
      },
      "description": "Encounter, Performed: Office Visit",
      "dischargeDisposition": null,
      "discharge_time": null,
      "end_time": 1267419600,
      "free_text": null,
      "mood_code": "EVN",
      "negationInd": null,
      "negationReason": null,
      "performer_id": null,
      "specifics": null,
      "start_time": 1267419600,
      "status_code": null,
      "time": null
    },
    {
      "_id": "5051ba07044a114b4200016a",
      "admitType": null,
      "admit_time": null,
      "codes": {
        "CPT": [
          "99201"
        ]
      },
      "description": "Encounter, Performed: Office Visit",
      "dischargeDisposition": null,
      "discharge_time": null,
      "end_time": 1277956800,
      "free_text": null,
      "mood_code": "EVN",
      "negationInd": null,
      "negationReason": null,
      "performer_id": null,
      "specifics": null,
      "start_time": 1277956800,
      "status_code": null,
      "time": null
    },
    {
      "_id": "5051ba07044a114b4200016c",
      "admitType": null,
      "admit_time": null,
      "codes": {
        "CPT": [
          "90802"
        ],
        "HCPCS": [
          "G0270"
        ],
        "SNOMED-CT": [
          "2471894011"
        ]
      },
      "description": "Encounter, Performed: BMI Encounter Code Set",
      "dischargeDisposition": null,
      "discharge_time": null,
      "end_time": 1282881600,
      "free_text": null,
      "mood_code": "EVN",
      "negationInd": null,
      "negationReason": null,
      "performer_id": null,
      "specifics": null,
      "start_time": 1282881600,
      "status_code": null,
      "time": null
    }
  ],
  "ethnicity": null,
  "expired": false,
  "first": "GP_Adult_EXCL",
  "gender": "F",
  "languages": null,
  "last": "18_0421_FSAHF",
  "marital_status": null,
  "measure_id": "5048a1c6044a111e810002ff",
  "measure_ids": [
    "CholesterolScreeningTest",
    "BPScreening",
    "0421",
    "0419",
    "ClosingReferralLoop",
    "0710",
    "0052",
    "0041",
    "0038",
    "0110",
    "0418",
    "0028",
    "CholesterolScreeningRisk",
    "0104",
    "0031",
    "0032",
    "0002",
    "0018",
    "FSACHF",
    "0033"
  ],
  "measure_period_end": 1293771600000,
  "measure_period_start": 1262322000000,
  "medical_record_number": null,
  "medications": [

  ],
  "procedures": [
    {
      "_id": "5051ba07044a114b4200016b",
      "codes": {
        "ICD-9-CM": [
          "V66.5"
        ],
        "ICD-10-CM": [
          "Z51.4"
        ],
        "SNOMED-CT": [
          "2817906016"
        ]
      },
      "description": "Procedure, Order: Palliative Care",
      "end_time": 1280462400,
      "free_text": null,
      "mood_code": "EVN",
      "negationInd": null,
      "negationReason": null,
      "performer_id": null,
      "site": null,
      "specifics": null,
      "start_time": 1280462400,
      "status_code": null,
      "time": null
    },
    {
      "_id": "5051ba07044a114b4200016d",
      "codes": {
        "SNOMED-CT": [
          "676002"
        ],
        "CPT": [
          "90920"
        ],
        "HCPCS": [
          "G0257"
        ]
      },
      "description": "Procedure, Performed: Dialysis Services",
      "end_time": 1282881600,
      "free_text": null,
      "mood_code": "EVN",
      "negationInd": null,
      "negationReason": null,
      "performer_id": null,
      "site": null,
      "specifics": null,
      "start_time": 1282881600,
      "status_code": null,
      "time": null
    }
  ],
  "race": null,
  "religious_affilication": null,
  "results": [

  ],
  "source_data_criteria": [
    {
      "id": "DiagnosisActiveAllCancer",
      "start_date": 1267419600000,
      "end_date": 1267419600000,
      "negation": "",
      "negation_code_list_id": null,
      "field_values": {
      }
    },
    {
      "id": "DiagnosisActiveHeartFailure",
      "start_date": 1267419600000,
      "end_date": 1267419600000,
      "negation": "",
      "negation_code_list_id": null,
      "field_values": {
      }
    },
    {
      "id": "EncounterPerformedOfficeVisit",
      "start_date": 1267419600000,
      "end_date": 1267419600000,
      "negation": "",
      "negation_code_list_id": null,
      "field_values": {
      }
    },
    {
      "id": "DiagnosisActiveEssentialHypertension",
      "start_date": 1275019200000,
      "end_date": 1275019200000,
      "negation": "",
      "negation_code_list_id": null,
      "field_values": {
      }
    },
    {
      "id": "EncounterPerformedOfficeVisit",
      "start_date": 1277956800000,
      "end_date": 1277956800000,
      "negation": "",
      "negation_code_list_id": null,
      "field_values": {
      }
    },
    {
      "id": "ProcedureOrderPalliativeCare",
      "start_date": 1280462400000,
      "end_date": 1280462400000,
      "negation": "",
      "negation_code_list_id": null,
      "field_values": {
      }
    },
    {
      "id": "EncounterPerformedBmiEncounterCodeSet",
      "start_date": 1282881600000,
      "end_date": 1282881600000,
      "negation": "",
      "negation_code_list_id": null,
      "field_values": {
      }
    },
    {
      "id": "ProcedurePerformedDialysisServices",
      "start_date": 1282881600000,
      "end_date": 1282881600000,
      "negation": "",
      "negation_code_list_id": null,
      "field_values": {
      }
    },
    {
      "id": "MeasurePeriod",
      "start_date": 1262322000000,
      "end_date": 1293771600000
    }
  ],
  "test_id": null,
  "title": null,
  "vital_signs": [

  ]
}