{
  "_id": "50337d58044a11565800004d",
  "birthdate": -157735800,
  "clinicalTrialParticipant": null,
  "conditions": [
    {
      "_id": "5051b9b5044a114b4200008c",
      "causeOfDeath": null,
      "codes": {
        "SNOMED-CT": [
          "2664552011"
        ]
      },
      "description": "Diagnosis, Family History: Family History CHD",
      "end_time": 1277438400,
      "free_text": null,
      "mood_code": "EVN",
      "name": null,
      "negationInd": null,
      "negationReason": null,
      "ordinality": null,
      "priority": null,
      "severity": null,
      "specifics": null,
      "start_time": 1277438400,
      "status_code": null,
      "time": null,
      "type": null
    },
    {
      "_id": "5051b9b5044a114b42000092",
      "causeOfDeath": null,
      "codes": {
        "SNOMED-CT": [
          "161894002"
        ],
        "ICD-9-CM": [
          "721.3"
        ],
        "ICD-10-CM": [
          "M43.27"
        ]
      },
      "description": "Diagnosis, Active: Low Back Pain",
      "end_time": 1270008000,
      "free_text": null,
      "mood_code": "EVN",
      "name": null,
      "negationInd": null,
      "negationReason": null,
      "ordinality": null,
      "priority": null,
      "severity": null,
      "specifics": null,
      "start_time": 1270008000,
      "status_code": {
        "SNOMED-CT": [
          "55561003"
        ],
        "HL7 ActStatus": [
          "active"
        ]
      },
      "time": null,
      "type": null
    },
    {
      "_id": "5051b9b5044a114b42000094",
      "causeOfDeath": null,
      "codes": {
        "ICD-9-CM": [
          "093.0"
        ],
        "ICD-10-CM": [
          ""
        ]
      },
      "description": "Diagnosis, Active: CHD or CHD Risk Equivalent",
      "end_time": 1270008000,
      "free_text": null,
      "mood_code": "EVN",
      "name": null,
      "negationInd": null,
      "negationReason": null,
      "ordinality": null,
      "priority": null,
      "severity": null,
      "specifics": null,
      "start_time": 1270008000,
      "status_code": {
        "SNOMED-CT": [
          "55561003"
        ],
        "HL7 ActStatus": [
          "active"
        ]
      },
      "time": null,
      "type": null
    },
    {
      "_id": "5051b9b5044a114b420000a3",
      "causeOfDeath": null,
      "codes": {
        "SNOMED-CT": [
          "56578002"
        ]
      },
      "description": "Diagnosis, Active: Smoking",
      "end_time": 1277438400,
      "free_text": null,
      "mood_code": "EVN",
      "name": null,
      "negationInd": null,
      "negationReason": null,
      "ordinality": null,
      "priority": null,
      "severity": null,
      "specifics": null,
      "start_time": 1277438400,
      "status_code": {
        "SNOMED-CT": [
          "55561003"
        ],
        "HL7 ActStatus": [
          "active"
        ]
      },
      "time": null,
      "type": null
    }
  ],
  "deathdate": null,
  "description": "",
  "description_category": "NUMER",
  "effective_time": null,
  "elimination_population": null,
  "elimination_reason": null,
  "encounters": [
    {
      "_id": "5051b9b5044a114b4200008f",
      "admitType": null,
      "admit_time": null,
      "codes": {
        "CPT": [
          "99201"
        ]
      },
      "description": "Encounter, Performed: Office Visit",
      "dischargeDisposition": null,
      "discharge_time": null,
      "end_time": 1256875200,
      "free_text": null,
      "mood_code": "EVN",
      "negationInd": null,
      "negationReason": null,
      "performer_id": null,
      "specifics": null,
      "start_time": 1256875200,
      "status_code": null,
      "time": null
    },
    {
      "_id": "5051b9b5044a114b42000091",
      "admitType": null,
      "admit_time": null,
      "codes": {
        "HCPCS": [
          "G0101"
        ],
        "CPT": [
          "90801"
        ],
        "SNOMED-CT": [
          "2162931017"
        ]
      },
      "description": "Encounter, Performed: Medications Encounter Code Set",
      "dischargeDisposition": null,
      "discharge_time": null,
      "end_time": 1269576000,
      "free_text": null,
      "mood_code": "EVN",
      "negationInd": null,
      "negationReason": null,
      "performer_id": null,
      "specifics": null,
      "start_time": 1269576000,
      "status_code": null,
      "time": null
    },
    {
      "_id": "5051b9b5044a114b42000095",
      "admitType": null,
      "admit_time": null,
      "codes": {
        "CPT": [
          "99201"
        ]
      },
      "description": "Office Visit",
      "dischargeDisposition": null,
      "discharge_time": null,
      "end_time": 1270008000,
      "free_text": null,
      "mood_code": "EVN",
      "negationInd": null,
      "negationReason": null,
      "performer_id": null,
      "specifics": null,
      "start_time": 1270008000,
      "status_code": null,
      "time": null
    },
    {
      "_id": "5051b9b5044a114b42000099",
      "admitType": null,
      "admit_time": null,
      "codes": {
        "CPT": [
          "99201"
        ]
      },
      "description": "Encounter, Performed: Office Visit",
      "dischargeDisposition": null,
      "discharge_time": null,
      "end_time": 1277438400,
      "free_text": null,
      "mood_code": "EVN",
      "negationInd": null,
      "negationReason": null,
      "performer_id": null,
      "specifics": null,
      "start_time": 1277438400,
      "status_code": null,
      "time": null
    },
    {
      "_id": "5051b9b5044a114b4200009c",
      "admitType": null,
      "admit_time": null,
      "codes": {
        "CPT": [
          "99201"
        ],
        "HCPCS": [
          "G0101"
        ],
        "SNOMED-CT": [
          "4525004"
        ]
      },
      "description": "Encounter, Performed: BP Screening Denominator Encounter Codes Grouped New",
      "dischargeDisposition": null,
      "discharge_time": null,
      "end_time": 1277438400,
      "free_text": null,
      "mood_code": "EVN",
      "negationInd": null,
      "negationReason": null,
      "performer_id": null,
      "specifics": null,
      "start_time": 1277438400,
      "status_code": null,
      "time": null
    },
    {
      "_id": "5051b9b5044a114b420000a4",
      "admitType": null,
      "admit_time": null,
      "codes": {
        "SNOMED-CT": [
          "13607009"
        ],
        "HCPCS": [
          "G0101"
        ],
        "CPT": [
          "99201"
        ]
      },
      "description": "Encounter, Performed: Cholesterol Measure Encounter Codes",
      "dischargeDisposition": null,
      "discharge_time": null,
      "end_time": 1277438400,
      "free_text": null,
      "mood_code": "EVN",
      "negationInd": null,
      "negationReason": null,
      "performer_id": null,
      "specifics": null,
      "start_time": 1277438400,
      "status_code": null,
      "time": null
    },
    {
      "_id": "5051b9b6044a114b420000a8",
      "admitType": null,
      "admit_time": null,
      "codes": {
        "CPT": [
          "90802"
        ],
        "HCPCS": [
          "G0270"
        ],
        "SNOMED-CT": [
          "2471894011"
        ]
      },
      "description": "Encounter, Performed: BMI Encounter Code Set",
      "dischargeDisposition": null,
      "discharge_time": null,
      "end_time": 1282881600,
      "free_text": null,
      "mood_code": "EVN",
      "negationInd": null,
      "negationReason": null,
      "performer_id": null,
      "specifics": null,
      "start_time": 1282881600,
      "status_code": null,
      "time": null
    }
  ],
  "ethnicity": null,
  "expired": false,
  "first": "GP_Adult_NUM",
  "gender": "F",
  "languages": null,
  "last": "0028_0031_0032_0052_0419_0421_BPScreen_Ref_Chol",
  "marital_status": null,
  "measure_id": "5048a1c6044a111e810002ff",
  "measure_ids": [
    "CholesterolScreeningTest",
    "BPScreening",
    "0421",
    "0419",
    "ClosingReferralLoop",
    "0710",
    "0052",
    "0041",
    "0038",
    "0110",
    "0418",
    "0028",
    "CholesterolScreeningRisk",
    "0104",
    "0031",
    "0032",
    "0002",
    "0018",
    "0043"
  ],
  "measure_period_end": 1293771600000,
  "measure_period_start": 1262322000000,
  "medical_record_number": null,
  "medications": [
    {
      "_id": "5051b9b5044a114b4200008e",
      "administrationTiming": null,
      "codes": {
        "RxNorm": [
          "151226"
        ]
      },
      "cumulativeMedicationDuration": null,
      "deliveryMethod": null,
      "description": "Medication, Active: Tobacco Use Cessation Pharmacotherapy",
      "dose": null,
      "doseIndicator": null,
      "doseRestriction": null,
      "end_time": 1256443200,
      "freeTextSig": null,
      "free_text": null,
      "fulfillmentInstructions": null,
      "indication": null,
      "mood_code": "EVN",
      "negationInd": null,
      "negationReason": null,
      "patientInstructions": null,
      "productForm": null,
      "reaction": null,
      "route": null,
      "site": null,
      "specifics": null,
      "start_time": 1256443200,
      "statusOfMedication": null,
      "status_code": {
        "SNOMED-CT": [
          "55561003"
        ],
        "HL7 ActStatus": [
          "active"
        ]
      },
      "time": null,
      "typeOfMedication": null,
      "vehicle": null
    }
  ],
  "procedures": [
    {
      "_id": "5051b9b5044a114b42000090",
      "codes": {
        "SNOMED-CT": [
          "54395008"
        ]
      },
      "description": "Referral",
      "end_time": 1267160400,
      "free_text": null,
      "mood_code": "EVN",
      "negationInd": null,
      "negationReason": null,
      "performer_id": null,
      "site": null,
      "specifics": null,
      "start_time": 1267160400,
      "status_code": null,
      "time": null
    },
    {
      "_id": "5051b9b5044a114b42000093",
      "codes": {
        "CPT": [
          "G8427"
        ]
      },
      "description": "Procedure, Performed: Current Medications Documented",
      "end_time": 1269576000,
      "free_text": null,
      "mood_code": "EVN",
      "negationInd": null,
      "negationReason": null,
      "performer_id": null,
      "site": null,
      "specifics": null,
      "start_time": 1269576000,
      "status_code": null,
      "time": null
    },
    {
      "_id": "5051b9b5044a114b42000096",
      "codes": {
        "LOINC": [
          "24665-2"
        ]
      },
      "description": "Diagnostic Study, Performed: X-Ray of Lower Spine",
      "end_time": 1270180800,
      "free_text": null,
      "mood_code": "EVN",
      "negationInd": null,
      "negationReason": null,
      "performer_id": null,
      "site": null,
      "specifics": null,
      "start_time": 1270180800,
      "status_code": null,
      "time": null
    },
    {
      "_id": "5051b9b5044a114b42000097",
      "codes": {
        "HCPCS": [
          "G0202"
        ],
        "LOINC": [
          "24604-1"
        ]
      },
      "description": "Diagnostic Study, Performed: Mammogram",
      "end_time": 1277438400,
      "free_text": null,
      "mood_code": "EVN",
      "negationInd": null,
      "negationReason": null,
      "performer_id": null,
      "site": null,
      "specifics": null,
      "start_time": 1277438400,
      "status_code": null,
      "time": null
    },
    {
      "_id": "5051b9b5044a114b42000098",
      "codes": {
        "HCPCS": [
          "G8417"
        ],
        "ICD-9-CM": [
          "V65.3"
        ],
        "ICD-10-CM": [
          "Z71.3"
        ],
        "CPT": [
          "43644"
        ],
        "SNOMED-CT": [
          "307818003"
        ]
      },
      "description": "Intervention, Order: Above Normal Follow-up",
      "end_time": 1277438400,
      "free_text": null,
      "mood_code": "EVN",
      "negationInd": null,
      "negationReason": null,
      "performer_id": null,
      "site": null,
      "specifics": null,
      "start_time": 1277438400,
      "status_code": null,
      "time": null
    },
    {
      "_id": "5051b9b6044a114b420000a7",
      "codes": {
        "SNOMED-CT": [
          "371530004"
        ]
      },
      "description": "Communication: From Provider to Provider: Consultant Report",
      "end_time": 1280462400,
      "free_text": null,
      "mood_code": "EVN",
      "negationInd": null,
      "negationReason": null,
      "performer_id": null,
      "site": null,
      "specifics": null,
      "start_time": 1280462400,
      "status_code": null,
      "time": null
    }
  ],
  "race": null,
  "religious_affilication": null,
  "results": [
    {
      "_id": "5051b9b5044a114b4200009a",
      "codes": {
        "LOINC": [
          "8462-4"
        ]
      },
      "description": "Physical Exam, Finding: Diastolic Blood Pressure",
      "end_time": 1277438400,
      "free_text": null,
      "interpretation": null,
      "mood_code": "EVN",
      "negationInd": null,
      "negationReason": null,
      "referenceRange": null,
      "specifics": null,
      "start_time": 1277438400,
      "status_code": null,
      "time": null,
      "values": [
        {
          "_id": "5051b9b5044a114b4200009b",
          "scalar": "75",
          "units": "mmHg"
        }
      ]
    },
    {
      "_id": "5051b9b5044a114b4200009f",
      "codes": {
        "SNOMED-CT": [
          "6497000"
        ],
        "ICD-9-CM": [
          "V85"
        ],
        "ICD-10-CM": [
          "Z68.1"
        ],
        "LOINC": [
          "39156-5 "
        ]
      },
      "description": "Physical Exam, Finding: BMI Finding Code Set",
      "end_time": 1277438400,
      "free_text": null,
      "interpretation": null,
      "mood_code": "EVN",
      "negationInd": null,
      "negationReason": null,
      "referenceRange": null,
      "specifics": null,
      "start_time": 1277438400,
      "status_code": null,
      "time": null,
      "values": [
        {
          "_id": "5051b9b5044a114b420000a0",
          "scalar": "28",
          "units": "kg/m2"
        }
      ]
    },
    {
      "_id": "5051b9b6044a114b420000a5",
      "codes": {
        "LOINC": [
          "8480-6 "
        ]
      },
      "description": "Physical Exam, Finding: Systolic Blood Pressure",
      "end_time": 1277438400,
      "free_text": null,
      "interpretation": null,
      "mood_code": "EVN",
      "negationInd": null,
      "negationReason": null,
      "referenceRange": null,
      "specifics": null,
      "start_time": 1277438400,
      "status_code": null,
      "time": null,
      "values": [
        {
          "_id": "5051b9b6044a114b420000a6",
          "scalar": "110",
          "units": "mmHg"
        }
      ]
    }
  ],
  "source_data_criteria": [
    {
      "id": "DiagnosisFamilyHistoryFamilyHistoryChd",
      "start_date": 1277438400000,
      "end_date": 1277438400000
    },
    {
      "id": "LaboratoryTestPerformedPapTest",
      "start_date": 1277438400000,
      "end_date": 1277438400000
    },
    {
      "id": "PatientCharacteristicTobaccoUser",
      "start_date": 1256443200000,
      "end_date": 1256443200000,
      "negation": "",
      "negation_code_list_id": null,
      "field_values": {
      }
    },
    {
      "id": "MedicationActiveTobaccoUseCessationPharmacotherapy",
      "start_date": 1256443200000,
      "end_date": 1256443200000,
      "negation": "",
      "negation_code_list_id": null,
      "field_values": {
      }
    },
    {
      "id": "EncounterPerformedOfficeVisit",
      "start_date": 1256875200000,
      "end_date": 1256875200000
    },
    {
      "id": "OccurrenceAReferral50",
      "start_date": 1267160400000,
      "end_date": 1267160400000
    },
    {
      "id": "EncounterPerformedMedicationsEncounterCodeSet",
      "start_date": 1269576000000,
      "end_date": 1269576000000,
      "negation": "",
      "negation_code_list_id": null,
      "field_values": {
      }
    },
    {
      "id": "DiagnosisActiveLowBackPain",
      "start_date": 1270008000000,
      "end_date": 1270008000000
    },
    {
      "id": "ProcedurePerformedCurrentMedicationsDocumented",
      "start_date": 1269576000000,
      "end_date": 1269576000000
    },
    {
      "id": "DiagnosisActiveChdOrChdRiskEquivalent",
      "start_date": 1270008000000,
      "end_date": 1270008000000,
      "negation": "",
      "negation_code_list_id": null,
      "field_values": {
      }
    },
    {
      "id": "OccurrenceAOfficeVisit149",
      "start_date": 1270008000000,
      "end_date": 1270008000000
    },
    {
      "id": "DiagnosticStudyPerformedXRayOfLowerSpine",
      "start_date": 1270180800000,
      "end_date": 1270180800000
    },
    {
      "id": "DiagnosticStudyPerformedMammogram",
      "start_date": 1277438400000,
      "end_date": 1277438400000
    },
    {
      "id": "InterventionOrderAboveNormalFollowUp",
      "start_date": 1277438400000,
      "end_date": 1277438400000
    },
    {
      "id": "EncounterPerformedOfficeVisit",
      "start_date": 1277438400000,
      "end_date": 1277438400000
    },
    {
      "id": "PhysicalExamFindingDiastolicBloodPressure",
      "start_date": 1277438400000,
      "end_date": 1277438400000,
      "value": [
        {
          "type": "PQ",
          "value": "75",
          "unit": "mmHg"
        }
      ]
    },
    {
      "id": "EncounterPerformedBpScreeningDenominatorEncounterCodesGroupedNew",
      "start_date": 1277438400000,
      "end_date": 1277438400000
    },
    {
      "id": "LaboratoryTestPerformedLdlTest",
      "start_date": 1277438400000,
      "end_date": 1277438400000,
      "value": [
        {
          "type": "PQ",
          "value": "90",
          "unit": "mg/dL"
        }
      ]
    },
    {
      "id": "PhysicalExamFindingBmiFindingCodeSet",
      "start_date": 1277438400000,
      "end_date": 1277438400000,
      "value": [
        {
          "type": "PQ",
          "value": "28",
          "unit": "kg/m2"
        }
      ]
    },
    {
      "id": "PatientCharacteristicTobaccoUser",
      "start_date": 1277438400000,
      "end_date": 1277438400000,
      "negation": "",
      "negation_code_list_id": null,
      "field_values": {
      }
    },
    {
      "id": "LaboratoryTestResultHighDensityLipoproteinHdl",
      "start_date": 1277438400000,
      "end_date": 1277438400000,
      "value": [
        {
          "type": "PQ",
          "value": "35",
          "unit": "mg/dL"
        }
      ],
      "value_unit": "mg/dL"
    },
    {
      "id": "DiagnosisActiveSmoking",
      "start_date": 1277438400000,
      "end_date": 1277438400000
    },
    {
      "id": "EncounterPerformedCholesterolMeasureEncounterCodes",
      "start_date": 1277438400000,
      "end_date": 1277438400000
    },
    {
      "id": "PhysicalExamFindingSystolicBloodPressure",
      "start_date": 1277438400000,
      "end_date": 1277438400000,
      "value": [
        {
          "type": "PQ",
          "value": "110",
          "unit": "mmHg"
        }
      ]
    },
    {
      "id": "CommunicationFromProviderToProviderConsultantReport",
      "start_date": 1280462400000,
      "end_date": 1280462400000
    },
    {
      "id": "EncounterPerformedBmiEncounterCodeSet",
      "start_date": 1282881600000,
      "end_date": 1282881600000,
      "negation": "",
      "negation_code_list_id": null,
      "field_values": {
      }
    },
    {
      "id": "MeasurePeriod",
      "start_date": 1262322000000,
      "end_date": 1293771600000
    }
  ],
  "test_id": null,
  "title": null,
  "vital_signs": [
    {
      "_id": "5051b9b5044a114b4200008d",
      "codes": {
        "LOINC": [
          "10524-7"
        ]
      },
      "description": "Laboratory Test, Performed: Pap Test",
      "end_time": 1277438400,
      "free_text": null,
      "interpretation": null,
      "mood_code": "EVN",
      "negationInd": null,
      "negationReason": null,
      "referenceRange": null,
      "specifics": null,
      "start_time": 1277438400,
      "status_code": null,
      "time": null
    },
    {
      "_id": "5051b9b5044a114b4200009d",
      "codes": {
        "LOINC": [
          "12773-8"
        ]
      },
      "description": "Laboratory Test, Performed: LDL Test",
      "end_time": 1277438400,
      "free_text": null,
      "interpretation": null,
      "mood_code": "EVN",
      "negationInd": null,
      "negationReason": null,
      "referenceRange": null,
      "specifics": null,
      "start_time": 1277438400,
      "status_code": null,
      "time": null,
      "values": [
        {
          "_id": "5051b9b5044a114b4200009e",
          "scalar": "90",
          "units": "mg/dL"
        }
      ]
    },
    {
      "_id": "5051b9b5044a114b420000a1",
      "codes": {
        "LOINC": [
          "14646-4"
        ],
        "SNOMED-CT": [
          "17888004"
        ]
      },
      "description": "Laboratory Test, Result: High Density Lipoprotein (HDL)",
      "end_time": 1277438400,
      "free_text": null,
      "interpretation": null,
      "mood_code": "EVN",
      "negationInd": null,
      "negationReason": null,
      "referenceRange": null,
      "specifics": null,
      "start_time": 1277438400,
      "status_code": null,
      "time": null,
      "values": [
        {
          "_id": "5051b9b5044a114b420000a2",
          "scalar": "35",
          "units": "mg/dL"
        }
      ]
    }
  ]
}