{
  "_id": "502b9a6f044a115dc2000063",
  "birthdate": -157735800,
  "clinicalTrialParticipant": null,
  "conditions": [
    {
      "_id": "5051b9b1044a114b42000082",
      "causeOfDeath": null,
      "codes": {
        "ICD-9-CM": [
          "093.0"
        ],
        "ICD-10-CM": [
          ""
        ]
      },
      "description": "Diagnosis, Active: CHD or CHD Risk Equivalent",
      "end_time": 1270008000,
      "free_text": null,
      "mood_code": "EVN",
      "name": null,
      "negationInd": null,
      "negationReason": null,
      "ordinality": null,
      "priority": null,
      "severity": null,
      "specifics": null,
      "start_time": 1270008000,
      "status_code": {
        "SNOMED-CT": [
          "55561003"
        ],
        "HL7 ActStatus": [
          "active"
        ]
      },
      "time": null,
      "type": null
    },
    {
      "_id": "5051b9b1044a114b42000083",
      "causeOfDeath": null,
      "codes": {
        "SNOMED-CT": [
          "161894002"
        ],
        "ICD-9-CM": [
          "721.3"
        ],
        "ICD-10-CM": [
          "M43.27"
        ]
      },
      "description": "Diagnosis, Active: Low Back Pain",
      "end_time": 1270008000,
      "free_text": null,
      "mood_code": "EVN",
      "name": null,
      "negationInd": null,
      "negationReason": null,
      "ordinality": null,
      "priority": null,
      "severity": null,
      "specifics": null,
      "start_time": 1270008000,
      "status_code": {
        "SNOMED-CT": [
          "55561003"
        ],
        "HL7 ActStatus": [
          "active"
        ]
      },
      "time": null,
      "type": null
    },
    {
      "_id": "5051b9b1044a114b42000088",
      "causeOfDeath": null,
      "codes": {
        "SNOMED-CT": [
          "56578002"
        ]
      },
      "description": "Diagnosis, Active: Smoking",
      "end_time": 1277438400,
      "free_text": null,
      "mood_code": "EVN",
      "name": null,
      "negationInd": null,
      "negationReason": null,
      "ordinality": null,
      "priority": null,
      "severity": null,
      "specifics": null,
      "start_time": 1277438400,
      "status_code": {
        "SNOMED-CT": [
          "55561003"
        ],
        "HL7 ActStatus": [
          "active"
        ]
      },
      "time": null,
      "type": null
    },
    {
      "_id": "5051b9b1044a114b4200008b",
      "causeOfDeath": null,
      "codes": {
        "SNOMED-CT": [
          "2664552011"
        ]
      },
      "description": "Diagnosis, Family History: Family History CHD",
      "end_time": 1277438400,
      "free_text": null,
      "mood_code": "EVN",
      "name": null,
      "negationInd": null,
      "negationReason": null,
      "ordinality": null,
      "priority": null,
      "severity": null,
      "specifics": null,
      "start_time": 1277438400,
      "status_code": null,
      "time": null,
      "type": null
    }
  ],
  "deathdate": null,
  "description": "",
  "description_category": "DENOM",
  "effective_time": null,
  "elimination_population": null,
  "elimination_reason": null,
  "encounters": [
    {
      "_id": "5051b9b1044a114b4200007e",
      "admitType": null,
      "admit_time": null,
      "codes": {
        "CPT": [
          "99201"
        ]
      },
      "description": "Office Visit",
      "dischargeDisposition": null,
      "discharge_time": null,
      "end_time": 1270008000,
      "free_text": null,
      "mood_code": "EVN",
      "negationInd": null,
      "negationReason": null,
      "performer_id": null,
      "specifics": null,
      "start_time": 1270008000,
      "status_code": null,
      "time": null
    },
    {
      "_id": "5051b9b1044a114b4200007f",
      "admitType": null,
      "admit_time": null,
      "codes": {
        "CPT": [
          "99201"
        ],
        "HCPCS": [
          "G0101"
        ],
        "SNOMED-CT": [
          "4525004"
        ]
      },
      "description": "Encounter, Performed: BP Screening Denominator Encounter Codes Grouped New",
      "dischargeDisposition": null,
      "discharge_time": null,
      "end_time": 1277438400,
      "free_text": null,
      "mood_code": "EVN",
      "negationInd": null,
      "negationReason": null,
      "performer_id": null,
      "specifics": null,
      "start_time": 1277438400,
      "status_code": null,
      "time": null
    },
    {
      "_id": "5051b9b1044a114b42000081",
      "admitType": null,
      "admit_time": null,
      "codes": {
        "HCPCS": [
          "G0101"
        ],
        "CPT": [
          "90801"
        ],
        "SNOMED-CT": [
          "2162931017"
        ]
      },
      "description": "Medications Encounter Code Set",
      "dischargeDisposition": null,
      "discharge_time": null,
      "end_time": 1269576000,
      "free_text": null,
      "mood_code": "EVN",
      "negationInd": null,
      "negationReason": null,
      "performer_id": null,
      "specifics": null,
      "start_time": 1269576000,
      "status_code": null,
      "time": null
    },
    {
      "_id": "5051b9b1044a114b42000084",
      "admitType": null,
      "admit_time": null,
      "codes": {
        "CPT": [
          "99201"
        ]
      },
      "description": "Encounter, Performed: Office Visit",
      "dischargeDisposition": null,
      "discharge_time": null,
      "end_time": 1256875200,
      "free_text": null,
      "mood_code": "EVN",
      "negationInd": null,
      "negationReason": null,
      "performer_id": null,
      "specifics": null,
      "start_time": 1256875200,
      "status_code": null,
      "time": null
    },
    {
      "_id": "5051b9b1044a114b42000085",
      "admitType": null,
      "admit_time": null,
      "codes": {
        "CPT": [
          "99201"
        ]
      },
      "description": "Encounter, Performed: Office Visit",
      "dischargeDisposition": null,
      "discharge_time": null,
      "end_time": 1277438400,
      "free_text": null,
      "mood_code": "EVN",
      "negationInd": null,
      "negationReason": null,
      "performer_id": null,
      "specifics": null,
      "start_time": 1277438400,
      "status_code": null,
      "time": null
    },
    {
      "_id": "5051b9b1044a114b42000089",
      "admitType": null,
      "admit_time": null,
      "codes": {
        "SNOMED-CT": [
          "13607009"
        ],
        "HCPCS": [
          "G0101"
        ],
        "CPT": [
          "99201"
        ]
      },
      "description": "Encounter, Performed: Cholesterol Measure Encounter Codes",
      "dischargeDisposition": null,
      "discharge_time": null,
      "end_time": 1277438400,
      "free_text": null,
      "mood_code": "EVN",
      "negationInd": null,
      "negationReason": null,
      "performer_id": null,
      "specifics": null,
      "start_time": 1277438400,
      "status_code": null,
      "time": null
    }
  ],
  "ethnicity": null,
  "expired": false,
  "first": "GP_Adult_DEN",
  "gender": "F",
  "languages": null,
  "last": "0028_0031_0032_0052_0419_0421_BPScreen_Ref_Chol",
  "marital_status": null,
  "measure_id": "5048a1c6044a111e810002ff",
  "measure_ids": [
    "CholesterolScreeningTest",
    "BPScreening",
    "0421",
    "0419",
    "ClosingReferralLoop",
    "0710",
    "0052",
    "0041",
    "0038",
    "0110",
    "0418",
    "0028",
    "CholesterolScreeningRisk",
    "0104",
    "0002"
  ],
  "measure_period_end": 1293771600000,
  "measure_period_start": 1262322000000,
  "medical_record_number": null,
  "procedures": [
    {
      "_id": "5051b9b1044a114b42000080",
      "codes": {
        "SNOMED-CT": [
          "54395008"
        ]
      },
      "description": "Referral",
      "end_time": 1267160400,
      "free_text": null,
      "mood_code": "EVN",
      "negationInd": null,
      "negationReason": null,
      "performer_id": null,
      "site": null,
      "specifics": null,
      "start_time": 1267160400,
      "status_code": null,
      "time": null
    }
  ],
  "race": null,
  "religious_affilication": null,
  "source_data_criteria": [
    {
      "id": "OccurrenceAOfficeVisit149",
      "start_date": 1270008000000,
      "end_date": 1270008000000
    },
    {
      "id": "EncounterPerformedBpScreeningDenominatorEncounterCodesGroupedNew",
      "start_date": 1277438400000,
      "end_date": 1277438400000
    },
    {
      "id": "PatientCharacteristicTobaccoUser",
      "start_date": 1277438400000,
      "end_date": 1277438400000,
      "negation": "",
      "negation_code_list_id": null,
      "field_values": {
      }
    },
    {
      "id": "OccurrenceAReferral50",
      "start_date": 1267160400000,
      "end_date": 1267160400000
    },
    {
      "id": "OccurrenceAMedicationsEncounterCodeSet276",
      "start_date": 1269576000000,
      "end_date": 1269576000000,
      "negation": "",
      "negation_code_list_id": null,
      "field_values": {
      }
    },
    {
      "id": "DiagnosisActiveChdOrChdRiskEquivalent",
      "start_date": 1270008000000,
      "end_date": 1270008000000,
      "negation": "",
      "negation_code_list_id": null,
      "field_values": {
      }
    },
    {
      "id": "DiagnosisActiveLowBackPain",
      "start_date": 1270008000000,
      "end_date": 1270008000000
    },
    {
      "id": "EncounterPerformedOfficeVisit",
      "start_date": 1256875200000,
      "end_date": 1256875200000
    },
    {
      "id": "EncounterPerformedOfficeVisit",
      "start_date": 1277438400000,
      "end_date": 1277438400000
    },
    {
      "id": "LaboratoryTestResultHighDensityLipoproteinHdl",
      "start_date": 1277438400000,
      "end_date": 1277438400000,
      "value": [
        {
          "type": "PQ",
          "value": "35",
          "unit": "mg/dL"
        }
      ],
      "value_unit": "mg/dL"
    },
    {
      "id": "DiagnosisActiveSmoking",
      "start_date": 1277438400000,
      "end_date": 1277438400000
    },
    {
      "id": "EncounterPerformedCholesterolMeasureEncounterCodes",
      "start_date": 1277438400000,
      "end_date": 1277438400000
    },
    {
      "id": "LaboratoryTestPerformedLdlTest",
      "start_date": 1277438400000,
      "end_date": 1277438400000
    },
    {
      "id": "DiagnosisFamilyHistoryFamilyHistoryChd",
      "start_date": 1277438400000,
      "end_date": 1277438400000
    },
    {
      "id": "MeasurePeriod",
      "start_date": 1262322000000,
      "end_date": 1293771600000
    }
  ],
  "test_id": null,
  "title": null,
  "vital_signs": [
    {
      "_id": "5051b9b1044a114b42000086",
      "codes": {
        "LOINC": [
          "14646-4"
        ],
        "SNOMED-CT": [
          "17888004"
        ]
      },
      "description": "Laboratory Test, Result: High Density Lipoprotein (HDL)",
      "end_time": 1277438400,
      "free_text": null,
      "interpretation": null,
      "mood_code": "EVN",
      "negationInd": null,
      "negationReason": null,
      "referenceRange": null,
      "specifics": null,
      "start_time": 1277438400,
      "status_code": null,
      "time": null,
      "values": [
        {
          "_id": "5051b9b1044a114b42000087",
          "scalar": "35",
          "units": "mg/dL"
        }
      ]
    },
    {
      "_id": "5051b9b1044a114b4200008a",
      "codes": {
        "LOINC": [
          "12773-8"
        ]
      },
      "description": "Laboratory Test, Performed: LDL Test",
      "end_time": 1277438400,
      "free_text": null,
      "interpretation": null,
      "mood_code": "EVN",
      "negationInd": null,
      "negationReason": null,
      "referenceRange": null,
      "specifics": null,
      "start_time": 1277438400,
      "status_code": null,
      "time": null
    }
  ]
}