{
  "_id": "503353e6044a114c600000eb",
  "birthdate": -820409400,
  "clinicalTrialParticipant": null,
  "conditions": [
    {
      "_id": "5051bb08044a114b39000011",
      "causeOfDeath": null,
      "codes": {
        "ICD-9-CM": [
          "094.1"
        ],
        "ICD-10-CM": [
          "A52.17"
        ],
        "SNOMED-CT": [
          "281004"
        ]
      },
      "description": "Diagnosis, Active: Dementia & Mental Degenerations",
      "end_time": 1275364800,
      "free_text": null,
      "mood_code": "EVN",
      "name": null,
      "negationInd": null,
      "negationReason": null,
      "ordinality": null,
      "priority": null,
      "severity": null,
      "specifics": null,
      "start_time": 1275364800,
      "status_code": {
        "SNOMED-CT": [
          "55561003"
        ],
        "HL7 ActStatus": [
          "active"
        ]
      },
      "time": null,
      "type": null
    }
  ],
  "deathdate": null,
  "description": "",
  "description_category": "NUMER",
  "effective_time": null,
  "elimination_population": null,
  "elimination_reason": null,
  "encounters": [
    {
      "_id": "5051bb08044a114b39000003",
      "admitType": null,
      "admit_time": null,
      "codes": {
        "CPT": [
          "99241"
        ]
      },
      "description": "Outpatient Consultation",
      "dischargeDisposition": null,
      "discharge_time": null,
      "end_time": 1265000400,
      "free_text": null,
      "mood_code": "EVN",
      "negationInd": null,
      "negationReason": null,
      "performer_id": null,
      "specifics": null,
      "start_time": 1265000400,
      "status_code": null,
      "time": null
    },
    {
      "_id": "5051bb08044a114b39000008",
      "admitType": null,
      "admit_time": null,
      "codes": {
        "CPT": [
          "99241"
        ]
      },
      "description": "Encounter, Performed: Outpatient Consultation",
      "dischargeDisposition": null,
      "discharge_time": null,
      "end_time": -55553457600,
      "free_text": null,
      "mood_code": "EVN",
      "negationInd": null,
      "negationReason": null,
      "performer_id": null,
      "specifics": null,
      "start_time": 1249099200,
      "status_code": null,
      "time": null
    },
    {
      "_id": "5051bb08044a114b39000009",
      "admitType": null,
      "admit_time": null,
      "codes": {
        "CPT": [
          "99241"
        ]
      },
      "description": "Encounter, Performed: Outpatient Consultation",
      "dischargeDisposition": null,
      "discharge_time": null,
      "end_time": 1254369600,
      "free_text": null,
      "mood_code": "EVN",
      "negationInd": null,
      "negationReason": null,
      "performer_id": null,
      "specifics": null,
      "start_time": 1254369600,
      "status_code": null,
      "time": null
    },
    {
      "_id": "5051bb08044a114b3900000a",
      "admitType": null,
      "admit_time": null,
      "codes": {
        "CPT": [
          "99241"
        ]
      },
      "description": "Encounter, Performed: Outpatient Consultation",
      "dischargeDisposition": null,
      "discharge_time": null,
      "end_time": 1264741200,
      "free_text": null,
      "mood_code": "EVN",
      "negationInd": null,
      "negationReason": null,
      "performer_id": null,
      "specifics": null,
      "start_time": 1264741200,
      "status_code": null,
      "time": null
    },
    {
      "_id": "5051bb08044a114b3900000e",
      "admitType": null,
      "admit_time": null,
      "codes": {
        "CPT": [
          "99201"
        ]
      },
      "description": "Encounter, Performed: Office Visit",
      "dischargeDisposition": null,
      "discharge_time": null,
      "end_time": 1275364800,
      "free_text": null,
      "mood_code": "EVN",
      "negationInd": null,
      "negationReason": null,
      "performer_id": null,
      "specifics": null,
      "start_time": 1275364800,
      "status_code": null,
      "time": null
    },
    {
      "_id": "5051bb08044a114b39000016",
      "admitType": null,
      "admit_time": null,
      "codes": {
        "CPT": [
          "99201"
        ]
      },
      "description": "Encounter, Performed: Office Visit",
      "dischargeDisposition": null,
      "discharge_time": null,
      "end_time": 1280721600,
      "free_text": null,
      "mood_code": "EVN",
      "negationInd": null,
      "negationReason": null,
      "performer_id": null,
      "specifics": null,
      "start_time": 1280721600,
      "status_code": null,
      "time": null
    }
  ],
  "ethnicity": null,
  "expired": false,
  "first": "GP_Geriatric_NUM",
  "gender": "M",
  "languages": null,
  "last": "0022_0043_0101_0034_Dementia_FSAHip_FSAKnee",
  "marital_status": null,
  "measure_id": "5048a1c6044a111e810002ff",
  "measure_ids": [
    "FSAHip",
    "0034",
    "FSAKnee",
    "DementiaCognitive",
    "FSACHF",
    "0036",
    "0104",
    "0022",
    "0043",
    "0101",
    "0004",
    "0002",
    "0041",
    "ClosingReferralLoop"
  ],
  "measure_period_end": 1293771600000,
  "measure_period_start": 1262322000000,
  "medical_record_number": null,
  "medications": [
    {
      "_id": "5051bb08044a114b39000014",
      "administrationTiming": null,
      "codes": {
        "CVX": [
          "33"
        ]
      },
      "cumulativeMedicationDuration": null,
      "deliveryMethod": null,
      "description": "Medication, Administered: Pneumococcal Vaccine",
      "dose": null,
      "doseIndicator": null,
      "doseRestriction": null,
      "end_time": 1280721600,
      "freeTextSig": null,
      "free_text": null,
      "fulfillmentInstructions": null,
      "indication": null,
      "mood_code": "EVN",
      "negationInd": null,
      "negationReason": null,
      "patientInstructions": null,
      "productForm": null,
      "reaction": null,
      "route": null,
      "site": null,
      "specifics": null,
      "start_time": 1280721600,
      "statusOfMedication": null,
      "status_code": null,
      "time": null,
      "typeOfMedication": null,
      "vehicle": null
    },
    {
      "_id": "5051bb08044a114b39000015",
      "administrationTiming": null,
      "codes": {
        "RxNorm": [
          "197622"
        ]
      },
      "cumulativeMedicationDuration": null,
      "deliveryMethod": null,
      "description": "Medication, Active: High Risk Medications for the Elderly",
      "dose": null,
      "doseIndicator": null,
      "doseRestriction": null,
      "end_time": 1280721600,
      "freeTextSig": null,
      "free_text": null,
      "fulfillmentInstructions": null,
      "indication": null,
      "mood_code": "EVN",
      "negationInd": null,
      "negationReason": null,
      "patientInstructions": null,
      "productForm": null,
      "reaction": null,
      "route": null,
      "site": null,
      "specifics": null,
      "start_time": 1280721600,
      "statusOfMedication": null,
      "status_code": {
        "SNOMED-CT": [
          "55561003"
        ],
        "HL7 ActStatus": [
          "active"
        ]
      },
      "time": null,
      "typeOfMedication": null,
      "vehicle": null
    }
  ],
  "procedures": [
    {
      "_id": "5051bb08044a114b39000004",
      "codes": {
        "CPT": [
          "44388"
        ],
        "HCPCS": [
          "G0105"
        ],
        "SNOMED-CT": [
          "8180007"
        ]
      },
      "description": "Procedure, Performed: Colonoscopy",
      "end_time": 1230786000,
      "free_text": null,
      "mood_code": "EVN",
      "negationInd": null,
      "negationReason": null,
      "performer_id": null,
      "site": null,
      "specifics": null,
      "start_time": 1230786000,
      "status_code": null,
      "time": null
    },
    {
      "_id": "5051bb08044a114b39000005",
      "codes": {
        "SNOMED-CT": [
          "179344006"
        ],
        "CPT": [
          "27445"
        ]
      },
      "description": "Primary TKA Procedure",
      "end_time": 1251777600,
      "free_text": null,
      "mood_code": "EVN",
      "negationInd": null,
      "negationReason": null,
      "performer_id": null,
      "site": null,
      "specifics": null,
      "start_time": 1251777600,
      "status_code": null,
      "time": null
    },
    {
      "_id": "5051bb08044a114b3900000b",
      "codes": {
        "SNOMED-CT": [
          "15163009"
        ],
        "HCPCS": [
          "S2118"
        ],
        "CPT": [
          "27130"
        ]
      },
      "description": "Primary THA Procedure",
      "end_time": 1257048000,
      "free_text": null,
      "mood_code": "EVN",
      "negationInd": null,
      "negationReason": null,
      "performer_id": null,
      "site": null,
      "specifics": null,
      "start_time": 1257048000,
      "status_code": null,
      "time": null
    },
    {
      "_id": "5051bb08044a114b3900000f",
      "codes": {
        "LOINC": [
          "58151-2"
        ]
      },
      "description": "Risk Category Assessment: Standardized Tools for Assessment of Cognition",
      "end_time": 1275364800,
      "free_text": null,
      "mood_code": "EVN",
      "negationInd": null,
      "negationReason": null,
      "performer_id": null,
      "site": null,
      "specifics": null,
      "start_time": 1275364800,
      "status_code": null,
      "time": null,
      "values": [
        {
          "_id": "5051bb08044a114b39000010",
          "codes": {
            "LOINC": [
              "58151-2"
            ]
          }
        }
      ]
    },
    {
      "_id": "5051bb08044a114b39000012",
      "codes": {
        "SNOMED-CT": [
          "408422004"
        ]
      },
      "description": "Risk Category Assessment: Falls Screening",
      "end_time": 1280721600,
      "free_text": null,
      "mood_code": "EVN",
      "negationInd": null,
      "negationReason": null,
      "performer_id": null,
      "site": null,
      "specifics": null,
      "start_time": 1280721600,
      "status_code": null,
      "time": null,
      "values": [
        {
          "_id": "5051bb08044a114b39000013",
          "codes": {
            "SNOMED-CT": [
              "408422004"
            ]
          }
        }
      ]
    }
  ],
  "race": null,
  "religious_affilication": null,
  "results": [
    {
      "_id": "5051bb08044a114b39000001",
      "codes": {
        "LOINC": [
          "XXXX-X"
        ]
      },
      "description": "Functional Status, Result: Functional Status Assessment  for Hip Replacement",
      "end_time": 1265000400,
      "free_text": null,
      "interpretation": null,
      "mood_code": "EVN",
      "negationInd": null,
      "negationReason": null,
      "referenceRange": null,
      "specifics": null,
      "start_time": 1265000400,
      "status_code": null,
      "time": null,
      "values": [
        {
          "_id": "5051bb08044a114b39000002",
          "codes": {
            "LOINC": [
              "XXXX-X"
            ]
          }
        }
      ]
    },
    {
      "_id": "5051bb08044a114b39000006",
      "codes": {
        "LOINC": [
          "XXXX-X"
        ]
      },
      "description": "Functional Status, Result: Functional Status Assessment  for Hip Replacement",
      "end_time": 1249099200,
      "free_text": null,
      "interpretation": null,
      "mood_code": "EVN",
      "negationInd": null,
      "negationReason": null,
      "referenceRange": null,
      "specifics": null,
      "start_time": 1249099200,
      "status_code": null,
      "time": null
    },
    {
      "_id": "5051bb08044a114b39000007",
      "codes": {
        "LOINC": [
          "XXXX-X"
        ]
      },
      "description": "Functional Status Assessment for Knee Replacement",
      "end_time": 1249099200,
      "free_text": null,
      "interpretation": null,
      "mood_code": "EVN",
      "negationInd": null,
      "negationReason": null,
      "referenceRange": null,
      "specifics": null,
      "start_time": 1249099200,
      "status_code": null,
      "time": null
    },
    {
      "_id": "5051bb08044a114b3900000c",
      "codes": {
        "LOINC": [
          "XXXX-X"
        ]
      },
      "description": "Functional Status, Result: Functional Status Assessment for Knee Replacement",
      "end_time": 1265000400,
      "free_text": null,
      "interpretation": null,
      "mood_code": "EVN",
      "negationInd": null,
      "negationReason": null,
      "referenceRange": null,
      "specifics": null,
      "start_time": 1265000400,
      "status_code": null,
      "time": null,
      "values": [
        {
          "_id": "5051bb08044a114b3900000d",
          "codes": {
            "LOINC": [
              "XXXX-X"
            ]
          }
        }
      ]
    }
  ],
  "source_data_criteria": [
    {
      "id": "FunctionalStatusResultFunctionalStatusAssessmentForHipReplacement",
      "start_date": 1265000400000,
      "end_date": 1265000400000,
      "value": [
        {
          "type": "CD",
          "code_list_id": "2.16.840.1.113883.3.464.0003.18.02.0029",
          "title": "functional_status_assessment_for_hip_replacement"
        }
      ],
      "negation": "",
      "negation_code_list_id": null,
      "field_values": {
      }
    },
    {
      "id": "OccurrenceBOutpatientConsultation128",
      "start_date": 1265000400000,
      "end_date": 1265000400000
    },
    {
      "id": "ProcedurePerformedColonoscopy",
      "start_date": 1230786000000,
      "end_date": 1230786000000
    },
    {
      "id": "OccurrenceAPrimaryTkaProcedure126",
      "start_date": 1251777600000,
      "end_date": 1251777600000
    },
    {
      "id": "FunctionalStatusResultFunctionalStatusAssessmentForHipReplacement",
      "start_date": 1249099200000,
      "end_date": 1249099200000
    },
    {
      "id": "OccurrenceAFunctionalStatusAssessmentForKneeReplacement131",
      "start_date": 1249099200000,
      "end_date": 1249099200000
    },
    {
      "id": "EncounterPerformedOutpatientConsultation",
      "start_date": 1249099200000,
      "end_date": -55553457600000,
      "negation": "",
      "negation_code_list_id": null,
      "field_values": {
      }
    },
    {
      "id": "EncounterPerformedOutpatientConsultation",
      "start_date": 1254369600000,
      "end_date": 1254369600000,
      "negation": "",
      "negation_code_list_id": null,
      "field_values": {
      }
    },
    {
      "id": "EncounterPerformedOutpatientConsultation",
      "start_date": 1264741200000,
      "end_date": 1264741200000,
      "negation": "",
      "negation_code_list_id": null,
      "field_values": {
      }
    },
    {
      "id": "OccurrenceAPrimaryThaProcedure280",
      "start_date": 1257048000000,
      "end_date": 1257048000000,
      "negation": "",
      "negation_code_list_id": null,
      "field_values": {
      }
    },
    {
      "id": "FunctionalStatusResultFunctionalStatusAssessmentForKneeReplacement",
      "start_date": 1265000400000,
      "end_date": 1265000400000,
      "value": [
        {
          "type": "CD",
          "code_list_id": "2.16.840.1.113883.3.464.0003.18.02.0030",
          "title": "functional_status_assessment_for_knee_replacement"
        }
      ],
      "negation": "",
      "negation_code_list_id": null,
      "field_values": {
      }
    },
    {
      "id": "EncounterPerformedOfficeVisit",
      "start_date": 1275364800000,
      "end_date": 1275364800000
    },
    {
      "id": "RiskCategoryAssessmentStandardizedToolsForAssessmentOfCognition",
      "start_date": 1275364800000,
      "end_date": 1275364800000,
      "value": [
        {
          "type": "CD",
          "code_list_id": "2.16.840.1.113883.3.526.03.1006",
          "title": "standardized_tools_for_assessment_of_cognition"
        }
      ],
      "negation": "",
      "negation_code_list_id": null,
      "field_values": {
      }
    },
    {
      "id": "DiagnosisActiveDementiaMentalDegenerations",
      "start_date": 1275364800000,
      "end_date": 1275364800000
    },
    {
      "id": "RiskCategoryAssessmentFallsScreening",
      "start_date": 1280721600000,
      "end_date": 1280721600000,
      "value": [
        {
          "type": "CD",
          "code_list_id": "2.16.840.1.113883.3.464.0003.18.02.0028",
          "title": "falls_screening"
        }
      ],
      "negation": "",
      "negation_code_list_id": null,
      "field_values": {
      }
    },
    {
      "id": "MedicationAdministeredPneumococcalVaccine",
      "start_date": 1280721600000,
      "end_date": 1280721600000
    },
    {
      "id": "MedicationActiveHighRiskMedicationsForTheElderly",
      "start_date": 1280721600000,
      "end_date": 1280721600000
    },
    {
      "id": "EncounterPerformedOfficeVisit",
      "start_date": 1280721600000,
      "end_date": 1280721600000
    },
    {
      "id": "MeasurePeriod",
      "start_date": 1262322000000,
      "end_date": 1293771600000
    }
  ],
  "test_id": null,
  "title": null
}