{
  "_id": "502baf20044a116370000001",
  "birthdate": -820423800,
  "clinicalTrialParticipant": null,
  "conditions": [
    {
      "_id": "5051b9a0044a114b4200007c",
      "causeOfDeath": null,
      "codes": {
        "ICD-9-CM": [
          "094.1"
        ],
        "ICD-10-CM": [
          "A52.17"
        ],
        "SNOMED-CT": [
          "281004"
        ]
      },
      "description": "Diagnosis, Active: Dementia & Mental Degenerations",
      "end_time": 1275364800,
      "free_text": null,
      "mood_code": "EVN",
      "name": null,
      "negationInd": null,
      "negationReason": null,
      "ordinality": null,
      "priority": null,
      "severity": null,
      "specifics": null,
      "start_time": 1275364800,
      "status_code": {
        "SNOMED-CT": [
          "55561003"
        ],
        "HL7 ActStatus": [
          "active"
        ]
      },
      "time": null,
      "type": null
    }
  ],
  "deathdate": null,
  "description": "",
  "description_category": "DENOM",
  "effective_time": null,
  "elimination_population": null,
  "elimination_reason": null,
  "encounters": [
    {
      "_id": "5051b9a0044a114b42000075",
      "admitType": null,
      "admit_time": null,
      "codes": {
        "CPT": [
          "99241"
        ]
      },
      "description": "Encounter, Performed: Outpatient Consultation",
      "dischargeDisposition": null,
      "discharge_time": null,
      "end_time": 1249099200,
      "free_text": null,
      "mood_code": "EVN",
      "negationInd": null,
      "negationReason": null,
      "performer_id": null,
      "specifics": null,
      "start_time": 1249099200,
      "status_code": null,
      "time": null
    },
    {
      "_id": "5051b9a0044a114b42000077",
      "admitType": null,
      "admit_time": null,
      "codes": {
        "CPT": [
          "99241"
        ]
      },
      "description": "Encounter, Performed: Outpatient Consultation",
      "dischargeDisposition": null,
      "discharge_time": null,
      "end_time": 1254369600,
      "free_text": null,
      "mood_code": "EVN",
      "negationInd": null,
      "negationReason": null,
      "performer_id": null,
      "specifics": null,
      "start_time": 1254369600,
      "status_code": null,
      "time": null
    },
    {
      "_id": "5051b9a0044a114b42000079",
      "admitType": null,
      "admit_time": null,
      "codes": {
        "CPT": [
          "99241"
        ]
      },
      "description": "Encounter, Performed: Outpatient Consultation",
      "dischargeDisposition": null,
      "discharge_time": null,
      "end_time": 1264741200,
      "free_text": null,
      "mood_code": "EVN",
      "negationInd": null,
      "negationReason": null,
      "performer_id": null,
      "specifics": null,
      "start_time": 1264741200,
      "status_code": null,
      "time": null
    },
    {
      "_id": "5051b9a0044a114b4200007a",
      "admitType": null,
      "admit_time": null,
      "codes": {
        "CPT": [
          "99241"
        ]
      },
      "description": "Outpatient Consultation",
      "dischargeDisposition": null,
      "discharge_time": null,
      "end_time": 1265000400,
      "free_text": null,
      "mood_code": "EVN",
      "negationInd": null,
      "negationReason": null,
      "performer_id": null,
      "specifics": null,
      "start_time": 1265000400,
      "status_code": null,
      "time": null
    },
    {
      "_id": "5051b9a0044a114b4200007b",
      "admitType": null,
      "admit_time": null,
      "codes": {
        "CPT": [
          "99201"
        ]
      },
      "description": "Encounter, Performed: Office Visit",
      "dischargeDisposition": null,
      "discharge_time": null,
      "end_time": 1275364800,
      "free_text": null,
      "mood_code": "EVN",
      "negationInd": null,
      "negationReason": null,
      "performer_id": null,
      "specifics": null,
      "start_time": 1275364800,
      "status_code": null,
      "time": null
    },
    {
      "_id": "5051b9a0044a114b4200007d",
      "admitType": null,
      "admit_time": null,
      "codes": {
        "CPT": [
          "99201"
        ]
      },
      "description": "Encounter, Performed: Office Visit",
      "dischargeDisposition": null,
      "discharge_time": null,
      "end_time": 1280721600,
      "free_text": null,
      "mood_code": "EVN",
      "negationInd": null,
      "negationReason": null,
      "performer_id": null,
      "specifics": null,
      "start_time": 1280721600,
      "status_code": null,
      "time": null
    }
  ],
  "ethnicity": null,
  "expired": false,
  "first": "GP_Geriatric_DEN",
  "gender": "M",
  "languages": null,
  "last": "0022_0043_0101_0034_Dementia_FSAHip_FSAKnee",
  "marital_status": null,
  "measure_id": "5048a1c6044a111e810002ff",
  "measure_ids": [
    "FSAHip",
    "0034",
    "FSAKnee",
    "DementiaCognitive",
    "FSACHF",
    "0036",
    "0104",
    "0004",
    "0055",
    "0002",
    "0041",
    "ClosingReferralLoop"
  ],
  "measure_period_end": 1293771600000,
  "measure_period_start": 1262322000000,
  "medical_record_number": null,
  "procedures": [
    {
      "_id": "5051b9a0044a114b42000076",
      "codes": {
        "SNOMED-CT": [
          "179344006"
        ],
        "CPT": [
          "27445"
        ]
      },
      "description": "Primary TKA Procedure",
      "end_time": 1251777600,
      "free_text": null,
      "mood_code": "EVN",
      "negationInd": null,
      "negationReason": null,
      "performer_id": null,
      "site": null,
      "specifics": null,
      "start_time": 1251777600,
      "status_code": null,
      "time": null
    },
    {
      "_id": "5051b9a0044a114b42000078",
      "codes": {
        "SNOMED-CT": [
          "15163009"
        ],
        "HCPCS": [
          "S2118"
        ],
        "CPT": [
          "27130"
        ]
      },
      "description": "Procedure, Performed: Primary THA Procedure",
      "end_time": 1257048000,
      "free_text": null,
      "mood_code": "EVN",
      "negationInd": null,
      "negationReason": null,
      "performer_id": null,
      "site": null,
      "specifics": null,
      "start_time": 1257048000,
      "status_code": null,
      "time": null
    }
  ],
  "race": null,
  "religious_affilication": null,
  "source_data_criteria": [
    {
      "id": "EncounterPerformedOutpatientConsultation",
      "start_date": 1249099200000,
      "end_date": 1249099200000,
      "negation": "",
      "negation_code_list_id": null,
      "field_values": {
      }
    },
    {
      "id": "OccurrenceAPrimaryTkaProcedure126",
      "start_date": 1251777600000,
      "end_date": 1251777600000
    },
    {
      "id": "EncounterPerformedOutpatientConsultation",
      "start_date": 1254369600000,
      "end_date": 1254369600000,
      "negation": "",
      "negation_code_list_id": null,
      "field_values": {
      }
    },
    {
      "id": "ProcedurePerformedPrimaryThaProcedure",
      "start_date": 1257048000000,
      "end_date": 1257048000000,
      "negation": "",
      "negation_code_list_id": null,
      "field_values": {
      }
    },
    {
      "id": "EncounterPerformedOutpatientConsultation",
      "start_date": 1264741200000,
      "end_date": 1264741200000,
      "negation": "",
      "negation_code_list_id": null,
      "field_values": {
      }
    },
    {
      "id": "OccurrenceBOutpatientConsultation128",
      "start_date": 1265000400000,
      "end_date": 1265000400000
    },
    {
      "id": "EncounterPerformedOfficeVisit",
      "start_date": 1275364800000,
      "end_date": 1275364800000
    },
    {
      "id": "DiagnosisActiveDementiaMentalDegenerations",
      "start_date": 1275364800000,
      "end_date": 1275364800000
    },
    {
      "id": "EncounterPerformedOfficeVisit",
      "start_date": 1280721600000,
      "end_date": 1280721600000
    },
    {
      "id": "MeasurePeriod",
      "start_date": 1262322000000,
      "end_date": 1293771600000
    }
  ],
  "test_id": null,
  "title": null
}