{
  "_id": "502e1291044a116fd5000001",
  "birthdate": 1213774200,
  "clinicalTrialParticipant": null,
  "conditions": [
    {
      "_id": "5051b9bc044a114b420000cb",
      "causeOfDeath": null,
      "codes": {
        "ICD-10-CM": [
          "J00"
        ],
        "SNOMED-CT": [
          "54150009"
        ],
        "ICD-9-CM": [
          "460"
        ]
      },
      "description": "Diagnosis, Active: Upper Respiratory Infection",
      "end_time": 1270094400,
      "free_text": null,
      "mood_code": "EVN",
      "name": null,
      "negationInd": null,
      "negationReason": null,
      "ordinality": null,
      "priority": null,
      "severity": null,
      "specifics": null,
      "start_time": 1270094400,
      "status_code": {
        "SNOMED-CT": [
          "55561003"
        ],
        "HL7 ActStatus": [
          "active"
        ]
      },
      "time": null,
      "type": null
    }
  ],
  "deathdate": null,
  "description": "",
  "description_category": "DENOM",
  "effective_time": null,
  "elimination_population": null,
  "elimination_reason": null,
  "encounters": [
    {
      "_id": "5051b9bc044a114b420000cc",
      "admitType": null,
      "admit_time": null,
      "codes": {
        "CPT": [
          "99201"
        ]
      },
      "description": "Encounter, Performed: Office Visit",
      "dischargeDisposition": null,
      "discharge_time": null,
      "end_time": 1270094400,
      "free_text": null,
      "mood_code": "EVN",
      "negationInd": null,
      "negationReason": null,
      "performer_id": null,
      "specifics": null,
      "start_time": 1270094400,
      "status_code": null,
      "time": null
    }
  ],
  "ethnicity": null,
  "expired": false,
  "first": "GP_Peds_Immuninzations_DEN",
  "gender": "M",
  "languages": null,
  "last": "0038",
  "marital_status": null,
  "measure_id": "5048a1c6044a111e810002ff",
  "measure_ids": [
    "0038",
    "0069",
    "0405",
    "0002",
    "0041",
    "ClosingReferralLoop"
  ],
  "measure_period_end": 1293771600000,
  "measure_period_start": 1262322000000,
  "medical_record_number": null,
  "medications": [
    {
      "_id": "5051b9bc044a114b420000cd",
      "administrationTiming": null,
      "codes": {
        "RxNorm": [
          "102769"
        ]
      },
      "cumulativeMedicationDuration": null,
      "deliveryMethod": null,
      "description": "Medication, Dispensed: Antibiotic Medications",
      "dose": null,
      "doseIndicator": null,
      "doseRestriction": null,
      "end_time": 1270180800,
      "freeTextSig": null,
      "free_text": null,
      "fulfillmentInstructions": null,
      "indication": null,
      "mood_code": "EVN",
      "negationInd": null,
      "negationReason": null,
      "patientInstructions": null,
      "productForm": null,
      "reaction": null,
      "route": null,
      "site": null,
      "specifics": null,
      "start_time": 1270180800,
      "statusOfMedication": null,
      "status_code": null,
      "time": null,
      "typeOfMedication": null,
      "vehicle": null
    }
  ],
  "race": null,
  "religious_affilication": null,
  "source_data_criteria": [
    {
      "id": "DiagnosisActiveUpperRespiratoryInfection",
      "start_date": 1270094400000,
      "end_date": 1270094400000
    },
    {
      "id": "EncounterPerformedOfficeVisit",
      "start_date": 1270094400000,
      "end_date": 1270094400000
    },
    {
      "id": "MedicationDispensedAntibioticMedications",
      "start_date": 1270180800000,
      "end_date": 1270180800000
    },
    {
      "id": "MeasurePeriod",
      "start_date": 1262322000000,
      "end_date": 1293771600000
    }
  ],
  "test_id": null,
  "title": null,
  "vital_signs": [

  ]
}