{
  "_id": "5034929c044a11167b000047",
  "birthdate": 725877000,
  "clinicalTrialParticipant": null,
  "conditions": [
    {
      "_id": "5051b98a044a114b42000004",
      "causeOfDeath": null,
      "codes": {
        "ICD-10-CM": [
          "J00"
        ],
        "SNOMED-CT": [
          "54150009"
        ],
        "ICD-9-CM": [
          "460"
        ]
      },
      "description": "Diagnosis, Active: Upper Respiratory Infection",
      "end_time": 1264136400,
      "free_text": null,
      "mood_code": "EVN",
      "name": null,
      "negationInd": null,
      "negationReason": null,
      "ordinality": null,
      "priority": null,
      "severity": null,
      "specifics": null,
      "start_time": 1264136400,
      "status_code": {
        "SNOMED-CT": [
          "55561003"
        ],
        "HL7 ActStatus": [
          "active"
        ]
      },
      "time": null,
      "type": null
    },
    {
      "_id": "5051b98a044a114b4200000b",
      "causeOfDeath": null,
      "codes": {
        "SNOMED-CT": [
          "2820279015"
        ],
        "ICD-9-CM": [
          "311"
        ],
        "ICD-10-CM": [
          "F0151"
        ]
      },
      "description": "Diagnosis, Active: Depression diagnosis",
      "end_time": 1265346000,
      "free_text": null,
      "mood_code": "EVN",
      "name": null,
      "negationInd": null,
      "negationReason": null,
      "ordinality": null,
      "priority": null,
      "severity": null,
      "specifics": null,
      "start_time": 1265346000,
      "status_code": {
        "SNOMED-CT": [
          "55561003"
        ],
        "HL7 ActStatus": [
          "active"
        ]
      },
      "time": null,
      "type": null
    },
    {
      "_id": "5051b98a044a114b4200000d",
      "causeOfDeath": null,
      "codes": {
        "SNOMED-CT": [
          "1532007"
        ],
        "ICD-9-CM": [
          "034.0"
        ],
        "ICD-10-CM": [
          "J02.8"
        ]
      },
      "description": "Diagnosis, Active: Acute Pharyngitis",
      "end_time": 1272600000,
      "free_text": null,
      "mood_code": "EVN",
      "name": null,
      "negationInd": null,
      "negationReason": null,
      "ordinality": null,
      "priority": null,
      "severity": null,
      "specifics": null,
      "start_time": 1272600000,
      "status_code": {
        "SNOMED-CT": [
          "55561003"
        ],
        "HL7 ActStatus": [
          "active"
        ]
      },
      "time": null,
      "type": null
    },
    {
      "_id": "5051b98a044a114b42000014",
      "causeOfDeath": null,
      "codes": {
        "ICD-10-CM": [
          "J45.30"
        ],
        "SNOMED-CT": [
          "426656000"
        ]
      },
      "description": "Diagnosis, Active: Persistent Asthma",
      "end_time": 1272600000,
      "free_text": null,
      "mood_code": "EVN",
      "name": null,
      "negationInd": null,
      "negationReason": null,
      "ordinality": null,
      "priority": null,
      "severity": null,
      "specifics": null,
      "start_time": 1272600000,
      "status_code": {
        "SNOMED-CT": [
          "55561003"
        ],
        "HL7 ActStatus": [
          "active"
        ]
      },
      "time": null,
      "type": null
    }
  ],
  "deathdate": null,
  "description": "",
  "description_category": "DENOM",
  "effective_time": null,
  "elimination_population": null,
  "elimination_reason": null,
  "encounters": [
    {
      "_id": "5051b98a044a114b42000001",
      "admitType": null,
      "admit_time": null,
      "codes": {
        "CPT": [
          "99201"
        ]
      },
      "description": "Encounter, Performed: Office Visit",
      "dischargeDisposition": null,
      "discharge_time": null,
      "end_time": 1267160400,
      "free_text": null,
      "mood_code": "EVN",
      "negationInd": null,
      "negationReason": null,
      "performer_id": null,
      "specifics": null,
      "start_time": 1267160400,
      "status_code": null,
      "time": null
    },
    {
      "_id": "5051b98a044a114b42000003",
      "admitType": null,
      "admit_time": null,
      "codes": {
        "CPT": [
          "99391"
        ],
        "SNOMED-CT": [
          "4525004"
        ]
      },
      "description": "Encounter, Performed: Encounter-Influenza",
      "dischargeDisposition": null,
      "discharge_time": null,
      "end_time": 1264741200,
      "free_text": null,
      "mood_code": "EVN",
      "negationInd": null,
      "negationReason": null,
      "performer_id": null,
      "specifics": null,
      "start_time": 1264741200,
      "status_code": null,
      "time": null
    },
    {
      "_id": "5051b98a044a114b42000005",
      "admitType": null,
      "admit_time": null,
      "codes": {
        "CPT": [
          "99201"
        ]
      },
      "description": "Encounter, Performed: Office Visit",
      "dischargeDisposition": null,
      "discharge_time": null,
      "end_time": 1264136400,
      "free_text": null,
      "mood_code": "EVN",
      "negationInd": null,
      "negationReason": null,
      "performer_id": null,
      "specifics": null,
      "start_time": 1264136400,
      "status_code": null,
      "time": null
    },
    {
      "_id": "5051b98a044a114b4200000a",
      "admitType": null,
      "admit_time": null,
      "codes": {
        "CPT": [
          "90801"
        ],
        "SNOMED-CT": [
          "10197000"
        ],
        "HCPCS": [
          "G0101"
        ]
      },
      "description": "Encounter, Performed: Depression Screening Denominator Encounter Codes New",
      "dischargeDisposition": null,
      "discharge_time": null,
      "end_time": 1265346000,
      "free_text": null,
      "mood_code": "EVN",
      "negationInd": null,
      "negationReason": null,
      "performer_id": null,
      "specifics": null,
      "start_time": 1265346000,
      "status_code": null,
      "time": null
    },
    {
      "_id": "5051b98a044a114b42000010",
      "admitType": null,
      "admit_time": null,
      "codes": {
        "CPT": [
          "99201"
        ]
      },
      "description": "Office Visit",
      "dischargeDisposition": null,
      "discharge_time": null,
      "end_time": 1272600000,
      "free_text": null,
      "mood_code": "EVN",
      "negationInd": null,
      "negationReason": null,
      "performer_id": null,
      "specifics": null,
      "start_time": 1272600000,
      "status_code": null,
      "time": null
    }
  ],
  "ethnicity": null,
  "expired": false,
  "first": "GP_Peds_NUM",
  "gender": "F",
  "languages": null,
  "last": "0002_0024_0033_0036_0041_0069_0418",
  "marital_status": null,
  "measure_id": "5048a1c6044a111e810002ff",
  "measure_ids": [
    "0033",
    "0041",
    "0002",
    "0418",
    "0060",
    "0024",
    "0069",
    "0038",
    "0036",
    "0018",
    "0034",
    "ClosingReferralLoop"
  ],
  "measure_period_end": 1293771600000,
  "measure_period_start": 1262322000000,
  "medical_record_number": null,
  "medications": [
    {
      "_id": "5051b98a044a114b4200000c",
      "administrationTiming": null,
      "codes": {
        "RxNorm": [
          "102769"
        ]
      },
      "cumulativeMedicationDuration": null,
      "deliveryMethod": null,
      "description": "Medication, Active: Antibiotic Medications",
      "dose": null,
      "doseIndicator": null,
      "doseRestriction": null,
      "end_time": 1272600000,
      "freeTextSig": null,
      "free_text": null,
      "fulfillmentInstructions": null,
      "indication": null,
      "mood_code": "EVN",
      "negationInd": null,
      "negationReason": null,
      "patientInstructions": null,
      "productForm": null,
      "reaction": null,
      "route": null,
      "site": null,
      "specifics": null,
      "start_time": 1272600000,
      "statusOfMedication": null,
      "status_code": {
        "SNOMED-CT": [
          "55561003"
        ],
        "HL7 ActStatus": [
          "active"
        ]
      },
      "time": null,
      "typeOfMedication": null,
      "vehicle": null
    },
    {
      "_id": "5051b98a044a114b42000013",
      "administrationTiming": null,
      "codes": {
        "RxNorm": [
          "403866"
        ]
      },
      "cumulativeMedicationDuration": null,
      "deliveryMethod": null,
      "description": "Medication, Dispensed: Preferred Asthma Therapy",
      "dose": null,
      "doseIndicator": null,
      "doseRestriction": null,
      "end_time": 1272600000,
      "freeTextSig": null,
      "free_text": null,
      "fulfillmentInstructions": null,
      "indication": null,
      "mood_code": "EVN",
      "negationInd": null,
      "negationReason": null,
      "patientInstructions": null,
      "productForm": null,
      "reaction": null,
      "route": null,
      "site": null,
      "specifics": null,
      "start_time": 1272600000,
      "statusOfMedication": null,
      "status_code": null,
      "time": null,
      "typeOfMedication": null,
      "vehicle": null
    }
  ],
  "procedures": [
    {
      "_id": "5051b98a044a114b42000006",
      "codes": {
        "CPT": [
          "90656"
        ],
        "SNOMED-CT": [
          "86198006"
        ]
      },
      "description": "Procedure, Performed: Influenza Vaccination",
      "end_time": 1264741200,
      "free_text": null,
      "mood_code": "EVN",
      "negationInd": null,
      "negationReason": null,
      "performer_id": null,
      "site": null,
      "specifics": null,
      "start_time": 1264741200,
      "status_code": null,
      "time": null
    },
    {
      "_id": "5051b98a044a114b42000007",
      "codes": {
        "SNOMED-CT": [
          "2763951015"
        ]
      },
      "description": "Intervention, Performed: Additional evaluation for depression - adolescent",
      "end_time": 1265346000,
      "free_text": null,
      "mood_code": "EVN",
      "negationInd": null,
      "negationReason": null,
      "performer_id": null,
      "site": null,
      "specifics": null,
      "start_time": 1265346000,
      "status_code": null,
      "time": null
    },
    {
      "_id": "5051b98a044a114b42000009",
      "codes": {
        "SNOMED-CT": [
          "171207006"
        ],
        "HCPCS": [
          "S3005"
        ],
        "ICD-9-CM": [
          "V79.0"
        ],
        "ICD-10-CM": [
          "Z13.89"
        ]
      },
      "description": "Intervention, Performed: Adolescent Depression Screening",
      "end_time": 1265346000,
      "free_text": null,
      "mood_code": "EVN",
      "negationInd": null,
      "negationReason": null,
      "performer_id": null,
      "site": null,
      "specifics": null,
      "start_time": 1265346000,
      "status_code": null,
      "time": null
    }
  ],
  "race": null,
  "religious_affilication": null,
  "results": [
    {
      "_id": "5051b98a044a114b4200000e",
      "codes": {
        "LOINC": [
          "3137-7"
        ]
      },
      "description": "Physical Exam, Finding: Height",
      "end_time": 1272600000,
      "free_text": null,
      "interpretation": null,
      "mood_code": "EVN",
      "negationInd": null,
      "negationReason": null,
      "referenceRange": null,
      "specifics": null,
      "start_time": 1272600000,
      "status_code": null,
      "time": null
    },
    {
      "_id": "5051b98a044a114b4200000f",
      "codes": {
        "LOINC": [
          "18833-4"
        ]
      },
      "description": "Physical Exam, Finding: Weight",
      "end_time": 1272600000,
      "free_text": null,
      "interpretation": null,
      "mood_code": "EVN",
      "negationInd": null,
      "negationReason": null,
      "referenceRange": null,
      "specifics": null,
      "start_time": 1272600000,
      "status_code": null,
      "time": null
    },
    {
      "_id": "5051b98a044a114b42000011",
      "codes": {
        "LOINC": [
          "59574-4"
        ]
      },
      "description": "Physical Exam, Finding: BMI percentile",
      "end_time": 1272600000,
      "free_text": null,
      "interpretation": null,
      "mood_code": "EVN",
      "negationInd": null,
      "negationReason": null,
      "referenceRange": null,
      "specifics": null,
      "start_time": 1272600000,
      "status_code": null,
      "time": null
    }
  ],
  "source_data_criteria": [
    {
      "id": "EncounterPerformedOfficeVisit",
      "start_date": 1267160400000,
      "end_date": 1267160400000
    },
    {
      "id": "LaboratoryTestPerformedPapTest",
      "start_date": 1270008000000,
      "end_date": 1270008000000
    },
    {
      "id": "EncounterPerformedEncounterInfluenza",
      "start_date": 1264741200000,
      "end_date": 1264741200000,
      "negation": "",
      "negation_code_list_id": null,
      "field_values": {
      }
    },
    {
      "id": "DiagnosisActiveUpperRespiratoryInfection",
      "start_date": 1264136400000,
      "end_date": 1264136400000
    },
    {
      "id": "EncounterPerformedOfficeVisit",
      "start_date": 1264136400000,
      "end_date": 1264136400000
    },
    {
      "id": "ProcedurePerformedInfluenzaVaccination",
      "start_date": 1264741200000,
      "end_date": 1264741200000,
      "negation": "",
      "negation_code_list_id": null,
      "field_values": {
      }
    },
    {
      "id": "InterventionPerformedAdditionalEvaluationForDepressionAdolescent",
      "start_date": 1265346000000,
      "end_date": 1265346000000,
      "negation": "",
      "negation_code_list_id": null,
      "field_values": {
      }
    },
    {
      "id": "LaboratoryTestPerformedGroupAStreptococcusTest",
      "start_date": 1264050000000,
      "end_date": 1264050000000,
      "negation": "",
      "negation_code_list_id": null,
      "field_values": {
      }
    },
    {
      "id": "InterventionPerformedAdolescentDepressionScreening",
      "start_date": 1265346000000,
      "end_date": 1265346000000,
      "negation": "",
      "negation_code_list_id": null,
      "field_values": {
      }
    },
    {
      "id": "EncounterPerformedDepressionScreeningDenominatorEncounterCodesNew",
      "start_date": 1265346000000,
      "end_date": 1265346000000
    },
    {
      "id": "DiagnosisActiveDepressionDiagnosis",
      "start_date": 1265346000000,
      "end_date": 1265346000000,
      "negation": "",
      "negation_code_list_id": null,
      "field_values": {
      }
    },
    {
      "id": "MedicationActiveAntibioticMedications",
      "start_date": 1272600000000,
      "end_date": 1272600000000
    },
    {
      "id": "DiagnosisActiveAcutePharyngitis",
      "start_date": 1272600000000,
      "end_date": 1272600000000
    },
    {
      "id": "PhysicalExamFindingHeight",
      "start_date": 1272600000000,
      "end_date": 1272600000000,
      "negation": "",
      "negation_code_list_id": null,
      "field_values": {
      }
    },
    {
      "id": "PhysicalExamFindingWeight",
      "start_date": 1272600000000,
      "end_date": 1272600000000,
      "negation": "",
      "negation_code_list_id": null,
      "field_values": {
      }
    },
    {
      "id": "OccurrenceAOfficeVisit145",
      "start_date": 1272600000000,
      "end_date": 1272600000000
    },
    {
      "id": "PhysicalExamFindingBmiPercentile",
      "start_date": 1272600000000,
      "end_date": 1272600000000,
      "negation": "",
      "negation_code_list_id": null,
      "field_values": {
      }
    },
    {
      "id": "LaboratoryTestResultChlamydiaScreening",
      "start_date": 1272600000000,
      "end_date": 1272600000000,
      "negation": "",
      "negation_code_list_id": null,
      "field_values": {
      }
    },
    {
      "id": "MedicationDispensedPreferredAsthmaTherapy",
      "start_date": 1272600000000,
      "end_date": 1272600000000,
      "negation": "",
      "negation_code_list_id": null,
      "field_values": {
      }
    },
    {
      "id": "DiagnosisActivePersistentAsthma",
      "start_date": 1272600000000,
      "end_date": 1272600000000
    },
    {
      "id": "MeasurePeriod",
      "start_date": 1262322000000,
      "end_date": 1293771600000
    }
  ],
  "test_id": null,
  "title": null,
  "vital_signs": [
    {
      "_id": "5051b98a044a114b42000002",
      "codes": {
        "LOINC": [
          "10524-7"
        ]
      },
      "description": "Laboratory Test, Performed: Pap Test",
      "end_time": 1270008000,
      "free_text": null,
      "interpretation": null,
      "mood_code": "EVN",
      "negationInd": null,
      "negationReason": null,
      "referenceRange": null,
      "specifics": null,
      "start_time": 1270008000,
      "status_code": null,
      "time": null
    },
    {
      "_id": "5051b98a044a114b42000008",
      "codes": {
        "LOINC": [
          "11268-0"
        ]
      },
      "description": "Laboratory Test, Performed: Group A Streptococcus Test",
      "end_time": 1264050000,
      "free_text": null,
      "interpretation": null,
      "mood_code": "EVN",
      "negationInd": null,
      "negationReason": null,
      "referenceRange": null,
      "specifics": null,
      "start_time": 1264050000,
      "status_code": null,
      "time": null
    },
    {
      "_id": "5051b98a044a114b42000012",
      "codes": {
        "LOINC": [
          "13217-5"
        ]
      },
      "description": "Laboratory Test, Result: Chlamydia Screening",
      "end_time": 1272600000,
      "free_text": null,
      "interpretation": null,
      "mood_code": "EVN",
      "negationInd": null,
      "negationReason": null,
      "referenceRange": null,
      "specifics": null,
      "start_time": 1272600000,
      "status_code": null,
      "time": null
    }
  ]
}