{
  "_id": "502ba17d044a115e7e0001c7",
  "birthdate": 725877000,
  "clinicalTrialParticipant": null,
  "conditions": [
    {
      "_id": "5051b991044a114b42000015",
      "causeOfDeath": null,
      "codes": {
        "ICD-10-CM": [
          "J00"
        ],
        "SNOMED-CT": [
          "54150009"
        ],
        "ICD-9-CM": [
          "460"
        ]
      },
      "description": "Diagnosis, Active: Upper Respiratory Infection",
      "end_time": 1264136400,
      "free_text": null,
      "mood_code": "EVN",
      "name": null,
      "negationInd": null,
      "negationReason": null,
      "ordinality": null,
      "priority": null,
      "severity": null,
      "specifics": null,
      "start_time": 1264136400,
      "status_code": {
        "SNOMED-CT": [
          "55561003"
        ],
        "HL7 ActStatus": [
          "active"
        ]
      },
      "time": null,
      "type": null
    },
    {
      "_id": "5051b991044a114b4200001b",
      "causeOfDeath": null,
      "codes": {
        "ICD-10-CM": [
          "J45.30"
        ],
        "SNOMED-CT": [
          "426656000"
        ]
      },
      "description": "Diagnosis, Active: Persistent Asthma",
      "end_time": 1272600000,
      "free_text": null,
      "mood_code": "EVN",
      "name": null,
      "negationInd": null,
      "negationReason": null,
      "ordinality": null,
      "priority": null,
      "severity": null,
      "specifics": null,
      "start_time": 1272600000,
      "status_code": {
        "SNOMED-CT": [
          "55561003"
        ],
        "HL7 ActStatus": [
          "active"
        ]
      },
      "time": null,
      "type": null
    },
    {
      "_id": "5051b991044a114b4200001d",
      "causeOfDeath": null,
      "codes": {
        "SNOMED-CT": [
          "1532007"
        ],
        "ICD-9-CM": [
          "034.0"
        ],
        "ICD-10-CM": [
          "J02.8"
        ]
      },
      "description": "Diagnosis, Active: Acute Pharyngitis",
      "end_time": 1272600000,
      "free_text": null,
      "mood_code": "EVN",
      "name": null,
      "negationInd": null,
      "negationReason": null,
      "ordinality": null,
      "priority": null,
      "severity": null,
      "specifics": null,
      "start_time": 1272600000,
      "status_code": {
        "SNOMED-CT": [
          "55561003"
        ],
        "HL7 ActStatus": [
          "active"
        ]
      },
      "time": null,
      "type": null
    }
  ],
  "deathdate": null,
  "description": "",
  "description_category": "DENOM",
  "effective_time": null,
  "elimination_population": null,
  "elimination_reason": null,
  "encounters": [
    {
      "_id": "5051b991044a114b42000016",
      "admitType": null,
      "admit_time": null,
      "codes": {
        "CPT": [
          "99201"
        ]
      },
      "description": "Encounter, Performed: Office Visit",
      "dischargeDisposition": null,
      "discharge_time": null,
      "end_time": 1264136400,
      "free_text": null,
      "mood_code": "EVN",
      "negationInd": null,
      "negationReason": null,
      "performer_id": null,
      "specifics": null,
      "start_time": 1264136400,
      "status_code": null,
      "time": null
    },
    {
      "_id": "5051b991044a114b42000017",
      "admitType": null,
      "admit_time": null,
      "codes": {
        "CPT": [
          "99391"
        ],
        "SNOMED-CT": [
          "4525004"
        ]
      },
      "description": "Encounter, Performed: Encounter-Influenza",
      "dischargeDisposition": null,
      "discharge_time": null,
      "end_time": 1264741200,
      "free_text": null,
      "mood_code": "EVN",
      "negationInd": null,
      "negationReason": null,
      "performer_id": null,
      "specifics": null,
      "start_time": 1264741200,
      "status_code": null,
      "time": null
    },
    {
      "_id": "5051b991044a114b42000018",
      "admitType": null,
      "admit_time": null,
      "codes": {
        "CPT": [
          "90801"
        ],
        "SNOMED-CT": [
          "10197000"
        ],
        "HCPCS": [
          "G0101"
        ]
      },
      "description": "Encounter, Performed: Depression Screening Denominator Encounter Codes New",
      "dischargeDisposition": null,
      "discharge_time": null,
      "end_time": 1265346000,
      "free_text": null,
      "mood_code": "EVN",
      "negationInd": null,
      "negationReason": null,
      "performer_id": null,
      "specifics": null,
      "start_time": 1265346000,
      "status_code": null,
      "time": null
    },
    {
      "_id": "5051b991044a114b42000019",
      "admitType": null,
      "admit_time": null,
      "codes": {
        "CPT": [
          "99201"
        ]
      },
      "description": "Encounter, Performed: Office Visit",
      "dischargeDisposition": null,
      "discharge_time": null,
      "end_time": 1267160400,
      "free_text": null,
      "mood_code": "EVN",
      "negationInd": null,
      "negationReason": null,
      "performer_id": null,
      "specifics": null,
      "start_time": 1267160400,
      "status_code": null,
      "time": null
    },
    {
      "_id": "5051b991044a114b4200001e",
      "admitType": null,
      "admit_time": null,
      "codes": {
        "CPT": [
          "99201"
        ]
      },
      "description": "Office Visit",
      "dischargeDisposition": null,
      "discharge_time": null,
      "end_time": 1272600000,
      "free_text": null,
      "mood_code": "EVN",
      "negationInd": null,
      "negationReason": null,
      "performer_id": null,
      "specifics": null,
      "start_time": 1272600000,
      "status_code": null,
      "time": null
    }
  ],
  "ethnicity": null,
  "expired": false,
  "first": "GP_Peds_DEN",
  "gender": "F",
  "languages": null,
  "last": "0002_0024_0033_0036_0041_0069_0418",
  "marital_status": null,
  "measure_id": "5048a1c6044a111e810002ff",
  "measure_ids": [
    "0033",
    "0041",
    "0002",
    "0418",
    "0060",
    "0024",
    "0069",
    "0038",
    "0036",
    "0028",
    "0110",
    "ClosingReferralLoop"
  ],
  "measure_period_end": 1293771600000,
  "measure_period_start": 1262322000000,
  "medical_record_number": null,
  "medications": [
    {
      "_id": "5051b991044a114b4200001c",
      "administrationTiming": null,
      "codes": {
        "RxNorm": [
          "102769"
        ]
      },
      "cumulativeMedicationDuration": null,
      "deliveryMethod": null,
      "description": "Medication, Active: Antibiotic Medications",
      "dose": null,
      "doseIndicator": null,
      "doseRestriction": null,
      "end_time": 1272600000,
      "freeTextSig": null,
      "free_text": null,
      "fulfillmentInstructions": null,
      "indication": null,
      "mood_code": "EVN",
      "negationInd": null,
      "negationReason": null,
      "patientInstructions": null,
      "productForm": null,
      "reaction": null,
      "route": null,
      "site": null,
      "specifics": null,
      "start_time": 1272600000,
      "statusOfMedication": null,
      "status_code": {
        "SNOMED-CT": [
          "55561003"
        ],
        "HL7 ActStatus": [
          "active"
        ]
      },
      "time": null,
      "typeOfMedication": null,
      "vehicle": null
    }
  ],
  "race": null,
  "religious_affilication": null,
  "source_data_criteria": [
    {
      "id": "DiagnosisActiveUpperRespiratoryInfection",
      "start_date": 1264136400000,
      "end_date": 1264136400000
    },
    {
      "id": "EncounterPerformedOfficeVisit",
      "start_date": 1264136400000,
      "end_date": 1264136400000
    },
    {
      "id": "EncounterPerformedEncounterInfluenza",
      "start_date": 1264741200000,
      "end_date": 1264741200000,
      "negation": "",
      "negation_code_list_id": null,
      "field_values": {
      }
    },
    {
      "id": "EncounterPerformedDepressionScreeningDenominatorEncounterCodesNew",
      "start_date": 1265346000000,
      "end_date": 1265346000000
    },
    {
      "id": "EncounterPerformedOfficeVisit",
      "start_date": 1267160400000,
      "end_date": 1267160400000
    },
    {
      "id": "LaboratoryTestPerformedPapTest",
      "start_date": 1270008000000,
      "end_date": 1270008000000
    },
    {
      "id": "DiagnosisActivePersistentAsthma",
      "start_date": 1272600000000,
      "end_date": 1272600000000
    },
    {
      "id": "MedicationActiveAntibioticMedications",
      "start_date": 1272600000000,
      "end_date": 1272600000000
    },
    {
      "id": "DiagnosisActiveAcutePharyngitis",
      "start_date": 1272600000000,
      "end_date": 1272600000000
    },
    {
      "id": "OccurrenceAOfficeVisit145",
      "start_date": 1272600000000,
      "end_date": 1272600000000
    },
    {
      "id": "MeasurePeriod",
      "start_date": 1262322000000,
      "end_date": 1293771600000
    }
  ],
  "test_id": null,
  "title": null,
  "vital_signs": [
    {
      "_id": "5051b991044a114b4200001a",
      "codes": {
        "LOINC": [
          "10524-7"
        ]
      },
      "description": "Laboratory Test, Performed: Pap Test",
      "end_time": 1270008000,
      "free_text": null,
      "interpretation": null,
      "mood_code": "EVN",
      "negationInd": null,
      "negationReason": null,
      "referenceRange": null,
      "specifics": null,
      "start_time": 1270008000,
      "status_code": null,
      "time": null
    }
  ]
}