{
  "_id": "50324c38044a111444000114",
  "birthdate": 1213774200,
  "clinicalTrialParticipant": null,
  "conditions": [
    {
      "_id": "5051b9b9044a114b420000c8",
      "causeOfDeath": null,
      "codes": {
        "ICD-10-CM": [
          "J00"
        ],
        "SNOMED-CT": [
          "54150009"
        ],
        "ICD-9-CM": [
          "460"
        ]
      },
      "description": "Diagnosis, Active: Upper Respiratory Infection",
      "end_time": 1270094400,
      "free_text": null,
      "mood_code": "EVN",
      "name": null,
      "negationInd": null,
      "negationReason": null,
      "ordinality": null,
      "priority": null,
      "severity": null,
      "specifics": null,
      "start_time": 1270094400,
      "status_code": {
        "SNOMED-CT": [
          "55561003"
        ],
        "HL7 ActStatus": [
          "active"
        ]
      },
      "time": null,
      "type": null
    }
  ],
  "deathdate": null,
  "description": "",
  "description_category": "NUMER",
  "effective_time": null,
  "elimination_population": null,
  "elimination_reason": null,
  "encounters": [
    {
      "_id": "5051b9b9044a114b420000ac",
      "admitType": null,
      "admit_time": null,
      "codes": {
        "CPT": [
          "99201"
        ]
      },
      "description": "Encounter, Performed: Office Visit",
      "dischargeDisposition": null,
      "discharge_time": null,
      "end_time": 1220241600,
      "free_text": null,
      "mood_code": "EVN",
      "negationInd": null,
      "negationReason": null,
      "performer_id": null,
      "specifics": null,
      "start_time": 1220241600,
      "status_code": null,
      "time": null
    },
    {
      "_id": "5051b9b9044a114b420000b5",
      "admitType": null,
      "admit_time": null,
      "codes": {
        "CPT": [
          "99201"
        ]
      },
      "description": "Encounter, Performed: Office Visit",
      "dischargeDisposition": null,
      "discharge_time": null,
      "end_time": 1235883600,
      "free_text": null,
      "mood_code": "EVN",
      "negationInd": null,
      "negationReason": null,
      "performer_id": null,
      "specifics": null,
      "start_time": 1235883600,
      "status_code": null,
      "time": null
    },
    {
      "_id": "5051b9b9044a114b420000be",
      "admitType": null,
      "admit_time": null,
      "codes": {
        "CPT": [
          "99201"
        ]
      },
      "description": "Encounter, Performed: Office Visit",
      "dischargeDisposition": null,
      "discharge_time": null,
      "end_time": 1259643600,
      "free_text": null,
      "mood_code": "EVN",
      "negationInd": null,
      "negationReason": null,
      "performer_id": null,
      "specifics": null,
      "start_time": 1259643600,
      "status_code": null,
      "time": null
    },
    {
      "_id": "5051b9b9044a114b420000c4",
      "admitType": null,
      "admit_time": null,
      "codes": {
        "CPT": [
          "99201"
        ]
      },
      "description": "Encounter, Performed: Office Visit",
      "dischargeDisposition": null,
      "discharge_time": null,
      "end_time": 1270094400,
      "free_text": null,
      "mood_code": "EVN",
      "negationInd": null,
      "negationReason": null,
      "performer_id": null,
      "specifics": null,
      "start_time": 1270094400,
      "status_code": null,
      "time": null
    }
  ],
  "ethnicity": null,
  "expired": false,
  "first": "GP_Peds_Immuninzations_NUM",
  "gender": "M",
  "languages": null,
  "last": "0038",
  "marital_status": null,
  "measure_id": "5048a1c6044a111e810002ff",
  "measure_ids": [
    "0038",
    "0069",
    "0022",
    "0002",
    "0036",
    "ClosingReferralLoop"
  ],
  "measure_period_end": 1293771600000,
  "measure_period_start": 1262322000000,
  "medical_record_number": null,
  "medications": [
    {
      "_id": "5051b9b9044a114b420000a9",
      "administrationTiming": null,
      "codes": {
        "CVX": [
          "20"
        ]
      },
      "cumulativeMedicationDuration": null,
      "deliveryMethod": null,
      "description": "Medication, Administered: DTaP Vaccine",
      "dose": null,
      "doseIndicator": null,
      "doseRestriction": null,
      "end_time": 1259643600,
      "freeTextSig": null,
      "free_text": null,
      "fulfillmentInstructions": null,
      "indication": null,
      "mood_code": "EVN",
      "negationInd": null,
      "negationReason": null,
      "patientInstructions": null,
      "productForm": null,
      "reaction": null,
      "route": null,
      "site": null,
      "specifics": null,
      "start_time": 1259643600,
      "statusOfMedication": null,
      "status_code": null,
      "time": null,
      "typeOfMedication": null,
      "vehicle": null
    },
    {
      "_id": "5051b9b9044a114b420000aa",
      "administrationTiming": null,
      "codes": {
        "CVX": [
          "10"
        ]
      },
      "cumulativeMedicationDuration": null,
      "deliveryMethod": null,
      "description": "Medication, Administered: Inactivated Polio Vaccine (IPV)",
      "dose": null,
      "doseIndicator": null,
      "doseRestriction": null,
      "end_time": 1259643600,
      "freeTextSig": null,
      "free_text": null,
      "fulfillmentInstructions": null,
      "indication": null,
      "mood_code": "EVN",
      "negationInd": null,
      "negationReason": null,
      "patientInstructions": null,
      "productForm": null,
      "reaction": null,
      "route": null,
      "site": null,
      "specifics": null,
      "start_time": 1259643600,
      "statusOfMedication": null,
      "status_code": null,
      "time": null,
      "typeOfMedication": null,
      "vehicle": null
    },
    {
      "_id": "5051b9b9044a114b420000ab",
      "administrationTiming": null,
      "codes": {
        "CVX": [
          "10"
        ]
      },
      "cumulativeMedicationDuration": null,
      "deliveryMethod": null,
      "description": "Medication, Administered: Inactivated Polio Vaccine (IPV)",
      "dose": null,
      "doseIndicator": null,
      "doseRestriction": null,
      "end_time": 1220241600,
      "freeTextSig": null,
      "free_text": null,
      "fulfillmentInstructions": null,
      "indication": null,
      "mood_code": "EVN",
      "negationInd": null,
      "negationReason": null,
      "patientInstructions": null,
      "productForm": null,
      "reaction": null,
      "route": null,
      "site": null,
      "specifics": null,
      "start_time": 1220241600,
      "statusOfMedication": null,
      "status_code": null,
      "time": null,
      "typeOfMedication": null,
      "vehicle": null
    },
    {
      "_id": "5051b9b9044a114b420000ad",
      "administrationTiming": null,
      "codes": {
        "CVX": [
          "20"
        ]
      },
      "cumulativeMedicationDuration": null,
      "deliveryMethod": null,
      "description": "Medication, Administered: DTaP Vaccine",
      "dose": null,
      "doseIndicator": null,
      "doseRestriction": null,
      "end_time": 1220241600,
      "freeTextSig": null,
      "free_text": null,
      "fulfillmentInstructions": null,
      "indication": null,
      "mood_code": "EVN",
      "negationInd": null,
      "negationReason": null,
      "patientInstructions": null,
      "productForm": null,
      "reaction": null,
      "route": null,
      "site": null,
      "specifics": null,
      "start_time": 1220241600,
      "statusOfMedication": null,
      "status_code": null,
      "time": null,
      "typeOfMedication": null,
      "vehicle": null
    },
    {
      "_id": "5051b9b9044a114b420000ae",
      "administrationTiming": null,
      "codes": {
        "CVX": [
          "08"
        ]
      },
      "cumulativeMedicationDuration": null,
      "deliveryMethod": null,
      "description": "Medication, Administered: Hepatitis B Vaccine",
      "dose": null,
      "doseIndicator": null,
      "doseRestriction": null,
      "end_time": 1220241600,
      "freeTextSig": null,
      "free_text": null,
      "fulfillmentInstructions": null,
      "indication": null,
      "mood_code": "EVN",
      "negationInd": null,
      "negationReason": null,
      "patientInstructions": null,
      "productForm": null,
      "reaction": null,
      "route": null,
      "site": null,
      "specifics": null,
      "start_time": 1220241600,
      "statusOfMedication": null,
      "status_code": null,
      "time": null,
      "typeOfMedication": null,
      "vehicle": null
    },
    {
      "_id": "5051b9b9044a114b420000af",
      "administrationTiming": null,
      "codes": {
        "CVX": [
          "48"
        ]
      },
      "cumulativeMedicationDuration": null,
      "deliveryMethod": null,
      "description": "Medication, Administered: Hemophilus Influenze B (HiB) Vaccine",
      "dose": null,
      "doseIndicator": null,
      "doseRestriction": null,
      "end_time": 1220241600,
      "freeTextSig": null,
      "free_text": null,
      "fulfillmentInstructions": null,
      "indication": null,
      "mood_code": "EVN",
      "negationInd": null,
      "negationReason": null,
      "patientInstructions": null,
      "productForm": null,
      "reaction": null,
      "route": null,
      "site": null,
      "specifics": null,
      "start_time": 1220241600,
      "statusOfMedication": null,
      "status_code": null,
      "time": null,
      "typeOfMedication": null,
      "vehicle": null
    },
    {
      "_id": "5051b9b9044a114b420000b0",
      "administrationTiming": null,
      "codes": {
        "CVX": [
          "33"
        ]
      },
      "cumulativeMedicationDuration": null,
      "deliveryMethod": null,
      "description": "Medication, Administered: Pneumococcal Conjugate Vaccine",
      "dose": null,
      "doseIndicator": null,
      "doseRestriction": null,
      "end_time": 1220241600,
      "freeTextSig": null,
      "free_text": null,
      "fulfillmentInstructions": null,
      "indication": null,
      "mood_code": "EVN",
      "negationInd": null,
      "negationReason": null,
      "patientInstructions": null,
      "productForm": null,
      "reaction": null,
      "route": null,
      "site": null,
      "specifics": null,
      "start_time": 1220241600,
      "statusOfMedication": null,
      "status_code": null,
      "time": null,
      "typeOfMedication": null,
      "vehicle": null
    },
    {
      "_id": "5051b9b9044a114b420000b1",
      "administrationTiming": null,
      "codes": {
        "CVX": [
          "33"
        ]
      },
      "cumulativeMedicationDuration": null,
      "deliveryMethod": null,
      "description": "Medication, Administered: Pneumococcal Conjugate Vaccine",
      "dose": null,
      "doseIndicator": null,
      "doseRestriction": null,
      "end_time": 1235883600,
      "freeTextSig": null,
      "free_text": null,
      "fulfillmentInstructions": null,
      "indication": null,
      "mood_code": "EVN",
      "negationInd": null,
      "negationReason": null,
      "patientInstructions": null,
      "productForm": null,
      "reaction": null,
      "route": null,
      "site": null,
      "specifics": null,
      "start_time": 1235883600,
      "statusOfMedication": null,
      "status_code": null,
      "time": null,
      "typeOfMedication": null,
      "vehicle": null
    },
    {
      "_id": "5051b9b9044a114b420000b2",
      "administrationTiming": null,
      "codes": {
        "CVX": [
          "48"
        ]
      },
      "cumulativeMedicationDuration": null,
      "deliveryMethod": null,
      "description": "Medication, Administered: Hemophilus Influenze B (HiB) Vaccine",
      "dose": null,
      "doseIndicator": null,
      "doseRestriction": null,
      "end_time": 1235883600,
      "freeTextSig": null,
      "free_text": null,
      "fulfillmentInstructions": null,
      "indication": null,
      "mood_code": "EVN",
      "negationInd": null,
      "negationReason": null,
      "patientInstructions": null,
      "productForm": null,
      "reaction": null,
      "route": null,
      "site": null,
      "specifics": null,
      "start_time": 1235883600,
      "statusOfMedication": null,
      "status_code": null,
      "time": null,
      "typeOfMedication": null,
      "vehicle": null
    },
    {
      "_id": "5051b9b9044a114b420000b3",
      "administrationTiming": null,
      "codes": {
        "CVX": [
          "08"
        ]
      },
      "cumulativeMedicationDuration": null,
      "deliveryMethod": null,
      "description": "Medication, Administered: Hepatitis B Vaccine",
      "dose": null,
      "doseIndicator": null,
      "doseRestriction": null,
      "end_time": 1235883600,
      "freeTextSig": null,
      "free_text": null,
      "fulfillmentInstructions": null,
      "indication": null,
      "mood_code": "EVN",
      "negationInd": null,
      "negationReason": null,
      "patientInstructions": null,
      "productForm": null,
      "reaction": null,
      "route": null,
      "site": null,
      "specifics": null,
      "start_time": 1235883600,
      "statusOfMedication": null,
      "status_code": null,
      "time": null,
      "typeOfMedication": null,
      "vehicle": null
    },
    {
      "_id": "5051b9b9044a114b420000b4",
      "administrationTiming": null,
      "codes": {
        "CVX": [
          "10"
        ]
      },
      "cumulativeMedicationDuration": null,
      "deliveryMethod": null,
      "description": "Medication, Administered: Inactivated Polio Vaccine (IPV)",
      "dose": null,
      "doseIndicator": null,
      "doseRestriction": null,
      "end_time": 1235883600,
      "freeTextSig": null,
      "free_text": null,
      "fulfillmentInstructions": null,
      "indication": null,
      "mood_code": "EVN",
      "negationInd": null,
      "negationReason": null,
      "patientInstructions": null,
      "productForm": null,
      "reaction": null,
      "route": null,
      "site": null,
      "specifics": null,
      "start_time": 1235883600,
      "statusOfMedication": null,
      "status_code": null,
      "time": null,
      "typeOfMedication": null,
      "vehicle": null
    },
    {
      "_id": "5051b9b9044a114b420000b6",
      "administrationTiming": null,
      "codes": {
        "CVX": [
          "116"
        ]
      },
      "cumulativeMedicationDuration": null,
      "deliveryMethod": null,
      "description": "Medication, Administered: Rotavirus Vaccine (3 dose schedule)",
      "dose": null,
      "doseIndicator": null,
      "doseRestriction": null,
      "end_time": 1235883600,
      "freeTextSig": null,
      "free_text": null,
      "fulfillmentInstructions": null,
      "indication": null,
      "mood_code": "EVN",
      "negationInd": null,
      "negationReason": null,
      "patientInstructions": null,
      "productForm": null,
      "reaction": null,
      "route": null,
      "site": null,
      "specifics": null,
      "start_time": 1235883600,
      "statusOfMedication": null,
      "status_code": null,
      "time": null,
      "typeOfMedication": null,
      "vehicle": null
    },
    {
      "_id": "5051b9b9044a114b420000b7",
      "administrationTiming": null,
      "codes": {
        "CVX": [
          "20"
        ]
      },
      "cumulativeMedicationDuration": null,
      "deliveryMethod": null,
      "description": "Medication, Administered: DTaP Vaccine",
      "dose": null,
      "doseIndicator": null,
      "doseRestriction": null,
      "end_time": 1235883600,
      "freeTextSig": null,
      "free_text": null,
      "fulfillmentInstructions": null,
      "indication": null,
      "mood_code": "EVN",
      "negationInd": null,
      "negationReason": null,
      "patientInstructions": null,
      "productForm": null,
      "reaction": null,
      "route": null,
      "site": null,
      "specifics": null,
      "start_time": 1235883600,
      "statusOfMedication": null,
      "status_code": null,
      "time": null,
      "typeOfMedication": null,
      "vehicle": null
    },
    {
      "_id": "5051b9b9044a114b420000b8",
      "administrationTiming": null,
      "codes": {
        "CVX": [
          "111"
        ]
      },
      "cumulativeMedicationDuration": null,
      "deliveryMethod": null,
      "description": "Medication, Administered: Influenza Vaccine",
      "dose": null,
      "doseIndicator": null,
      "doseRestriction": null,
      "end_time": 1235883600,
      "freeTextSig": null,
      "free_text": null,
      "fulfillmentInstructions": null,
      "indication": null,
      "mood_code": "EVN",
      "negationInd": null,
      "negationReason": null,
      "patientInstructions": null,
      "productForm": null,
      "reaction": null,
      "route": null,
      "site": null,
      "specifics": null,
      "start_time": 1235883600,
      "statusOfMedication": null,
      "status_code": null,
      "time": null,
      "typeOfMedication": null,
      "vehicle": null
    },
    {
      "_id": "5051b9b9044a114b420000b9",
      "administrationTiming": null,
      "codes": {
        "CVX": [
          "33"
        ]
      },
      "cumulativeMedicationDuration": null,
      "deliveryMethod": null,
      "description": "Medication, Administered: Pneumococcal Conjugate Vaccine",
      "dose": null,
      "doseIndicator": null,
      "doseRestriction": null,
      "end_time": 1259643600,
      "freeTextSig": null,
      "free_text": null,
      "fulfillmentInstructions": null,
      "indication": null,
      "mood_code": "EVN",
      "negationInd": null,
      "negationReason": null,
      "patientInstructions": null,
      "productForm": null,
      "reaction": null,
      "route": null,
      "site": null,
      "specifics": null,
      "start_time": 1259643600,
      "statusOfMedication": null,
      "status_code": null,
      "time": null,
      "typeOfMedication": null,
      "vehicle": null
    },
    {
      "_id": "5051b9b9044a114b420000ba",
      "administrationTiming": null,
      "codes": {
        "CVX": [
          "111"
        ]
      },
      "cumulativeMedicationDuration": null,
      "deliveryMethod": null,
      "description": "Medication, Administered: Influenza Vaccine",
      "dose": null,
      "doseIndicator": null,
      "doseRestriction": null,
      "end_time": 1259643600,
      "freeTextSig": null,
      "free_text": null,
      "fulfillmentInstructions": null,
      "indication": null,
      "mood_code": "EVN",
      "negationInd": null,
      "negationReason": null,
      "patientInstructions": null,
      "productForm": null,
      "reaction": null,
      "route": null,
      "site": null,
      "specifics": null,
      "start_time": 1259643600,
      "statusOfMedication": null,
      "status_code": null,
      "time": null,
      "typeOfMedication": null,
      "vehicle": null
    },
    {
      "_id": "5051b9b9044a114b420000bb",
      "administrationTiming": null,
      "codes": {
        "CVX": [
          "08"
        ]
      },
      "cumulativeMedicationDuration": null,
      "deliveryMethod": null,
      "description": "Medication, Administered: Hepatitis B Vaccine",
      "dose": null,
      "doseIndicator": null,
      "doseRestriction": null,
      "end_time": 1259643600,
      "freeTextSig": null,
      "free_text": null,
      "fulfillmentInstructions": null,
      "indication": null,
      "mood_code": "EVN",
      "negationInd": null,
      "negationReason": null,
      "patientInstructions": null,
      "productForm": null,
      "reaction": null,
      "route": null,
      "site": null,
      "specifics": null,
      "start_time": 1259643600,
      "statusOfMedication": null,
      "status_code": null,
      "time": null,
      "typeOfMedication": null,
      "vehicle": null
    },
    {
      "_id": "5051b9b9044a114b420000bc",
      "administrationTiming": null,
      "codes": {
        "CVX": [
          "116"
        ]
      },
      "cumulativeMedicationDuration": null,
      "deliveryMethod": null,
      "description": "Medication, Administered: Rotavirus Vaccine (3 dose schedule)",
      "dose": null,
      "doseIndicator": null,
      "doseRestriction": null,
      "end_time": 1259643600,
      "freeTextSig": null,
      "free_text": null,
      "fulfillmentInstructions": null,
      "indication": null,
      "mood_code": "EVN",
      "negationInd": null,
      "negationReason": null,
      "patientInstructions": null,
      "productForm": null,
      "reaction": null,
      "route": null,
      "site": null,
      "specifics": null,
      "start_time": 1259643600,
      "statusOfMedication": null,
      "status_code": null,
      "time": null,
      "typeOfMedication": null,
      "vehicle": null
    },
    {
      "_id": "5051b9b9044a114b420000bd",
      "administrationTiming": null,
      "codes": {
        "CVX": [
          "48"
        ]
      },
      "cumulativeMedicationDuration": null,
      "deliveryMethod": null,
      "description": "Medication, Administered: Hemophilus Influenze B (HiB) Vaccine",
      "dose": null,
      "doseIndicator": null,
      "doseRestriction": null,
      "end_time": 1259643600,
      "freeTextSig": null,
      "free_text": null,
      "fulfillmentInstructions": null,
      "indication": null,
      "mood_code": "EVN",
      "negationInd": null,
      "negationReason": null,
      "patientInstructions": null,
      "productForm": null,
      "reaction": null,
      "route": null,
      "site": null,
      "specifics": null,
      "start_time": 1259643600,
      "statusOfMedication": null,
      "status_code": null,
      "time": null,
      "typeOfMedication": null,
      "vehicle": null
    },
    {
      "_id": "5051b9b9044a114b420000bf",
      "administrationTiming": null,
      "codes": {
        "CVX": [
          "10"
        ]
      },
      "cumulativeMedicationDuration": null,
      "deliveryMethod": null,
      "description": "Medication, Administered: Inactivated Polio Vaccine (IPV)",
      "dose": null,
      "doseIndicator": null,
      "doseRestriction": null,
      "end_time": 1267419600,
      "freeTextSig": null,
      "free_text": null,
      "fulfillmentInstructions": null,
      "indication": null,
      "mood_code": "EVN",
      "negationInd": null,
      "negationReason": null,
      "patientInstructions": null,
      "productForm": null,
      "reaction": null,
      "route": null,
      "site": null,
      "specifics": null,
      "start_time": 1267419600,
      "statusOfMedication": null,
      "status_code": null,
      "time": null,
      "typeOfMedication": null,
      "vehicle": null
    },
    {
      "_id": "5051b9b9044a114b420000c0",
      "administrationTiming": null,
      "codes": {
        "CVX": [
          "111"
        ]
      },
      "cumulativeMedicationDuration": null,
      "deliveryMethod": null,
      "description": "Medication, Administered: Influenza Vaccine",
      "dose": null,
      "doseIndicator": null,
      "doseRestriction": null,
      "end_time": 1270094400,
      "freeTextSig": null,
      "free_text": null,
      "fulfillmentInstructions": null,
      "indication": null,
      "mood_code": "EVN",
      "negationInd": null,
      "negationReason": null,
      "patientInstructions": null,
      "productForm": null,
      "reaction": null,
      "route": null,
      "site": null,
      "specifics": null,
      "start_time": 1270094400,
      "statusOfMedication": null,
      "status_code": null,
      "time": null,
      "typeOfMedication": null,
      "vehicle": null
    },
    {
      "_id": "5051b9b9044a114b420000c1",
      "administrationTiming": null,
      "codes": {
        "CVX": [
          "83"
        ]
      },
      "cumulativeMedicationDuration": null,
      "deliveryMethod": null,
      "description": "Medication, Administered: Hepatitis A Vaccine",
      "dose": null,
      "doseIndicator": null,
      "doseRestriction": null,
      "end_time": 1270094400,
      "freeTextSig": null,
      "free_text": null,
      "fulfillmentInstructions": null,
      "indication": null,
      "mood_code": "EVN",
      "negationInd": null,
      "negationReason": null,
      "patientInstructions": null,
      "productForm": null,
      "reaction": null,
      "route": null,
      "site": null,
      "specifics": null,
      "start_time": 1270094400,
      "statusOfMedication": null,
      "status_code": null,
      "time": null,
      "typeOfMedication": null,
      "vehicle": null
    },
    {
      "_id": "5051b9b9044a114b420000c2",
      "administrationTiming": null,
      "codes": {
        "CVX": [
          "03"
        ]
      },
      "cumulativeMedicationDuration": null,
      "deliveryMethod": null,
      "description": "Medication, Administered: Measles, Mumps and Rubella (MMR) Vaccine",
      "dose": null,
      "doseIndicator": null,
      "doseRestriction": null,
      "end_time": 1270094400,
      "freeTextSig": null,
      "free_text": null,
      "fulfillmentInstructions": null,
      "indication": null,
      "mood_code": "EVN",
      "negationInd": null,
      "negationReason": null,
      "patientInstructions": null,
      "productForm": null,
      "reaction": null,
      "route": null,
      "site": null,
      "specifics": null,
      "start_time": 1270094400,
      "statusOfMedication": null,
      "status_code": null,
      "time": null,
      "typeOfMedication": null,
      "vehicle": null
    },
    {
      "_id": "5051b9b9044a114b420000c3",
      "administrationTiming": null,
      "codes": {
        "CVX": [
          "33"
        ]
      },
      "cumulativeMedicationDuration": null,
      "deliveryMethod": null,
      "description": "Medication, Administered: Pneumococcal Conjugate Vaccine",
      "dose": null,
      "doseIndicator": null,
      "doseRestriction": null,
      "end_time": 1270094400,
      "freeTextSig": null,
      "free_text": null,
      "fulfillmentInstructions": null,
      "indication": null,
      "mood_code": "EVN",
      "negationInd": null,
      "negationReason": null,
      "patientInstructions": null,
      "productForm": null,
      "reaction": null,
      "route": null,
      "site": null,
      "specifics": null,
      "start_time": 1270094400,
      "statusOfMedication": null,
      "status_code": null,
      "time": null,
      "typeOfMedication": null,
      "vehicle": null
    },
    {
      "_id": "5051b9b9044a114b420000c5",
      "administrationTiming": null,
      "codes": {
        "CVX": [
          "21"
        ]
      },
      "cumulativeMedicationDuration": null,
      "deliveryMethod": null,
      "description": "Medication, Administered: Varicella Zoster Vaccine (VZV)",
      "dose": null,
      "doseIndicator": null,
      "doseRestriction": null,
      "end_time": 1270094400,
      "freeTextSig": null,
      "free_text": null,
      "fulfillmentInstructions": null,
      "indication": null,
      "mood_code": "EVN",
      "negationInd": null,
      "negationReason": null,
      "patientInstructions": null,
      "productForm": null,
      "reaction": null,
      "route": null,
      "site": null,
      "specifics": null,
      "start_time": 1270094400,
      "statusOfMedication": null,
      "status_code": null,
      "time": null,
      "typeOfMedication": null,
      "vehicle": null
    },
    {
      "_id": "5051b9b9044a114b420000c6",
      "administrationTiming": null,
      "codes": {
        "CVX": [
          "48"
        ]
      },
      "cumulativeMedicationDuration": null,
      "deliveryMethod": null,
      "description": "Medication, Administered: Hemophilus Influenze B (HiB) Vaccine",
      "dose": null,
      "doseIndicator": null,
      "doseRestriction": null,
      "end_time": 1262322000,
      "freeTextSig": null,
      "free_text": null,
      "fulfillmentInstructions": null,
      "indication": null,
      "mood_code": "EVN",
      "negationInd": null,
      "negationReason": null,
      "patientInstructions": null,
      "productForm": null,
      "reaction": null,
      "route": null,
      "site": null,
      "specifics": null,
      "start_time": 1270094400,
      "statusOfMedication": null,
      "status_code": null,
      "time": null,
      "typeOfMedication": null,
      "vehicle": null
    },
    {
      "_id": "5051b9b9044a114b420000c7",
      "administrationTiming": null,
      "codes": {
        "CVX": [
          "20"
        ]
      },
      "cumulativeMedicationDuration": null,
      "deliveryMethod": null,
      "description": "Medication, Administered: DTaP Vaccine",
      "dose": null,
      "doseIndicator": null,
      "doseRestriction": null,
      "end_time": 1270094400,
      "freeTextSig": null,
      "free_text": null,
      "fulfillmentInstructions": null,
      "indication": null,
      "mood_code": "EVN",
      "negationInd": null,
      "negationReason": null,
      "patientInstructions": null,
      "productForm": null,
      "reaction": null,
      "route": null,
      "site": null,
      "specifics": null,
      "start_time": 1270094400,
      "statusOfMedication": null,
      "status_code": null,
      "time": null,
      "typeOfMedication": null,
      "vehicle": null
    },
    {
      "_id": "5051b9b9044a114b420000c9",
      "administrationTiming": null,
      "codes": {
        "CVX": [
          "116"
        ]
      },
      "cumulativeMedicationDuration": null,
      "deliveryMethod": null,
      "description": "Medication, Administered: Rotavirus Vaccine (3 dose schedule)",
      "dose": null,
      "doseIndicator": null,
      "doseRestriction": null,
      "end_time": 1270094400,
      "freeTextSig": null,
      "free_text": null,
      "fulfillmentInstructions": null,
      "indication": null,
      "mood_code": "EVN",
      "negationInd": null,
      "negationReason": null,
      "patientInstructions": null,
      "productForm": null,
      "reaction": null,
      "route": null,
      "site": null,
      "specifics": null,
      "start_time": 1270094400,
      "statusOfMedication": null,
      "status_code": null,
      "time": null,
      "typeOfMedication": null,
      "vehicle": null
    },
    {
      "_id": "5051b9b9044a114b420000ca",
      "administrationTiming": null,
      "codes": {
        "CVX": [
          "08"
        ]
      },
      "cumulativeMedicationDuration": null,
      "deliveryMethod": null,
      "description": "Medication, Administered: Hepatitis B Vaccine",
      "dose": null,
      "doseIndicator": null,
      "doseRestriction": null,
      "end_time": 1270094400,
      "freeTextSig": null,
      "free_text": null,
      "fulfillmentInstructions": null,
      "indication": null,
      "mood_code": "EVN",
      "negationInd": null,
      "negationReason": null,
      "patientInstructions": null,
      "productForm": null,
      "reaction": null,
      "route": null,
      "site": null,
      "specifics": null,
      "start_time": 1270094400,
      "statusOfMedication": null,
      "status_code": null,
      "time": null,
      "typeOfMedication": null,
      "vehicle": null
    }
  ],
  "race": null,
  "religious_affilication": null,
  "source_data_criteria": [
    {
      "id": "MedicationAdministeredDtapVaccine",
      "start_date": 1259643600000,
      "end_date": 1259643600000,
      "negation": "",
      "negation_code_list_id": null,
      "field_values": {
      }
    },
    {
      "id": "MedicationAdministeredInactivatedPolioVaccineIpv",
      "start_date": 1259643600000,
      "end_date": 1259643600000,
      "negation": "",
      "negation_code_list_id": null,
      "field_values": {
      }
    },
    {
      "id": "MedicationAdministeredInactivatedPolioVaccineIpv",
      "start_date": 1220241600000,
      "end_date": 1220241600000,
      "negation": "",
      "negation_code_list_id": null,
      "field_values": {
      }
    },
    {
      "id": "EncounterPerformedOfficeVisit",
      "start_date": 1220241600000,
      "end_date": 1220241600000,
      "negation": "",
      "negation_code_list_id": null,
      "field_values": {
      }
    },
    {
      "id": "MedicationAdministeredDtapVaccine",
      "start_date": 1220241600000,
      "end_date": 1220241600000,
      "negation": "",
      "negation_code_list_id": null,
      "field_values": {
      }
    },
    {
      "id": "MedicationAdministeredHepatitisBVaccine",
      "start_date": 1220241600000,
      "end_date": 1220241600000,
      "negation": "",
      "negation_code_list_id": null,
      "field_values": {
      }
    },
    {
      "id": "MedicationAdministeredHemophilusInfluenzeBHibVaccine",
      "start_date": 1220241600000,
      "end_date": 1220241600000,
      "negation": "",
      "negation_code_list_id": null,
      "field_values": {
      }
    },
    {
      "id": "MedicationAdministeredPneumococcalConjugateVaccine",
      "start_date": 1220241600000,
      "end_date": 1220241600000,
      "negation": "",
      "negation_code_list_id": null,
      "field_values": {
      }
    },
    {
      "id": "MedicationAdministeredPneumococcalConjugateVaccine",
      "start_date": 1235883600000,
      "end_date": 1235883600000,
      "negation": "",
      "negation_code_list_id": null,
      "field_values": {
      }
    },
    {
      "id": "MedicationAdministeredHemophilusInfluenzeBHibVaccine",
      "start_date": 1235883600000,
      "end_date": 1235883600000,
      "negation": "",
      "negation_code_list_id": null,
      "field_values": {
      }
    },
    {
      "id": "MedicationAdministeredHepatitisBVaccine",
      "start_date": 1235883600000,
      "end_date": 1235883600000,
      "negation": "",
      "negation_code_list_id": null,
      "field_values": {
      }
    },
    {
      "id": "MedicationAdministeredInactivatedPolioVaccineIpv",
      "start_date": 1235883600000,
      "end_date": 1235883600000,
      "negation": "",
      "negation_code_list_id": null,
      "field_values": {
      }
    },
    {
      "id": "EncounterPerformedOfficeVisit",
      "start_date": 1235883600000,
      "end_date": 1235883600000,
      "negation": "",
      "negation_code_list_id": null,
      "field_values": {
      }
    },
    {
      "id": "MedicationAdministeredRotavirusVaccine3DoseSchedule",
      "start_date": 1235883600000,
      "end_date": 1235883600000,
      "negation": "",
      "negation_code_list_id": null,
      "field_values": {
      }
    },
    {
      "id": "MedicationAdministeredDtapVaccine",
      "start_date": 1235883600000,
      "end_date": 1235883600000,
      "negation": "",
      "negation_code_list_id": null,
      "field_values": {
      }
    },
    {
      "id": "MedicationAdministeredInfluenzaVaccine",
      "start_date": 1235883600000,
      "end_date": 1235883600000,
      "negation": "",
      "negation_code_list_id": null,
      "field_values": {
      }
    },
    {
      "id": "MedicationAdministeredPneumococcalConjugateVaccine",
      "start_date": 1259643600000,
      "end_date": 1259643600000,
      "negation": "",
      "negation_code_list_id": null,
      "field_values": {
      }
    },
    {
      "id": "MedicationAdministeredInfluenzaVaccine",
      "start_date": 1259643600000,
      "end_date": 1259643600000,
      "negation": "",
      "negation_code_list_id": null,
      "field_values": {
      }
    },
    {
      "id": "MedicationAdministeredHepatitisBVaccine",
      "start_date": 1259643600000,
      "end_date": 1259643600000,
      "negation": "",
      "negation_code_list_id": null,
      "field_values": {
      }
    },
    {
      "id": "MedicationAdministeredRotavirusVaccine3DoseSchedule",
      "start_date": 1259643600000,
      "end_date": 1259643600000,
      "negation": "",
      "negation_code_list_id": null,
      "field_values": {
      }
    },
    {
      "id": "MedicationAdministeredHemophilusInfluenzeBHibVaccine",
      "start_date": 1259643600000,
      "end_date": 1259643600000,
      "negation": "",
      "negation_code_list_id": null,
      "field_values": {
      }
    },
    {
      "id": "EncounterPerformedOfficeVisit",
      "start_date": 1259643600000,
      "end_date": 1259643600000,
      "negation": "",
      "negation_code_list_id": null,
      "field_values": {
      }
    },
    {
      "id": "MedicationAdministeredInactivatedPolioVaccineIpv",
      "start_date": 1267419600000,
      "end_date": 1267419600000,
      "negation": "",
      "negation_code_list_id": null,
      "field_values": {
      }
    },
    {
      "id": "MedicationAdministeredInfluenzaVaccine",
      "start_date": 1270094400000,
      "end_date": 1270094400000,
      "negation": "",
      "negation_code_list_id": null,
      "field_values": {
      }
    },
    {
      "id": "MedicationAdministeredHepatitisAVaccine",
      "start_date": 1270094400000,
      "end_date": 1270094400000,
      "negation": "",
      "negation_code_list_id": null,
      "field_values": {
      }
    },
    {
      "id": "MedicationAdministeredMeaslesMumpsAndRubellaMmrVaccine",
      "start_date": 1270094400000,
      "end_date": 1270094400000,
      "negation": "",
      "negation_code_list_id": null,
      "field_values": {
      }
    },
    {
      "id": "MedicationAdministeredPneumococcalConjugateVaccine",
      "start_date": 1270094400000,
      "end_date": 1270094400000,
      "negation": "",
      "negation_code_list_id": null,
      "field_values": {
      }
    },
    {
      "id": "EncounterPerformedOfficeVisit",
      "start_date": 1270094400000,
      "end_date": 1270094400000
    },
    {
      "id": "MedicationAdministeredVaricellaZosterVaccineVzv",
      "start_date": 1270094400000,
      "end_date": 1270094400000,
      "negation": "",
      "negation_code_list_id": null,
      "field_values": {
      }
    },
    {
      "id": "MedicationAdministeredHemophilusInfluenzeBHibVaccine",
      "start_date": 1270094400000,
      "end_date": 1262322000000,
      "negation": "",
      "negation_code_list_id": null,
      "field_values": {
      }
    },
    {
      "id": "MedicationAdministeredDtapVaccine",
      "start_date": 1270094400000,
      "end_date": 1270094400000,
      "negation": "",
      "negation_code_list_id": null,
      "field_values": {
      }
    },
    {
      "id": "DiagnosisActiveUpperRespiratoryInfection",
      "start_date": 1270094400000,
      "end_date": 1270094400000
    },
    {
      "id": "MedicationAdministeredRotavirusVaccine3DoseSchedule",
      "start_date": 1270094400000,
      "end_date": 1270094400000,
      "negation": "",
      "negation_code_list_id": null,
      "field_values": {
      }
    },
    {
      "id": "MedicationAdministeredHepatitisBVaccine",
      "start_date": 1270094400000,
      "end_date": 1270094400000,
      "negation": "",
      "negation_code_list_id": null,
      "field_values": {
      }
    },
    {
      "id": "MeasurePeriod",
      "start_date": 1262322000000,
      "end_date": 1293771600000
    }
  ],
  "test_id": null,
  "title": null
}