{
  "_id": "503f809b044a11366e000017",
  "birthdate": 725877000,
  "clinicalTrialParticipant": null,
  "conditions": [
    {
      "_id": "5051b994044a114b42000020",
      "causeOfDeath": null,
      "codes": {
        "ICD-10-CM": [
          "J00"
        ],
        "SNOMED-CT": [
          "54150009"
        ],
        "ICD-9-CM": [
          "460"
        ]
      },
      "description": "Diagnosis, Active: Upper Respiratory Infection",
      "end_time": 1272600000,
      "free_text": null,
      "mood_code": "EVN",
      "name": null,
      "negationInd": null,
      "negationReason": null,
      "ordinality": null,
      "priority": null,
      "severity": null,
      "specifics": null,
      "start_time": 1272600000,
      "status_code": {
        "SNOMED-CT": [
          "55561003"
        ],
        "HL7 ActStatus": [
          "active"
        ]
      },
      "time": null,
      "type": null
    },
    {
      "_id": "5051b994044a114b42000021",
      "causeOfDeath": null,
      "codes": {
        "ICD-10-CM": [
          "J45.30"
        ],
        "SNOMED-CT": [
          "426656000"
        ]
      },
      "description": "Diagnosis, Active: Persistent Asthma",
      "end_time": 1272600000,
      "free_text": null,
      "mood_code": "EVN",
      "name": null,
      "negationInd": null,
      "negationReason": null,
      "ordinality": null,
      "priority": null,
      "severity": null,
      "specifics": null,
      "start_time": 1272600000,
      "status_code": {
        "SNOMED-CT": [
          "55561003"
        ],
        "HL7 ActStatus": [
          "active"
        ]
      },
      "time": null,
      "type": null
    },
    {
      "_id": "5051b994044a114b42000025",
      "causeOfDeath": null,
      "codes": {
        "SNOMED-CT": [
          "13645005"
        ],
        "ICD-9-CM": [
          "493.20"
        ],
        "ICD-10-CM": [
          "J44.0"
        ]
      },
      "description": "Diagnosis, Active: Chronic Obstructive Pulmonary Disease",
      "end_time": 1272600000,
      "free_text": null,
      "mood_code": "EVN",
      "name": null,
      "negationInd": null,
      "negationReason": null,
      "ordinality": null,
      "priority": null,
      "severity": null,
      "specifics": null,
      "start_time": 1272600000,
      "status_code": {
        "SNOMED-CT": [
          "55561003"
        ],
        "HL7 ActStatus": [
          "active"
        ]
      },
      "time": null,
      "type": null
    },
    {
      "_id": "5051b994044a114b42000027",
      "causeOfDeath": null,
      "codes": {
        "ICD-10-CM": [
          "O00.1"
        ],
        "ICD-9-CM": [
          "633.11"
        ],
        "SNOMED-CT": [
          "9279009"
        ]
      },
      "description": "Diagnosis, Active: Pregnancy",
      "end_time": 1272600000,
      "free_text": null,
      "mood_code": "EVN",
      "name": null,
      "negationInd": null,
      "negationReason": null,
      "ordinality": null,
      "priority": null,
      "severity": null,
      "specifics": null,
      "start_time": 1272600000,
      "status_code": {
        "SNOMED-CT": [
          "55561003"
        ],
        "HL7 ActStatus": [
          "active"
        ]
      },
      "time": null,
      "type": null
    },
    {
      "_id": "5051b994044a114b42000028",
      "causeOfDeath": null,
      "codes": {
        "SNOMED-CT": [
          "1532007"
        ],
        "ICD-9-CM": [
          "034.0"
        ],
        "ICD-10-CM": [
          "J02.8"
        ]
      },
      "description": "Diagnosis, Active: Acute Pharyngitis",
      "end_time": 1272600000,
      "free_text": null,
      "mood_code": "EVN",
      "name": null,
      "negationInd": null,
      "negationReason": null,
      "ordinality": null,
      "priority": null,
      "severity": null,
      "specifics": null,
      "start_time": 1272600000,
      "status_code": {
        "SNOMED-CT": [
          "55561003"
        ],
        "HL7 ActStatus": [
          "active"
        ]
      },
      "time": null,
      "type": null
    }
  ],
  "deathdate": null,
  "description": "",
  "description_category": "EXCL",
  "effective_time": null,
  "elimination_population": null,
  "elimination_reason": null,
  "encounters": [
    {
      "_id": "5051b994044a114b42000026",
      "admitType": null,
      "admit_time": null,
      "codes": {
        "CPT": [
          "99201"
        ]
      },
      "description": "Encounter, Performed: Office Visit",
      "dischargeDisposition": null,
      "discharge_time": null,
      "end_time": 1264136400,
      "free_text": null,
      "mood_code": "EVN",
      "negationInd": null,
      "negationReason": null,
      "performer_id": null,
      "specifics": null,
      "start_time": 1264136400,
      "status_code": null,
      "time": null
    },
    {
      "_id": "5051b994044a114b4200002b",
      "admitType": null,
      "admit_time": null,
      "codes": {
        "CPT": [
          "99201"
        ]
      },
      "description": "Office Visit",
      "dischargeDisposition": null,
      "discharge_time": null,
      "end_time": 1272600000,
      "free_text": null,
      "mood_code": "EVN",
      "negationInd": null,
      "negationReason": null,
      "performer_id": null,
      "specifics": null,
      "start_time": 1272600000,
      "status_code": null,
      "time": null
    }
  ],
  "ethnicity": null,
  "expired": false,
  "first": "GP_Peds_EXCL",
  "gender": "F",
  "languages": null,
  "last": "0002_0024_0033_0036_0069",
  "marital_status": null,
  "measure_id": "5048a1c6044a111e810002ff",
  "measure_ids": [
    "0033",
    "0041",
    "0002",
    "0418",
    "0060",
    "0024",
    "0069",
    "0038",
    "0036",
    "0018",
    "0052",
    "ClosingReferralLoop"
  ],
  "measure_period_end": 1293771600000,
  "measure_period_start": 1262322000000,
  "medical_record_number": null,
  "medications": [
    {
      "_id": "5051b994044a114b42000023",
      "administrationTiming": null,
      "codes": {
        "RxNorm": [
          "102769"
        ]
      },
      "cumulativeMedicationDuration": null,
      "deliveryMethod": null,
      "description": "Medication, Active: Antibiotic Medications",
      "dose": null,
      "doseIndicator": null,
      "doseRestriction": null,
      "end_time": 1271304000,
      "freeTextSig": null,
      "free_text": null,
      "fulfillmentInstructions": null,
      "indication": null,
      "mood_code": "EVN",
      "negationInd": null,
      "negationReason": null,
      "patientInstructions": null,
      "productForm": null,
      "reaction": null,
      "route": null,
      "site": null,
      "specifics": null,
      "start_time": 1271304000,
      "statusOfMedication": null,
      "status_code": {
        "SNOMED-CT": [
          "55561003"
        ],
        "HL7 ActStatus": [
          "active"
        ]
      },
      "time": null,
      "typeOfMedication": null,
      "vehicle": null
    },
    {
      "_id": "5051b994044a114b42000024",
      "administrationTiming": null,
      "codes": {
        "RxNorm": [
          "102769"
        ]
      },
      "cumulativeMedicationDuration": null,
      "deliveryMethod": null,
      "description": "Medication, Dispensed: Antibiotic Medications",
      "dose": null,
      "doseIndicator": null,
      "doseRestriction": null,
      "end_time": 1271304000,
      "freeTextSig": null,
      "free_text": null,
      "fulfillmentInstructions": null,
      "indication": null,
      "mood_code": "EVN",
      "negationInd": null,
      "negationReason": null,
      "patientInstructions": null,
      "productForm": null,
      "reaction": null,
      "route": null,
      "site": null,
      "specifics": null,
      "start_time": 1271304000,
      "statusOfMedication": null,
      "status_code": null,
      "time": null,
      "typeOfMedication": null,
      "vehicle": null
    },
    {
      "_id": "5051b994044a114b4200002d",
      "administrationTiming": null,
      "codes": {
        "RxNorm": [
          "102769"
        ]
      },
      "cumulativeMedicationDuration": null,
      "deliveryMethod": null,
      "description": "Medication, Order: Antibiotic Medications",
      "dose": null,
      "doseIndicator": null,
      "doseRestriction": null,
      "end_time": 1272686400,
      "freeTextSig": null,
      "free_text": null,
      "fulfillmentInstructions": null,
      "indication": null,
      "mood_code": "EVN",
      "negationInd": null,
      "negationReason": null,
      "patientInstructions": null,
      "productForm": null,
      "reaction": null,
      "route": null,
      "site": null,
      "specifics": null,
      "start_time": 1272686400,
      "statusOfMedication": null,
      "status_code": null,
      "time": null,
      "typeOfMedication": null,
      "vehicle": null
    }
  ],
  "procedures": [
    {
      "_id": "5051b994044a114b4200002e",
      "codes": {
        "LOINC": [
          "24533-2"
        ]
      },
      "description": "Diagnostic Study, Performed: X-Ray Study (all inclusive)",
      "end_time": 1272686400,
      "free_text": null,
      "mood_code": "EVN",
      "negationInd": null,
      "negationReason": null,
      "performer_id": null,
      "site": null,
      "specifics": null,
      "start_time": 1272686400,
      "status_code": null,
      "time": null
    }
  ],
  "race": null,
  "religious_affilication": null,
  "results": [
    {
      "_id": "5051b994044a114b4200001f",
      "codes": {
        "LOINC": [
          "3137-7"
        ]
      },
      "description": "Physical Exam, Finding: Height",
      "end_time": 1272600000,
      "free_text": null,
      "interpretation": null,
      "mood_code": "EVN",
      "negationInd": null,
      "negationReason": null,
      "referenceRange": null,
      "specifics": null,
      "start_time": 1272600000,
      "status_code": null,
      "time": null
    },
    {
      "_id": "5051b994044a114b42000029",
      "codes": {
        "LOINC": [
          "18833-4"
        ]
      },
      "description": "Physical Exam, Finding: Weight",
      "end_time": 1272600000,
      "free_text": null,
      "interpretation": null,
      "mood_code": "EVN",
      "negationInd": null,
      "negationReason": null,
      "referenceRange": null,
      "specifics": null,
      "start_time": 1272600000,
      "status_code": null,
      "time": null
    },
    {
      "_id": "5051b994044a114b4200002a",
      "codes": {
        "LOINC": [
          "59574-4"
        ]
      },
      "description": "Physical Exam, Finding: BMI percentile",
      "end_time": 1272600000,
      "free_text": null,
      "interpretation": null,
      "mood_code": "EVN",
      "negationInd": null,
      "negationReason": null,
      "referenceRange": null,
      "specifics": null,
      "start_time": 1272600000,
      "status_code": null,
      "time": null
    }
  ],
  "source_data_criteria": [
    {
      "id": "PhysicalExamFindingHeight",
      "start_date": 1272600000000,
      "end_date": 1272600000000,
      "negation": "",
      "negation_code_list_id": null,
      "field_values": {
      }
    },
    {
      "id": "DiagnosisActiveUpperRespiratoryInfection",
      "start_date": 1272600000000,
      "end_date": 1272600000000,
      "negation": "",
      "negation_code_list_id": null,
      "field_values": {
      }
    },
    {
      "id": "DiagnosisActivePersistentAsthma",
      "start_date": 1272600000000,
      "end_date": 1272600000000
    },
    {
      "id": "LaboratoryTestPerformedPapTest",
      "start_date": 1270008000000,
      "end_date": 1270008000000
    },
    {
      "id": "MedicationActiveAntibioticMedications",
      "start_date": 1271304000000,
      "end_date": 1271304000000,
      "negation": "",
      "negation_code_list_id": null,
      "field_values": {
      }
    },
    {
      "id": "MedicationDispensedAntibioticMedications",
      "start_date": 1271304000000,
      "end_date": 1271304000000,
      "negation": "",
      "negation_code_list_id": null,
      "field_values": {
      }
    },
    {
      "id": "DiagnosisActiveChronicObstructivePulmonaryDisease",
      "start_date": 1272600000000,
      "end_date": 1272600000000,
      "negation": "",
      "negation_code_list_id": null,
      "field_values": {
      }
    },
    {
      "id": "EncounterPerformedOfficeVisit",
      "start_date": 1264136400000,
      "end_date": 1264136400000,
      "negation": "",
      "negation_code_list_id": null,
      "field_values": {
      }
    },
    {
      "id": "DiagnosisActivePregnancy",
      "start_date": 1272600000000,
      "end_date": 1272600000000,
      "negation": "",
      "negation_code_list_id": null,
      "field_values": {
      }
    },
    {
      "id": "DiagnosisActiveAcutePharyngitis",
      "start_date": 1272600000000,
      "end_date": 1272600000000
    },
    {
      "id": "PhysicalExamFindingWeight",
      "start_date": 1272600000000,
      "end_date": 1272600000000,
      "negation": "",
      "negation_code_list_id": null,
      "field_values": {
      }
    },
    {
      "id": "PhysicalExamFindingBmiPercentile",
      "start_date": 1272600000000,
      "end_date": 1272600000000,
      "negation": "",
      "negation_code_list_id": null,
      "field_values": {
      }
    },
    {
      "id": "OccurrenceAOfficeVisit145",
      "start_date": 1272600000000,
      "end_date": 1272600000000
    },
    {
      "id": "LaboratoryTestPerformedPregnancyTest",
      "start_date": 1272600000000,
      "end_date": 1272600000000,
      "negation": "",
      "negation_code_list_id": null,
      "field_values": {
      }
    },
    {
      "id": "MedicationOrderAntibioticMedications",
      "start_date": 1272686400000,
      "end_date": 1272686400000,
      "negation": "",
      "negation_code_list_id": null,
      "field_values": {
      }
    },
    {
      "id": "DiagnosticStudyPerformedXRayStudyAllInclusive",
      "start_date": 1272686400000,
      "end_date": 1272686400000,
      "negation": "",
      "negation_code_list_id": null,
      "field_values": {
      }
    },
    {
      "id": "MeasurePeriod",
      "start_date": 1262322000000,
      "end_date": 1293771600000
    }
  ],
  "test_id": null,
  "title": null,
  "vital_signs": [
    {
      "_id": "5051b994044a114b42000022",
      "codes": {
        "LOINC": [
          "10524-7"
        ]
      },
      "description": "Laboratory Test, Performed: Pap Test",
      "end_time": 1270008000,
      "free_text": null,
      "interpretation": null,
      "mood_code": "EVN",
      "negationInd": null,
      "negationReason": null,
      "referenceRange": null,
      "specifics": null,
      "start_time": 1270008000,
      "status_code": null,
      "time": null
    },
    {
      "_id": "5051b994044a114b4200002c",
      "codes": {
        "LOINC": [
          "19080-1"
        ]
      },
      "description": "Laboratory Test, Performed: Pregnancy Test",
      "end_time": 1272600000,
      "free_text": null,
      "interpretation": null,
      "mood_code": "EVN",
      "negationInd": null,
      "negationReason": null,
      "referenceRange": null,
      "specifics": null,
      "start_time": 1272600000,
      "status_code": null,
      "time": null
    }
  ]
}