{
  "_id": "502cb7bf044a112232000001",
  "birthdate": -946740600,
  "clinicalTrialParticipant": null,
  "conditions": [
    {
      "_id": "5051b998044a114b42000032",
      "causeOfDeath": null,
      "codes": {
        "ICD-10-CM": [
          "I20.0"
        ],
        "SNOMED-CT": [
          "1055001"
        ],
        "ICD-9-CM": [
          "411.0"
        ]
      },
      "description": "Diagnosis, Active: Ischemic Vascular Disease",
      "end_time": 1267419600,
      "free_text": null,
      "mood_code": "EVN",
      "name": null,
      "negationInd": null,
      "negationReason": null,
      "ordinality": null,
      "priority": null,
      "severity": null,
      "specifics": null,
      "start_time": 1267419600,
      "status_code": {
        "SNOMED-CT": [
          "55561003"
        ],
        "HL7 ActStatus": [
          "active"
        ]
      },
      "time": null,
      "type": null
    },
    {
      "_id": "5051b998044a114b42000033",
      "causeOfDeath": null,
      "codes": {
        "ICD-9-CM": [
          "402.01"
        ],
        "ICD-10-CM": [
          "I11.0"
        ],
        "SNOMED-CT": [
          "364006"
        ]
      },
      "description": "Diagnosis, Active: Heart Failure",
      "end_time": 1267419600,
      "free_text": null,
      "mood_code": "EVN",
      "name": null,
      "negationInd": null,
      "negationReason": null,
      "ordinality": null,
      "priority": null,
      "severity": null,
      "specifics": null,
      "start_time": 1267419600,
      "status_code": {
        "SNOMED-CT": [
          "55561003"
        ],
        "HL7 ActStatus": [
          "active"
        ]
      },
      "time": null,
      "type": null
    },
    {
      "_id": "5051b998044a114b42000038",
      "causeOfDeath": null,
      "codes": {
        "SNOMED-CT": [
          "1755008"
        ],
        "ICD-9-CM": [
          "410.00"
        ],
        "ICD-10-CM": [
          "I21.09"
        ]
      },
      "description": "Diagnosis, Resolved: Myocardial Infarction",
      "end_time": 1267419600,
      "free_text": null,
      "mood_code": "EVN",
      "name": null,
      "negationInd": null,
      "negationReason": null,
      "ordinality": null,
      "priority": null,
      "severity": null,
      "specifics": null,
      "start_time": 1267419600,
      "status_code": {
        "SNOMED-CT": [
          "413322009"
        ]
      },
      "time": null,
      "type": null
    },
    {
      "_id": "5051b998044a114b4200003a",
      "causeOfDeath": null,
      "codes": {
        "SNOMED-CT": [
          "981000124106"
        ]
      },
      "description": "Diagnosis, Active: Moderate or Severe LVSD",
      "end_time": 1270137900,
      "free_text": null,
      "mood_code": "EVN",
      "name": null,
      "negationInd": null,
      "negationReason": null,
      "ordinality": null,
      "priority": null,
      "severity": null,
      "specifics": null,
      "start_time": 1270137900,
      "status_code": {
        "SNOMED-CT": [
          "55561003"
        ],
        "HL7 ActStatus": [
          "active"
        ]
      },
      "time": null,
      "type": null
    },
    {
      "_id": "5051b998044a114b4200003b",
      "causeOfDeath": null,
      "codes": {
        "SNOMED-CT": [
          "56578002"
        ]
      },
      "description": "Diagnosis, Active: Smoking",
      "end_time": 1270137900,
      "free_text": null,
      "mood_code": "EVN",
      "name": null,
      "negationInd": null,
      "negationReason": null,
      "ordinality": null,
      "priority": null,
      "severity": null,
      "specifics": null,
      "start_time": 1270137900,
      "status_code": {
        "SNOMED-CT": [
          "55561003"
        ],
        "HL7 ActStatus": [
          "active"
        ]
      },
      "time": null,
      "type": null
    },
    {
      "_id": "5051b998044a114b42000040",
      "causeOfDeath": null,
      "codes": {
        "SNOMED-CT": [
          "2664552011"
        ]
      },
      "description": "Diagnosis, Family History: Family History CHD",
      "end_time": 1270137900,
      "free_text": null,
      "mood_code": "EVN",
      "name": null,
      "negationInd": null,
      "negationReason": null,
      "ordinality": null,
      "priority": null,
      "severity": null,
      "specifics": null,
      "start_time": 1270137900,
      "status_code": null,
      "time": null,
      "type": null
    },
    {
      "_id": "5051b998044a114b42000042",
      "causeOfDeath": null,
      "codes": {
        "ICD-9-CM": [
          "411.0"
        ],
        "ICD-10-CM": [
          "I20.0"
        ],
        "SNOMED-CT": [
          "4557003"
        ]
      },
      "description": "Diagnosis, Active: Coronary Artery Disease No MI",
      "end_time": 1270137900,
      "free_text": null,
      "mood_code": "EVN",
      "name": null,
      "negationInd": null,
      "negationReason": null,
      "ordinality": null,
      "priority": null,
      "severity": null,
      "specifics": null,
      "start_time": 1270137900,
      "status_code": {
        "SNOMED-CT": [
          "55561003"
        ],
        "HL7 ActStatus": [
          "active"
        ]
      },
      "time": null,
      "type": null
    },
    {
      "_id": "5051b998044a114b42000045",
      "causeOfDeath": null,
      "codes": {
        "ICD-9-CM": [
          "401.0"
        ],
        "ICD-10-CM": [
          "I10"
        ],
        "SNOMED-CT": [
          "193003"
        ]
      },
      "description": "Diagnosis, Active: Hypertension",
      "end_time": 1270139400,
      "free_text": null,
      "mood_code": "EVN",
      "name": null,
      "negationInd": null,
      "negationReason": null,
      "ordinality": null,
      "priority": null,
      "severity": null,
      "specifics": null,
      "start_time": 1270139400,
      "status_code": {
        "SNOMED-CT": [
          "55561003"
        ],
        "HL7 ActStatus": [
          "active"
        ]
      },
      "time": null,
      "type": null
    }
  ],
  "deathdate": null,
  "description": "",
  "description_category": "DENOM",
  "effective_time": null,
  "elimination_population": null,
  "elimination_reason": null,
  "encounters": [
    {
      "_id": "5051b998044a114b4200002f",
      "admitType": null,
      "admit_time": null,
      "codes": {
        "CPT": [
          "99241"
        ]
      },
      "description": "Encounter, Performed: Outpatient Consultation",
      "dischargeDisposition": null,
      "discharge_time": null,
      "end_time": 1270141500,
      "free_text": null,
      "mood_code": "EVN",
      "negationInd": null,
      "negationReason": null,
      "performer_id": null,
      "specifics": null,
      "start_time": 1270137900,
      "status_code": null,
      "time": null
    },
    {
      "_id": "5051b998044a114b42000035",
      "admitType": null,
      "admit_time": null,
      "codes": {
        "CPT": [
          "99201"
        ]
      },
      "description": "Office Visit",
      "dischargeDisposition": null,
      "discharge_time": null,
      "end_time": 1267419600,
      "free_text": null,
      "mood_code": "EVN",
      "negationInd": null,
      "negationReason": null,
      "performer_id": null,
      "specifics": null,
      "start_time": 1267419600,
      "status_code": null,
      "time": null
    },
    {
      "_id": "5051b998044a114b42000039",
      "admitType": null,
      "admit_time": null,
      "codes": {
        "CPT": [
          "99395"
        ],
        "SNOMED-CT": [
          "4525004"
        ]
      },
      "description": "Encounter, Performed: Blood Pressure Visit",
      "dischargeDisposition": null,
      "discharge_time": null,
      "end_time": 1270141200,
      "free_text": null,
      "mood_code": "EVN",
      "negationInd": null,
      "negationReason": null,
      "performer_id": null,
      "specifics": null,
      "start_time": 1270137600,
      "status_code": null,
      "time": null
    },
    {
      "_id": "5051b998044a114b42000046",
      "admitType": null,
      "admit_time": null,
      "codes": {
        "CPT": [
          "99201"
        ]
      },
      "description": "Encounter, Performed: Office Visit",
      "dischargeDisposition": null,
      "discharge_time": null,
      "end_time": 1277956800,
      "free_text": null,
      "mood_code": "EVN",
      "negationInd": null,
      "negationReason": null,
      "performer_id": null,
      "specifics": null,
      "start_time": 1277956800,
      "status_code": null,
      "time": null
    },
    {
      "_id": "5051b998044a114b42000047",
      "admitType": null,
      "admit_time": null,
      "codes": {
        "CPT": [
          "99241"
        ]
      },
      "description": "Encounter, Performed: Outpatient Consultation",
      "dischargeDisposition": null,
      "discharge_time": null,
      "end_time": 1283313600,
      "free_text": null,
      "mood_code": "EVN",
      "negationInd": null,
      "negationReason": null,
      "performer_id": null,
      "specifics": null,
      "start_time": 1283313600,
      "status_code": null,
      "time": null
    }
  ],
  "ethnicity": null,
  "expired": false,
  "first": "Heart_Adult_DEN",
  "gender": "M",
  "languages": null,
  "last": "0018_0068_0070_0081_0083_0075_HTN_FSAChf",
  "marital_status": null,
  "measure_id": "5048a1c6044a111e810002ff",
  "measure_ids": [
    "0070",
    "0081",
    "CholesterolScreeningTest",
    "CholesterolScreeningRisk",
    "HypertensionImprovement",
    "FSACHF",
    "0075",
    "0083",
    "0387",
    "0018",
    "0032",
    "0002",
    "0041",
    "ClosingReferralLoop"
  ],
  "measure_period_end": 1293771600000,
  "measure_period_start": 1262322000000,
  "medical_record_number": null,
  "procedures": [
    {
      "_id": "5051b998044a114b4200003c",
      "codes": {
        "SNOMED-CT": [
          "315039001"
        ],
        "LOINC": [
          "65853-4"
        ]
      },
      "description": "Risk Category Assessment: Framingham coronary heart disease 10 year risk",
      "end_time": 1270137900,
      "free_text": null,
      "mood_code": "EVN",
      "negationInd": null,
      "negationReason": null,
      "performer_id": null,
      "site": null,
      "specifics": null,
      "start_time": 1270137900,
      "status_code": null,
      "time": null,
      "values": [
        {
          "_id": "5051b998044a114b4200003d",
          "scalar": "15",
          "units": "%"
        }
      ]
    }
  ],
  "race": null,
  "religious_affilication": null,
  "results": [
    {
      "_id": "5051b998044a114b42000030",
      "codes": {
        "LOINC": [
          "8480-6 "
        ]
      },
      "description": "Physical Exam, Finding: Systolic Blood Pressure",
      "end_time": 1270137900,
      "free_text": null,
      "interpretation": null,
      "mood_code": "EVN",
      "negationInd": null,
      "negationReason": null,
      "referenceRange": null,
      "specifics": null,
      "start_time": 1270137900,
      "status_code": null,
      "time": null,
      "values": [
        {
          "_id": "5051b998044a114b42000031",
          "scalar": "150",
          "units": "mmHg"
        }
      ]
    },
    {
      "_id": "5051b998044a114b4200003e",
      "codes": {
        "LOINC": [
          "55284-4"
        ]
      },
      "description": "Physical Exam, Finding: Blood Pressure Measured",
      "end_time": 1270137900,
      "free_text": null,
      "interpretation": null,
      "mood_code": "EVN",
      "negationInd": null,
      "negationReason": null,
      "referenceRange": null,
      "specifics": null,
      "start_time": 1270137900,
      "status_code": null,
      "time": null,
      "values": [
        {
          "_id": "5051b998044a114b4200003f",
          "codes": {
            "LOINC": [
              "55284-4"
            ]
          }
        }
      ]
    },
    {
      "_id": "5051b998044a114b42000041",
      "codes": {
        "LOINC": [
          "8462-4"
        ]
      },
      "description": "Physical Exam, Finding: Diastolic Blood Pressure",
      "end_time": 1270137900,
      "free_text": null,
      "interpretation": null,
      "mood_code": "EVN",
      "negationInd": null,
      "negationReason": null,
      "referenceRange": null,
      "specifics": null,
      "start_time": 1270137900,
      "status_code": null,
      "time": null
    },
    {
      "_id": "5051b998044a114b42000043",
      "codes": {
        "LOINC": [
          "10230-1"
        ]
      },
      "description": "Diagnostic Study, Result: Ejection Fraction",
      "end_time": 1270137900,
      "free_text": null,
      "interpretation": null,
      "mood_code": "EVN",
      "negationInd": null,
      "negationReason": null,
      "referenceRange": null,
      "specifics": null,
      "start_time": 1270137900,
      "status_code": null,
      "time": null,
      "values": [
        {
          "_id": "5051b998044a114b42000044",
          "scalar": "32",
          "units": "%"
        }
      ]
    }
  ],
  "source_data_criteria": [
    {
      "id": "EncounterPerformedOutpatientConsultation",
      "start_date": 1270137900000,
      "end_date": 1270141500000,
      "negation": "",
      "negation_code_list_id": null,
      "field_values": {
      }
    },
    {
      "id": "PhysicalExamFindingSystolicBloodPressure",
      "start_date": 1270137900000,
      "end_date": 1270137900000,
      "value": [
        {
          "type": "PQ",
          "value": "150",
          "unit": "mmHg"
        }
      ],
      "negation": "",
      "negation_code_list_id": null,
      "field_values": {
      }
    },
    {
      "id": "DiagnosisActiveIschemicVascularDisease",
      "start_date": 1267419600000,
      "end_date": 1267419600000
    },
    {
      "id": "DiagnosisActiveHeartFailure",
      "start_date": 1267419600000,
      "end_date": 1267419600000
    },
    {
      "id": "LaboratoryTestPerformedLdlTest",
      "start_date": 1267419600000,
      "end_date": 1267419600000
    },
    {
      "id": "OccurrenceAOfficeVisit85",
      "start_date": 1267419600000,
      "end_date": 1267419600000
    },
    {
      "id": "LaboratoryTestResultHdlCLaboratoryTest",
      "start_date": 1267419600000,
      "end_date": 1267419600000,
      "value": [
        {
          "type": "PQ",
          "value": "37",
          "unit": "mg/dL"
        }
      ]
    },
    {
      "id": "DiagnosisResolvedMyocardialInfarction",
      "start_date": 1267419600000,
      "end_date": 1267419600000
    },
    {
      "id": "EncounterPerformedBloodPressureVisit",
      "start_date": 1270137600000,
      "end_date": 1270141200000,
      "negation": "",
      "negation_code_list_id": null,
      "field_values": {
      }
    },
    {
      "id": "DiagnosisActiveModerateOrSevereLvsd",
      "start_date": 1270137900000,
      "end_date": 1270137900000,
      "negation": "",
      "negation_code_list_id": null,
      "field_values": {
      }
    },
    {
      "id": "DiagnosisActiveSmoking",
      "start_date": 1270137900000,
      "end_date": 1270137900000,
      "negation": "",
      "negation_code_list_id": null,
      "field_values": {
      }
    },
    {
      "id": "RiskCategoryAssessmentFraminghamCoronaryHeartDisease10YearRisk",
      "start_date": 1270137900000,
      "end_date": 1270137900000,
      "value": [
        {
          "type": "PQ",
          "value": "15",
          "unit": "%"
        }
      ],
      "negation": "",
      "negation_code_list_id": null,
      "field_values": {
      }
    },
    {
      "id": "PhysicalExamFindingBloodPressureMeasured",
      "start_date": 1270137900000,
      "end_date": 1270137900000,
      "value": [
        {
          "type": "CD",
          "code_list_id": "2.16.840.1.113883.3.464.0003.21.02.0007",
          "title": "blood_pressure_measured"
        }
      ],
      "negation": "",
      "negation_code_list_id": null,
      "field_values": {
      }
    },
    {
      "id": "DiagnosisFamilyHistoryFamilyHistoryChd",
      "start_date": 1270137900000,
      "end_date": 1270137900000,
      "negation": "",
      "negation_code_list_id": null,
      "field_values": {
      }
    },
    {
      "id": "PhysicalExamFindingDiastolicBloodPressure",
      "start_date": 1270137900000,
      "end_date": 1270137900000,
      "negation": "",
      "negation_code_list_id": null,
      "field_values": {
      }
    },
    {
      "id": "DiagnosisActiveCoronaryArteryDiseaseNoMi",
      "start_date": 1270137900000,
      "end_date": 1270137900000,
      "negation": "",
      "negation_code_list_id": null,
      "field_values": {
      }
    },
    {
      "id": "DiagnosticStudyResultEjectionFraction",
      "start_date": 1270137900000,
      "end_date": 1270137900000,
      "value": [
        {
          "type": "PQ",
          "value": "32",
          "unit": "%"
        }
      ],
      "negation": "",
      "negation_code_list_id": null,
      "field_values": {
      }
    },
    {
      "id": "DiagnosisActiveHypertension",
      "start_date": 1270139400000,
      "end_date": 1270139400000,
      "negation": "",
      "negation_code_list_id": null,
      "field_values": {
      }
    },
    {
      "id": "EncounterPerformedOfficeVisit",
      "start_date": 1277956800000,
      "end_date": 1277956800000,
      "negation": "",
      "negation_code_list_id": null,
      "field_values": {
      }
    },
    {
      "id": "EncounterPerformedOutpatientConsultation",
      "start_date": 1283313600000,
      "end_date": 1283313600000
    },
    {
      "id": "MeasurePeriod",
      "start_date": 1262322000000,
      "end_date": 1293771600000
    }
  ],
  "test_id": null,
  "title": null,
  "vital_signs": [
    {
      "_id": "5051b998044a114b42000034",
      "codes": {
        "LOINC": [
          "12773-8"
        ]
      },
      "description": "Laboratory Test, Performed: LDL Test",
      "end_time": 1267419600,
      "free_text": null,
      "interpretation": null,
      "mood_code": "EVN",
      "negationInd": null,
      "negationReason": null,
      "referenceRange": null,
      "specifics": null,
      "start_time": 1267419600,
      "status_code": null,
      "time": null
    },
    {
      "_id": "5051b998044a114b42000036",
      "codes": {
        "LOINC": [
          "2085-9"
        ]
      },
      "description": "Laboratory Test, Result: HDL-C Laboratory Test",
      "end_time": 1267419600,
      "free_text": null,
      "interpretation": null,
      "mood_code": "EVN",
      "negationInd": null,
      "negationReason": null,
      "referenceRange": null,
      "specifics": null,
      "start_time": 1267419600,
      "status_code": null,
      "time": null,
      "values": [
        {
          "_id": "5051b998044a114b42000037",
          "scalar": "37",
          "units": "mg/dL"
        }
      ]
    }
  ]
}