{
  "_id": "503f8bfa044a1137e7000039",
  "birthdate": 30600,
  "clinicalTrialParticipant": null,
  "conditions": [
    {
      "_id": "5051b9c0044a114b420000ce",
      "causeOfDeath": null,
      "codes": {
        "SNOMED-CT": [
          "27143004"
        ]
      },
      "description": "Diagnosis, Active: Limited Life Expectancy",
      "end_time": 1267419600,
      "free_text": null,
      "mood_code": "EVN",
      "name": null,
      "negationInd": null,
      "negationReason": null,
      "ordinality": null,
      "priority": null,
      "severity": null,
      "specifics": null,
      "start_time": 1267419600,
      "status_code": {
        "SNOMED-CT": [
          "55561003"
        ],
        "HL7 ActStatus": [
          "active"
        ]
      },
      "time": null,
      "type": null
    },
    {
      "_id": "5051b9c0044a114b420000cf",
      "causeOfDeath": null,
      "codes": {
        "ICD-10-CM": [
          "C83.30"
        ],
        "SNOMED-CT": [
          "91855006"
        ],
        "ICD-9-CM": [
          "200.08"
        ]
      },
      "description": "Diagnosis, Active: All Cancer",
      "end_time": 1267419600,
      "free_text": null,
      "mood_code": "EVN",
      "name": null,
      "negationInd": null,
      "negationReason": null,
      "ordinality": null,
      "priority": null,
      "severity": null,
      "specifics": null,
      "start_time": 1267419600,
      "status_code": {
        "SNOMED-CT": [
          "55561003"
        ],
        "HL7 ActStatus": [
          "active"
        ]
      },
      "time": null,
      "type": null
    },
    {
      "_id": "5051b9c0044a114b420000d1",
      "causeOfDeath": null,
      "codes": {
        "SNOMED-CT": [
          "161894002"
        ],
        "ICD-9-CM": [
          "721.3"
        ],
        "ICD-10-CM": [
          "M43.27"
        ]
      },
      "description": "Diagnosis, Active: Low Back Pain",
      "end_time": 1267419600,
      "free_text": null,
      "mood_code": "EVN",
      "name": null,
      "negationInd": null,
      "negationReason": null,
      "ordinality": null,
      "priority": null,
      "severity": null,
      "specifics": null,
      "start_time": 1267419600,
      "status_code": {
        "SNOMED-CT": [
          "55561003"
        ],
        "HL7 ActStatus": [
          "active"
        ]
      },
      "time": null,
      "type": null
    }
  ],
  "deathdate": null,
  "description": "",
  "description_category": "NUMER",
  "effective_time": null,
  "elimination_population": null,
  "elimination_reason": null,
  "encounters": [
    {
      "_id": "5051b9c0044a114b420000d0",
      "admitType": null,
      "admit_time": null,
      "codes": {
        "CPT": [
          "99201"
        ]
      },
      "description": "Office Visit",
      "dischargeDisposition": null,
      "discharge_time": null,
      "end_time": 1267419600,
      "free_text": null,
      "mood_code": "EVN",
      "negationInd": null,
      "negationReason": null,
      "performer_id": null,
      "specifics": null,
      "start_time": 1267419600,
      "status_code": null,
      "time": null
    },
    {
      "_id": "5051b9c0044a114b420000d3",
      "admitType": null,
      "admit_time": null,
      "codes": {
        "CPT": [
          "99201"
        ]
      },
      "description": "Encounter, Performed: Office Visit",
      "dischargeDisposition": null,
      "discharge_time": null,
      "end_time": 1277956800,
      "free_text": null,
      "mood_code": "EVN",
      "negationInd": null,
      "negationReason": null,
      "performer_id": null,
      "specifics": null,
      "start_time": 1277956800,
      "status_code": null,
      "time": null
    }
  ],
  "ethnicity": null,
  "expired": false,
  "first": "Heart_Adult_EXCL",
  "gender": "M",
  "languages": null,
  "last": "0052_0419_0028",
  "marital_status": null,
  "measure_id": "5048a1c6044a111e810002ff",
  "measure_ids": [
    "0070",
    "0081",
    "CholesterolScreeningTest",
    "CholesterolScreeningRisk",
    "HypertensionImprovement",
    "FSACHF",
    "0075",
    "0083",
    "0387",
    "0018",
    "0068",
    "0004",
    "0002",
    "0036",
    "0052",
    "0419",
    "0028",
    "0043",
    "ClosingReferralLoop"
  ],
  "measure_period_end": 1293771600000,
  "measure_period_start": 1262322000000,
  "medical_record_number": null,
  "medications": [

  ],
  "procedures": [
    {
      "_id": "5051b9c0044a114b420000d2",
      "codes": {
        "CPT": [
          "G8427"
        ]
      },
      "description": "Procedure, Performed: Current Medications Documented",
      "end_time": 1267419600,
      "free_text": null,
      "mood_code": "EVN",
      "negationInd": null,
      "negationReason": null,
      "performer_id": null,
      "site": null,
      "specifics": null,
      "start_time": 1267419600,
      "status_code": null,
      "time": null
    }
  ],
  "race": null,
  "religious_affilication": null,
  "results": [

  ],
  "source_data_criteria": [
    {
      "id": "DiagnosisActiveLimitedLifeExpectancy",
      "start_date": 1267419600000,
      "end_date": 1267419600000,
      "negation": "",
      "negation_code_list_id": null,
      "field_values": {
      }
    },
    {
      "id": "DiagnosisActiveAllCancer",
      "start_date": 1267419600000,
      "end_date": 1267419600000,
      "negation": "",
      "negation_code_list_id": null,
      "field_values": {
      }
    },
    {
      "id": "OccurrenceAOfficeVisit85",
      "start_date": 1267419600000,
      "end_date": 1267419600000,
      "negation": "",
      "negation_code_list_id": null,
      "field_values": {
      }
    },
    {
      "id": "DiagnosisActiveLowBackPain",
      "start_date": 1267419600000,
      "end_date": 1267419600000,
      "negation": "",
      "negation_code_list_id": null,
      "field_values": {
      }
    },
    {
      "id": "ProcedurePerformedCurrentMedicationsDocumented",
      "start_date": 1267419600000,
      "end_date": 1267419600000,
      "negation": "true",
      "negation_code_list_id": "2.16.840.1.113883.3.526.02.311",
      "field_values": {
      }
    },
    {
      "id": "EncounterPerformedOfficeVisit",
      "start_date": 1277956800000,
      "end_date": 1277956800000,
      "negation": "",
      "negation_code_list_id": null,
      "field_values": {
      }
    },
    {
      "id": "MeasurePeriod",
      "start_date": 1262322000000,
      "end_date": 1293771600000
    }
  ],
  "test_id": null,
  "title": null,
  "vital_signs": [

  ]
}