{
  "_id": "503385c1044a1156dd00017c",
  "birthdate": -946740600,
  "clinicalTrialParticipant": null,
  "conditions": [
    {
      "_id": "5051b99b044a114b42000052",
      "causeOfDeath": null,
      "codes": {
        "ICD-9-CM": [
          "402.01"
        ],
        "ICD-10-CM": [
          "I11.0"
        ],
        "SNOMED-CT": [
          "364006"
        ]
      },
      "description": "Diagnosis, Active: Heart Failure",
      "end_time": 1267419600,
      "free_text": null,
      "mood_code": "EVN",
      "name": null,
      "negationInd": null,
      "negationReason": null,
      "ordinality": null,
      "priority": null,
      "severity": null,
      "specifics": null,
      "start_time": 1267419600,
      "status_code": {
        "SNOMED-CT": [
          "55561003"
        ],
        "HL7 ActStatus": [
          "active"
        ]
      },
      "time": null,
      "type": null
    },
    {
      "_id": "5051b99b044a114b42000056",
      "causeOfDeath": null,
      "codes": {
        "SNOMED-CT": [
          "1755008"
        ],
        "ICD-9-CM": [
          "410.00"
        ],
        "ICD-10-CM": [
          "I21.09"
        ]
      },
      "description": "Diagnosis, Resolved: Myocardial Infarction",
      "end_time": 1267419600,
      "free_text": null,
      "mood_code": "EVN",
      "name": null,
      "negationInd": null,
      "negationReason": null,
      "ordinality": null,
      "priority": null,
      "severity": null,
      "specifics": null,
      "start_time": 1267419600,
      "status_code": {
        "SNOMED-CT": [
          "413322009"
        ]
      },
      "time": null,
      "type": null
    },
    {
      "_id": "5051b99b044a114b42000058",
      "causeOfDeath": null,
      "codes": {
        "SNOMED-CT": [
          "1055001"
        ],
        "ICD-10-CM": [
          "I20.0"
        ],
        "ICD-9-CM": [
          "411.0"
        ]
      },
      "description": "Diagnosis, Active: Ischemic Vascular Disease",
      "end_time": 1267419600,
      "free_text": null,
      "mood_code": "EVN",
      "name": null,
      "negationInd": null,
      "negationReason": null,
      "ordinality": null,
      "priority": null,
      "severity": null,
      "specifics": null,
      "start_time": 1267419600,
      "status_code": {
        "SNOMED-CT": [
          "55561003"
        ],
        "HL7 ActStatus": [
          "active"
        ]
      },
      "time": null,
      "type": null
    },
    {
      "_id": "5051b99b044a114b4200005d",
      "causeOfDeath": null,
      "codes": {
        "ICD-9-CM": [
          "401.0"
        ],
        "ICD-10-CM": [
          "I10"
        ],
        "SNOMED-CT": [
          "193003"
        ]
      },
      "description": "Diagnosis, Active: Hypertension",
      "end_time": 1270139400,
      "free_text": null,
      "mood_code": "EVN",
      "name": null,
      "negationInd": null,
      "negationReason": null,
      "ordinality": null,
      "priority": null,
      "severity": null,
      "specifics": null,
      "start_time": 1270139400,
      "status_code": {
        "SNOMED-CT": [
          "55561003"
        ],
        "HL7 ActStatus": [
          "active"
        ]
      },
      "time": null,
      "type": null
    },
    {
      "_id": "5051b99b044a114b42000063",
      "causeOfDeath": null,
      "codes": {
        "ICD-9-CM": [
          "411.0"
        ],
        "ICD-10-CM": [
          "I20.0"
        ],
        "SNOMED-CT": [
          "4557003"
        ]
      },
      "description": "Diagnosis, Active: Coronary Artery Disease No MI",
      "end_time": 1270137900,
      "free_text": null,
      "mood_code": "EVN",
      "name": null,
      "negationInd": null,
      "negationReason": null,
      "ordinality": null,
      "priority": null,
      "severity": null,
      "specifics": null,
      "start_time": 1270137900,
      "status_code": {
        "SNOMED-CT": [
          "55561003"
        ],
        "HL7 ActStatus": [
          "active"
        ]
      },
      "time": null,
      "type": null
    },
    {
      "_id": "5051b99b044a114b42000064",
      "causeOfDeath": null,
      "codes": {
        "SNOMED-CT": [
          "981000124106"
        ]
      },
      "description": "Diagnosis, Active: Moderate or Severe LVSD",
      "end_time": 1270137900,
      "free_text": null,
      "mood_code": "EVN",
      "name": null,
      "negationInd": null,
      "negationReason": null,
      "ordinality": null,
      "priority": null,
      "severity": null,
      "specifics": null,
      "start_time": 1270137900,
      "status_code": {
        "SNOMED-CT": [
          "55561003"
        ],
        "HL7 ActStatus": [
          "active"
        ]
      },
      "time": null,
      "type": null
    },
    {
      "_id": "5051b99b044a114b42000065",
      "causeOfDeath": null,
      "codes": {
        "SNOMED-CT": [
          "56578002"
        ]
      },
      "description": "Diagnosis, Active: Smoking",
      "end_time": 1270137900,
      "free_text": null,
      "mood_code": "EVN",
      "name": null,
      "negationInd": null,
      "negationReason": null,
      "ordinality": null,
      "priority": null,
      "severity": null,
      "specifics": null,
      "start_time": 1270137900,
      "status_code": {
        "SNOMED-CT": [
          "55561003"
        ],
        "HL7 ActStatus": [
          "active"
        ]
      },
      "time": null,
      "type": null
    },
    {
      "_id": "5051b99b044a114b42000066",
      "causeOfDeath": null,
      "codes": {
        "SNOMED-CT": [
          "2664552011"
        ]
      },
      "description": "Diagnosis, Family History: Family History CHD",
      "end_time": 1270137900,
      "free_text": null,
      "mood_code": "EVN",
      "name": null,
      "negationInd": null,
      "negationReason": null,
      "ordinality": null,
      "priority": null,
      "severity": null,
      "specifics": null,
      "start_time": 1270137900,
      "status_code": null,
      "time": null,
      "type": null
    }
  ],
  "deathdate": null,
  "description": "",
  "description_category": "NUMER",
  "effective_time": null,
  "elimination_population": null,
  "elimination_reason": null,
  "encounters": [
    {
      "_id": "5051b99b044a114b4200004a",
      "admitType": null,
      "admit_time": null,
      "codes": {
        "CPT": [
          "99395"
        ],
        "SNOMED-CT": [
          "4525004"
        ]
      },
      "description": "Blood Pressure Visit",
      "dischargeDisposition": null,
      "discharge_time": null,
      "end_time": 1270141200,
      "free_text": null,
      "mood_code": "EVN",
      "negationInd": null,
      "negationReason": null,
      "performer_id": null,
      "specifics": null,
      "start_time": 1270137600,
      "status_code": null,
      "time": null
    },
    {
      "_id": "5051b99b044a114b4200004b",
      "admitType": null,
      "admit_time": null,
      "codes": {
        "CPT": [
          "99324"
        ]
      },
      "description": "Encounter, Performed: Care Services in Long-Term Residential Facility",
      "dischargeDisposition": null,
      "discharge_time": null,
      "end_time": 1265086800,
      "free_text": null,
      "mood_code": "EVN",
      "negationInd": null,
      "negationReason": null,
      "performer_id": null,
      "specifics": null,
      "start_time": 1265086800,
      "status_code": null,
      "time": null
    },
    {
      "_id": "5051b99b044a114b42000055",
      "admitType": null,
      "admit_time": null,
      "codes": {
        "CPT": [
          "99201"
        ]
      },
      "description": "Office Visit",
      "dischargeDisposition": null,
      "discharge_time": null,
      "end_time": 1267419600,
      "free_text": null,
      "mood_code": "EVN",
      "negationInd": null,
      "negationReason": null,
      "performer_id": null,
      "specifics": null,
      "start_time": 1267419600,
      "status_code": null,
      "time": null
    },
    {
      "_id": "5051b99b044a114b42000059",
      "admitType": null,
      "admit_time": null,
      "codes": {
        "CPT": [
          "99241"
        ]
      },
      "description": "Encounter, Performed: Outpatient Consultation",
      "dischargeDisposition": null,
      "discharge_time": null,
      "end_time": 1270141200,
      "free_text": null,
      "mood_code": "EVN",
      "negationInd": null,
      "negationReason": null,
      "performer_id": null,
      "specifics": null,
      "start_time": 1270137600,
      "status_code": null,
      "time": null
    },
    {
      "_id": "5051b99b044a114b4200005a",
      "admitType": null,
      "admit_time": null,
      "codes": {
        "CPT": [
          "99395"
        ],
        "SNOMED-CT": [
          "4525004"
        ]
      },
      "description": "Blood Pressure Visit",
      "dischargeDisposition": null,
      "discharge_time": null,
      "end_time": 1270141200,
      "free_text": null,
      "mood_code": "EVN",
      "negationInd": null,
      "negationReason": null,
      "performer_id": null,
      "specifics": null,
      "start_time": 1270137600,
      "status_code": null,
      "time": null
    },
    {
      "_id": "5051b99b044a114b42000069",
      "admitType": null,
      "admit_time": null,
      "codes": {
        "CPT": [
          "99201"
        ]
      },
      "description": "Encounter, Performed: Office Visit",
      "dischargeDisposition": null,
      "discharge_time": null,
      "end_time": 1277956800,
      "free_text": null,
      "mood_code": "EVN",
      "negationInd": null,
      "negationReason": null,
      "performer_id": null,
      "specifics": null,
      "start_time": 1277956800,
      "status_code": null,
      "time": null
    },
    {
      "_id": "5051b99b044a114b4200006a",
      "admitType": null,
      "admit_time": null,
      "codes": {
        "CPT": [
          "99241"
        ]
      },
      "description": "Encounter, Performed: Outpatient Consultation",
      "dischargeDisposition": null,
      "discharge_time": null,
      "end_time": 1283360400,
      "free_text": null,
      "mood_code": "EVN",
      "negationInd": null,
      "negationReason": null,
      "performer_id": null,
      "specifics": null,
      "start_time": 1283356800,
      "status_code": null,
      "time": null
    },
    {
      "_id": "5051b99b044a114b4200006f",
      "admitType": null,
      "admit_time": null,
      "codes": {
        "CPT": [
          "99395"
        ],
        "SNOMED-CT": [
          "4525004"
        ]
      },
      "description": "Encounter, Performed: Blood Pressure Visit",
      "dischargeDisposition": null,
      "discharge_time": null,
      "end_time": 1288630800,
      "free_text": null,
      "mood_code": "EVN",
      "negationInd": null,
      "negationReason": null,
      "performer_id": null,
      "specifics": null,
      "start_time": 1288627200,
      "status_code": null,
      "time": null
    }
  ],
  "ethnicity": null,
  "expired": false,
  "first": "Heart_Adult_NUM",
  "gender": "M",
  "languages": null,
  "last": "0018_0068_0070_0081_0083_0075_HTN_FSAChf",
  "marital_status": null,
  "measure_id": "5048a1c6044a111e810002ff",
  "measure_ids": [
    "0070",
    "0081",
    "CholesterolScreeningTest",
    "CholesterolScreeningRisk",
    "HypertensionImprovement",
    "FSACHF",
    "0075",
    "0083",
    "0387",
    "0018",
    "0068",
    "0004",
    "0002",
    "0086",
    "0419",
    "ClosingReferralLoop"
  ],
  "measure_period_end": 1293771600000,
  "measure_period_start": 1262322000000,
  "medical_record_number": null,
  "medications": [
    {
      "_id": "5051b99b044a114b4200004c",
      "administrationTiming": null,
      "codes": {
        "RxNorm": [
          "200031"
        ]
      },
      "cumulativeMedicationDuration": null,
      "deliveryMethod": null,
      "description": "Medication, Order: Beta Blocker Therapy for LVSD",
      "dose": null,
      "doseIndicator": null,
      "doseRestriction": null,
      "end_time": 1265086800,
      "freeTextSig": null,
      "free_text": null,
      "fulfillmentInstructions": null,
      "indication": null,
      "mood_code": "EVN",
      "negationInd": null,
      "negationReason": null,
      "patientInstructions": null,
      "productForm": null,
      "reaction": null,
      "route": null,
      "site": null,
      "specifics": null,
      "start_time": 1265086800,
      "statusOfMedication": null,
      "status_code": null,
      "time": null,
      "typeOfMedication": null,
      "vehicle": null
    },
    {
      "_id": "5051b99b044a114b42000051",
      "administrationTiming": null,
      "codes": {
        "RxNorm": [
          "104370"
        ]
      },
      "cumulativeMedicationDuration": null,
      "deliveryMethod": null,
      "description": "Medication, Order: ACE inhibitor or ARB",
      "dose": null,
      "doseIndicator": null,
      "doseRestriction": null,
      "end_time": 1265086800,
      "freeTextSig": null,
      "free_text": null,
      "fulfillmentInstructions": null,
      "indication": null,
      "mood_code": "EVN",
      "negationInd": null,
      "negationReason": null,
      "patientInstructions": null,
      "productForm": null,
      "reaction": null,
      "route": null,
      "site": null,
      "specifics": null,
      "start_time": 1265086800,
      "statusOfMedication": null,
      "status_code": null,
      "time": null,
      "typeOfMedication": null,
      "vehicle": null
    },
    {
      "_id": "5051b99b044a114b42000053",
      "administrationTiming": null,
      "codes": {
        "RxNorm": [
          "197374"
        ]
      },
      "cumulativeMedicationDuration": null,
      "deliveryMethod": null,
      "description": "Medication, Active: Aspirin and Other Anti-thrombotics",
      "dose": null,
      "doseIndicator": null,
      "doseRestriction": null,
      "end_time": 1267419600,
      "freeTextSig": null,
      "free_text": null,
      "fulfillmentInstructions": null,
      "indication": null,
      "mood_code": "EVN",
      "negationInd": null,
      "negationReason": null,
      "patientInstructions": null,
      "productForm": null,
      "reaction": null,
      "route": null,
      "site": null,
      "specifics": null,
      "start_time": 1267419600,
      "statusOfMedication": null,
      "status_code": {
        "SNOMED-CT": [
          "55561003"
        ],
        "HL7 ActStatus": [
          "active"
        ]
      },
      "time": null,
      "typeOfMedication": null,
      "vehicle": null
    },
    {
      "_id": "5051b99b044a114b42000054",
      "administrationTiming": null,
      "codes": {
        "RxNorm": [
          "200031"
        ]
      },
      "cumulativeMedicationDuration": null,
      "deliveryMethod": null,
      "description": "Medication, Order: Beta Blocker Therapy for LVSD",
      "dose": null,
      "doseIndicator": null,
      "doseRestriction": null,
      "end_time": 1267419600,
      "freeTextSig": null,
      "free_text": null,
      "fulfillmentInstructions": null,
      "indication": null,
      "mood_code": "EVN",
      "negationInd": null,
      "negationReason": null,
      "patientInstructions": null,
      "productForm": null,
      "reaction": null,
      "route": null,
      "site": null,
      "specifics": null,
      "start_time": 1267419600,
      "statusOfMedication": null,
      "status_code": null,
      "time": null,
      "typeOfMedication": null,
      "vehicle": null
    }
  ],
  "procedures": [
    {
      "_id": "5051b99b044a114b4200005e",
      "codes": {
        "SNOMED-CT": [
          "315039001"
        ],
        "LOINC": [
          "65853-4"
        ]
      },
      "description": "Risk Category Assessment: Framingham coronary heart disease 10 year risk",
      "end_time": 1270137900,
      "free_text": null,
      "mood_code": "EVN",
      "negationInd": null,
      "negationReason": null,
      "performer_id": null,
      "site": null,
      "specifics": null,
      "start_time": 1270137900,
      "status_code": null,
      "time": null,
      "values": [
        {
          "_id": "5051b99b044a114b4200005f",
          "scalar": "15",
          "units": "%"
        }
      ]
    }
  ],
  "race": null,
  "religious_affilication": null,
  "results": [
    {
      "_id": "5051b99b044a114b42000048",
      "codes": {
        "LOINC": [
          "10230-1"
        ]
      },
      "description": "Diagnostic Study, Result: Ejection Fraction",
      "end_time": 1270137900,
      "free_text": null,
      "interpretation": null,
      "mood_code": "EVN",
      "negationInd": null,
      "negationReason": null,
      "referenceRange": null,
      "specifics": null,
      "start_time": 1270137900,
      "status_code": null,
      "time": null,
      "values": [
        {
          "_id": "5051b99b044a114b42000049",
          "scalar": "32",
          "units": "%"
        }
      ]
    },
    {
      "_id": "5051b99b044a114b4200004d",
      "codes": {
        "SNOMED-CT": [
          "273447005"
        ],
        "LOINC": [
          "xxxx-x"
        ]
      },
      "description": "Functional Status, Result: Functional Status Assessment for Heart Failure",
      "end_time": 1267160400,
      "free_text": null,
      "interpretation": null,
      "mood_code": "EVN",
      "negationInd": null,
      "negationReason": null,
      "referenceRange": null,
      "specifics": null,
      "start_time": 1267160400,
      "status_code": null,
      "time": null
    },
    {
      "_id": "5051b99b044a114b4200005b",
      "codes": {
        "SNOMED-CT": [
          "273447005"
        ],
        "LOINC": [
          "xxxx-x"
        ]
      },
      "description": "Functional Status, Result: Functional Status Assessment for Heart Failure",
      "end_time": 1277870400,
      "free_text": null,
      "interpretation": null,
      "mood_code": "EVN",
      "negationInd": null,
      "negationReason": null,
      "referenceRange": null,
      "specifics": null,
      "start_time": 1277870400,
      "status_code": null,
      "time": null,
      "values": [
        {
          "_id": "5051b99b044a114b4200005c",
          "codes": {
            "SNOMED-CT": [
              "273447005"
            ],
            "LOINC": [
              "xxxx-x"
            ]
          }
        }
      ]
    },
    {
      "_id": "5051b99b044a114b42000060",
      "codes": {
        "LOINC": [
          "55284-4"
        ]
      },
      "description": "Physical Exam, Finding: Blood Pressure Measured",
      "end_time": 1270137900,
      "free_text": null,
      "interpretation": null,
      "mood_code": "EVN",
      "negationInd": null,
      "negationReason": null,
      "referenceRange": null,
      "specifics": null,
      "start_time": 1270137900,
      "status_code": null,
      "time": null,
      "values": [
        {
          "_id": "5051b99b044a114b42000061",
          "codes": {
            "LOINC": [
              "55284-4"
            ]
          }
        }
      ]
    },
    {
      "_id": "5051b99b044a114b42000062",
      "codes": {
        "LOINC": [
          "8462-4"
        ]
      },
      "description": "Physical Exam, Finding: Diastolic Blood Pressure",
      "end_time": 1270137900,
      "free_text": null,
      "interpretation": null,
      "mood_code": "EVN",
      "negationInd": null,
      "negationReason": null,
      "referenceRange": null,
      "specifics": null,
      "start_time": 1270137900,
      "status_code": null,
      "time": null
    },
    {
      "_id": "5051b99b044a114b42000067",
      "codes": {
        "LOINC": [
          "8480-6 "
        ]
      },
      "description": "Physical Exam, Finding: Systolic Blood Pressure",
      "end_time": 1270137900,
      "free_text": null,
      "interpretation": null,
      "mood_code": "EVN",
      "negationInd": null,
      "negationReason": null,
      "referenceRange": null,
      "specifics": null,
      "start_time": 1270137900,
      "status_code": null,
      "time": null,
      "values": [
        {
          "_id": "5051b99b044a114b42000068",
          "scalar": "160",
          "units": "mmHg"
        }
      ]
    },
    {
      "_id": "5051b99b044a114b4200006b",
      "codes": {
        "LOINC": [
          "8480-6 "
        ]
      },
      "description": "Physical Exam, Finding: Systolic Blood Pressure",
      "end_time": 1283357100,
      "free_text": null,
      "interpretation": null,
      "mood_code": "EVN",
      "negationInd": null,
      "negationReason": null,
      "referenceRange": null,
      "specifics": null,
      "start_time": 1283357100,
      "status_code": null,
      "time": null,
      "values": [
        {
          "_id": "5051b99b044a114b4200006c",
          "scalar": "130",
          "units": "mmHg"
        }
      ]
    },
    {
      "_id": "5051b99b044a114b4200006d",
      "codes": {
        "LOINC": [
          "8462-4"
        ]
      },
      "description": "Physical Exam, Finding: Diastolic Blood Pressure",
      "end_time": 1283357100,
      "free_text": null,
      "interpretation": null,
      "mood_code": "EVN",
      "negationInd": null,
      "negationReason": null,
      "referenceRange": null,
      "specifics": null,
      "start_time": 1283357100,
      "status_code": null,
      "time": null,
      "values": [
        {
          "_id": "5051b99b044a114b4200006e",
          "scalar": "80",
          "units": "mmHg"
        }
      ]
    },
    {
      "_id": "5051b99b044a114b42000070",
      "codes": {
        "LOINC": [
          "55284-4"
        ]
      },
      "description": "Physical Exam, Finding: Blood Pressure Measured",
      "end_time": 1288627500,
      "free_text": null,
      "interpretation": null,
      "mood_code": "EVN",
      "negationInd": null,
      "negationReason": null,
      "referenceRange": null,
      "specifics": null,
      "start_time": 1288627500,
      "status_code": null,
      "time": null
    },
    {
      "_id": "5051b99b044a114b42000071",
      "codes": {
        "LOINC": [
          "8462-4"
        ]
      },
      "description": "Physical Exam, Finding: Diastolic Blood Pressure",
      "end_time": 1288627500,
      "free_text": null,
      "interpretation": null,
      "mood_code": "EVN",
      "negationInd": null,
      "negationReason": null,
      "referenceRange": null,
      "specifics": null,
      "start_time": 1288627500,
      "status_code": null,
      "time": null,
      "values": [
        {
          "_id": "5051b99b044a114b42000072",
          "scalar": "80",
          "units": "mmHg"
        }
      ]
    },
    {
      "_id": "5051b99b044a114b42000073",
      "codes": {
        "LOINC": [
          "8480-6 "
        ]
      },
      "description": "Physical Exam, Finding: Systolic Blood Pressure",
      "end_time": 1288627500,
      "free_text": null,
      "interpretation": null,
      "mood_code": "EVN",
      "negationInd": null,
      "negationReason": null,
      "referenceRange": null,
      "specifics": null,
      "start_time": 1288627500,
      "status_code": null,
      "time": null,
      "values": [
        {
          "_id": "5051b99b044a114b42000074",
          "scalar": "135",
          "units": "mmHg"
        }
      ]
    }
  ],
  "source_data_criteria": [
    {
      "id": "DiagnosticStudyResultEjectionFraction",
      "start_date": 1270137900000,
      "end_date": 1270137900000,
      "value": [
        {
          "type": "PQ",
          "value": "32",
          "unit": "%"
        }
      ],
      "negation": "",
      "negation_code_list_id": null,
      "field_values": {
      }
    },
    {
      "id": "OccurrenceABloodPressureVisit273",
      "start_date": 1270137600000,
      "end_date": 1270141200000,
      "negation": "",
      "negation_code_list_id": null,
      "field_values": {
      }
    },
    {
      "id": "EncounterPerformedCareServicesInLongTermResidentialFacility",
      "start_date": 1265086800000,
      "end_date": 1265086800000,
      "negation": "",
      "negation_code_list_id": null,
      "field_values": {
      }
    },
    {
      "id": "MedicationOrderBetaBlockerTherapyForLvsd",
      "start_date": 1265086800000,
      "end_date": 1265086800000,
      "negation": "",
      "negation_code_list_id": null,
      "field_values": {
      }
    },
    {
      "id": "FunctionalStatusResultFunctionalStatusAssessmentForHeartFailure",
      "start_date": 1267160400000,
      "end_date": 1267160400000,
      "negation": "",
      "negation_code_list_id": null,
      "field_values": {
      }
    },
    {
      "id": "LaboratoryTestResultHdlCLaboratoryTest",
      "start_date": 1267419600000,
      "end_date": 1267419600000,
      "value": [
        {
          "type": "PQ",
          "value": "37",
          "unit": "mg/dL"
        }
      ]
    },
    {
      "id": "LaboratoryTestPerformedCompleteLipidPanel",
      "start_date": 1267419600000,
      "end_date": 1267419600000,
      "negation": "",
      "negation_code_list_id": null,
      "field_values": {
      }
    },
    {
      "id": "MedicationOrderAceInhibitorOrArb",
      "start_date": 1265086800000,
      "end_date": 1265086800000,
      "negation": "",
      "negation_code_list_id": null,
      "field_values": {
      }
    },
    {
      "id": "DiagnosisActiveHeartFailure",
      "start_date": 1267419600000,
      "end_date": 1267419600000
    },
    {
      "id": "MedicationActiveAspirinAndOtherAntiThrombotics",
      "start_date": 1267419600000,
      "end_date": 1267419600000
    },
    {
      "id": "MedicationOrderBetaBlockerTherapyForLvsd",
      "start_date": 1267419600000,
      "end_date": 1267419600000
    },
    {
      "id": "OccurrenceAOfficeVisit85",
      "start_date": 1267419600000,
      "end_date": 1267419600000,
      "negation": "",
      "negation_code_list_id": null,
      "field_values": {
      }
    },
    {
      "id": "DiagnosisResolvedMyocardialInfarction",
      "start_date": 1267419600000,
      "end_date": 1267419600000
    },
    {
      "id": "LaboratoryTestPerformedLdlTest",
      "start_date": 1267419600000,
      "end_date": 1267419600000
    },
    {
      "id": "DiagnosisActiveIschemicVascularDisease",
      "start_date": 1267419600000,
      "end_date": 1267419600000
    },
    {
      "id": "EncounterPerformedOutpatientConsultation",
      "start_date": 1270137600000,
      "end_date": 1270141200000,
      "negation": "",
      "negation_code_list_id": null,
      "field_values": {
      }
    },
    {
      "id": "OccurrenceABloodPressureVisit273",
      "start_date": 1270137600000,
      "end_date": 1270141200000,
      "negation": "",
      "negation_code_list_id": null,
      "field_values": {
      }
    },
    {
      "id": "FunctionalStatusResultFunctionalStatusAssessmentForHeartFailure",
      "start_date": 1277870400000,
      "end_date": 1277870400000,
      "value": [
        {
          "type": "CD",
          "code_list_id": "2.16.840.1.113883.3.464.0003.18.02.0031",
          "title": "functional_status_assessment_for_heart_failure"
        }
      ],
      "negation": "",
      "negation_code_list_id": null,
      "field_values": {
      }
    },
    {
      "id": "DiagnosisActiveHypertension",
      "start_date": 1270139400000,
      "end_date": 1270139400000,
      "negation": "",
      "negation_code_list_id": null,
      "field_values": {
      }
    },
    {
      "id": "RiskCategoryAssessmentFraminghamCoronaryHeartDisease10YearRisk",
      "start_date": 1270137900000,
      "end_date": 1270137900000,
      "value": [
        {
          "type": "PQ",
          "value": "15",
          "unit": "%"
        }
      ],
      "negation": "",
      "negation_code_list_id": null,
      "field_values": {
      }
    },
    {
      "id": "PhysicalExamFindingBloodPressureMeasured",
      "start_date": 1270137900000,
      "end_date": 1270137900000,
      "value": [
        {
          "type": "CD",
          "code_list_id": "2.16.840.1.113883.3.464.0003.21.02.0007",
          "title": "blood_pressure_measured"
        }
      ],
      "negation": "",
      "negation_code_list_id": null,
      "field_values": {
      }
    },
    {
      "id": "PhysicalExamFindingDiastolicBloodPressure",
      "start_date": 1270137900000,
      "end_date": 1270137900000,
      "negation": "",
      "negation_code_list_id": null,
      "field_values": {
      }
    },
    {
      "id": "DiagnosisActiveCoronaryArteryDiseaseNoMi",
      "start_date": 1270137900000,
      "end_date": 1270137900000,
      "negation": "",
      "negation_code_list_id": null,
      "field_values": {
      }
    },
    {
      "id": "DiagnosisActiveModerateOrSevereLvsd",
      "start_date": 1270137900000,
      "end_date": 1270137900000,
      "negation": "",
      "negation_code_list_id": null,
      "field_values": {
      }
    },
    {
      "id": "DiagnosisActiveSmoking",
      "start_date": 1270137900000,
      "end_date": 1270137900000,
      "negation": "",
      "negation_code_list_id": null,
      "field_values": {
      }
    },
    {
      "id": "DiagnosisFamilyHistoryFamilyHistoryChd",
      "start_date": 1270137900000,
      "end_date": 1270137900000,
      "negation": "",
      "negation_code_list_id": null,
      "field_values": {
      }
    },
    {
      "id": "PhysicalExamFindingSystolicBloodPressure",
      "start_date": 1270137900000,
      "end_date": 1270137900000,
      "value": [
        {
          "type": "PQ",
          "value": "160",
          "unit": "mmHg"
        }
      ],
      "negation": "",
      "negation_code_list_id": null,
      "field_values": {
      }
    },
    {
      "id": "EncounterPerformedOfficeVisit",
      "start_date": 1277956800000,
      "end_date": 1277956800000,
      "negation": "",
      "negation_code_list_id": null,
      "field_values": {
      }
    },
    {
      "id": "EncounterPerformedOutpatientConsultation",
      "start_date": 1283356800000,
      "end_date": 1283360400000,
      "negation": "",
      "negation_code_list_id": null,
      "field_values": {
      }
    },
    {
      "id": "PhysicalExamFindingSystolicBloodPressure",
      "start_date": 1283357100000,
      "end_date": 1283357100000,
      "value": [
        {
          "type": "PQ",
          "value": "130",
          "unit": "mmHg"
        }
      ],
      "negation": "",
      "negation_code_list_id": null,
      "field_values": {
      }
    },
    {
      "id": "PhysicalExamFindingDiastolicBloodPressure",
      "start_date": 1283357100000,
      "end_date": 1283357100000,
      "value": [
        {
          "type": "PQ",
          "value": "80",
          "unit": "mmHg"
        }
      ],
      "negation": "",
      "negation_code_list_id": null,
      "field_values": {
      }
    },
    {
      "id": "EncounterPerformedBloodPressureVisit",
      "start_date": 1288627200000,
      "end_date": 1288630800000,
      "negation": "",
      "negation_code_list_id": null,
      "field_values": {
      }
    },
    {
      "id": "PhysicalExamFindingBloodPressureMeasured",
      "start_date": 1288627500000,
      "end_date": 1288627500000,
      "negation": "",
      "negation_code_list_id": null,
      "field_values": {
      }
    },
    {
      "id": "PhysicalExamFindingDiastolicBloodPressure",
      "start_date": 1288627500000,
      "end_date": 1288627500000,
      "value": [
        {
          "type": "PQ",
          "value": "80",
          "unit": "mmHg"
        }
      ],
      "negation": "",
      "negation_code_list_id": null,
      "field_values": {
      }
    },
    {
      "id": "PhysicalExamFindingSystolicBloodPressure",
      "start_date": 1288627500000,
      "end_date": 1288627500000,
      "value": [
        {
          "type": "PQ",
          "value": "135",
          "unit": "mmHg"
        }
      ],
      "negation": "",
      "negation_code_list_id": null,
      "field_values": {
      }
    },
    {
      "id": "MeasurePeriod",
      "start_date": 1262322000000,
      "end_date": 1293771600000
    }
  ],
  "test_id": null,
  "title": null,
  "vital_signs": [
    {
      "_id": "5051b99b044a114b4200004e",
      "codes": {
        "LOINC": [
          "2085-9"
        ]
      },
      "description": "Laboratory Test, Result: HDL-C Laboratory Test",
      "end_time": 1267419600,
      "free_text": null,
      "interpretation": null,
      "mood_code": "EVN",
      "negationInd": null,
      "negationReason": null,
      "referenceRange": null,
      "specifics": null,
      "start_time": 1267419600,
      "status_code": null,
      "time": null,
      "values": [
        {
          "_id": "5051b99b044a114b4200004f",
          "scalar": "37",
          "units": "mg/dL"
        }
      ]
    },
    {
      "_id": "5051b99b044a114b42000050",
      "codes": {
        "LOINC": [
          "24331-1"
        ]
      },
      "description": "Laboratory Test, Performed: Complete Lipid Panel",
      "end_time": 1267419600,
      "free_text": null,
      "interpretation": null,
      "mood_code": "EVN",
      "negationInd": null,
      "negationReason": null,
      "referenceRange": null,
      "specifics": null,
      "start_time": 1267419600,
      "status_code": null,
      "time": null
    },
    {
      "_id": "5051b99b044a114b42000057",
      "codes": {
        "LOINC": [
          "12773-8"
        ]
      },
      "description": "Laboratory Test, Performed: LDL Test",
      "end_time": 1267419600,
      "free_text": null,
      "interpretation": null,
      "mood_code": "EVN",
      "negationInd": null,
      "negationReason": null,
      "referenceRange": null,
      "specifics": null,
      "start_time": 1267419600,
      "status_code": null,
      "time": null
    }
  ]
}