{
  "_id": "50322c90044a110e50000008",
  "birthdate": 815207400,
  "clinicalTrialParticipant": null,
  "conditions": [
    {
      "_id": "5051b9e2044a114b42000121",
      "causeOfDeath": null,
      "codes": {
        "SNOMED-CT": [
          "5810003"
        ],
        "ICD-9-CM": [
          "042"
        ],
        "ICD-10-CM": [
          "B20"
        ]
      },
      "description": "Diagnosis, Active: HIV",
      "end_time": 1267419600,
      "free_text": null,
      "mood_code": "EVN",
      "name": null,
      "negationInd": null,
      "negationReason": null,
      "ordinality": null,
      "priority": null,
      "severity": null,
      "specifics": null,
      "start_time": 1267419600,
      "status_code": {
        "SNOMED-CT": [
          "55561003"
        ],
        "HL7 ActStatus": [
          "active"
        ]
      },
      "time": null,
      "type": null
    }
  ],
  "deathdate": null,
  "description": "",
  "description_category": "DENOM",
  "effective_time": null,
  "elimination_population": null,
  "elimination_reason": null,
  "encounters": [
    {
      "_id": "5051b9e2044a114b42000120",
      "admitType": null,
      "admit_time": null,
      "codes": {
        "CPT": [
          "99391"
        ],
        "SNOMED-CT": [
          "4525004"
        ]
      },
      "description": "Encounter, Performed: HIV Visit",
      "dischargeDisposition": null,
      "discharge_time": null,
      "end_time": 1267419600,
      "free_text": null,
      "mood_code": "EVN",
      "negationInd": null,
      "negationReason": null,
      "performer_id": null,
      "specifics": null,
      "start_time": 1267419600,
      "status_code": null,
      "time": null
    },
    {
      "_id": "5051b9e2044a114b42000122",
      "admitType": null,
      "admit_time": null,
      "codes": {
        "CPT": [
          "99391"
        ],
        "SNOMED-CT": [
          "4525004"
        ]
      },
      "description": "Encounter, Performed: HIV Visit",
      "dischargeDisposition": null,
      "discharge_time": null,
      "end_time": 1277956800,
      "free_text": null,
      "mood_code": "EVN",
      "negationInd": null,
      "negationReason": null,
      "performer_id": null,
      "specifics": null,
      "start_time": 1277956800,
      "status_code": null,
      "time": null
    }
  ],
  "ethnicity": null,
  "expired": false,
  "first": "HIV_Peds_DEN",
  "gender": "F",
  "languages": null,
  "last": "0403_0405_0407",
  "marital_status": null,
  "measure_id": "5048a1c6044a111e810002ff",
  "measure_ids": [
    "0405",
    "0038",
    "0407",
    "0055",
    "0002",
    "ClosingReferralLoop"
  ],
  "measure_period_end": 1293771600000,
  "measure_period_start": 1262322000000,
  "medical_record_number": null,
  "race": null,
  "religious_affilication": null,
  "source_data_criteria": [
    {
      "id": "EncounterPerformedHivVisit",
      "start_date": 1267419600000,
      "end_date": 1267419600000
    },
    {
      "id": "DiagnosisActiveHiv",
      "start_date": 1267419600000,
      "end_date": 1267419600000
    },
    {
      "id": "EncounterPerformedHivVisit",
      "start_date": 1277956800000,
      "end_date": 1277956800000
    },
    {
      "id": "LaboratoryTestResultCd4Count",
      "start_date": 1280635200000,
      "end_date": 1280635200000,
      "value": [
        {
          "type": "PQ",
          "value": "150",
          "unit": ""
        }
      ]
    },
    {
      "id": "MeasurePeriod",
      "start_date": 1262322000000,
      "end_date": 1293771600000
    }
  ],
  "test_id": null,
  "title": null,
  "vital_signs": [
    {
      "_id": "5051b9e2044a114b42000123",
      "codes": {
        "LOINC": [
          "24467-3"
        ]
      },
      "description": "Laboratory Test, Result: CD4+ Count",
      "end_time": 1280635200,
      "free_text": null,
      "interpretation": null,
      "mood_code": "EVN",
      "negationInd": null,
      "negationReason": null,
      "referenceRange": null,
      "specifics": null,
      "start_time": 1280635200,
      "status_code": null,
      "time": null,
      "values": [
        {
          "_id": "5051b9e2044a114b42000124",
          "scalar": "150",
          "units": ""
        }
      ]
    }
  ]
}