{
  "_id": "5034976b044a11167b000172",
  "birthdate": 815207400,
  "clinicalTrialParticipant": null,
  "conditions": [
    {
      "_id": "5051b9e6044a114b42000126",
      "causeOfDeath": null,
      "codes": {
        "SNOMED-CT": [
          "5810003"
        ],
        "ICD-9-CM": [
          "042"
        ],
        "ICD-10-CM": [
          "B20"
        ]
      },
      "description": "Diagnosis, Active: HIV",
      "end_time": 1267419600,
      "free_text": null,
      "mood_code": "EVN",
      "name": null,
      "negationInd": null,
      "negationReason": null,
      "ordinality": null,
      "priority": null,
      "severity": null,
      "specifics": null,
      "start_time": 1267419600,
      "status_code": {
        "SNOMED-CT": [
          "55561003"
        ],
        "HL7 ActStatus": [
          "active"
        ]
      },
      "time": null,
      "type": null
    }
  ],
  "deathdate": null,
  "description": "",
  "description_category": "NUMER",
  "effective_time": null,
  "elimination_population": null,
  "elimination_reason": null,
  "encounters": [
    {
      "_id": "5051b9e6044a114b42000125",
      "admitType": null,
      "admit_time": null,
      "codes": {
        "CPT": [
          "99391"
        ],
        "SNOMED-CT": [
          "4525004"
        ]
      },
      "description": "Encounter, Performed: HIV Visit",
      "dischargeDisposition": null,
      "discharge_time": null,
      "end_time": 1267419600,
      "free_text": null,
      "mood_code": "EVN",
      "negationInd": null,
      "negationReason": null,
      "performer_id": null,
      "specifics": null,
      "start_time": 1267419600,
      "status_code": null,
      "time": null
    },
    {
      "_id": "5051b9e6044a114b42000129",
      "admitType": null,
      "admit_time": null,
      "codes": {
        "CPT": [
          "99391"
        ],
        "SNOMED-CT": [
          "4525004"
        ]
      },
      "description": "Encounter, Performed: HIV Visit",
      "dischargeDisposition": null,
      "discharge_time": null,
      "end_time": 1277956800,
      "free_text": null,
      "mood_code": "EVN",
      "negationInd": null,
      "negationReason": null,
      "performer_id": null,
      "specifics": null,
      "start_time": 1277956800,
      "status_code": null,
      "time": null
    }
  ],
  "ethnicity": null,
  "expired": false,
  "first": "HIV_Adult_NUM",
  "gender": "F",
  "languages": null,
  "last": "0403_0405_0407",
  "marital_status": null,
  "measure_id": "5048a1c6044a111e810002ff",
  "measure_ids": [
    "0405",
    "0038",
    "0407",
    "0036",
    "0002",
    "0041",
    "ClosingReferralLoop"
  ],
  "measure_period_end": 1293771600000,
  "measure_period_start": 1262322000000,
  "medical_record_number": null,
  "medications": [
    {
      "_id": "5051b9e6044a114b4200012c",
      "administrationTiming": null,
      "codes": {
        "RxNorm": [
          "105297"
        ]
      },
      "cumulativeMedicationDuration": null,
      "deliveryMethod": null,
      "description": "Medication, Order: Pneumocystis Jiroveci Pneumonia (PCP) Prophylaxis",
      "dose": null,
      "doseIndicator": null,
      "doseRestriction": null,
      "end_time": 1283313600,
      "freeTextSig": null,
      "free_text": null,
      "fulfillmentInstructions": null,
      "indication": null,
      "mood_code": "EVN",
      "negationInd": null,
      "negationReason": null,
      "patientInstructions": null,
      "productForm": null,
      "reaction": null,
      "route": null,
      "site": null,
      "specifics": null,
      "start_time": 1283313600,
      "statusOfMedication": null,
      "status_code": null,
      "time": null,
      "typeOfMedication": null,
      "vehicle": null
    }
  ],
  "race": null,
  "religious_affilication": null,
  "source_data_criteria": [
    {
      "id": "EncounterPerformedHivVisit",
      "start_date": 1267419600000,
      "end_date": 1267419600000
    },
    {
      "id": "DiagnosisActiveHiv",
      "start_date": 1267419600000,
      "end_date": 1267419600000
    },
    {
      "id": "LaboratoryTestResultHivViralLoad",
      "start_date": 1277956800000,
      "end_date": 1277956800000,
      "value": [
        {
          "type": "PQ",
          "value": "150",
          "unit": "mL"
        }
      ],
      "negation": "",
      "negation_code_list_id": null,
      "field_values": {
      }
    },
    {
      "id": "EncounterPerformedHivVisit",
      "start_date": 1277956800000,
      "end_date": 1277956800000
    },
    {
      "id": "LaboratoryTestResultCd4Count",
      "start_date": 1280635200000,
      "end_date": 1280635200000,
      "value": [
        {
          "type": "PQ",
          "value": "150",
          "unit": ""
        }
      ]
    },
    {
      "id": "MedicationOrderPneumocystisJiroveciPneumoniaPcpProphylaxis",
      "start_date": 1283313600000,
      "end_date": 1283313600000,
      "negation": "",
      "negation_code_list_id": null,
      "field_values": {
      }
    },
    {
      "id": "MeasurePeriod",
      "start_date": 1262322000000,
      "end_date": 1293771600000
    }
  ],
  "test_id": null,
  "title": null,
  "vital_signs": [
    {
      "_id": "5051b9e6044a114b42000127",
      "codes": {
        "LOINC": [
          "20447-9"
        ]
      },
      "description": "Laboratory Test, Result: HIV Viral Load",
      "end_time": 1277956800,
      "free_text": null,
      "interpretation": null,
      "mood_code": "EVN",
      "negationInd": null,
      "negationReason": null,
      "referenceRange": null,
      "specifics": null,
      "start_time": 1277956800,
      "status_code": null,
      "time": null,
      "values": [
        {
          "_id": "5051b9e6044a114b42000128",
          "scalar": "150",
          "units": "mL"
        }
      ]
    },
    {
      "_id": "5051b9e6044a114b4200012a",
      "codes": {
        "LOINC": [
          "24467-3"
        ]
      },
      "description": "Laboratory Test, Result: CD4+ Count",
      "end_time": 1280635200,
      "free_text": null,
      "interpretation": null,
      "mood_code": "EVN",
      "negationInd": null,
      "negationReason": null,
      "referenceRange": null,
      "specifics": null,
      "start_time": 1280635200,
      "status_code": null,
      "time": null,
      "values": [
        {
          "_id": "5051b9e6044a114b4200012b",
          "scalar": "150",
          "units": ""
        }
      ]
    }
  ]
}