{
  "_id": "502cc171044a11249e000001",
  "birthdate": 533809800,
  "clinicalTrialParticipant": null,
  "conditions": [
    {
      "_id": "5051b9eb044a114b42000130",
      "causeOfDeath": null,
      "codes": {
        "ICD-10-CM": [
          "025.2"
        ],
        "SNOMED-CT": [
          "4787007"
        ],
        "ICD-9-CM": [
          "642.01"
        ]
      },
      "description": "Diagnosis, Active: Full Term Delivery",
      "end_time": 1267419600,
      "free_text": null,
      "mood_code": "EVN",
      "name": null,
      "negationInd": null,
      "negationReason": null,
      "ordinality": null,
      "priority": null,
      "severity": null,
      "specifics": null,
      "start_time": 1267419600,
      "status_code": {
        "SNOMED-CT": [
          "55561003"
        ],
        "HL7 ActStatus": [
          "active"
        ]
      },
      "time": null,
      "type": null
    }
  ],
  "deathdate": null,
  "description": "",
  "description_category": "DENOM",
  "effective_time": null,
  "elimination_population": null,
  "elimination_reason": null,
  "encounters": [

  ],
  "ethnicity": null,
  "expired": false,
  "first": "Pregnancy_Adult_DEN",
  "gender": "F",
  "languages": null,
  "last": "0608",
  "marital_status": null,
  "measure_id": "5048a1c6044a111e810002ff",
  "measure_ids": [
    "0608",
    "0403",
    "0033",
    "0407",
    "0405",
    "0002",
    "0041",
    "ClosingReferralLoop"
  ],
  "measure_period_end": 1293771600000,
  "measure_period_start": 1262322000000,
  "medical_record_number": null,
  "procedures": [
    {
      "_id": "5051b9eb044a114b42000131",
      "codes": {
        "SNOMED-CT": [
          "5556001"
        ],
        "ICD-9-CM": [
          "72.0"
        ],
        "CPT": [
          "59400"
        ]
      },
      "description": "Procedure, Performed: Delivery",
      "end_time": 1280635200,
      "free_text": null,
      "mood_code": "EVN",
      "negationInd": null,
      "negationReason": null,
      "performer_id": null,
      "site": null,
      "specifics": null,
      "start_time": 1280635200,
      "status_code": null,
      "time": null
    }
  ],
  "race": null,
  "religious_affilication": null,
  "source_data_criteria": [
    {
      "id": "DiagnosisActiveFullTermDelivery",
      "start_date": 1267419600000,
      "end_date": 1267419600000
    },
    {
      "id": "ProcedurePerformedDelivery",
      "start_date": 1280635200000,
      "end_date": 1280635200000
    },
    {
      "id": "MeasurePeriod",
      "start_date": 1262322000000,
      "end_date": 1293771600000
    }
  ],
  "test_id": null,
  "title": null,
  "vital_signs": [

  ]
}