<?xml version="1.0" encoding="UTF-8"?>
<ClinicalDocument xmlns="urn:hl7-org:v3" xmlns:sdtc="urn:hl7-org:sdtc" xmlns:xsi="http://www.w3.org/2001/XMLSchema-instance" xsi:schemaLocation="urn:hl7-org:v3 http://xreg2.nist.gov:8080/hitspValidation/schema/cdar2c32/infrastructure/cda/C32_CDA.xsd">
  <realmCode code="US"/>
  <typeId root="2.16.840.1.113883.1.3" extension="POCD_HD000040"/>
  <templateId root="2.16.840.1.113883.10.20.22.1.1" />
  <templateId root='2.16.840.1.113883.10.20.22.1.2'/> 
  <id root="2.16.840.1.113883.3.72" extension="502e1a5b044a116fd500008f" assigningAuthorityName="NIST Healthcare Project"/>
  <code code="34133-9" displayName="Summarization of episode note" codeSystem="2.16.840.1.113883.6.1" codeSystemName="LOINC"/>
  <title>Cypress C32 Patient Test Record: Cancer_Adult_Female_DEN 0387</title>
  <effectiveTime value="20120914173601"/>
  <confidentialityCode code="N"/>
  <languageCode code="en-US"/>
  <recordTarget>
    <patientRole>
      <id root="Cypress" extension="502e1a5b044a116fd500008f"/>
      <addr use="HP">
        <streetAddressLine>202 Burlington Rd.</streetAddressLine>
        <city>Bedford</city>
        <state>MA</state>
        <postalCode>01730</postalCode>
      </addr>
      <telecom value="tel:+1-781-271-3000"/>
      <patient>
        <name>
          <given>Cancer_Adult_Female_DEN</given>
          <family>0387</family>
        </name>
        <administrativeGenderCode code="F" codeSystem="2.16.840.1.113883.5.1" codeSystemName="HL7 AdministrativeGender"/>
        <birthTime value="19600901073000"/>
          <languageCommunication>
            <languageCode code="en-US"/>
          </languageCommunication>
      </patient>
    </patientRole>
  </recordTarget>
  <author>
    <time value="20120914173601"/>
    <assignedAuthor>
      <id/>
      <addr/>
      <telecom value="tel:+1-781-271-3000"/>
      <assignedPerson>
        <name>Auto Generated</name>
      </assignedPerson>
    </assignedAuthor>
  </author>
  <custodian>
    <assignedCustodian>
      <representedCustodianOrganization>
        <id/>
        <name>Cypress</name>
        <telecom value="tel:+1-781-271-3000"/>
        <addr>
          <streetAddressLine>202 Burlington Rd.</streetAddressLine>
          <city>Bedford</city>
          <state>MA</state>
          <postalCode>01730</postalCode>
        </addr>
      </representedCustodianOrganization>
    </assignedCustodian>
  </custodian>
  <component>
    <structuredBody>
        <component>
          <!-- Allergies: patient has no allergies -->
            <section>
             <templateId root="2.16.840.1.113883.10.20.22.2.6"/>
              <code code="11450-4" codeSystem="2.16.840.1.113883.6.1" codeSystemName="LOINC" displayName="Problem List"/>
              <title>Allergies and Adverse Reactions</title>                
               <text>
                <table border="1" width="100%">
                  <thead>
                    <tr>
                      <th>Description</th>                      
                      <th>Code</th>                      
                      <th>Time</th>
                    </tr>
                  </thead>
                  <tbody>
                    <tr ID="noallergies_summary">                                           
                      <td ID="noallergies">No Known allergies</td>
                      <td>160244002</td>                                         
                      <td>20120914173601</td>
                    </tr>                   
                 </tbody>
               </table>                             
             </text>
             <entry typeCode="DRIV">
              <act classCode="ACT" moodCode="EVN">
                <templateId root="2.16.840.1.113883.10.20.22.4.30"/>
                <id root="f6fd6f86-4265-4dcb-95cf-7799100b54ad"/>
                <code nullFlavor="NA"/>
                  <statusCode code="active"/>
                    <effectiveTime>
                      <low nullFlavor="NA"/>
                    </effectiveTime>					
                <entryRelationship typeCode="SUBJ" inversionInd="false">
                  <observation classCode="OBS" moodCode="EVN">
                    <templateId root="2.16.840.1.113883.10.20.22.4.7"/>
                    <id root="2b37be6b-9b1c-4069-bbca-1caf5fe1937d"/>
                    <code code="420134006" codeSystem="2.16.840.1.113883.6.96" displayName="Propensity to adverse reactions (disorder)" codeSystemName="SNOMED CT"/>
                    <statusCode code="completed"/>
                    <effectiveTime>
                      <low nullFlavor="UNK"/>
                    </effectiveTime>
                    <value xsi:type="CD" code="160244002" codeSystem="2.16.840.1.113883.6.96" displayName="No Known allergies" codeSystemName="SNOMED CT">
                      <originalText>
                        <reference value="#noallergies"/>
                      </originalText>
                    </value>
                  </observation>
              </entryRelationship>
            </act>
          </entry>
        </section>
      </component>

        <component>
          <!-- Medications: patient has no medications -->
        <section>
		      <templateId root="2.16.840.1.113883.10.20.22.2.1" />
          <code code="10160-0" codeSystem="2.16.840.1.113883.6.1" codeSystemName="LOINC" displayName="History of medication use"/>
          <title>Medications</title>                       
              <text>
                <table border="1" width="100%">
                  <thead>
                    <tr>
                      <th>Description</th>                      
                      <th>Code</th>                      
                      <th>Time</th>
                    </tr>
                  </thead>
                  <tbody>
                    <tr ID="nomeds_summary">                                           
                      <td ID="nomeds_kind">Patient not on any medication</td>
                      <td>182849000</td>                                         
                      <td>20120914173601</td>
                    </tr>                   
                 </tbody>
               </table>                             
             </text>
              <entry typeCode="DRIV">
                <substanceAdministration classCode="SBADM" moodCode="EVN">
                <templateId root='2.16.840.1.113883.10.20.22.4.16'/>
                <id root="4edd8de0-66e3-4ca6-b287-f0736022f2b3"/>
                <code code="182849000" codeSystem="2.16.840.1.113883.6.96" displayName="No Drug Therapy Prescribed" codeSystemName="SNOMED CT" />
                <statusCode code="completed"/>							
                  <consumable>
                    <manufacturedProduct>
                      <templateId root='2.16.840.1.113883.10.20.22.4.23'/>
                       <manufacturedMaterial>
                        <code>
                         <originalText>
                           <reference value="#nomeds_kind"/>
                         </originalText>
                        </code>						
                      </manufacturedMaterial>
                    </manufacturedProduct>
                  </consumable>
              </substanceAdministration>
            </entry>
         </section>         
</component>

        
        <component>
  <!--Problems-->
  <section>
    <templateId root="2.16.840.1.113883.10.20.22.2.5.1"/>
    <!--Problems section template-->
    <code code="11450-4" codeSystem="2.16.840.1.113883.6.1" codeSystemName="LOINC" displayName="Problem list"/>
    <title>Problems</title>
    <text>
  <table border="1" width="100%">
    <thead>
      <tr>
        <th>Description</th>
        <th>Codes</th>
        <th>Time</th>
          <th>Status</th>
        
      </tr>
    </thead>
    <tbody>
        <tr>
          <td ID="conditions-desc-0">Diagnosis, Active: Breast Cancer</td>
          <td ID="conditions-code-0">ICD-9-CM: 174.0 ICD-10-CM: C50.019 SNOMED-CT: 93680004<br/><i></i></td>
          <td>February 2nd, 2009 05:00 - February 2nd, 2009 05:00</td>
            <td>active</td>
           
        </tr>
        <tr>
          <td ID="conditions-desc-1">Diagnosis, Active: Breast Cancer ER or PR Positive</td>
          <td ID="conditions-code-1">SNOMED-CT: 416053008<br/><i></i></td>
          <td>March 2nd, 2010 05:00 - March 2nd, 2010 05:00</td>
            <td>active</td>
           
        </tr>
    </tbody>
  </table>
</text>
    <entry typeCode="DRIV">
      <act classCode="ACT" moodCode="EVN">
        <templateId root="2.16.840.1.113883.10.20.22.4.3"/>
        <!-- Problem act template -->
        <id root="936a2b50-e0c0-012f-f752-406c8fb8a271"/>
        <code nullFlavor="NA"/>
        <statusCode code="active"/>
        <effectiveTime>
          <low value='20090202050000'/>
        </effectiveTime>
        <entryRelationship typeCode="SUBJ" inversionInd="false">
          <observation classCode="OBS" moodCode="EVN">
            <templateId root="2.16.840.1.113883.10.20.22.4.4"/>
            
            <!--Problem observation template - NOT episode template-->
            <id root="936a2da0-e0c0-012f-f752-406c8fb8a271"/>
            <code code="64572001" displayName="Condition" codeSystem="2.16.840.1.113883.6.96" codeSystemName="SNOMED-CT"/>
            <text>
              <reference value="#conditions-desc-0"/>
            </text>
            <statusCode code="completed"/>
            <effectiveTime>
              <low value='20090202050000'/>
            </effectiveTime>
            <value code="93680004" codeSystem="2.16.840.1.113883.6.96" xsi:type="CD"><originalText>Diagnosis, Active: Breast Cancer</originalText><translation code="174.0" codeSystem="2.16.840.1.113883.6.104"/>
<translation code="C50.019" codeSystem="2.16.840.1.113883.6.90"/>
</value>
            <entryRelationship typeCode="REFR">
              <observation classCode="OBS" moodCode="EVN">
                <templateId root="2.16.840.1.113883.10.20.22.4.6"/>
                <!-- Problem status observation template -->
                <code code="33999-4" codeSystem="2.16.840.1.113883.6.1" displayName="Status"/>
                <statusCode code="completed"/>
                <value xsi:type="CE" code="55561003" codeSystem="2.16.840.1.113883.6.96"/>
              </observation>
            </entryRelationship>
          </observation>
        </entryRelationship>
      </act>
    </entry>
    <entry typeCode="DRIV">
      <act classCode="ACT" moodCode="EVN">
        <templateId root="2.16.840.1.113883.10.20.22.4.3"/>
        <!-- Problem act template -->
        <id root="936a34c0-e0c0-012f-f752-406c8fb8a271"/>
        <code nullFlavor="NA"/>
        <statusCode code="active"/>
        <effectiveTime>
          <low value='20100302050000'/>
        </effectiveTime>
        <entryRelationship typeCode="SUBJ" inversionInd="false">
          <observation classCode="OBS" moodCode="EVN">
            <templateId root="2.16.840.1.113883.10.20.22.4.4"/>
            
            <!--Problem observation template - NOT episode template-->
            <id root="936a36b0-e0c0-012f-f752-406c8fb8a271"/>
            <code code="64572001" displayName="Condition" codeSystem="2.16.840.1.113883.6.96" codeSystemName="SNOMED-CT"/>
            <text>
              <reference value="#conditions-desc-1"/>
            </text>
            <statusCode code="completed"/>
            <effectiveTime>
              <low value='20100302050000'/>
            </effectiveTime>
            <value code="416053008" codeSystem="2.16.840.1.113883.6.96" xsi:type="CD"><originalText>Diagnosis, Active: Breast Cancer ER or PR Positive</originalText></value>
            <entryRelationship typeCode="REFR">
              <observation classCode="OBS" moodCode="EVN">
                <templateId root="2.16.840.1.113883.10.20.22.4.6"/>
                <!-- Problem status observation template -->
                <code code="33999-4" codeSystem="2.16.840.1.113883.6.1" displayName="Status"/>
                <statusCode code="completed"/>
                <value xsi:type="CE" code="55561003" codeSystem="2.16.840.1.113883.6.96"/>
              </observation>
            </entryRelationship>
          </observation>
        </entryRelationship>
      </act>
    </entry>
  </section>
</component>

        <component>
  <!--Surgeries-->
  <section>
    <templateId root="2.16.840.1.113883.10.20.22.2.7"/>
    <!--Surgeries section template-->
    <code code="47519-4" codeSystem="2.16.840.1.113883.6.1" codeSystemName="LOINC" displayName="List of surgeries"/>
    <title>Surgeries</title>
    <text>
  <table border="1" width="100%">
    <thead>
      <tr>
        <th>Description</th>
        <th>Codes</th>
        <th>Time</th>
        
      </tr>
    </thead>
    <tbody>
        <tr>
          <td ID="procedures-desc-0">Procedure, Performed: Clinical Staging Procedure</td>
          <td ID="procedures-code-0">SNOMED-CT: 116783008<br/><i></i></td>
          <td>March 2nd, 2010 05:00 - March 2nd, 2010 05:00</td>
           
        </tr>
        <tr>
          <td ID="procedures-desc-1">Procedure, Performed: Clinical Staging Procedure</td>
          <td ID="procedures-code-1">SNOMED-CT: 116783008<br/><i></i></td>
          <td>March 2nd, 2010 05:00 - March 2nd, 2010 05:00</td>
           
        </tr>
    </tbody>
  </table>
</text>
    <entry typeCode="DRIV">
      <procedure classCode="PROC" moodCode="EVN">
        <templateId root="2.16.840.1.113883.10.20.22.4.14"/>
        <!-- Procedure activity template -->
        <id root="936a6ec0-e0c0-012f-f752-406c8fb8a271"/>
        <code code="116783008" codeSystem="2.16.840.1.113883.6.96" displayName="Procedure, Performed: Clinical Staging Procedure">
  <originalText><reference value="#procedures-desc-0"/></originalText>
</code>

        <text>
          <reference value="#procedures-desc-0"/>
        </text>
        <statusCode code="completed"/>
        <effectiveTime value='20100302050000'/>
      </procedure>
    </entry>
    <entry typeCode="DRIV">
      <procedure classCode="PROC" moodCode="EVN">
        <templateId root="2.16.840.1.113883.10.20.22.4.14"/>
        <!-- Procedure activity template -->
        <id root="936a8560-e0c0-012f-f752-406c8fb8a271"/>
        <code code="116783008" codeSystem="2.16.840.1.113883.6.96" displayName="Procedure, Performed: Clinical Staging Procedure">
  <originalText><reference value="#procedures-desc-1"/></originalText>
</code>

        <text>
          <reference value="#procedures-desc-1"/>
        </text>
        <statusCode code="completed"/>
        <effectiveTime value='20100302050000'/>
      </procedure>
    </entry>
  </section>
</component>
        <component>
  <!--Encounters-->
  <section>
    <templateId root="2.16.840.1.113883.10.20.22.2.22" /> <!-- CCDA Template id -->
    <!--Encounters section template-->
    <code code="46240-8" codeSystem="2.16.840.1.113883.6.1" codeSystemName="LOINC" displayName="History of encounters"/>
    <title>Encounters</title>
    <text>
  <table border="1" width="100%">
    <thead>
      <tr>
        <th>Description</th>
        <th>Codes</th>
        <th>Time</th>
        
      </tr>
    </thead>
    <tbody>
        <tr>
          <td ID="encounters-desc-0">Encounter, Performed: Office Visit</td>
          <td ID="encounters-code-0">CPT: 99201<br/><i></i></td>
          <td>March 2nd, 2010 05:00 - March 2nd, 2010 05:00</td>
           
        </tr>
        <tr>
          <td ID="encounters-desc-1">Encounter, Performed: Office Visit</td>
          <td ID="encounters-code-1">CPT: 99201<br/><i></i></td>
          <td>May 5th, 2010 04:00 - May 5th, 2010 04:00</td>
           
        </tr>
    </tbody>
  </table>
</text>
    <entry typeCode="DRIV">
      <encounter classCode="ENC" moodCode="EVN">
		    <templateId root="2.16.840.1.113883.10.20.22.4.49"/>
        <!-- Encounter activity template -->
        <id root="936aceb0-e0c0-012f-f752-406c8fb8a271"/>
        <code code="99201" codeSystem="2.16.840.1.113883.6.12" displayName="Encounter, Performed: Office Visit">
  <originalText><reference value="#encounters-desc-0"/></originalText>
</code>

        <text>
          <reference value="#encounters-desc-0"/>
        </text>
        <effectiveTime value='20100302050000'/>
      </encounter>
    </entry>
    <entry typeCode="DRIV">
      <encounter classCode="ENC" moodCode="EVN">
		    <templateId root="2.16.840.1.113883.10.20.22.4.49"/>
        <!-- Encounter activity template -->
        <id root="936ae550-e0c0-012f-f752-406c8fb8a271"/>
        <code code="99201" codeSystem="2.16.840.1.113883.6.12" displayName="Encounter, Performed: Office Visit">
  <originalText><reference value="#encounters-desc-1"/></originalText>
</code>

        <text>
          <reference value="#encounters-desc-1"/>
        </text>
        <effectiveTime value='20100505040000'/>
      </encounter>
    </entry>
  </section>
</component>
    </structuredBody>
  </component>
</ClinicalDocument>