<?xml version="1.0" encoding="UTF-8"?>
<ClinicalDocument xmlns="urn:hl7-org:v3" xmlns:sdtc="urn:hl7-org:sdtc" xmlns:xsi="http://www.w3.org/2001/XMLSchema-instance" xsi:schemaLocation="urn:hl7-org:v3 http://xreg2.nist.gov:8080/hitspValidation/schema/cdar2c32/infrastructure/cda/C32_CDA.xsd">
  <realmCode code="US"/>
  <typeId root="2.16.840.1.113883.1.3" extension="POCD_HD000040"/>
  <templateId root="2.16.840.1.113883.10.20.22.1.1" />
  <templateId root='2.16.840.1.113883.10.20.22.1.2'/> 
  <id root="2.16.840.1.113883.3.72" extension="502b9429044a115b910000e1" assigningAuthorityName="NIST Healthcare Project"/>
  <code code="34133-9" displayName="Summarization of episode note" codeSystem="2.16.840.1.113883.6.1" codeSystemName="LOINC"/>
  <title>Cypress C32 Patient Test Record: Cancer_Adult_Male_DEN 0385_0389_0384</title>
  <effectiveTime value="20120914173600"/>
  <confidentialityCode code="N"/>
  <languageCode code="en-US"/>
  <recordTarget>
    <patientRole>
      <id root="Cypress" extension="502b9429044a115b910000e1"/>
      <addr use="HP">
        <streetAddressLine>202 Burlington Rd.</streetAddressLine>
        <city>Bedford</city>
        <state>MA</state>
        <postalCode>01730</postalCode>
      </addr>
      <telecom value="tel:+1-781-271-3000"/>
      <patient>
        <name>
          <given>Cancer_Adult_Male_DEN</given>
          <family>0385_0389_0384</family>
        </name>
        <administrativeGenderCode code="M" codeSystem="2.16.840.1.113883.5.1" codeSystemName="HL7 AdministrativeGender"/>
        <birthTime value="19850801073000"/>
          <languageCommunication>
            <languageCode code="en-US"/>
          </languageCommunication>
      </patient>
    </patientRole>
  </recordTarget>
  <author>
    <time value="20120914173600"/>
    <assignedAuthor>
      <id/>
      <addr/>
      <telecom value="tel:+1-781-271-3000"/>
      <assignedPerson>
        <name>Auto Generated</name>
      </assignedPerson>
    </assignedAuthor>
  </author>
  <custodian>
    <assignedCustodian>
      <representedCustodianOrganization>
        <id/>
        <name>Cypress</name>
        <telecom value="tel:+1-781-271-3000"/>
        <addr>
          <streetAddressLine>202 Burlington Rd.</streetAddressLine>
          <city>Bedford</city>
          <state>MA</state>
          <postalCode>01730</postalCode>
        </addr>
      </representedCustodianOrganization>
    </assignedCustodian>
  </custodian>
  <component>
    <structuredBody>
        <component>
          <!-- Allergies: patient has no allergies -->
            <section>
             <templateId root="2.16.840.1.113883.10.20.22.2.6"/>
              <code code="11450-4" codeSystem="2.16.840.1.113883.6.1" codeSystemName="LOINC" displayName="Problem List"/>
              <title>Allergies and Adverse Reactions</title>                
               <text>
                <table border="1" width="100%">
                  <thead>
                    <tr>
                      <th>Description</th>                      
                      <th>Code</th>                      
                      <th>Time</th>
                    </tr>
                  </thead>
                  <tbody>
                    <tr ID="noallergies_summary">                                           
                      <td ID="noallergies">No Known allergies</td>
                      <td>160244002</td>                                         
                      <td>20120914173600</td>
                    </tr>                   
                 </tbody>
               </table>                             
             </text>
             <entry typeCode="DRIV">
              <act classCode="ACT" moodCode="EVN">
                <templateId root="2.16.840.1.113883.10.20.22.4.30"/>
                <id root="f6fd6f86-4265-4dcb-95cf-7799100b54ad"/>
                <code nullFlavor="NA"/>
                  <statusCode code="active"/>
                    <effectiveTime>
                      <low nullFlavor="NA"/>
                    </effectiveTime>					
                <entryRelationship typeCode="SUBJ" inversionInd="false">
                  <observation classCode="OBS" moodCode="EVN">
                    <templateId root="2.16.840.1.113883.10.20.22.4.7"/>
                    <id root="2b37be6b-9b1c-4069-bbca-1caf5fe1937d"/>
                    <code code="420134006" codeSystem="2.16.840.1.113883.6.96" displayName="Propensity to adverse reactions (disorder)" codeSystemName="SNOMED CT"/>
                    <statusCode code="completed"/>
                    <effectiveTime>
                      <low nullFlavor="UNK"/>
                    </effectiveTime>
                    <value xsi:type="CD" code="160244002" codeSystem="2.16.840.1.113883.6.96" displayName="No Known allergies" codeSystemName="SNOMED CT">
                      <originalText>
                        <reference value="#noallergies"/>
                      </originalText>
                    </value>
                  </observation>
              </entryRelationship>
            </act>
          </entry>
        </section>
      </component>

        <component>
          <!-- Medications: patient has no medications -->
        <section>
		      <templateId root="2.16.840.1.113883.10.20.22.2.1" />
          <code code="10160-0" codeSystem="2.16.840.1.113883.6.1" codeSystemName="LOINC" displayName="History of medication use"/>
          <title>Medications</title>                       
              <text>
                <table border="1" width="100%">
                  <thead>
                    <tr>
                      <th>Description</th>                      
                      <th>Code</th>                      
                      <th>Time</th>
                    </tr>
                  </thead>
                  <tbody>
                    <tr ID="nomeds_summary">                                           
                      <td ID="nomeds_kind">Patient not on any medication</td>
                      <td>182849000</td>                                         
                      <td>20120914173600</td>
                    </tr>                   
                 </tbody>
               </table>                             
             </text>
              <entry typeCode="DRIV">
                <substanceAdministration classCode="SBADM" moodCode="EVN">
                <templateId root='2.16.840.1.113883.10.20.22.4.16'/>
                <id root="4edd8de0-66e3-4ca6-b287-f0736022f2b3"/>
                <code code="182849000" codeSystem="2.16.840.1.113883.6.96" displayName="No Drug Therapy Prescribed" codeSystemName="SNOMED CT" />
                <statusCode code="completed"/>							
                  <consumable>
                    <manufacturedProduct>
                      <templateId root='2.16.840.1.113883.10.20.22.4.23'/>
                       <manufacturedMaterial>
                        <code>
                         <originalText>
                           <reference value="#nomeds_kind"/>
                         </originalText>
                        </code>						
                      </manufacturedMaterial>
                    </manufacturedProduct>
                  </consumable>
              </substanceAdministration>
            </entry>
         </section>         
</component>

        <component>
  <!--Diagnostic Results-->
  <section>
    <templateId root="2.16.840.1.113883.10.20.22.2.3.1"/>
    <!--Diagnostic Results section template-->
    <code code="30954-2" codeSystem="2.16.840.1.113883.6.1" codeSystemName="LOINC" displayName="Results"/>
    <title>Diagnostic Results</title>
    <text>
  <table border="1" width="100%">
    <thead>
      <tr>
        <th>Description</th>
        <th>Codes</th>
        <th>Time</th>
        
          <th>Value</th>
      </tr>
    </thead>
    <tbody>
        <tr>
          <td ID="results-desc-0">Procedure, Result: Clinical Staging Procedure</td>
          <td ID="results-code-0">SNOMED-CT: 116783008<br/><i></i></td>
          <td>April 23rd, 2010 04:00 - April 23rd, 2010 04:00</td>
           
              <td>
	                  SNOMED-CT: 8091000047104<br/>
              </td>
        </tr>
    </tbody>
  </table>
</text>
    <entry typeCode="DRIV">
      <organizer classCode="BATTERY" moodCode="EVN">
        <templateId root="2.16.840.1.113883.10.20.22.4.1"/>
        <!--Result organizer template -->
        <id root="92fd5fd0-e0c0-012f-f752-406c8fb8a271"/>
        <code nullFlavor="NA"/>
        <statusCode code="completed"/>
        <effectiveTime value="20120914173600"/>
          <component>
           <observation classCode="OBS" moodCode="EVN">
            <templateId root="2.16.840.1.113883.10.20.22.4.2"/>
              <id root="92fd6170-e0c0-012f-f752-406c8fb8a271"/>
              <code nullFlavor="UNK">
                <originalText><reference value="Unknown"/></originalText>
              </code>
              <text>
                <reference value="Unknown"/>
              </text>
              <statusCode code="completed"/>
              <effectiveTime nullFlavor="UNK"/>
            </observation>
          </component>
        <component>
          <observation classCode="OBS" moodCode="EVN">
            <templateId root="2.16.840.1.113883.10.20.22.4.2"/>
            <!-- Result observation template -->
            <id root="92fd6250-e0c0-012f-f752-406c8fb8a271"/>
            <code code="116783008" codeSystem="2.16.840.1.113883.6.96" ><originalText>Procedure, Result: Clinical Staging Procedure</originalText></code>
            <text>
              <reference value="#results-desc-0"/>
            </text>
            <statusCode code="completed"/>
            <effectiveTime value='20100423040000'/>
              <value xsi:type="PQ" nullFlavor="UNK"/>
          </observation>
        </component>
      </organizer>
    </entry>
  </section>
</component>
        <component>
  <!--Problems-->
  <section>
    <templateId root="2.16.840.1.113883.10.20.22.2.5.1"/>
    <!--Problems section template-->
    <code code="11450-4" codeSystem="2.16.840.1.113883.6.1" codeSystemName="LOINC" displayName="Problem list"/>
    <title>Problems</title>
    <text>
  <table border="1" width="100%">
    <thead>
      <tr>
        <th>Description</th>
        <th>Codes</th>
        <th>Time</th>
          <th>Status</th>
        
      </tr>
    </thead>
    <tbody>
        <tr>
          <td ID="conditions-desc-0">Diagnosis, Active: Prostate Cancer</td>
          <td ID="conditions-code-0">ICD-9-CM: 185 ICD-10-CM: C61 SNOMED-CT: 93974005<br/><i></i></td>
          <td>March 26th, 2010 04:00 - March 26th, 2010 04:00</td>
            <td>active</td>
           
        </tr>
        <tr>
          <td ID="conditions-desc-1">Colon Cancer</td>
          <td ID="conditions-code-1">SNOMED-CT: 93683002 ICD-9-CM: 153.0 ICD-10-CM: C18.0<br/><i></i></td>
          <td>March 26th, 2010 04:00 - March 26th, 2010 04:00</td>
            <td>active</td>
           
        </tr>
    </tbody>
  </table>
</text>
    <entry typeCode="DRIV">
      <act classCode="ACT" moodCode="EVN">
        <templateId root="2.16.840.1.113883.10.20.22.4.3"/>
        <!-- Problem act template -->
        <id root="92fda540-e0c0-012f-f752-406c8fb8a271"/>
        <code nullFlavor="NA"/>
        <statusCode code="active"/>
        <effectiveTime>
          <low value='20100326040000'/>
        </effectiveTime>
        <entryRelationship typeCode="SUBJ" inversionInd="false">
          <observation classCode="OBS" moodCode="EVN">
            <templateId root="2.16.840.1.113883.10.20.22.4.4"/>
            
            <!--Problem observation template - NOT episode template-->
            <id root="92fda7b0-e0c0-012f-f752-406c8fb8a271"/>
            <code code="64572001" displayName="Condition" codeSystem="2.16.840.1.113883.6.96" codeSystemName="SNOMED-CT"/>
            <text>
              <reference value="#conditions-desc-0"/>
            </text>
            <statusCode code="completed"/>
            <effectiveTime>
              <low value='20100326040000'/>
            </effectiveTime>
            <value code="93974005" codeSystem="2.16.840.1.113883.6.96" xsi:type="CD"><originalText>Diagnosis, Active: Prostate Cancer</originalText><translation code="185" codeSystem="2.16.840.1.113883.6.104"/>
<translation code="C61" codeSystem="2.16.840.1.113883.6.90"/>
</value>
            <entryRelationship typeCode="REFR">
              <observation classCode="OBS" moodCode="EVN">
                <templateId root="2.16.840.1.113883.10.20.22.4.6"/>
                <!-- Problem status observation template -->
                <code code="33999-4" codeSystem="2.16.840.1.113883.6.1" displayName="Status"/>
                <statusCode code="completed"/>
                <value xsi:type="CE" code="55561003" codeSystem="2.16.840.1.113883.6.96"/>
              </observation>
            </entryRelationship>
          </observation>
        </entryRelationship>
      </act>
    </entry>
    <entry typeCode="DRIV">
      <act classCode="ACT" moodCode="EVN">
        <templateId root="2.16.840.1.113883.10.20.22.4.3"/>
        <!-- Problem act template -->
        <id root="92fdaf60-e0c0-012f-f752-406c8fb8a271"/>
        <code nullFlavor="NA"/>
        <statusCode code="active"/>
        <effectiveTime>
          <low value='20100326040000'/>
        </effectiveTime>
        <entryRelationship typeCode="SUBJ" inversionInd="false">
          <observation classCode="OBS" moodCode="EVN">
            <templateId root="2.16.840.1.113883.10.20.22.4.4"/>
            
            <!--Problem observation template - NOT episode template-->
            <id root="92fdb190-e0c0-012f-f752-406c8fb8a271"/>
            <code code="64572001" displayName="Condition" codeSystem="2.16.840.1.113883.6.96" codeSystemName="SNOMED-CT"/>
            <text>
              <reference value="#conditions-desc-1"/>
            </text>
            <statusCode code="completed"/>
            <effectiveTime>
              <low value='20100326040000'/>
            </effectiveTime>
            <value code="93683002" codeSystem="2.16.840.1.113883.6.96" xsi:type="CD"><originalText>Colon Cancer</originalText><translation code="153.0" codeSystem="2.16.840.1.113883.6.104"/>
<translation code="C18.0" codeSystem="2.16.840.1.113883.6.90"/>
</value>
            <entryRelationship typeCode="REFR">
              <observation classCode="OBS" moodCode="EVN">
                <templateId root="2.16.840.1.113883.10.20.22.4.6"/>
                <!-- Problem status observation template -->
                <code code="33999-4" codeSystem="2.16.840.1.113883.6.1" displayName="Status"/>
                <statusCode code="completed"/>
                <value xsi:type="CE" code="55561003" codeSystem="2.16.840.1.113883.6.96"/>
              </observation>
            </entryRelationship>
          </observation>
        </entryRelationship>
      </act>
    </entry>
  </section>
</component>

        <component>
  <!--Surgeries-->
  <section>
    <templateId root="2.16.840.1.113883.10.20.22.2.7"/>
    <!--Surgeries section template-->
    <code code="47519-4" codeSystem="2.16.840.1.113883.6.1" codeSystemName="LOINC" displayName="List of surgeries"/>
    <title>Surgeries</title>
    <text>
  <table border="1" width="100%">
    <thead>
      <tr>
        <th>Description</th>
        <th>Codes</th>
        <th>Time</th>
        
      </tr>
    </thead>
    <tbody>
        <tr>
          <td ID="procedures-desc-0">Clinical Staging Procedure</td>
          <td ID="procedures-code-0">SNOMED-CT: 116783008<br/><i></i></td>
          <td>March 26th, 2010 04:00 - March 26th, 2010 04:00</td>
           
        </tr>
        <tr>
          <td ID="procedures-desc-1">Procedure, Performed: Clinical Staging Procedure</td>
          <td ID="procedures-code-1">SNOMED-CT: 116783008<br/><i></i></td>
          <td>March 26th, 2010 04:00 - March 26th, 2010 04:00</td>
           
        </tr>
        <tr>
          <td ID="procedures-desc-2">Clinical Staging Procedure</td>
          <td ID="procedures-code-2">SNOMED-CT: 116783008<br/><i></i></td>
          <td>March 26th, 2010 04:00 - March 26th, 2010 04:00</td>
           
        </tr>
        <tr>
          <td ID="procedures-desc-3">Clinical Staging Procedure</td>
          <td ID="procedures-code-3">SNOMED-CT: 116783008<br/><i></i></td>
          <td>March 26th, 2010 04:00 - March 26th, 2010 04:00</td>
           
        </tr>
        <tr>
          <td ID="procedures-desc-4">Procedure, Performed: Prostate Cancer Treatment</td>
          <td ID="procedures-code-4">CPT: 55810 SNOMED-CT: 8782006<br/><i></i></td>
          <td>April 23rd, 2010 04:00 - April 23rd, 2010 04:00</td>
           
        </tr>
        <tr>
          <td ID="procedures-desc-5">Radiation Treatment Management</td>
          <td ID="procedures-code-5">CPT: 77427 SNOMED-CT: 84755001<br/><i></i></td>
          <td>April 23rd, 2010 04:00 - April 23rd, 2010 04:00</td>
           
        </tr>
    </tbody>
  </table>
</text>
    <entry typeCode="DRIV">
      <procedure classCode="PROC" moodCode="EVN">
        <templateId root="2.16.840.1.113883.10.20.22.4.14"/>
        <!-- Procedure activity template -->
        <id root="92fdf980-e0c0-012f-f752-406c8fb8a271"/>
        <code code="116783008" codeSystem="2.16.840.1.113883.6.96" displayName="Clinical Staging Procedure">
  <originalText><reference value="#procedures-desc-0"/></originalText>
</code>

        <text>
          <reference value="#procedures-desc-0"/>
        </text>
        <statusCode code="completed"/>
        <effectiveTime value='20100326040000'/>
      </procedure>
    </entry>
    <entry typeCode="DRIV">
      <procedure classCode="PROC" moodCode="EVN">
        <templateId root="2.16.840.1.113883.10.20.22.4.14"/>
        <!-- Procedure activity template -->
        <id root="92fe1490-e0c0-012f-f752-406c8fb8a271"/>
        <code code="116783008" codeSystem="2.16.840.1.113883.6.96" displayName="Procedure, Performed: Clinical Staging Procedure">
  <originalText><reference value="#procedures-desc-1"/></originalText>
</code>

        <text>
          <reference value="#procedures-desc-1"/>
        </text>
        <statusCode code="completed"/>
        <effectiveTime value='20100326040000'/>
      </procedure>
    </entry>
    <entry typeCode="DRIV">
      <procedure classCode="PROC" moodCode="EVN">
        <templateId root="2.16.840.1.113883.10.20.22.4.14"/>
        <!-- Procedure activity template -->
        <id root="92fe2bb0-e0c0-012f-f752-406c8fb8a271"/>
        <code code="116783008" codeSystem="2.16.840.1.113883.6.96" displayName="Clinical Staging Procedure">
  <originalText><reference value="#procedures-desc-2"/></originalText>
</code>

        <text>
          <reference value="#procedures-desc-2"/>
        </text>
        <statusCode code="completed"/>
        <effectiveTime value='20100326040000'/>
      </procedure>
    </entry>
    <entry typeCode="DRIV">
      <procedure classCode="PROC" moodCode="EVN">
        <templateId root="2.16.840.1.113883.10.20.22.4.14"/>
        <!-- Procedure activity template -->
        <id root="92fe4220-e0c0-012f-f752-406c8fb8a271"/>
        <code code="116783008" codeSystem="2.16.840.1.113883.6.96" displayName="Clinical Staging Procedure">
  <originalText><reference value="#procedures-desc-3"/></originalText>
</code>

        <text>
          <reference value="#procedures-desc-3"/>
        </text>
        <statusCode code="completed"/>
        <effectiveTime value='20100326040000'/>
      </procedure>
    </entry>
    <entry typeCode="DRIV">
      <procedure classCode="PROC" moodCode="EVN">
        <templateId root="2.16.840.1.113883.10.20.22.4.14"/>
        <!-- Procedure activity template -->
        <id root="92fe5950-e0c0-012f-f752-406c8fb8a271"/>
        <code code="55810" codeSystem="2.16.840.1.113883.6.12" displayName="Procedure, Performed: Prostate Cancer Treatment">
  <originalText><reference value="#procedures-desc-4"/></originalText>
  <translation code="8782006" codeSystem="2.16.840.1.113883.6.96" />
</code>

        <text>
          <reference value="#procedures-desc-4"/>
        </text>
        <statusCode code="completed"/>
        <effectiveTime value='20100423040000'/>
      </procedure>
    </entry>
    <entry typeCode="DRIV">
      <procedure classCode="PROC" moodCode="EVN">
        <templateId root="2.16.840.1.113883.10.20.22.4.14"/>
        <!-- Procedure activity template -->
        <id root="92fe7110-e0c0-012f-f752-406c8fb8a271"/>
        <code code="77427" codeSystem="2.16.840.1.113883.6.12" displayName="Radiation Treatment Management">
  <originalText><reference value="#procedures-desc-5"/></originalText>
  <translation code="84755001" codeSystem="2.16.840.1.113883.6.96" />
</code>

        <text>
          <reference value="#procedures-desc-5"/>
        </text>
        <statusCode code="completed"/>
        <effectiveTime value='20100423040000'/>
      </procedure>
    </entry>
  </section>
</component>
        <component>
  <!--Encounters-->
  <section>
    <templateId root="2.16.840.1.113883.10.20.22.2.22" /> <!-- CCDA Template id -->
    <!--Encounters section template-->
    <code code="46240-8" codeSystem="2.16.840.1.113883.6.1" codeSystemName="LOINC" displayName="History of encounters"/>
    <title>Encounters</title>
    <text>
  <table border="1" width="100%">
    <thead>
      <tr>
        <th>Description</th>
        <th>Codes</th>
        <th>Time</th>
        
      </tr>
    </thead>
    <tbody>
        <tr>
          <td ID="encounters-desc-0">Office Visit</td>
          <td ID="encounters-code-0">CPT: 99201<br/><i></i></td>
          <td>March 26th, 2010 04:00 - March 26th, 2010 04:00</td>
           
        </tr>
        <tr>
          <td ID="encounters-desc-1">Encounter, Performed: Office Visit</td>
          <td ID="encounters-code-1">CPT: 99201<br/><i></i></td>
          <td>April 23rd, 2010 04:00 - April 23rd, 2010 04:00</td>
           
        </tr>
    </tbody>
  </table>
</text>
    <entry typeCode="DRIV">
      <encounter classCode="ENC" moodCode="EVN">
		    <templateId root="2.16.840.1.113883.10.20.22.4.49"/>
        <!-- Encounter activity template -->
        <id root="92febc70-e0c0-012f-f752-406c8fb8a271"/>
        <code code="99201" codeSystem="2.16.840.1.113883.6.12" displayName="Office Visit">
  <originalText><reference value="#encounters-desc-0"/></originalText>
</code>

        <text>
          <reference value="#encounters-desc-0"/>
        </text>
        <effectiveTime value='20100326040000'/>
      </encounter>
    </entry>
    <entry typeCode="DRIV">
      <encounter classCode="ENC" moodCode="EVN">
		    <templateId root="2.16.840.1.113883.10.20.22.4.49"/>
        <!-- Encounter activity template -->
        <id root="92fed360-e0c0-012f-f752-406c8fb8a271"/>
        <code code="99201" codeSystem="2.16.840.1.113883.6.12" displayName="Encounter, Performed: Office Visit">
  <originalText><reference value="#encounters-desc-1"/></originalText>
</code>

        <text>
          <reference value="#encounters-desc-1"/>
        </text>
        <effectiveTime value='20100423040000'/>
      </encounter>
    </entry>
  </section>
</component>
        <component>
  <!--Vital Signs-->
  <section>
    <templateId root="2.16.840.1.113883.10.20.22.2.4"/>
    <!--Vital Signs section template-->
    <code code="8716-3" codeSystem="2.16.840.1.113883.6.1" codeSystemName="LOINC" displayName="Vital signs"/>
    <title>Vital Signs</title>
    <text>
  <table border="1" width="100%">
    <thead>
      <tr>
        <th>Description</th>
        <th>Codes</th>
        <th>Time</th>
        
          <th>Value</th>
      </tr>
    </thead>
    <tbody>
        <tr>
          <td ID="vitals-desc-0">Laboratory Test, Result: Prostate Specific Antigen Test</td>
          <td ID="vitals-code-0">LOINC: 10508-0<br/><i></i></td>
          <td>April 23rd, 2010 04:00 - April 23rd, 2010 04:00</td>
           
              <td>
	                6<br/>
              </td>
        </tr>
        <tr>
          <td ID="vitals-desc-1">Laboratory Test, Result: Gleason Score</td>
          <td ID="vitals-code-1">LOINC: 35266-6<br/><i></i></td>
          <td>April 23rd, 2010 04:00 - April 23rd, 2010 04:00</td>
           
              <td>
	                4<br/>
              </td>
        </tr>
    </tbody>
  </table>
</text>
    <entry typeCode="DRIV">
      <organizer classCode="CLUSTER" moodCode="EVN">
        <templateId root="2.16.840.1.113883.10.20.22.4.26"/>
        <!-- Vital signs organizer template -->
        <id root="92ff2a40-e0c0-012f-f752-406c8fb8a271"/>
        <code code="46680005" codeSystem="2.16.840.1.113883.6.96" displayName="Vital signs" codeSystemName="SNOMED CT"/>
        <statusCode code="completed"/>
        <effectiveTime value="19991114"/>
        <component>
          <observation classCode="OBS" moodCode="EVN">
            <templateId root="2.16.840.1.113883.10.20.22.4.27"/>
            <!-- Result observation template -->
            <id root="92ff2b40-e0c0-012f-f752-406c8fb8a271"/>
            <code code="10508-0" codeSystem="2.16.840.1.113883.6.1" ><originalText>Laboratory Test, Result: Prostate Specific Antigen Test</originalText></code>
            <text>
              <reference value="vitals-desc-0"/>
            </text>
            <statusCode code="completed"/>
            <effectiveTime value='20100423040000'/>
                <value xsi:type="PQ" value="6" unit="ng/dL"/>
          </observation>
        </component>
        <component>
          <observation classCode="OBS" moodCode="EVN">
            <templateId root="2.16.840.1.113883.10.20.22.4.27"/>
            <!-- Result observation template -->
            <id root="92ff3350-e0c0-012f-f752-406c8fb8a271"/>
            <code code="35266-6" codeSystem="2.16.840.1.113883.6.1" ><originalText>Laboratory Test, Result: Gleason Score</originalText></code>
            <text>
              <reference value="vitals-desc-1"/>
            </text>
            <statusCode code="completed"/>
            <effectiveTime value='20100423040000'/>
                <value xsi:type="PQ" value="4" unit=""/>
          </observation>
        </component>
      </organizer>
    </entry>
  </section>
</component>
    </structuredBody>
  </component>
</ClinicalDocument>