<?xml version="1.0" encoding="UTF-8"?>
<ClinicalDocument xmlns="urn:hl7-org:v3" xmlns:sdtc="urn:hl7-org:sdtc" xmlns:xsi="http://www.w3.org/2001/XMLSchema-instance" xsi:schemaLocation="urn:hl7-org:v3 http://xreg2.nist.gov:8080/hitspValidation/schema/cdar2c32/infrastructure/cda/C32_CDA.xsd">
  <realmCode code="US"/>
  <typeId root="2.16.840.1.113883.1.3" extension="POCD_HD000040"/>
  <templateId root="2.16.840.1.113883.10.20.22.1.1" />
  <templateId root='2.16.840.1.113883.10.20.22.1.2'/> 
  <id root="2.16.840.1.113883.3.72" extension="50337d58044a11565800004d" assigningAuthorityName="NIST Healthcare Project"/>
  <code code="34133-9" displayName="Summarization of episode note" codeSystem="2.16.840.1.113883.6.1" codeSystemName="LOINC"/>
  <title>Cypress C32 Patient Test Record: GP_Adult_NUM 0028_0031_0032_0052_0419_0421_BPScreen_Ref_Chol</title>
  <effectiveTime value="20120914173602"/>
  <confidentialityCode code="N"/>
  <languageCode code="en-US"/>
  <recordTarget>
    <patientRole>
      <id root="Cypress" extension="50337d58044a11565800004d"/>
      <addr use="HP">
        <streetAddressLine>202 Burlington Rd.</streetAddressLine>
        <city>Bedford</city>
        <state>MA</state>
        <postalCode>01730</postalCode>
      </addr>
      <telecom value="tel:+1-781-271-3000"/>
      <patient>
        <name>
          <given>GP_Adult_NUM</given>
          <family>0028_0031_0032_0052_0419_0421_BPScreen_Ref_Chol</family>
        </name>
        <administrativeGenderCode code="F" codeSystem="2.16.840.1.113883.5.1" codeSystemName="HL7 AdministrativeGender"/>
        <birthTime value="19650101083000"/>
          <languageCommunication>
            <languageCode code="en-US"/>
          </languageCommunication>
      </patient>
    </patientRole>
  </recordTarget>
  <author>
    <time value="20120914173602"/>
    <assignedAuthor>
      <id/>
      <addr/>
      <telecom value="tel:+1-781-271-3000"/>
      <assignedPerson>
        <name>Auto Generated</name>
      </assignedPerson>
    </assignedAuthor>
  </author>
  <custodian>
    <assignedCustodian>
      <representedCustodianOrganization>
        <id/>
        <name>Cypress</name>
        <telecom value="tel:+1-781-271-3000"/>
        <addr>
          <streetAddressLine>202 Burlington Rd.</streetAddressLine>
          <city>Bedford</city>
          <state>MA</state>
          <postalCode>01730</postalCode>
        </addr>
      </representedCustodianOrganization>
    </assignedCustodian>
  </custodian>
  <component>
    <structuredBody>
        <component>
          <!-- Allergies: patient has no allergies -->
            <section>
             <templateId root="2.16.840.1.113883.10.20.22.2.6"/>
              <code code="11450-4" codeSystem="2.16.840.1.113883.6.1" codeSystemName="LOINC" displayName="Problem List"/>
              <title>Allergies and Adverse Reactions</title>                
               <text>
                <table border="1" width="100%">
                  <thead>
                    <tr>
                      <th>Description</th>                      
                      <th>Code</th>                      
                      <th>Time</th>
                    </tr>
                  </thead>
                  <tbody>
                    <tr ID="noallergies_summary">                                           
                      <td ID="noallergies">No Known allergies</td>
                      <td>160244002</td>                                         
                      <td>20120914173602</td>
                    </tr>                   
                 </tbody>
               </table>                             
             </text>
             <entry typeCode="DRIV">
              <act classCode="ACT" moodCode="EVN">
                <templateId root="2.16.840.1.113883.10.20.22.4.30"/>
                <id root="f6fd6f86-4265-4dcb-95cf-7799100b54ad"/>
                <code nullFlavor="NA"/>
                  <statusCode code="active"/>
                    <effectiveTime>
                      <low nullFlavor="NA"/>
                    </effectiveTime>					
                <entryRelationship typeCode="SUBJ" inversionInd="false">
                  <observation classCode="OBS" moodCode="EVN">
                    <templateId root="2.16.840.1.113883.10.20.22.4.7"/>
                    <id root="2b37be6b-9b1c-4069-bbca-1caf5fe1937d"/>
                    <code code="420134006" codeSystem="2.16.840.1.113883.6.96" displayName="Propensity to adverse reactions (disorder)" codeSystemName="SNOMED CT"/>
                    <statusCode code="completed"/>
                    <effectiveTime>
                      <low nullFlavor="UNK"/>
                    </effectiveTime>
                    <value xsi:type="CD" code="160244002" codeSystem="2.16.840.1.113883.6.96" displayName="No Known allergies" codeSystemName="SNOMED CT">
                      <originalText>
                        <reference value="#noallergies"/>
                      </originalText>
                    </value>
                  </observation>
              </entryRelationship>
            </act>
          </entry>
        </section>
      </component>

        <component>
  <!--Medications-->
  <section>
	<templateId root="2.16.840.1.113883.10.20.22.2.1" />
    <code code="10160-0" displayName="History of medication use" codeSystem="2.16.840.1.113883.6.1" codeSystemName="LOINC"/>
    <title>Medications</title>
    <text>
  <table border="1" width="100%">
    <thead>
      <tr>
        <th>Description</th>
        <th>Codes</th>
        <th>Time</th>
        
      </tr>
    </thead>
    <tbody>
        <tr>
          <td ID="medications-desc-0">Medication, Active: Tobacco Use Cessation Pharmacotherapy</td>
          <td ID="medications-code-0">RxNorm: 151226<br/><i></i></td>
          <td>October 25th, 2009 04:00 - October 25th, 2009 04:00</td>
           
        </tr>
    </tbody>
  </table>
</text>
    <entry>
      <!--CCD Medication activity - Required-->
      <substanceAdministration classCode="SBADM" moodCode="EVN">
        <templateId root='2.16.840.1.113883.10.20.22.4.16'/>
        <id root="9411b660-e0c0-012f-f752-406c8fb8a271"/>
        <statusCode code="completed"/>
        <effectiveTime xsi:type="IVL_TS">
          <low value='20091025040000'/>
          <high nullFlavor="UNK"/>
        </effectiveTime>
        <consumable>
          <!--CCD Product - Required-->
          <manufacturedProduct classCode="MANU">
			    <templateId root='2.16.840.1.113883.10.20.22.4.23'/>
            <manufacturedMaterial>
              <code code="151226" codeSystem="2.16.840.1.113883.6.88" displayName="Medication, Active: Tobacco Use Cessation Pharmacotherapy">
  <originalText><reference value="#medications-desc-0"/></originalText>
</code>

              <name>Medication, Active: Tobacco Use Cessation Pharmacotherapy</name>
            </manufacturedMaterial>
          </manufacturedProduct>
        </consumable>
      </substanceAdministration>
    </entry>
  </section>
</component>
        <component>
  <!--Diagnostic Results-->
  <section>
    <templateId root="2.16.840.1.113883.10.20.22.2.3.1"/>
    <!--Diagnostic Results section template-->
    <code code="30954-2" codeSystem="2.16.840.1.113883.6.1" codeSystemName="LOINC" displayName="Results"/>
    <title>Diagnostic Results</title>
    <text>
  <table border="1" width="100%">
    <thead>
      <tr>
        <th>Description</th>
        <th>Codes</th>
        <th>Time</th>
        
          <th>Value</th>
      </tr>
    </thead>
    <tbody>
        <tr>
          <td ID="results-desc-0">Physical Exam, Finding: Diastolic Blood Pressure</td>
          <td ID="results-code-0">LOINC: 8462-4<br/><i></i></td>
          <td>June 25th, 2010 04:00 - June 25th, 2010 04:00</td>
           
              <td>
	                75<br/>
              </td>
        </tr>
        <tr>
          <td ID="results-desc-1">Physical Exam, Finding: BMI Finding Code Set</td>
          <td ID="results-code-1">SNOMED-CT: 6497000 ICD-9-CM: V85 ICD-10-CM: Z68.1 LOINC: 39156-5 <br/><i></i></td>
          <td>June 25th, 2010 04:00 - June 25th, 2010 04:00</td>
           
              <td>
	                28<br/>
              </td>
        </tr>
        <tr>
          <td ID="results-desc-2">Physical Exam, Finding: Systolic Blood Pressure</td>
          <td ID="results-code-2">LOINC: 8480-6 <br/><i></i></td>
          <td>June 25th, 2010 04:00 - June 25th, 2010 04:00</td>
           
              <td>
	                110<br/>
              </td>
        </tr>
    </tbody>
  </table>
</text>
    <entry typeCode="DRIV">
      <organizer classCode="BATTERY" moodCode="EVN">
        <templateId root="2.16.840.1.113883.10.20.22.4.1"/>
        <!--Result organizer template -->
        <id root="94121fe0-e0c0-012f-f752-406c8fb8a271"/>
        <code nullFlavor="NA"/>
        <statusCode code="completed"/>
        <effectiveTime value="20120914173602"/>
          <component>
           <observation classCode="OBS" moodCode="EVN">
            <templateId root="2.16.840.1.113883.10.20.22.4.2"/>
              <id root="94122180-e0c0-012f-f752-406c8fb8a271"/>
              <code nullFlavor="UNK">
                <originalText><reference value="Unknown"/></originalText>
              </code>
              <text>
                <reference value="Unknown"/>
              </text>
              <statusCode code="completed"/>
              <effectiveTime nullFlavor="UNK"/>
            </observation>
          </component>
        <component>
          <observation classCode="OBS" moodCode="EVN">
            <templateId root="2.16.840.1.113883.10.20.22.4.2"/>
            <!-- Result observation template -->
            <id root="94122250-e0c0-012f-f752-406c8fb8a271"/>
            <code code="8462-4" codeSystem="2.16.840.1.113883.6.1" ><originalText>Physical Exam, Finding: Diastolic Blood Pressure</originalText></code>
            <text>
              <reference value="#results-desc-0"/>
            </text>
            <statusCode code="completed"/>
            <effectiveTime value='20100625040000'/>
                <value xsi:type="PQ" value="75" unit="mmHg"/>
          </observation>
        </component>
        <component>
          <observation classCode="OBS" moodCode="EVN">
            <templateId root="2.16.840.1.113883.10.20.22.4.2"/>
            <!-- Result observation template -->
            <id root="94122a10-e0c0-012f-f752-406c8fb8a271"/>
            <code code="39156-5 " codeSystem="2.16.840.1.113883.6.1" ><originalText>Physical Exam, Finding: BMI Finding Code Set</originalText><translation code="6497000" codeSystem="2.16.840.1.113883.6.96"/>
<translation code="V85" codeSystem="2.16.840.1.113883.6.104"/>
<translation code="Z68.1" codeSystem="2.16.840.1.113883.6.90"/>
</code>
            <text>
              <reference value="#results-desc-1"/>
            </text>
            <statusCode code="completed"/>
            <effectiveTime value='20100625040000'/>
                <value xsi:type="PQ" value="28" unit="kg/m2"/>
          </observation>
        </component>
        <component>
          <observation classCode="OBS" moodCode="EVN">
            <templateId root="2.16.840.1.113883.10.20.22.4.2"/>
            <!-- Result observation template -->
            <id root="941230e0-e0c0-012f-f752-406c8fb8a271"/>
            <code code="8480-6 " codeSystem="2.16.840.1.113883.6.1" ><originalText>Physical Exam, Finding: Systolic Blood Pressure</originalText></code>
            <text>
              <reference value="#results-desc-2"/>
            </text>
            <statusCode code="completed"/>
            <effectiveTime value='20100625040000'/>
                <value xsi:type="PQ" value="110" unit="mmHg"/>
          </observation>
        </component>
      </organizer>
    </entry>
  </section>
</component>
        <component>
  <!--Problems-->
  <section>
    <templateId root="2.16.840.1.113883.10.20.22.2.5.1"/>
    <!--Problems section template-->
    <code code="11450-4" codeSystem="2.16.840.1.113883.6.1" codeSystemName="LOINC" displayName="Problem list"/>
    <title>Problems</title>
    <text>
  <table border="1" width="100%">
    <thead>
      <tr>
        <th>Description</th>
        <th>Codes</th>
        <th>Time</th>
          <th>Status</th>
        
      </tr>
    </thead>
    <tbody>
        <tr>
          <td ID="conditions-desc-0">Diagnosis, Family History: Family History CHD</td>
          <td ID="conditions-code-0">SNOMED-CT: 2664552011<br/><i></i></td>
          <td>June 25th, 2010 04:00 - June 25th, 2010 04:00</td>
            <td></td>
           
        </tr>
        <tr>
          <td ID="conditions-desc-1">Diagnosis, Active: Low Back Pain</td>
          <td ID="conditions-code-1">SNOMED-CT: 161894002 ICD-9-CM: 721.3 ICD-10-CM: M43.27<br/><i></i></td>
          <td>March 31st, 2010 04:00 - March 31st, 2010 04:00</td>
            <td>active</td>
           
        </tr>
        <tr>
          <td ID="conditions-desc-2">Diagnosis, Active: CHD or CHD Risk Equivalent</td>
          <td ID="conditions-code-2">ICD-9-CM: 093.0 ICD-10-CM: <br/><i></i></td>
          <td>March 31st, 2010 04:00 - March 31st, 2010 04:00</td>
            <td>active</td>
           
        </tr>
        <tr>
          <td ID="conditions-desc-3">Diagnosis, Active: Smoking</td>
          <td ID="conditions-code-3">SNOMED-CT: 56578002<br/><i></i></td>
          <td>June 25th, 2010 04:00 - June 25th, 2010 04:00</td>
            <td>active</td>
           
        </tr>
    </tbody>
  </table>
</text>
    <entry typeCode="DRIV">
      <act classCode="ACT" moodCode="EVN">
        <templateId root="2.16.840.1.113883.10.20.22.4.3"/>
        <!-- Problem act template -->
        <id root="94127a10-e0c0-012f-f752-406c8fb8a271"/>
        <code nullFlavor="NA"/>
        <statusCode code="active"/>
        <effectiveTime>
          <low value='20100625040000'/>
        </effectiveTime>
        <entryRelationship typeCode="SUBJ" inversionInd="false">
          <observation classCode="OBS" moodCode="EVN">
            <templateId root="2.16.840.1.113883.10.20.22.4.4"/>
            
            <!--Problem observation template - NOT episode template-->
            <id root="94127c30-e0c0-012f-f752-406c8fb8a271"/>
            <code code="64572001" displayName="Condition" codeSystem="2.16.840.1.113883.6.96" codeSystemName="SNOMED-CT"/>
            <text>
              <reference value="#conditions-desc-0"/>
            </text>
            <statusCode code="completed"/>
            <effectiveTime>
              <low value='20100625040000'/>
            </effectiveTime>
            <value code="2664552011" codeSystem="2.16.840.1.113883.6.96" xsi:type="CD"><originalText>Diagnosis, Family History: Family History CHD</originalText></value>
          </observation>
        </entryRelationship>
      </act>
    </entry>
    <entry typeCode="DRIV">
      <act classCode="ACT" moodCode="EVN">
        <templateId root="2.16.840.1.113883.10.20.22.4.3"/>
        <!-- Problem act template -->
        <id root="941281d0-e0c0-012f-f752-406c8fb8a271"/>
        <code nullFlavor="NA"/>
        <statusCode code="active"/>
        <effectiveTime>
          <low value='20100331040000'/>
        </effectiveTime>
        <entryRelationship typeCode="SUBJ" inversionInd="false">
          <observation classCode="OBS" moodCode="EVN">
            <templateId root="2.16.840.1.113883.10.20.22.4.4"/>
            
            <!--Problem observation template - NOT episode template-->
            <id root="941283c0-e0c0-012f-f752-406c8fb8a271"/>
            <code code="64572001" displayName="Condition" codeSystem="2.16.840.1.113883.6.96" codeSystemName="SNOMED-CT"/>
            <text>
              <reference value="#conditions-desc-1"/>
            </text>
            <statusCode code="completed"/>
            <effectiveTime>
              <low value='20100331040000'/>
            </effectiveTime>
            <value code="161894002" codeSystem="2.16.840.1.113883.6.96" xsi:type="CD"><originalText>Diagnosis, Active: Low Back Pain</originalText><translation code="721.3" codeSystem="2.16.840.1.113883.6.104"/>
<translation code="M43.27" codeSystem="2.16.840.1.113883.6.90"/>
</value>
            <entryRelationship typeCode="REFR">
              <observation classCode="OBS" moodCode="EVN">
                <templateId root="2.16.840.1.113883.10.20.22.4.6"/>
                <!-- Problem status observation template -->
                <code code="33999-4" codeSystem="2.16.840.1.113883.6.1" displayName="Status"/>
                <statusCode code="completed"/>
                <value xsi:type="CE" code="55561003" codeSystem="2.16.840.1.113883.6.96"/>
              </observation>
            </entryRelationship>
          </observation>
        </entryRelationship>
      </act>
    </entry>
    <entry typeCode="DRIV">
      <act classCode="ACT" moodCode="EVN">
        <templateId root="2.16.840.1.113883.10.20.22.4.3"/>
        <!-- Problem act template -->
        <id root="94128980-e0c0-012f-f752-406c8fb8a271"/>
        <code nullFlavor="NA"/>
        <statusCode code="active"/>
        <effectiveTime>
          <low value='20100331040000'/>
        </effectiveTime>
        <entryRelationship typeCode="SUBJ" inversionInd="false">
          <observation classCode="OBS" moodCode="EVN">
            <templateId root="2.16.840.1.113883.10.20.22.4.4"/>
            
            <!--Problem observation template - NOT episode template-->
            <id root="94128b60-e0c0-012f-f752-406c8fb8a271"/>
            <code code="64572001" displayName="Condition" codeSystem="2.16.840.1.113883.6.96" codeSystemName="SNOMED-CT"/>
            <text>
              <reference value="#conditions-desc-2"/>
            </text>
            <statusCode code="completed"/>
            <effectiveTime>
              <low value='20100331040000'/>
            </effectiveTime>
            <value nullFlavor="UNK" xsi:type="CD"><originalText>Diagnosis, Active: CHD or CHD Risk Equivalent</originalText><translation code="093.0" codeSystem="2.16.840.1.113883.6.104"/>
<translation code="" codeSystem="2.16.840.1.113883.6.90"/>
</value>
            <entryRelationship typeCode="REFR">
              <observation classCode="OBS" moodCode="EVN">
                <templateId root="2.16.840.1.113883.10.20.22.4.6"/>
                <!-- Problem status observation template -->
                <code code="33999-4" codeSystem="2.16.840.1.113883.6.1" displayName="Status"/>
                <statusCode code="completed"/>
                <value xsi:type="CE" code="55561003" codeSystem="2.16.840.1.113883.6.96"/>
              </observation>
            </entryRelationship>
          </observation>
        </entryRelationship>
      </act>
    </entry>
    <entry typeCode="DRIV">
      <act classCode="ACT" moodCode="EVN">
        <templateId root="2.16.840.1.113883.10.20.22.4.3"/>
        <!-- Problem act template -->
        <id root="94129050-e0c0-012f-f752-406c8fb8a271"/>
        <code nullFlavor="NA"/>
        <statusCode code="active"/>
        <effectiveTime>
          <low value='20100625040000'/>
        </effectiveTime>
        <entryRelationship typeCode="SUBJ" inversionInd="false">
          <observation classCode="OBS" moodCode="EVN">
            <templateId root="2.16.840.1.113883.10.20.22.4.4"/>
            
            <!--Problem observation template - NOT episode template-->
            <id root="94129230-e0c0-012f-f752-406c8fb8a271"/>
            <code code="64572001" displayName="Condition" codeSystem="2.16.840.1.113883.6.96" codeSystemName="SNOMED-CT"/>
            <text>
              <reference value="#conditions-desc-3"/>
            </text>
            <statusCode code="completed"/>
            <effectiveTime>
              <low value='20100625040000'/>
            </effectiveTime>
            <value code="56578002" codeSystem="2.16.840.1.113883.6.96" xsi:type="CD"><originalText>Diagnosis, Active: Smoking</originalText></value>
            <entryRelationship typeCode="REFR">
              <observation classCode="OBS" moodCode="EVN">
                <templateId root="2.16.840.1.113883.10.20.22.4.6"/>
                <!-- Problem status observation template -->
                <code code="33999-4" codeSystem="2.16.840.1.113883.6.1" displayName="Status"/>
                <statusCode code="completed"/>
                <value xsi:type="CE" code="55561003" codeSystem="2.16.840.1.113883.6.96"/>
              </observation>
            </entryRelationship>
          </observation>
        </entryRelationship>
      </act>
    </entry>
  </section>
</component>

        <component>
  <!--Surgeries-->
  <section>
    <templateId root="2.16.840.1.113883.10.20.22.2.7"/>
    <!--Surgeries section template-->
    <code code="47519-4" codeSystem="2.16.840.1.113883.6.1" codeSystemName="LOINC" displayName="List of surgeries"/>
    <title>Surgeries</title>
    <text>
  <table border="1" width="100%">
    <thead>
      <tr>
        <th>Description</th>
        <th>Codes</th>
        <th>Time</th>
        
      </tr>
    </thead>
    <tbody>
        <tr>
          <td ID="procedures-desc-0">Referral</td>
          <td ID="procedures-code-0">SNOMED-CT: 54395008<br/><i></i></td>
          <td>February 26th, 2010 05:00 - February 26th, 2010 05:00</td>
           
        </tr>
        <tr>
          <td ID="procedures-desc-1">Procedure, Performed: Current Medications Documented</td>
          <td ID="procedures-code-1">CPT: G8427<br/><i></i></td>
          <td>March 26th, 2010 04:00 - March 26th, 2010 04:00</td>
           
        </tr>
        <tr>
          <td ID="procedures-desc-2">Diagnostic Study, Performed: X-Ray of Lower Spine</td>
          <td ID="procedures-code-2">LOINC: 24665-2<br/><i></i></td>
          <td>April 2nd, 2010 04:00 - April 2nd, 2010 04:00</td>
           
        </tr>
        <tr>
          <td ID="procedures-desc-3">Diagnostic Study, Performed: Mammogram</td>
          <td ID="procedures-code-3">HCPCS: G0202 LOINC: 24604-1<br/><i></i></td>
          <td>June 25th, 2010 04:00 - June 25th, 2010 04:00</td>
           
        </tr>
        <tr>
          <td ID="procedures-desc-4">Intervention, Order: Above Normal Follow-up</td>
          <td ID="procedures-code-4">HCPCS: G8417 ICD-9-CM: V65.3 ICD-10-CM: Z71.3 CPT: 43644 SNOMED-CT: 307818003<br/><i></i></td>
          <td>June 25th, 2010 04:00 - June 25th, 2010 04:00</td>
           
        </tr>
        <tr>
          <td ID="procedures-desc-5">Communication: From Provider to Provider: Consultant Report</td>
          <td ID="procedures-code-5">SNOMED-CT: 371530004<br/><i></i></td>
          <td>July 30th, 2010 04:00 - July 30th, 2010 04:00</td>
           
        </tr>
    </tbody>
  </table>
</text>
    <entry typeCode="DRIV">
      <procedure classCode="PROC" moodCode="EVN">
        <templateId root="2.16.840.1.113883.10.20.22.4.14"/>
        <!-- Procedure activity template -->
        <id root="9412d740-e0c0-012f-f752-406c8fb8a271"/>
        <code code="54395008" codeSystem="2.16.840.1.113883.6.96" displayName="Referral">
  <originalText><reference value="#procedures-desc-0"/></originalText>
</code>

        <text>
          <reference value="#procedures-desc-0"/>
        </text>
        <statusCode code="completed"/>
        <effectiveTime value='20100226050000'/>
      </procedure>
    </entry>
    <entry typeCode="DRIV">
      <procedure classCode="PROC" moodCode="EVN">
        <templateId root="2.16.840.1.113883.10.20.22.4.14"/>
        <!-- Procedure activity template -->
        <id root="9412ee90-e0c0-012f-f752-406c8fb8a271"/>
        <code code="G8427" codeSystem="2.16.840.1.113883.6.12" displayName="Procedure, Performed: Current Medications Documented">
  <originalText><reference value="#procedures-desc-1"/></originalText>
</code>

        <text>
          <reference value="#procedures-desc-1"/>
        </text>
        <statusCode code="completed"/>
        <effectiveTime value='20100326040000'/>
      </procedure>
    </entry>
    <entry typeCode="DRIV">
      <procedure classCode="PROC" moodCode="EVN">
        <templateId root="2.16.840.1.113883.10.20.22.4.14"/>
        <!-- Procedure activity template -->
        <id root="941304e0-e0c0-012f-f752-406c8fb8a271"/>
        <code nullFlavor="UNK">
  <originalText><reference value="#procedures-desc-2"/></originalText>
  <translation code="24665-2" codeSystem="2.16.840.1.113883.6.1" />
</code>

        <text>
          <reference value="#procedures-desc-2"/>
        </text>
        <statusCode code="completed"/>
        <effectiveTime value='20100402040000'/>
      </procedure>
    </entry>
    <entry typeCode="DRIV">
      <procedure classCode="PROC" moodCode="EVN">
        <templateId root="2.16.840.1.113883.10.20.22.4.14"/>
        <!-- Procedure activity template -->
        <id root="94131aa0-e0c0-012f-f752-406c8fb8a271"/>
        <code code="G0202" codeSystem="2.16.840.1.113883.6.14" displayName="Diagnostic Study, Performed: Mammogram">
  <originalText><reference value="#procedures-desc-3"/></originalText>
  <translation code="24604-1" codeSystem="2.16.840.1.113883.6.1" />
</code>

        <text>
          <reference value="#procedures-desc-3"/>
        </text>
        <statusCode code="completed"/>
        <effectiveTime value='20100625040000'/>
      </procedure>
    </entry>
    <entry typeCode="DRIV">
      <procedure classCode="PROC" moodCode="EVN">
        <templateId root="2.16.840.1.113883.10.20.22.4.14"/>
        <!-- Procedure activity template -->
        <id root="941331c0-e0c0-012f-f752-406c8fb8a271"/>
        <code code="43644" codeSystem="2.16.840.1.113883.6.12" displayName="Intervention, Order: Above Normal Follow-up">
  <originalText><reference value="#procedures-desc-4"/></originalText>
  <translation code="G8417" codeSystem="2.16.840.1.113883.6.14" />
  <translation code="V65.3" codeSystem="2.16.840.1.113883.6.104" />
  <translation code="Z71.3" codeSystem="2.16.840.1.113883.6.90" />
  <translation code="307818003" codeSystem="2.16.840.1.113883.6.96" />
</code>

        <text>
          <reference value="#procedures-desc-4"/>
        </text>
        <statusCode code="completed"/>
        <effectiveTime value='20100625040000'/>
      </procedure>
    </entry>
    <entry typeCode="DRIV">
      <procedure classCode="PROC" moodCode="EVN">
        <templateId root="2.16.840.1.113883.10.20.22.4.14"/>
        <!-- Procedure activity template -->
        <id root="94134a90-e0c0-012f-f752-406c8fb8a271"/>
        <code code="371530004" codeSystem="2.16.840.1.113883.6.96" displayName="Communication: From Provider to Provider: Consultant Report">
  <originalText><reference value="#procedures-desc-5"/></originalText>
</code>

        <text>
          <reference value="#procedures-desc-5"/>
        </text>
        <statusCode code="completed"/>
        <effectiveTime value='20100730040000'/>
      </procedure>
    </entry>
  </section>
</component>
        <component>
  <!--Encounters-->
  <section>
    <templateId root="2.16.840.1.113883.10.20.22.2.22" /> <!-- CCDA Template id -->
    <!--Encounters section template-->
    <code code="46240-8" codeSystem="2.16.840.1.113883.6.1" codeSystemName="LOINC" displayName="History of encounters"/>
    <title>Encounters</title>
    <text>
  <table border="1" width="100%">
    <thead>
      <tr>
        <th>Description</th>
        <th>Codes</th>
        <th>Time</th>
        
      </tr>
    </thead>
    <tbody>
        <tr>
          <td ID="encounters-desc-0">Encounter, Performed: Office Visit</td>
          <td ID="encounters-code-0">CPT: 99201<br/><i></i></td>
          <td>October 30th, 2009 04:00 - October 30th, 2009 04:00</td>
           
        </tr>
        <tr>
          <td ID="encounters-desc-1">Encounter, Performed: Medications Encounter Code Set</td>
          <td ID="encounters-code-1">HCPCS: G0101 CPT: 90801 SNOMED-CT: 2162931017<br/><i></i></td>
          <td>March 26th, 2010 04:00 - March 26th, 2010 04:00</td>
           
        </tr>
        <tr>
          <td ID="encounters-desc-2">Office Visit</td>
          <td ID="encounters-code-2">CPT: 99201<br/><i></i></td>
          <td>March 31st, 2010 04:00 - March 31st, 2010 04:00</td>
           
        </tr>
        <tr>
          <td ID="encounters-desc-3">Encounter, Performed: Office Visit</td>
          <td ID="encounters-code-3">CPT: 99201<br/><i></i></td>
          <td>June 25th, 2010 04:00 - June 25th, 2010 04:00</td>
           
        </tr>
        <tr>
          <td ID="encounters-desc-4">Encounter, Performed: BP Screening Denominator Encounter Codes Grouped New</td>
          <td ID="encounters-code-4">CPT: 99201 HCPCS: G0101 SNOMED-CT: 4525004<br/><i></i></td>
          <td>June 25th, 2010 04:00 - June 25th, 2010 04:00</td>
           
        </tr>
        <tr>
          <td ID="encounters-desc-5">Encounter, Performed: Cholesterol Measure Encounter Codes</td>
          <td ID="encounters-code-5">SNOMED-CT: 13607009 HCPCS: G0101 CPT: 99201<br/><i></i></td>
          <td>June 25th, 2010 04:00 - June 25th, 2010 04:00</td>
           
        </tr>
        <tr>
          <td ID="encounters-desc-6">Encounter, Performed: BMI Encounter Code Set</td>
          <td ID="encounters-code-6">CPT: 90802 HCPCS: G0270 SNOMED-CT: 2471894011<br/><i></i></td>
          <td>August 27th, 2010 04:00 - August 27th, 2010 04:00</td>
           
        </tr>
    </tbody>
  </table>
</text>
    <entry typeCode="DRIV">
      <encounter classCode="ENC" moodCode="EVN">
		    <templateId root="2.16.840.1.113883.10.20.22.4.49"/>
        <!-- Encounter activity template -->
        <id root="9413a340-e0c0-012f-f752-406c8fb8a271"/>
        <code code="99201" codeSystem="2.16.840.1.113883.6.12" displayName="Encounter, Performed: Office Visit">
  <originalText><reference value="#encounters-desc-0"/></originalText>
</code>

        <text>
          <reference value="#encounters-desc-0"/>
        </text>
        <effectiveTime value='20091030040000'/>
      </encounter>
    </entry>
    <entry typeCode="DRIV">
      <encounter classCode="ENC" moodCode="EVN">
		    <templateId root="2.16.840.1.113883.10.20.22.4.49"/>
        <!-- Encounter activity template -->
        <id root="9413ba30-e0c0-012f-f752-406c8fb8a271"/>
        <code code="90801" codeSystem="2.16.840.1.113883.6.12" displayName="Encounter, Performed: Medications Encounter Code Set">
  <originalText><reference value="#encounters-desc-1"/></originalText>
  <translation code="G0101" codeSystem="2.16.840.1.113883.6.14" />
  <translation code="2162931017" codeSystem="2.16.840.1.113883.6.96" />
</code>

        <text>
          <reference value="#encounters-desc-1"/>
        </text>
        <effectiveTime value='20100326040000'/>
      </encounter>
    </entry>
    <entry typeCode="DRIV">
      <encounter classCode="ENC" moodCode="EVN">
		    <templateId root="2.16.840.1.113883.10.20.22.4.49"/>
        <!-- Encounter activity template -->
        <id root="9413d2e0-e0c0-012f-f752-406c8fb8a271"/>
        <code code="99201" codeSystem="2.16.840.1.113883.6.12" displayName="Office Visit">
  <originalText><reference value="#encounters-desc-2"/></originalText>
</code>

        <text>
          <reference value="#encounters-desc-2"/>
        </text>
        <effectiveTime value='20100331040000'/>
      </encounter>
    </entry>
    <entry typeCode="DRIV">
      <encounter classCode="ENC" moodCode="EVN">
		    <templateId root="2.16.840.1.113883.10.20.22.4.49"/>
        <!-- Encounter activity template -->
        <id root="9413e9c0-e0c0-012f-f752-406c8fb8a271"/>
        <code code="99201" codeSystem="2.16.840.1.113883.6.12" displayName="Encounter, Performed: Office Visit">
  <originalText><reference value="#encounters-desc-3"/></originalText>
</code>

        <text>
          <reference value="#encounters-desc-3"/>
        </text>
        <effectiveTime value='20100625040000'/>
      </encounter>
    </entry>
    <entry typeCode="DRIV">
      <encounter classCode="ENC" moodCode="EVN">
		    <templateId root="2.16.840.1.113883.10.20.22.4.49"/>
        <!-- Encounter activity template -->
        <id root="9413ffd0-e0c0-012f-f752-406c8fb8a271"/>
        <code code="99201" codeSystem="2.16.840.1.113883.6.12" displayName="Encounter, Performed: BP Screening Denominator Encounter Codes Grouped New">
  <originalText><reference value="#encounters-desc-4"/></originalText>
  <translation code="G0101" codeSystem="2.16.840.1.113883.6.14" />
  <translation code="4525004" codeSystem="2.16.840.1.113883.6.96" />
</code>

        <text>
          <reference value="#encounters-desc-4"/>
        </text>
        <effectiveTime value='20100625040000'/>
      </encounter>
    </entry>
    <entry typeCode="DRIV">
      <encounter classCode="ENC" moodCode="EVN">
		    <templateId root="2.16.840.1.113883.10.20.22.4.49"/>
        <!-- Encounter activity template -->
        <id root="94141790-e0c0-012f-f752-406c8fb8a271"/>
        <code code="99201" codeSystem="2.16.840.1.113883.6.12" displayName="Encounter, Performed: Cholesterol Measure Encounter Codes">
  <originalText><reference value="#encounters-desc-5"/></originalText>
  <translation code="13607009" codeSystem="2.16.840.1.113883.6.96" />
  <translation code="G0101" codeSystem="2.16.840.1.113883.6.14" />
</code>

        <text>
          <reference value="#encounters-desc-5"/>
        </text>
        <effectiveTime value='20100625040000'/>
      </encounter>
    </entry>
    <entry typeCode="DRIV">
      <encounter classCode="ENC" moodCode="EVN">
		    <templateId root="2.16.840.1.113883.10.20.22.4.49"/>
        <!-- Encounter activity template -->
        <id root="94142f80-e0c0-012f-f752-406c8fb8a271"/>
        <code code="90802" codeSystem="2.16.840.1.113883.6.12" displayName="Encounter, Performed: BMI Encounter Code Set">
  <originalText><reference value="#encounters-desc-6"/></originalText>
  <translation code="G0270" codeSystem="2.16.840.1.113883.6.14" />
  <translation code="2471894011" codeSystem="2.16.840.1.113883.6.96" />
</code>

        <text>
          <reference value="#encounters-desc-6"/>
        </text>
        <effectiveTime value='20100827040000'/>
      </encounter>
    </entry>
  </section>
</component>
        <component>
  <!--Vital Signs-->
  <section>
    <templateId root="2.16.840.1.113883.10.20.22.2.4"/>
    <!--Vital Signs section template-->
    <code code="8716-3" codeSystem="2.16.840.1.113883.6.1" codeSystemName="LOINC" displayName="Vital signs"/>
    <title>Vital Signs</title>
    <text>
  <table border="1" width="100%">
    <thead>
      <tr>
        <th>Description</th>
        <th>Codes</th>
        <th>Time</th>
        
          <th>Value</th>
      </tr>
    </thead>
    <tbody>
        <tr>
          <td ID="vitals-desc-0">Laboratory Test, Performed: Pap Test</td>
          <td ID="vitals-code-0">LOINC: 10524-7<br/><i></i></td>
          <td>June 25th, 2010 04:00 - June 25th, 2010 04:00</td>
           
              <td>
              </td>
        </tr>
        <tr>
          <td ID="vitals-desc-1">Laboratory Test, Performed: LDL Test</td>
          <td ID="vitals-code-1">LOINC: 12773-8<br/><i></i></td>
          <td>June 25th, 2010 04:00 - June 25th, 2010 04:00</td>
           
              <td>
	                90<br/>
              </td>
        </tr>
        <tr>
          <td ID="vitals-desc-2">Laboratory Test, Result: High Density Lipoprotein (HDL)</td>
          <td ID="vitals-code-2">LOINC: 14646-4 SNOMED-CT: 17888004<br/><i></i></td>
          <td>June 25th, 2010 04:00 - June 25th, 2010 04:00</td>
           
              <td>
	                35<br/>
              </td>
        </tr>
    </tbody>
  </table>
</text>
    <entry typeCode="DRIV">
      <organizer classCode="CLUSTER" moodCode="EVN">
        <templateId root="2.16.840.1.113883.10.20.22.4.26"/>
        <!-- Vital signs organizer template -->
        <id root="94148ae0-e0c0-012f-f752-406c8fb8a271"/>
        <code code="46680005" codeSystem="2.16.840.1.113883.6.96" displayName="Vital signs" codeSystemName="SNOMED CT"/>
        <statusCode code="completed"/>
        <effectiveTime value="19991114"/>
        <component>
          <observation classCode="OBS" moodCode="EVN">
            <templateId root="2.16.840.1.113883.10.20.22.4.27"/>
            <!-- Result observation template -->
            <id root="94148bd0-e0c0-012f-f752-406c8fb8a271"/>
            <code code="10524-7" codeSystem="2.16.840.1.113883.6.1" ><originalText>Laboratory Test, Performed: Pap Test</originalText></code>
            <text>
              <reference value="vitals-desc-0"/>
            </text>
            <statusCode code="completed"/>
            <effectiveTime value='20100625040000'/>
              <value xsi:type="PQ" nullFlavor="UNK"/>
          </observation>
        </component>
        <component>
          <observation classCode="OBS" moodCode="EVN">
            <templateId root="2.16.840.1.113883.10.20.22.4.27"/>
            <!-- Result observation template -->
            <id root="941491f0-e0c0-012f-f752-406c8fb8a271"/>
            <code code="12773-8" codeSystem="2.16.840.1.113883.6.1" ><originalText>Laboratory Test, Performed: LDL Test</originalText></code>
            <text>
              <reference value="vitals-desc-1"/>
            </text>
            <statusCode code="completed"/>
            <effectiveTime value='20100625040000'/>
                <value xsi:type="PQ" value="90" unit="mg/dL"/>
          </observation>
        </component>
        <component>
          <observation classCode="OBS" moodCode="EVN">
            <templateId root="2.16.840.1.113883.10.20.22.4.27"/>
            <!-- Result observation template -->
            <id root="94149900-e0c0-012f-f752-406c8fb8a271"/>
            <code code="14646-4" codeSystem="2.16.840.1.113883.6.1" ><originalText>Laboratory Test, Result: High Density Lipoprotein (HDL)</originalText><translation code="17888004" codeSystem="2.16.840.1.113883.6.96"/>
</code>
            <text>
              <reference value="vitals-desc-2"/>
            </text>
            <statusCode code="completed"/>
            <effectiveTime value='20100625040000'/>
                <value xsi:type="PQ" value="35" unit="mg/dL"/>
          </observation>
        </component>
      </organizer>
    </entry>
  </section>
</component>
    </structuredBody>
  </component>
</ClinicalDocument>