<?xml version="1.0" encoding="UTF-8"?>
<ClinicalDocument xmlns="urn:hl7-org:v3" xmlns:sdtc="urn:hl7-org:sdtc" xmlns:xsi="http://www.w3.org/2001/XMLSchema-instance" xsi:schemaLocation="urn:hl7-org:v3 http://xreg2.nist.gov:8080/hitspValidation/schema/cdar2c32/infrastructure/cda/C32_CDA.xsd">
  <realmCode code="US"/>
  <typeId root="2.16.840.1.113883.1.3" extension="POCD_HD000040"/>
  <templateId root="2.16.840.1.113883.10.20.22.1.1" />
  <templateId root='2.16.840.1.113883.10.20.22.1.2'/> 
  <id root="2.16.840.1.113883.3.72" extension="5034929c044a11167b000047" assigningAuthorityName="NIST Healthcare Project"/>
  <code code="34133-9" displayName="Summarization of episode note" codeSystem="2.16.840.1.113883.6.1" codeSystemName="LOINC"/>
  <title>Cypress C32 Patient Test Record: GP_Peds_NUM 0002_0024_0033_0036_0041_0069_0418</title>
  <effectiveTime value="20120914173602"/>
  <confidentialityCode code="N"/>
  <languageCode code="en-US"/>
  <recordTarget>
    <patientRole>
      <id root="Cypress" extension="5034929c044a11167b000047"/>
      <addr use="HP">
        <streetAddressLine>202 Burlington Rd.</streetAddressLine>
        <city>Bedford</city>
        <state>MA</state>
        <postalCode>01730</postalCode>
      </addr>
      <telecom value="tel:+1-781-271-3000"/>
      <patient>
        <name>
          <given>GP_Peds_NUM</given>
          <family>0002_0024_0033_0036_0041_0069_0418</family>
        </name>
        <administrativeGenderCode code="F" codeSystem="2.16.840.1.113883.5.1" codeSystemName="HL7 AdministrativeGender"/>
        <birthTime value="19930101083000"/>
          <languageCommunication>
            <languageCode code="en-US"/>
          </languageCommunication>
      </patient>
    </patientRole>
  </recordTarget>
  <author>
    <time value="20120914173602"/>
    <assignedAuthor>
      <id/>
      <addr/>
      <telecom value="tel:+1-781-271-3000"/>
      <assignedPerson>
        <name>Auto Generated</name>
      </assignedPerson>
    </assignedAuthor>
  </author>
  <custodian>
    <assignedCustodian>
      <representedCustodianOrganization>
        <id/>
        <name>Cypress</name>
        <telecom value="tel:+1-781-271-3000"/>
        <addr>
          <streetAddressLine>202 Burlington Rd.</streetAddressLine>
          <city>Bedford</city>
          <state>MA</state>
          <postalCode>01730</postalCode>
        </addr>
      </representedCustodianOrganization>
    </assignedCustodian>
  </custodian>
  <component>
    <structuredBody>
        <component>
          <!-- Allergies: patient has no allergies -->
            <section>
             <templateId root="2.16.840.1.113883.10.20.22.2.6"/>
              <code code="11450-4" codeSystem="2.16.840.1.113883.6.1" codeSystemName="LOINC" displayName="Problem List"/>
              <title>Allergies and Adverse Reactions</title>                
               <text>
                <table border="1" width="100%">
                  <thead>
                    <tr>
                      <th>Description</th>                      
                      <th>Code</th>                      
                      <th>Time</th>
                    </tr>
                  </thead>
                  <tbody>
                    <tr ID="noallergies_summary">                                           
                      <td ID="noallergies">No Known allergies</td>
                      <td>160244002</td>                                         
                      <td>20120914173602</td>
                    </tr>                   
                 </tbody>
               </table>                             
             </text>
             <entry typeCode="DRIV">
              <act classCode="ACT" moodCode="EVN">
                <templateId root="2.16.840.1.113883.10.20.22.4.30"/>
                <id root="f6fd6f86-4265-4dcb-95cf-7799100b54ad"/>
                <code nullFlavor="NA"/>
                  <statusCode code="active"/>
                    <effectiveTime>
                      <low nullFlavor="NA"/>
                    </effectiveTime>					
                <entryRelationship typeCode="SUBJ" inversionInd="false">
                  <observation classCode="OBS" moodCode="EVN">
                    <templateId root="2.16.840.1.113883.10.20.22.4.7"/>
                    <id root="2b37be6b-9b1c-4069-bbca-1caf5fe1937d"/>
                    <code code="420134006" codeSystem="2.16.840.1.113883.6.96" displayName="Propensity to adverse reactions (disorder)" codeSystemName="SNOMED CT"/>
                    <statusCode code="completed"/>
                    <effectiveTime>
                      <low nullFlavor="UNK"/>
                    </effectiveTime>
                    <value xsi:type="CD" code="160244002" codeSystem="2.16.840.1.113883.6.96" displayName="No Known allergies" codeSystemName="SNOMED CT">
                      <originalText>
                        <reference value="#noallergies"/>
                      </originalText>
                    </value>
                  </observation>
              </entryRelationship>
            </act>
          </entry>
        </section>
      </component>

        <component>
  <!--Medications-->
  <section>
	<templateId root="2.16.840.1.113883.10.20.22.2.1" />
    <code code="10160-0" displayName="History of medication use" codeSystem="2.16.840.1.113883.6.1" codeSystemName="LOINC"/>
    <title>Medications</title>
    <text>
  <table border="1" width="100%">
    <thead>
      <tr>
        <th>Description</th>
        <th>Codes</th>
        <th>Time</th>
        
      </tr>
    </thead>
    <tbody>
        <tr>
          <td ID="medications-desc-0">Medication, Active: Antibiotic Medications</td>
          <td ID="medications-code-0">RxNorm: 102769<br/><i></i></td>
          <td>April 30th, 2010 04:00 - April 30th, 2010 04:00</td>
           
        </tr>
        <tr>
          <td ID="medications-desc-1">Medication, Dispensed: Preferred Asthma Therapy</td>
          <td ID="medications-code-1">RxNorm: 403866<br/><i></i></td>
          <td>April 30th, 2010 04:00 - April 30th, 2010 04:00</td>
           
        </tr>
    </tbody>
  </table>
</text>
    <entry>
      <!--CCD Medication activity - Required-->
      <substanceAdministration classCode="SBADM" moodCode="EVN">
        <templateId root='2.16.840.1.113883.10.20.22.4.16'/>
        <id root="941e6790-e0c0-012f-f752-406c8fb8a271"/>
        <statusCode code="completed"/>
        <effectiveTime xsi:type="IVL_TS">
          <low value='20100430040000'/>
          <high nullFlavor="UNK"/>
        </effectiveTime>
        <consumable>
          <!--CCD Product - Required-->
          <manufacturedProduct classCode="MANU">
			    <templateId root='2.16.840.1.113883.10.20.22.4.23'/>
            <manufacturedMaterial>
              <code code="102769" codeSystem="2.16.840.1.113883.6.88" displayName="Medication, Active: Antibiotic Medications">
  <originalText><reference value="#medications-desc-0"/></originalText>
</code>

              <name>Medication, Active: Antibiotic Medications</name>
            </manufacturedMaterial>
          </manufacturedProduct>
        </consumable>
      </substanceAdministration>
    </entry>
    <entry>
      <!--CCD Medication activity - Required-->
      <substanceAdministration classCode="SBADM" moodCode="EVN">
        <templateId root='2.16.840.1.113883.10.20.22.4.16'/>
        <id root="941e7e40-e0c0-012f-f752-406c8fb8a271"/>
        <statusCode code="completed"/>
        <effectiveTime xsi:type="IVL_TS">
          <low value='20100430040000'/>
          <high nullFlavor="UNK"/>
        </effectiveTime>
        <consumable>
          <!--CCD Product - Required-->
          <manufacturedProduct classCode="MANU">
			    <templateId root='2.16.840.1.113883.10.20.22.4.23'/>
            <manufacturedMaterial>
              <code code="403866" codeSystem="2.16.840.1.113883.6.88" displayName="Medication, Dispensed: Preferred Asthma Therapy">
  <originalText><reference value="#medications-desc-1"/></originalText>
</code>

              <name>Medication, Dispensed: Preferred Asthma Therapy</name>
            </manufacturedMaterial>
          </manufacturedProduct>
        </consumable>
      </substanceAdministration>
    </entry>
  </section>
</component>
        <component>
  <!--Diagnostic Results-->
  <section>
    <templateId root="2.16.840.1.113883.10.20.22.2.3.1"/>
    <!--Diagnostic Results section template-->
    <code code="30954-2" codeSystem="2.16.840.1.113883.6.1" codeSystemName="LOINC" displayName="Results"/>
    <title>Diagnostic Results</title>
    <text>
  <table border="1" width="100%">
    <thead>
      <tr>
        <th>Description</th>
        <th>Codes</th>
        <th>Time</th>
        
          <th>Value</th>
      </tr>
    </thead>
    <tbody>
        <tr>
          <td ID="results-desc-0">Physical Exam, Finding: Height</td>
          <td ID="results-code-0">LOINC: 3137-7<br/><i></i></td>
          <td>April 30th, 2010 04:00 - April 30th, 2010 04:00</td>
           
              <td>
              </td>
        </tr>
        <tr>
          <td ID="results-desc-1">Physical Exam, Finding: Weight</td>
          <td ID="results-code-1">LOINC: 18833-4<br/><i></i></td>
          <td>April 30th, 2010 04:00 - April 30th, 2010 04:00</td>
           
              <td>
              </td>
        </tr>
        <tr>
          <td ID="results-desc-2">Physical Exam, Finding: BMI percentile</td>
          <td ID="results-code-2">LOINC: 59574-4<br/><i></i></td>
          <td>April 30th, 2010 04:00 - April 30th, 2010 04:00</td>
           
              <td>
              </td>
        </tr>
    </tbody>
  </table>
</text>
    <entry typeCode="DRIV">
      <organizer classCode="BATTERY" moodCode="EVN">
        <templateId root="2.16.840.1.113883.10.20.22.4.1"/>
        <!--Result organizer template -->
        <id root="941ed770-e0c0-012f-f752-406c8fb8a271"/>
        <code nullFlavor="NA"/>
        <statusCode code="completed"/>
        <effectiveTime value="20120914173602"/>
          <component>
           <observation classCode="OBS" moodCode="EVN">
            <templateId root="2.16.840.1.113883.10.20.22.4.2"/>
              <id root="941ed930-e0c0-012f-f752-406c8fb8a271"/>
              <code nullFlavor="UNK">
                <originalText><reference value="Unknown"/></originalText>
              </code>
              <text>
                <reference value="Unknown"/>
              </text>
              <statusCode code="completed"/>
              <effectiveTime nullFlavor="UNK"/>
            </observation>
          </component>
        <component>
          <observation classCode="OBS" moodCode="EVN">
            <templateId root="2.16.840.1.113883.10.20.22.4.2"/>
            <!-- Result observation template -->
            <id root="941eda10-e0c0-012f-f752-406c8fb8a271"/>
            <code code="3137-7" codeSystem="2.16.840.1.113883.6.1" ><originalText>Physical Exam, Finding: Height</originalText></code>
            <text>
              <reference value="#results-desc-0"/>
            </text>
            <statusCode code="completed"/>
            <effectiveTime value='20100430040000'/>
              <value xsi:type="PQ" nullFlavor="UNK"/>
          </observation>
        </component>
        <component>
          <observation classCode="OBS" moodCode="EVN">
            <templateId root="2.16.840.1.113883.10.20.22.4.2"/>
            <!-- Result observation template -->
            <id root="941ee030-e0c0-012f-f752-406c8fb8a271"/>
            <code code="18833-4" codeSystem="2.16.840.1.113883.6.1" ><originalText>Physical Exam, Finding: Weight</originalText></code>
            <text>
              <reference value="#results-desc-1"/>
            </text>
            <statusCode code="completed"/>
            <effectiveTime value='20100430040000'/>
              <value xsi:type="PQ" nullFlavor="UNK"/>
          </observation>
        </component>
        <component>
          <observation classCode="OBS" moodCode="EVN">
            <templateId root="2.16.840.1.113883.10.20.22.4.2"/>
            <!-- Result observation template -->
            <id root="941ee520-e0c0-012f-f752-406c8fb8a271"/>
            <code code="59574-4" codeSystem="2.16.840.1.113883.6.1" ><originalText>Physical Exam, Finding: BMI percentile</originalText></code>
            <text>
              <reference value="#results-desc-2"/>
            </text>
            <statusCode code="completed"/>
            <effectiveTime value='20100430040000'/>
              <value xsi:type="PQ" nullFlavor="UNK"/>
          </observation>
        </component>
      </organizer>
    </entry>
  </section>
</component>
        <component>
  <!--Problems-->
  <section>
    <templateId root="2.16.840.1.113883.10.20.22.2.5.1"/>
    <!--Problems section template-->
    <code code="11450-4" codeSystem="2.16.840.1.113883.6.1" codeSystemName="LOINC" displayName="Problem list"/>
    <title>Problems</title>
    <text>
  <table border="1" width="100%">
    <thead>
      <tr>
        <th>Description</th>
        <th>Codes</th>
        <th>Time</th>
          <th>Status</th>
        
      </tr>
    </thead>
    <tbody>
        <tr>
          <td ID="conditions-desc-0">Diagnosis, Active: Upper Respiratory Infection</td>
          <td ID="conditions-code-0">ICD-10-CM: J00 SNOMED-CT: 54150009 ICD-9-CM: 460<br/><i></i></td>
          <td>January 22nd, 2010 05:00 - January 22nd, 2010 05:00</td>
            <td>active</td>
           
        </tr>
        <tr>
          <td ID="conditions-desc-1">Diagnosis, Active: Depression diagnosis</td>
          <td ID="conditions-code-1">SNOMED-CT: 2820279015 ICD-9-CM: 311 ICD-10-CM: F0151<br/><i></i></td>
          <td>February 5th, 2010 05:00 - February 5th, 2010 05:00</td>
            <td>active</td>
           
        </tr>
        <tr>
          <td ID="conditions-desc-2">Diagnosis, Active: Acute Pharyngitis</td>
          <td ID="conditions-code-2">SNOMED-CT: 1532007 ICD-9-CM: 034.0 ICD-10-CM: J02.8<br/><i></i></td>
          <td>April 30th, 2010 04:00 - April 30th, 2010 04:00</td>
            <td>active</td>
           
        </tr>
        <tr>
          <td ID="conditions-desc-3">Diagnosis, Active: Persistent Asthma</td>
          <td ID="conditions-code-3">ICD-10-CM: J45.30 SNOMED-CT: 426656000<br/><i></i></td>
          <td>April 30th, 2010 04:00 - April 30th, 2010 04:00</td>
            <td>active</td>
           
        </tr>
    </tbody>
  </table>
</text>
    <entry typeCode="DRIV">
      <act classCode="ACT" moodCode="EVN">
        <templateId root="2.16.840.1.113883.10.20.22.4.3"/>
        <!-- Problem act template -->
        <id root="941f2d10-e0c0-012f-f752-406c8fb8a271"/>
        <code nullFlavor="NA"/>
        <statusCode code="active"/>
        <effectiveTime>
          <low value='20100122050000'/>
        </effectiveTime>
        <entryRelationship typeCode="SUBJ" inversionInd="false">
          <observation classCode="OBS" moodCode="EVN">
            <templateId root="2.16.840.1.113883.10.20.22.4.4"/>
            
            <!--Problem observation template - NOT episode template-->
            <id root="941f2f70-e0c0-012f-f752-406c8fb8a271"/>
            <code code="64572001" displayName="Condition" codeSystem="2.16.840.1.113883.6.96" codeSystemName="SNOMED-CT"/>
            <text>
              <reference value="#conditions-desc-0"/>
            </text>
            <statusCode code="completed"/>
            <effectiveTime>
              <low value='20100122050000'/>
            </effectiveTime>
            <value code="54150009" codeSystem="2.16.840.1.113883.6.96" xsi:type="CD"><originalText>Diagnosis, Active: Upper Respiratory Infection</originalText><translation code="J00" codeSystem="2.16.840.1.113883.6.90"/>
<translation code="460" codeSystem="2.16.840.1.113883.6.104"/>
</value>
            <entryRelationship typeCode="REFR">
              <observation classCode="OBS" moodCode="EVN">
                <templateId root="2.16.840.1.113883.10.20.22.4.6"/>
                <!-- Problem status observation template -->
                <code code="33999-4" codeSystem="2.16.840.1.113883.6.1" displayName="Status"/>
                <statusCode code="completed"/>
                <value xsi:type="CE" code="55561003" codeSystem="2.16.840.1.113883.6.96"/>
              </observation>
            </entryRelationship>
          </observation>
        </entryRelationship>
      </act>
    </entry>
    <entry typeCode="DRIV">
      <act classCode="ACT" moodCode="EVN">
        <templateId root="2.16.840.1.113883.10.20.22.4.3"/>
        <!-- Problem act template -->
        <id root="941f3650-e0c0-012f-f752-406c8fb8a271"/>
        <code nullFlavor="NA"/>
        <statusCode code="active"/>
        <effectiveTime>
          <low value='20100205050000'/>
        </effectiveTime>
        <entryRelationship typeCode="SUBJ" inversionInd="false">
          <observation classCode="OBS" moodCode="EVN">
            <templateId root="2.16.840.1.113883.10.20.22.4.4"/>
            
            <!--Problem observation template - NOT episode template-->
            <id root="941f3830-e0c0-012f-f752-406c8fb8a271"/>
            <code code="64572001" displayName="Condition" codeSystem="2.16.840.1.113883.6.96" codeSystemName="SNOMED-CT"/>
            <text>
              <reference value="#conditions-desc-1"/>
            </text>
            <statusCode code="completed"/>
            <effectiveTime>
              <low value='20100205050000'/>
            </effectiveTime>
            <value code="2820279015" codeSystem="2.16.840.1.113883.6.96" xsi:type="CD"><originalText>Diagnosis, Active: Depression diagnosis</originalText><translation code="311" codeSystem="2.16.840.1.113883.6.104"/>
<translation code="F0151" codeSystem="2.16.840.1.113883.6.90"/>
</value>
            <entryRelationship typeCode="REFR">
              <observation classCode="OBS" moodCode="EVN">
                <templateId root="2.16.840.1.113883.10.20.22.4.6"/>
                <!-- Problem status observation template -->
                <code code="33999-4" codeSystem="2.16.840.1.113883.6.1" displayName="Status"/>
                <statusCode code="completed"/>
                <value xsi:type="CE" code="55561003" codeSystem="2.16.840.1.113883.6.96"/>
              </observation>
            </entryRelationship>
          </observation>
        </entryRelationship>
      </act>
    </entry>
    <entry typeCode="DRIV">
      <act classCode="ACT" moodCode="EVN">
        <templateId root="2.16.840.1.113883.10.20.22.4.3"/>
        <!-- Problem act template -->
        <id root="941f3dc0-e0c0-012f-f752-406c8fb8a271"/>
        <code nullFlavor="NA"/>
        <statusCode code="active"/>
        <effectiveTime>
          <low value='20100430040000'/>
        </effectiveTime>
        <entryRelationship typeCode="SUBJ" inversionInd="false">
          <observation classCode="OBS" moodCode="EVN">
            <templateId root="2.16.840.1.113883.10.20.22.4.4"/>
            
            <!--Problem observation template - NOT episode template-->
            <id root="941f3f90-e0c0-012f-f752-406c8fb8a271"/>
            <code code="64572001" displayName="Condition" codeSystem="2.16.840.1.113883.6.96" codeSystemName="SNOMED-CT"/>
            <text>
              <reference value="#conditions-desc-2"/>
            </text>
            <statusCode code="completed"/>
            <effectiveTime>
              <low value='20100430040000'/>
            </effectiveTime>
            <value code="1532007" codeSystem="2.16.840.1.113883.6.96" xsi:type="CD"><originalText>Diagnosis, Active: Acute Pharyngitis</originalText><translation code="034.0" codeSystem="2.16.840.1.113883.6.104"/>
<translation code="J02.8" codeSystem="2.16.840.1.113883.6.90"/>
</value>
            <entryRelationship typeCode="REFR">
              <observation classCode="OBS" moodCode="EVN">
                <templateId root="2.16.840.1.113883.10.20.22.4.6"/>
                <!-- Problem status observation template -->
                <code code="33999-4" codeSystem="2.16.840.1.113883.6.1" displayName="Status"/>
                <statusCode code="completed"/>
                <value xsi:type="CE" code="55561003" codeSystem="2.16.840.1.113883.6.96"/>
              </observation>
            </entryRelationship>
          </observation>
        </entryRelationship>
      </act>
    </entry>
    <entry typeCode="DRIV">
      <act classCode="ACT" moodCode="EVN">
        <templateId root="2.16.840.1.113883.10.20.22.4.3"/>
        <!-- Problem act template -->
        <id root="941f4520-e0c0-012f-f752-406c8fb8a271"/>
        <code nullFlavor="NA"/>
        <statusCode code="active"/>
        <effectiveTime>
          <low value='20100430040000'/>
        </effectiveTime>
        <entryRelationship typeCode="SUBJ" inversionInd="false">
          <observation classCode="OBS" moodCode="EVN">
            <templateId root="2.16.840.1.113883.10.20.22.4.4"/>
            
            <!--Problem observation template - NOT episode template-->
            <id root="941f46e0-e0c0-012f-f752-406c8fb8a271"/>
            <code code="64572001" displayName="Condition" codeSystem="2.16.840.1.113883.6.96" codeSystemName="SNOMED-CT"/>
            <text>
              <reference value="#conditions-desc-3"/>
            </text>
            <statusCode code="completed"/>
            <effectiveTime>
              <low value='20100430040000'/>
            </effectiveTime>
            <value code="426656000" codeSystem="2.16.840.1.113883.6.96" xsi:type="CD"><originalText>Diagnosis, Active: Persistent Asthma</originalText><translation code="J45.30" codeSystem="2.16.840.1.113883.6.90"/>
</value>
            <entryRelationship typeCode="REFR">
              <observation classCode="OBS" moodCode="EVN">
                <templateId root="2.16.840.1.113883.10.20.22.4.6"/>
                <!-- Problem status observation template -->
                <code code="33999-4" codeSystem="2.16.840.1.113883.6.1" displayName="Status"/>
                <statusCode code="completed"/>
                <value xsi:type="CE" code="55561003" codeSystem="2.16.840.1.113883.6.96"/>
              </observation>
            </entryRelationship>
          </observation>
        </entryRelationship>
      </act>
    </entry>
  </section>
</component>

        <component>
  <!--Surgeries-->
  <section>
    <templateId root="2.16.840.1.113883.10.20.22.2.7"/>
    <!--Surgeries section template-->
    <code code="47519-4" codeSystem="2.16.840.1.113883.6.1" codeSystemName="LOINC" displayName="List of surgeries"/>
    <title>Surgeries</title>
    <text>
  <table border="1" width="100%">
    <thead>
      <tr>
        <th>Description</th>
        <th>Codes</th>
        <th>Time</th>
        
      </tr>
    </thead>
    <tbody>
        <tr>
          <td ID="procedures-desc-0">Procedure, Performed: Influenza Vaccination</td>
          <td ID="procedures-code-0">CPT: 90656 SNOMED-CT: 86198006<br/><i></i></td>
          <td>January 29th, 2010 05:00 - January 29th, 2010 05:00</td>
           
        </tr>
        <tr>
          <td ID="procedures-desc-1">Intervention, Performed: Additional evaluation for depression - adolescent</td>
          <td ID="procedures-code-1">SNOMED-CT: 2763951015<br/><i></i></td>
          <td>February 5th, 2010 05:00 - February 5th, 2010 05:00</td>
           
        </tr>
        <tr>
          <td ID="procedures-desc-2">Intervention, Performed: Adolescent Depression Screening</td>
          <td ID="procedures-code-2">SNOMED-CT: 171207006 HCPCS: S3005 ICD-9-CM: V79.0 ICD-10-CM: Z13.89<br/><i></i></td>
          <td>February 5th, 2010 05:00 - February 5th, 2010 05:00</td>
           
        </tr>
    </tbody>
  </table>
</text>
    <entry typeCode="DRIV">
      <procedure classCode="PROC" moodCode="EVN">
        <templateId root="2.16.840.1.113883.10.20.22.4.14"/>
        <!-- Procedure activity template -->
        <id root="941f8120-e0c0-012f-f752-406c8fb8a271"/>
        <code code="90656" codeSystem="2.16.840.1.113883.6.12" displayName="Procedure, Performed: Influenza Vaccination">
  <originalText><reference value="#procedures-desc-0"/></originalText>
  <translation code="86198006" codeSystem="2.16.840.1.113883.6.96" />
</code>

        <text>
          <reference value="#procedures-desc-0"/>
        </text>
        <statusCode code="completed"/>
        <effectiveTime value='20100129050000'/>
      </procedure>
    </entry>
    <entry typeCode="DRIV">
      <procedure classCode="PROC" moodCode="EVN">
        <templateId root="2.16.840.1.113883.10.20.22.4.14"/>
        <!-- Procedure activity template -->
        <id root="941f9850-e0c0-012f-f752-406c8fb8a271"/>
        <code code="2763951015" codeSystem="2.16.840.1.113883.6.96" displayName="Intervention, Performed: Additional evaluation for depression - adolescent">
  <originalText><reference value="#procedures-desc-1"/></originalText>
</code>

        <text>
          <reference value="#procedures-desc-1"/>
        </text>
        <statusCode code="completed"/>
        <effectiveTime value='20100205050000'/>
      </procedure>
    </entry>
    <entry typeCode="DRIV">
      <procedure classCode="PROC" moodCode="EVN">
        <templateId root="2.16.840.1.113883.10.20.22.4.14"/>
        <!-- Procedure activity template -->
        <id root="941fafc0-e0c0-012f-f752-406c8fb8a271"/>
        <code code="V79.0" codeSystem="2.16.840.1.113883.6.104" displayName="Intervention, Performed: Adolescent Depression Screening">
  <originalText><reference value="#procedures-desc-2"/></originalText>
  <translation code="171207006" codeSystem="2.16.840.1.113883.6.96" />
  <translation code="S3005" codeSystem="2.16.840.1.113883.6.14" />
  <translation code="Z13.89" codeSystem="2.16.840.1.113883.6.90" />
</code>

        <text>
          <reference value="#procedures-desc-2"/>
        </text>
        <statusCode code="completed"/>
        <effectiveTime value='20100205050000'/>
      </procedure>
    </entry>
  </section>
</component>
        <component>
  <!--Encounters-->
  <section>
    <templateId root="2.16.840.1.113883.10.20.22.2.22" /> <!-- CCDA Template id -->
    <!--Encounters section template-->
    <code code="46240-8" codeSystem="2.16.840.1.113883.6.1" codeSystemName="LOINC" displayName="History of encounters"/>
    <title>Encounters</title>
    <text>
  <table border="1" width="100%">
    <thead>
      <tr>
        <th>Description</th>
        <th>Codes</th>
        <th>Time</th>
        
      </tr>
    </thead>
    <tbody>
        <tr>
          <td ID="encounters-desc-0">Encounter, Performed: Office Visit</td>
          <td ID="encounters-code-0">CPT: 99201<br/><i></i></td>
          <td>February 26th, 2010 05:00 - February 26th, 2010 05:00</td>
           
        </tr>
        <tr>
          <td ID="encounters-desc-1">Encounter, Performed: Encounter-Influenza</td>
          <td ID="encounters-code-1">CPT: 99391 SNOMED-CT: 4525004<br/><i></i></td>
          <td>January 29th, 2010 05:00 - January 29th, 2010 05:00</td>
           
        </tr>
        <tr>
          <td ID="encounters-desc-2">Encounter, Performed: Office Visit</td>
          <td ID="encounters-code-2">CPT: 99201<br/><i></i></td>
          <td>January 22nd, 2010 05:00 - January 22nd, 2010 05:00</td>
           
        </tr>
        <tr>
          <td ID="encounters-desc-3">Encounter, Performed: Depression Screening Denominator Encounter Codes New</td>
          <td ID="encounters-code-3">CPT: 90801 SNOMED-CT: 10197000 HCPCS: G0101<br/><i></i></td>
          <td>February 5th, 2010 05:00 - February 5th, 2010 05:00</td>
           
        </tr>
        <tr>
          <td ID="encounters-desc-4">Office Visit</td>
          <td ID="encounters-code-4">CPT: 99201<br/><i></i></td>
          <td>April 30th, 2010 04:00 - April 30th, 2010 04:00</td>
           
        </tr>
    </tbody>
  </table>
</text>
    <entry typeCode="DRIV">
      <encounter classCode="ENC" moodCode="EVN">
		    <templateId root="2.16.840.1.113883.10.20.22.4.49"/>
        <!-- Encounter activity template -->
        <id root="94200340-e0c0-012f-f752-406c8fb8a271"/>
        <code code="99201" codeSystem="2.16.840.1.113883.6.12" displayName="Encounter, Performed: Office Visit">
  <originalText><reference value="#encounters-desc-0"/></originalText>
</code>

        <text>
          <reference value="#encounters-desc-0"/>
        </text>
        <effectiveTime value='20100226050000'/>
      </encounter>
    </entry>
    <entry typeCode="DRIV">
      <encounter classCode="ENC" moodCode="EVN">
		    <templateId root="2.16.840.1.113883.10.20.22.4.49"/>
        <!-- Encounter activity template -->
        <id root="94201970-e0c0-012f-f752-406c8fb8a271"/>
        <code code="99391" codeSystem="2.16.840.1.113883.6.12" displayName="Encounter, Performed: Encounter-Influenza">
  <originalText><reference value="#encounters-desc-1"/></originalText>
  <translation code="4525004" codeSystem="2.16.840.1.113883.6.96" />
</code>

        <text>
          <reference value="#encounters-desc-1"/>
        </text>
        <effectiveTime value='20100129050000'/>
      </encounter>
    </entry>
    <entry typeCode="DRIV">
      <encounter classCode="ENC" moodCode="EVN">
		    <templateId root="2.16.840.1.113883.10.20.22.4.49"/>
        <!-- Encounter activity template -->
        <id root="94203170-e0c0-012f-f752-406c8fb8a271"/>
        <code code="99201" codeSystem="2.16.840.1.113883.6.12" displayName="Encounter, Performed: Office Visit">
  <originalText><reference value="#encounters-desc-2"/></originalText>
</code>

        <text>
          <reference value="#encounters-desc-2"/>
        </text>
        <effectiveTime value='20100122050000'/>
      </encounter>
    </entry>
    <entry typeCode="DRIV">
      <encounter classCode="ENC" moodCode="EVN">
		    <templateId root="2.16.840.1.113883.10.20.22.4.49"/>
        <!-- Encounter activity template -->
        <id root="942047b0-e0c0-012f-f752-406c8fb8a271"/>
        <code code="90801" codeSystem="2.16.840.1.113883.6.12" displayName="Encounter, Performed: Depression Screening Denominator Encounter Codes New">
  <originalText><reference value="#encounters-desc-3"/></originalText>
  <translation code="10197000" codeSystem="2.16.840.1.113883.6.96" />
  <translation code="G0101" codeSystem="2.16.840.1.113883.6.14" />
</code>

        <text>
          <reference value="#encounters-desc-3"/>
        </text>
        <effectiveTime value='20100205050000'/>
      </encounter>
    </entry>
    <entry typeCode="DRIV">
      <encounter classCode="ENC" moodCode="EVN">
		    <templateId root="2.16.840.1.113883.10.20.22.4.49"/>
        <!-- Encounter activity template -->
        <id root="94205f50-e0c0-012f-f752-406c8fb8a271"/>
        <code code="99201" codeSystem="2.16.840.1.113883.6.12" displayName="Office Visit">
  <originalText><reference value="#encounters-desc-4"/></originalText>
</code>

        <text>
          <reference value="#encounters-desc-4"/>
        </text>
        <effectiveTime value='20100430040000'/>
      </encounter>
    </entry>
  </section>
</component>
        <component>
  <!--Vital Signs-->
  <section>
    <templateId root="2.16.840.1.113883.10.20.22.2.4"/>
    <!--Vital Signs section template-->
    <code code="8716-3" codeSystem="2.16.840.1.113883.6.1" codeSystemName="LOINC" displayName="Vital signs"/>
    <title>Vital Signs</title>
    <text>
  <table border="1" width="100%">
    <thead>
      <tr>
        <th>Description</th>
        <th>Codes</th>
        <th>Time</th>
        
          <th>Value</th>
      </tr>
    </thead>
    <tbody>
        <tr>
          <td ID="vitals-desc-0">Laboratory Test, Performed: Pap Test</td>
          <td ID="vitals-code-0">LOINC: 10524-7<br/><i></i></td>
          <td>March 31st, 2010 04:00 - March 31st, 2010 04:00</td>
           
              <td>
              </td>
        </tr>
        <tr>
          <td ID="vitals-desc-1">Laboratory Test, Performed: Group A Streptococcus Test</td>
          <td ID="vitals-code-1">LOINC: 11268-0<br/><i></i></td>
          <td>January 21st, 2010 05:00 - January 21st, 2010 05:00</td>
           
              <td>
              </td>
        </tr>
        <tr>
          <td ID="vitals-desc-2">Laboratory Test, Result: Chlamydia Screening</td>
          <td ID="vitals-code-2">LOINC: 13217-5<br/><i></i></td>
          <td>April 30th, 2010 04:00 - April 30th, 2010 04:00</td>
           
              <td>
              </td>
        </tr>
    </tbody>
  </table>
</text>
    <entry typeCode="DRIV">
      <organizer classCode="CLUSTER" moodCode="EVN">
        <templateId root="2.16.840.1.113883.10.20.22.4.26"/>
        <!-- Vital signs organizer template -->
        <id root="9420b6c0-e0c0-012f-f752-406c8fb8a271"/>
        <code code="46680005" codeSystem="2.16.840.1.113883.6.96" displayName="Vital signs" codeSystemName="SNOMED CT"/>
        <statusCode code="completed"/>
        <effectiveTime value="19991114"/>
        <component>
          <observation classCode="OBS" moodCode="EVN">
            <templateId root="2.16.840.1.113883.10.20.22.4.27"/>
            <!-- Result observation template -->
            <id root="9420b7e0-e0c0-012f-f752-406c8fb8a271"/>
            <code code="10524-7" codeSystem="2.16.840.1.113883.6.1" ><originalText>Laboratory Test, Performed: Pap Test</originalText></code>
            <text>
              <reference value="vitals-desc-0"/>
            </text>
            <statusCode code="completed"/>
            <effectiveTime value='20100331040000'/>
              <value xsi:type="PQ" nullFlavor="UNK"/>
          </observation>
        </component>
        <component>
          <observation classCode="OBS" moodCode="EVN">
            <templateId root="2.16.840.1.113883.10.20.22.4.27"/>
            <!-- Result observation template -->
            <id root="9420bde0-e0c0-012f-f752-406c8fb8a271"/>
            <code code="11268-0" codeSystem="2.16.840.1.113883.6.1" ><originalText>Laboratory Test, Performed: Group A Streptococcus Test</originalText></code>
            <text>
              <reference value="vitals-desc-1"/>
            </text>
            <statusCode code="completed"/>
            <effectiveTime value='20100121050000'/>
              <value xsi:type="PQ" nullFlavor="UNK"/>
          </observation>
        </component>
        <component>
          <observation classCode="OBS" moodCode="EVN">
            <templateId root="2.16.840.1.113883.10.20.22.4.27"/>
            <!-- Result observation template -->
            <id root="9420c2b0-e0c0-012f-f752-406c8fb8a271"/>
            <code code="13217-5" codeSystem="2.16.840.1.113883.6.1" ><originalText>Laboratory Test, Result: Chlamydia Screening</originalText></code>
            <text>
              <reference value="vitals-desc-2"/>
            </text>
            <statusCode code="completed"/>
            <effectiveTime value='20100430040000'/>
              <value xsi:type="PQ" nullFlavor="UNK"/>
          </observation>
        </component>
      </organizer>
    </entry>
  </section>
</component>
    </structuredBody>
  </component>
</ClinicalDocument>