<?xml version="1.0" encoding="UTF-8"?>
<ClinicalDocument xmlns="urn:hl7-org:v3" xmlns:sdtc="urn:hl7-org:sdtc" xmlns:xsi="http://www.w3.org/2001/XMLSchema-instance" xsi:schemaLocation="urn:hl7-org:v3 http://xreg2.nist.gov:8080/hitspValidation/schema/cdar2c32/infrastructure/cda/C32_CDA.xsd">
  <realmCode code="US"/>
  <typeId root="2.16.840.1.113883.1.3" extension="POCD_HD000040"/>
  <templateId root="2.16.840.1.113883.10.20.22.1.1" />
  <templateId root='2.16.840.1.113883.10.20.22.1.2'/> 
  <id root="2.16.840.1.113883.3.72" extension="503385c1044a1156dd00017c" assigningAuthorityName="NIST Healthcare Project"/>
  <code code="34133-9" displayName="Summarization of episode note" codeSystem="2.16.840.1.113883.6.1" codeSystemName="LOINC"/>
  <title>Cypress C32 Patient Test Record: Heart_Adult_NUM 0018_0068_0070_0081_0083_0075_HTN_FSAChf</title>
  <effectiveTime value="20120914173603"/>
  <confidentialityCode code="N"/>
  <languageCode code="en-US"/>
  <recordTarget>
    <patientRole>
      <id root="Cypress" extension="503385c1044a1156dd00017c"/>
      <addr use="HP">
        <streetAddressLine>202 Burlington Rd.</streetAddressLine>
        <city>Bedford</city>
        <state>MA</state>
        <postalCode>01730</postalCode>
      </addr>
      <telecom value="tel:+1-781-271-3000"/>
      <patient>
        <name>
          <given>Heart_Adult_NUM</given>
          <family>0018_0068_0070_0081_0083_0075_HTN_FSAChf</family>
        </name>
        <administrativeGenderCode code="M" codeSystem="2.16.840.1.113883.5.1" codeSystemName="HL7 AdministrativeGender"/>
        <birthTime value="19400101083000"/>
          <languageCommunication>
            <languageCode code="en-US"/>
          </languageCommunication>
      </patient>
    </patientRole>
  </recordTarget>
  <author>
    <time value="20120914173603"/>
    <assignedAuthor>
      <id/>
      <addr/>
      <telecom value="tel:+1-781-271-3000"/>
      <assignedPerson>
        <name>Auto Generated</name>
      </assignedPerson>
    </assignedAuthor>
  </author>
  <custodian>
    <assignedCustodian>
      <representedCustodianOrganization>
        <id/>
        <name>Cypress</name>
        <telecom value="tel:+1-781-271-3000"/>
        <addr>
          <streetAddressLine>202 Burlington Rd.</streetAddressLine>
          <city>Bedford</city>
          <state>MA</state>
          <postalCode>01730</postalCode>
        </addr>
      </representedCustodianOrganization>
    </assignedCustodian>
  </custodian>
  <component>
    <structuredBody>
        <component>
          <!-- Allergies: patient has no allergies -->
            <section>
             <templateId root="2.16.840.1.113883.10.20.22.2.6"/>
              <code code="11450-4" codeSystem="2.16.840.1.113883.6.1" codeSystemName="LOINC" displayName="Problem List"/>
              <title>Allergies and Adverse Reactions</title>                
               <text>
                <table border="1" width="100%">
                  <thead>
                    <tr>
                      <th>Description</th>                      
                      <th>Code</th>                      
                      <th>Time</th>
                    </tr>
                  </thead>
                  <tbody>
                    <tr ID="noallergies_summary">                                           
                      <td ID="noallergies">No Known allergies</td>
                      <td>160244002</td>                                         
                      <td>20120914173603</td>
                    </tr>                   
                 </tbody>
               </table>                             
             </text>
             <entry typeCode="DRIV">
              <act classCode="ACT" moodCode="EVN">
                <templateId root="2.16.840.1.113883.10.20.22.4.30"/>
                <id root="f6fd6f86-4265-4dcb-95cf-7799100b54ad"/>
                <code nullFlavor="NA"/>
                  <statusCode code="active"/>
                    <effectiveTime>
                      <low nullFlavor="NA"/>
                    </effectiveTime>					
                <entryRelationship typeCode="SUBJ" inversionInd="false">
                  <observation classCode="OBS" moodCode="EVN">
                    <templateId root="2.16.840.1.113883.10.20.22.4.7"/>
                    <id root="2b37be6b-9b1c-4069-bbca-1caf5fe1937d"/>
                    <code code="420134006" codeSystem="2.16.840.1.113883.6.96" displayName="Propensity to adverse reactions (disorder)" codeSystemName="SNOMED CT"/>
                    <statusCode code="completed"/>
                    <effectiveTime>
                      <low nullFlavor="UNK"/>
                    </effectiveTime>
                    <value xsi:type="CD" code="160244002" codeSystem="2.16.840.1.113883.6.96" displayName="No Known allergies" codeSystemName="SNOMED CT">
                      <originalText>
                        <reference value="#noallergies"/>
                      </originalText>
                    </value>
                  </observation>
              </entryRelationship>
            </act>
          </entry>
        </section>
      </component>

        <component>
  <!--Medications-->
  <section>
	<templateId root="2.16.840.1.113883.10.20.22.2.1" />
    <code code="10160-0" displayName="History of medication use" codeSystem="2.16.840.1.113883.6.1" codeSystemName="LOINC"/>
    <title>Medications</title>
    <text>
  <table border="1" width="100%">
    <thead>
      <tr>
        <th>Description</th>
        <th>Codes</th>
        <th>Time</th>
        
      </tr>
    </thead>
    <tbody>
        <tr>
          <td ID="medications-desc-0">Medication, Order: Beta Blocker Therapy for LVSD</td>
          <td ID="medications-code-0">RxNorm: 200031<br/><i></i></td>
          <td>February 2nd, 2010 05:00 - February 2nd, 2010 05:00</td>
           
        </tr>
        <tr>
          <td ID="medications-desc-1">Medication, Order: ACE inhibitor or ARB</td>
          <td ID="medications-code-1">RxNorm: 104370<br/><i></i></td>
          <td>February 2nd, 2010 05:00 - February 2nd, 2010 05:00</td>
           
        </tr>
        <tr>
          <td ID="medications-desc-2">Medication, Active: Aspirin and Other Anti-thrombotics</td>
          <td ID="medications-code-2">RxNorm: 197374<br/><i></i></td>
          <td>March 1st, 2010 05:00 - March 1st, 2010 05:00</td>
           
        </tr>
        <tr>
          <td ID="medications-desc-3">Medication, Order: Beta Blocker Therapy for LVSD</td>
          <td ID="medications-code-3">RxNorm: 200031<br/><i></i></td>
          <td>March 1st, 2010 05:00 - March 1st, 2010 05:00</td>
           
        </tr>
    </tbody>
  </table>
</text>
    <entry>
      <!--CCD Medication activity - Required-->
      <substanceAdministration classCode="SBADM" moodCode="EVN">
        <templateId root='2.16.840.1.113883.10.20.22.4.16'/>
        <id root="94420730-e0c0-012f-f752-406c8fb8a271"/>
        <statusCode code="completed"/>
        <effectiveTime xsi:type="IVL_TS">
          <low value='20100202050000'/>
          <high nullFlavor="UNK"/>
        </effectiveTime>
        <consumable>
          <!--CCD Product - Required-->
          <manufacturedProduct classCode="MANU">
			    <templateId root='2.16.840.1.113883.10.20.22.4.23'/>
            <manufacturedMaterial>
              <code code="200031" codeSystem="2.16.840.1.113883.6.88" displayName="Medication, Order: Beta Blocker Therapy for LVSD">
  <originalText><reference value="#medications-desc-0"/></originalText>
</code>

              <name>Medication, Order: Beta Blocker Therapy for LVSD</name>
            </manufacturedMaterial>
          </manufacturedProduct>
        </consumable>
      </substanceAdministration>
    </entry>
    <entry>
      <!--CCD Medication activity - Required-->
      <substanceAdministration classCode="SBADM" moodCode="EVN">
        <templateId root='2.16.840.1.113883.10.20.22.4.16'/>
        <id root="94421e50-e0c0-012f-f752-406c8fb8a271"/>
        <statusCode code="completed"/>
        <effectiveTime xsi:type="IVL_TS">
          <low value='20100202050000'/>
          <high nullFlavor="UNK"/>
        </effectiveTime>
        <consumable>
          <!--CCD Product - Required-->
          <manufacturedProduct classCode="MANU">
			    <templateId root='2.16.840.1.113883.10.20.22.4.23'/>
            <manufacturedMaterial>
              <code code="104370" codeSystem="2.16.840.1.113883.6.88" displayName="Medication, Order: ACE inhibitor or ARB">
  <originalText><reference value="#medications-desc-1"/></originalText>
</code>

              <name>Medication, Order: ACE inhibitor or ARB</name>
            </manufacturedMaterial>
          </manufacturedProduct>
        </consumable>
      </substanceAdministration>
    </entry>
    <entry>
      <!--CCD Medication activity - Required-->
      <substanceAdministration classCode="SBADM" moodCode="EVN">
        <templateId root='2.16.840.1.113883.10.20.22.4.16'/>
        <id root="94423520-e0c0-012f-f752-406c8fb8a271"/>
        <statusCode code="completed"/>
        <effectiveTime xsi:type="IVL_TS">
          <low value='20100301050000'/>
          <high nullFlavor="UNK"/>
        </effectiveTime>
        <consumable>
          <!--CCD Product - Required-->
          <manufacturedProduct classCode="MANU">
			    <templateId root='2.16.840.1.113883.10.20.22.4.23'/>
            <manufacturedMaterial>
              <code code="197374" codeSystem="2.16.840.1.113883.6.88" displayName="Medication, Active: Aspirin and Other Anti-thrombotics">
  <originalText><reference value="#medications-desc-2"/></originalText>
</code>

              <name>Medication, Active: Aspirin and Other Anti-thrombotics</name>
            </manufacturedMaterial>
          </manufacturedProduct>
        </consumable>
      </substanceAdministration>
    </entry>
    <entry>
      <!--CCD Medication activity - Required-->
      <substanceAdministration classCode="SBADM" moodCode="EVN">
        <templateId root='2.16.840.1.113883.10.20.22.4.16'/>
        <id root="94424c00-e0c0-012f-f752-406c8fb8a271"/>
        <statusCode code="completed"/>
        <effectiveTime xsi:type="IVL_TS">
          <low value='20100301050000'/>
          <high nullFlavor="UNK"/>
        </effectiveTime>
        <consumable>
          <!--CCD Product - Required-->
          <manufacturedProduct classCode="MANU">
			    <templateId root='2.16.840.1.113883.10.20.22.4.23'/>
            <manufacturedMaterial>
              <code code="200031" codeSystem="2.16.840.1.113883.6.88" displayName="Medication, Order: Beta Blocker Therapy for LVSD">
  <originalText><reference value="#medications-desc-3"/></originalText>
</code>

              <name>Medication, Order: Beta Blocker Therapy for LVSD</name>
            </manufacturedMaterial>
          </manufacturedProduct>
        </consumable>
      </substanceAdministration>
    </entry>
  </section>
</component>
        <component>
  <!--Diagnostic Results-->
  <section>
    <templateId root="2.16.840.1.113883.10.20.22.2.3.1"/>
    <!--Diagnostic Results section template-->
    <code code="30954-2" codeSystem="2.16.840.1.113883.6.1" codeSystemName="LOINC" displayName="Results"/>
    <title>Diagnostic Results</title>
    <text>
  <table border="1" width="100%">
    <thead>
      <tr>
        <th>Description</th>
        <th>Codes</th>
        <th>Time</th>
        
          <th>Value</th>
      </tr>
    </thead>
    <tbody>
        <tr>
          <td ID="results-desc-0">Diagnostic Study, Result: Ejection Fraction</td>
          <td ID="results-code-0">LOINC: 10230-1<br/><i></i></td>
          <td>April 1st, 2010 16:05 - April 1st, 2010 16:05</td>
           
              <td>
	                32<br/>
              </td>
        </tr>
        <tr>
          <td ID="results-desc-1">Functional Status, Result: Functional Status Assessment for Heart Failure</td>
          <td ID="results-code-1">SNOMED-CT: 273447005 LOINC: xxxx-x<br/><i></i></td>
          <td>February 26th, 2010 05:00 - February 26th, 2010 05:00</td>
           
              <td>
              </td>
        </tr>
        <tr>
          <td ID="results-desc-2">Functional Status, Result: Functional Status Assessment for Heart Failure</td>
          <td ID="results-code-2">SNOMED-CT: 273447005 LOINC: xxxx-x<br/><i></i></td>
          <td>June 30th, 2010 04:00 - June 30th, 2010 04:00</td>
           
              <td>
	                  SNOMED-CT: 273447005<br/>
	                  LOINC: xxxx-x<br/>
              </td>
        </tr>
        <tr>
          <td ID="results-desc-3">Physical Exam, Finding: Blood Pressure Measured</td>
          <td ID="results-code-3">LOINC: 55284-4<br/><i></i></td>
          <td>April 1st, 2010 16:05 - April 1st, 2010 16:05</td>
           
              <td>
	                  LOINC: 55284-4<br/>
              </td>
        </tr>
        <tr>
          <td ID="results-desc-4">Physical Exam, Finding: Diastolic Blood Pressure</td>
          <td ID="results-code-4">LOINC: 8462-4<br/><i></i></td>
          <td>April 1st, 2010 16:05 - April 1st, 2010 16:05</td>
           
              <td>
              </td>
        </tr>
        <tr>
          <td ID="results-desc-5">Physical Exam, Finding: Systolic Blood Pressure</td>
          <td ID="results-code-5">LOINC: 8480-6 <br/><i></i></td>
          <td>April 1st, 2010 16:05 - April 1st, 2010 16:05</td>
           
              <td>
	                160<br/>
              </td>
        </tr>
        <tr>
          <td ID="results-desc-6">Physical Exam, Finding: Systolic Blood Pressure</td>
          <td ID="results-code-6">LOINC: 8480-6 <br/><i></i></td>
          <td>September 1st, 2010 16:05 - September 1st, 2010 16:05</td>
           
              <td>
	                130<br/>
              </td>
        </tr>
        <tr>
          <td ID="results-desc-7">Physical Exam, Finding: Diastolic Blood Pressure</td>
          <td ID="results-code-7">LOINC: 8462-4<br/><i></i></td>
          <td>September 1st, 2010 16:05 - September 1st, 2010 16:05</td>
           
              <td>
	                80<br/>
              </td>
        </tr>
        <tr>
          <td ID="results-desc-8">Physical Exam, Finding: Blood Pressure Measured</td>
          <td ID="results-code-8">LOINC: 55284-4<br/><i></i></td>
          <td>November 1st, 2010 16:05 - November 1st, 2010 16:05</td>
           
              <td>
              </td>
        </tr>
        <tr>
          <td ID="results-desc-9">Physical Exam, Finding: Diastolic Blood Pressure</td>
          <td ID="results-code-9">LOINC: 8462-4<br/><i></i></td>
          <td>November 1st, 2010 16:05 - November 1st, 2010 16:05</td>
           
              <td>
	                80<br/>
              </td>
        </tr>
        <tr>
          <td ID="results-desc-10">Physical Exam, Finding: Systolic Blood Pressure</td>
          <td ID="results-code-10">LOINC: 8480-6 <br/><i></i></td>
          <td>November 1st, 2010 16:05 - November 1st, 2010 16:05</td>
           
              <td>
	                135<br/>
              </td>
        </tr>
    </tbody>
  </table>
</text>
    <entry typeCode="DRIV">
      <organizer classCode="BATTERY" moodCode="EVN">
        <templateId root="2.16.840.1.113883.10.20.22.4.1"/>
        <!--Result organizer template -->
        <id root="9442c4a0-e0c0-012f-f752-406c8fb8a271"/>
        <code nullFlavor="NA"/>
        <statusCode code="completed"/>
        <effectiveTime value="20120914173603"/>
          <component>
           <observation classCode="OBS" moodCode="EVN">
            <templateId root="2.16.840.1.113883.10.20.22.4.2"/>
              <id root="9442c630-e0c0-012f-f752-406c8fb8a271"/>
              <code nullFlavor="UNK">
                <originalText><reference value="Unknown"/></originalText>
              </code>
              <text>
                <reference value="Unknown"/>
              </text>
              <statusCode code="completed"/>
              <effectiveTime nullFlavor="UNK"/>
            </observation>
          </component>
        <component>
          <observation classCode="OBS" moodCode="EVN">
            <templateId root="2.16.840.1.113883.10.20.22.4.2"/>
            <!-- Result observation template -->
            <id root="9442c700-e0c0-012f-f752-406c8fb8a271"/>
            <code code="10230-1" codeSystem="2.16.840.1.113883.6.1" ><originalText>Diagnostic Study, Result: Ejection Fraction</originalText></code>
            <text>
              <reference value="#results-desc-0"/>
            </text>
            <statusCode code="completed"/>
            <effectiveTime value='20100401160500'/>
                <value xsi:type="PQ" value="32" unit="%"/>
          </observation>
        </component>
        <component>
          <observation classCode="OBS" moodCode="EVN">
            <templateId root="2.16.840.1.113883.10.20.22.4.2"/>
            <!-- Result observation template -->
            <id root="9442ce70-e0c0-012f-f752-406c8fb8a271"/>
            <code code="xxxx-x" codeSystem="2.16.840.1.113883.6.1" ><originalText>Functional Status, Result: Functional Status Assessment for Heart Failure</originalText><translation code="273447005" codeSystem="2.16.840.1.113883.6.96"/>
</code>
            <text>
              <reference value="#results-desc-1"/>
            </text>
            <statusCode code="completed"/>
            <effectiveTime value='20100226050000'/>
              <value xsi:type="PQ" nullFlavor="UNK"/>
          </observation>
        </component>
        <component>
          <observation classCode="OBS" moodCode="EVN">
            <templateId root="2.16.840.1.113883.10.20.22.4.2"/>
            <!-- Result observation template -->
            <id root="9442dd00-e0c0-012f-f752-406c8fb8a271"/>
            <code code="xxxx-x" codeSystem="2.16.840.1.113883.6.1" ><originalText>Functional Status, Result: Functional Status Assessment for Heart Failure</originalText><translation code="273447005" codeSystem="2.16.840.1.113883.6.96"/>
</code>
            <text>
              <reference value="#results-desc-2"/>
            </text>
            <statusCode code="completed"/>
            <effectiveTime value='20100630040000'/>
              <value xsi:type="PQ" nullFlavor="UNK"/>
          </observation>
        </component>
        <component>
          <observation classCode="OBS" moodCode="EVN">
            <templateId root="2.16.840.1.113883.10.20.22.4.2"/>
            <!-- Result observation template -->
            <id root="9442e320-e0c0-012f-f752-406c8fb8a271"/>
            <code code="55284-4" codeSystem="2.16.840.1.113883.6.1" ><originalText>Physical Exam, Finding: Blood Pressure Measured</originalText></code>
            <text>
              <reference value="#results-desc-3"/>
            </text>
            <statusCode code="completed"/>
            <effectiveTime value='20100401160500'/>
              <value xsi:type="PQ" nullFlavor="UNK"/>
          </observation>
        </component>
        <component>
          <observation classCode="OBS" moodCode="EVN">
            <templateId root="2.16.840.1.113883.10.20.22.4.2"/>
            <!-- Result observation template -->
            <id root="9442e840-e0c0-012f-f752-406c8fb8a271"/>
            <code code="8462-4" codeSystem="2.16.840.1.113883.6.1" ><originalText>Physical Exam, Finding: Diastolic Blood Pressure</originalText></code>
            <text>
              <reference value="#results-desc-4"/>
            </text>
            <statusCode code="completed"/>
            <effectiveTime value='20100401160500'/>
              <value xsi:type="PQ" nullFlavor="UNK"/>
          </observation>
        </component>
        <component>
          <observation classCode="OBS" moodCode="EVN">
            <templateId root="2.16.840.1.113883.10.20.22.4.2"/>
            <!-- Result observation template -->
            <id root="9442ecf0-e0c0-012f-f752-406c8fb8a271"/>
            <code code="8480-6 " codeSystem="2.16.840.1.113883.6.1" ><originalText>Physical Exam, Finding: Systolic Blood Pressure</originalText></code>
            <text>
              <reference value="#results-desc-5"/>
            </text>
            <statusCode code="completed"/>
            <effectiveTime value='20100401160500'/>
                <value xsi:type="PQ" value="160" unit="mmHg"/>
          </observation>
        </component>
        <component>
          <observation classCode="OBS" moodCode="EVN">
            <templateId root="2.16.840.1.113883.10.20.22.4.2"/>
            <!-- Result observation template -->
            <id root="9442f290-e0c0-012f-f752-406c8fb8a271"/>
            <code code="8480-6 " codeSystem="2.16.840.1.113883.6.1" ><originalText>Physical Exam, Finding: Systolic Blood Pressure</originalText></code>
            <text>
              <reference value="#results-desc-6"/>
            </text>
            <statusCode code="completed"/>
            <effectiveTime value='20100901160500'/>
                <value xsi:type="PQ" value="130" unit="mmHg"/>
          </observation>
        </component>
        <component>
          <observation classCode="OBS" moodCode="EVN">
            <templateId root="2.16.840.1.113883.10.20.22.4.2"/>
            <!-- Result observation template -->
            <id root="9442f800-e0c0-012f-f752-406c8fb8a271"/>
            <code code="8462-4" codeSystem="2.16.840.1.113883.6.1" ><originalText>Physical Exam, Finding: Diastolic Blood Pressure</originalText></code>
            <text>
              <reference value="#results-desc-7"/>
            </text>
            <statusCode code="completed"/>
            <effectiveTime value='20100901160500'/>
                <value xsi:type="PQ" value="80" unit="mmHg"/>
          </observation>
        </component>
        <component>
          <observation classCode="OBS" moodCode="EVN">
            <templateId root="2.16.840.1.113883.10.20.22.4.2"/>
            <!-- Result observation template -->
            <id root="9442fd70-e0c0-012f-f752-406c8fb8a271"/>
            <code code="55284-4" codeSystem="2.16.840.1.113883.6.1" ><originalText>Physical Exam, Finding: Blood Pressure Measured</originalText></code>
            <text>
              <reference value="#results-desc-8"/>
            </text>
            <statusCode code="completed"/>
            <effectiveTime value='20101101160500'/>
              <value xsi:type="PQ" nullFlavor="UNK"/>
          </observation>
        </component>
        <component>
          <observation classCode="OBS" moodCode="EVN">
            <templateId root="2.16.840.1.113883.10.20.22.4.2"/>
            <!-- Result observation template -->
            <id root="94430250-e0c0-012f-f752-406c8fb8a271"/>
            <code code="8462-4" codeSystem="2.16.840.1.113883.6.1" ><originalText>Physical Exam, Finding: Diastolic Blood Pressure</originalText></code>
            <text>
              <reference value="#results-desc-9"/>
            </text>
            <statusCode code="completed"/>
            <effectiveTime value='20101101160500'/>
                <value xsi:type="PQ" value="80" unit="mmHg"/>
          </observation>
        </component>
        <component>
          <observation classCode="OBS" moodCode="EVN">
            <templateId root="2.16.840.1.113883.10.20.22.4.2"/>
            <!-- Result observation template -->
            <id root="944307f0-e0c0-012f-f752-406c8fb8a271"/>
            <code code="8480-6 " codeSystem="2.16.840.1.113883.6.1" ><originalText>Physical Exam, Finding: Systolic Blood Pressure</originalText></code>
            <text>
              <reference value="#results-desc-10"/>
            </text>
            <statusCode code="completed"/>
            <effectiveTime value='20101101160500'/>
                <value xsi:type="PQ" value="135" unit="mmHg"/>
          </observation>
        </component>
      </organizer>
    </entry>
  </section>
</component>
        <component>
  <!--Problems-->
  <section>
    <templateId root="2.16.840.1.113883.10.20.22.2.5.1"/>
    <!--Problems section template-->
    <code code="11450-4" codeSystem="2.16.840.1.113883.6.1" codeSystemName="LOINC" displayName="Problem list"/>
    <title>Problems</title>
    <text>
  <table border="1" width="100%">
    <thead>
      <tr>
        <th>Description</th>
        <th>Codes</th>
        <th>Time</th>
          <th>Status</th>
        
      </tr>
    </thead>
    <tbody>
        <tr>
          <td ID="conditions-desc-0">Diagnosis, Active: Heart Failure</td>
          <td ID="conditions-code-0">ICD-9-CM: 402.01 ICD-10-CM: I11.0 SNOMED-CT: 364006<br/><i></i></td>
          <td>March 1st, 2010 05:00 - March 1st, 2010 05:00</td>
            <td>active</td>
           
        </tr>
        <tr>
          <td ID="conditions-desc-1">Diagnosis, Resolved: Myocardial Infarction</td>
          <td ID="conditions-code-1">SNOMED-CT: 1755008 ICD-9-CM: 410.00 ICD-10-CM: I21.09<br/><i></i></td>
          <td>March 1st, 2010 05:00 - March 1st, 2010 05:00</td>
            <td>resolved</td>
           
        </tr>
        <tr>
          <td ID="conditions-desc-2">Diagnosis, Active: Ischemic Vascular Disease</td>
          <td ID="conditions-code-2">SNOMED-CT: 1055001 ICD-10-CM: I20.0 ICD-9-CM: 411.0<br/><i></i></td>
          <td>March 1st, 2010 05:00 - March 1st, 2010 05:00</td>
            <td>active</td>
           
        </tr>
        <tr>
          <td ID="conditions-desc-3">Diagnosis, Active: Hypertension</td>
          <td ID="conditions-code-3">ICD-9-CM: 401.0 ICD-10-CM: I10 SNOMED-CT: 193003<br/><i></i></td>
          <td>April 1st, 2010 16:30 - April 1st, 2010 16:30</td>
            <td>active</td>
           
        </tr>
        <tr>
          <td ID="conditions-desc-4">Diagnosis, Active: Coronary Artery Disease No MI</td>
          <td ID="conditions-code-4">ICD-9-CM: 411.0 ICD-10-CM: I20.0 SNOMED-CT: 4557003<br/><i></i></td>
          <td>April 1st, 2010 16:05 - April 1st, 2010 16:05</td>
            <td>active</td>
           
        </tr>
        <tr>
          <td ID="conditions-desc-5">Diagnosis, Active: Moderate or Severe LVSD</td>
          <td ID="conditions-code-5">SNOMED-CT: 981000124106<br/><i></i></td>
          <td>April 1st, 2010 16:05 - April 1st, 2010 16:05</td>
            <td>active</td>
           
        </tr>
        <tr>
          <td ID="conditions-desc-6">Diagnosis, Active: Smoking</td>
          <td ID="conditions-code-6">SNOMED-CT: 56578002<br/><i></i></td>
          <td>April 1st, 2010 16:05 - April 1st, 2010 16:05</td>
            <td>active</td>
           
        </tr>
        <tr>
          <td ID="conditions-desc-7">Diagnosis, Family History: Family History CHD</td>
          <td ID="conditions-code-7">SNOMED-CT: 2664552011<br/><i></i></td>
          <td>April 1st, 2010 16:05 - April 1st, 2010 16:05</td>
            <td></td>
           
        </tr>
    </tbody>
  </table>
</text>
    <entry typeCode="DRIV">
      <act classCode="ACT" moodCode="EVN">
        <templateId root="2.16.840.1.113883.10.20.22.4.3"/>
        <!-- Problem act template -->
        <id root="94435c60-e0c0-012f-f752-406c8fb8a271"/>
        <code nullFlavor="NA"/>
        <statusCode code="active"/>
        <effectiveTime>
          <low value='20100301050000'/>
        </effectiveTime>
        <entryRelationship typeCode="SUBJ" inversionInd="false">
          <observation classCode="OBS" moodCode="EVN">
            <templateId root="2.16.840.1.113883.10.20.22.4.4"/>
            
            <!--Problem observation template - NOT episode template-->
            <id root="94435ee0-e0c0-012f-f752-406c8fb8a271"/>
            <code code="64572001" displayName="Condition" codeSystem="2.16.840.1.113883.6.96" codeSystemName="SNOMED-CT"/>
            <text>
              <reference value="#conditions-desc-0"/>
            </text>
            <statusCode code="completed"/>
            <effectiveTime>
              <low value='20100301050000'/>
            </effectiveTime>
            <value code="364006" codeSystem="2.16.840.1.113883.6.96" xsi:type="CD"><originalText>Diagnosis, Active: Heart Failure</originalText><translation code="402.01" codeSystem="2.16.840.1.113883.6.104"/>
<translation code="I11.0" codeSystem="2.16.840.1.113883.6.90"/>
</value>
            <entryRelationship typeCode="REFR">
              <observation classCode="OBS" moodCode="EVN">
                <templateId root="2.16.840.1.113883.10.20.22.4.6"/>
                <!-- Problem status observation template -->
                <code code="33999-4" codeSystem="2.16.840.1.113883.6.1" displayName="Status"/>
                <statusCode code="completed"/>
                <value xsi:type="CE" code="55561003" codeSystem="2.16.840.1.113883.6.96"/>
              </observation>
            </entryRelationship>
          </observation>
        </entryRelationship>
      </act>
    </entry>
    <entry typeCode="DRIV">
      <act classCode="ACT" moodCode="EVN">
        <templateId root="2.16.840.1.113883.10.20.22.4.3"/>
        <!-- Problem act template -->
        <id root="944365b0-e0c0-012f-f752-406c8fb8a271"/>
        <code nullFlavor="NA"/>
        <statusCode code="completed"/>
        <effectiveTime>
          <low value='20100301050000'/>
        </effectiveTime>
        <entryRelationship typeCode="SUBJ" inversionInd="false">
          <observation classCode="OBS" moodCode="EVN">
            <templateId root="2.16.840.1.113883.10.20.22.4.4"/>
            
            <!--Problem observation template - NOT episode template-->
            <id root="944367a0-e0c0-012f-f752-406c8fb8a271"/>
            <code code="64572001" displayName="Condition" codeSystem="2.16.840.1.113883.6.96" codeSystemName="SNOMED-CT"/>
            <text>
              <reference value="#conditions-desc-1"/>
            </text>
            <statusCode code="completed"/>
            <effectiveTime>
              <low value='20100301050000'/>
            </effectiveTime>
            <value code="1755008" codeSystem="2.16.840.1.113883.6.96" xsi:type="CD"><originalText>Diagnosis, Resolved: Myocardial Infarction</originalText><translation code="410.00" codeSystem="2.16.840.1.113883.6.104"/>
<translation code="I21.09" codeSystem="2.16.840.1.113883.6.90"/>
</value>
            <entryRelationship typeCode="REFR">
              <observation classCode="OBS" moodCode="EVN">
                <templateId root="2.16.840.1.113883.10.20.22.4.6"/>
                <!-- Problem status observation template -->
                <code code="33999-4" codeSystem="2.16.840.1.113883.6.1" displayName="Status"/>
                <statusCode code="completed"/>
                <value xsi:type="CE" code="413322009" codeSystem="2.16.840.1.113883.6.96"/>
              </observation>
            </entryRelationship>
          </observation>
        </entryRelationship>
      </act>
    </entry>
    <entry typeCode="DRIV">
      <act classCode="ACT" moodCode="EVN">
        <templateId root="2.16.840.1.113883.10.20.22.4.3"/>
        <!-- Problem act template -->
        <id root="94436d70-e0c0-012f-f752-406c8fb8a271"/>
        <code nullFlavor="NA"/>
        <statusCode code="active"/>
        <effectiveTime>
          <low value='20100301050000'/>
        </effectiveTime>
        <entryRelationship typeCode="SUBJ" inversionInd="false">
          <observation classCode="OBS" moodCode="EVN">
            <templateId root="2.16.840.1.113883.10.20.22.4.4"/>
            
            <!--Problem observation template - NOT episode template-->
            <id root="94436f40-e0c0-012f-f752-406c8fb8a271"/>
            <code code="64572001" displayName="Condition" codeSystem="2.16.840.1.113883.6.96" codeSystemName="SNOMED-CT"/>
            <text>
              <reference value="#conditions-desc-2"/>
            </text>
            <statusCode code="completed"/>
            <effectiveTime>
              <low value='20100301050000'/>
            </effectiveTime>
            <value code="1055001" codeSystem="2.16.840.1.113883.6.96" xsi:type="CD"><originalText>Diagnosis, Active: Ischemic Vascular Disease</originalText><translation code="I20.0" codeSystem="2.16.840.1.113883.6.90"/>
<translation code="411.0" codeSystem="2.16.840.1.113883.6.104"/>
</value>
            <entryRelationship typeCode="REFR">
              <observation classCode="OBS" moodCode="EVN">
                <templateId root="2.16.840.1.113883.10.20.22.4.6"/>
                <!-- Problem status observation template -->
                <code code="33999-4" codeSystem="2.16.840.1.113883.6.1" displayName="Status"/>
                <statusCode code="completed"/>
                <value xsi:type="CE" code="55561003" codeSystem="2.16.840.1.113883.6.96"/>
              </observation>
            </entryRelationship>
          </observation>
        </entryRelationship>
      </act>
    </entry>
    <entry typeCode="DRIV">
      <act classCode="ACT" moodCode="EVN">
        <templateId root="2.16.840.1.113883.10.20.22.4.3"/>
        <!-- Problem act template -->
        <id root="944374d0-e0c0-012f-f752-406c8fb8a271"/>
        <code nullFlavor="NA"/>
        <statusCode code="active"/>
        <effectiveTime>
          <low value='20100401163000'/>
        </effectiveTime>
        <entryRelationship typeCode="SUBJ" inversionInd="false">
          <observation classCode="OBS" moodCode="EVN">
            <templateId root="2.16.840.1.113883.10.20.22.4.4"/>
            
            <!--Problem observation template - NOT episode template-->
            <id root="944376a0-e0c0-012f-f752-406c8fb8a271"/>
            <code code="64572001" displayName="Condition" codeSystem="2.16.840.1.113883.6.96" codeSystemName="SNOMED-CT"/>
            <text>
              <reference value="#conditions-desc-3"/>
            </text>
            <statusCode code="completed"/>
            <effectiveTime>
              <low value='20100401163000'/>
            </effectiveTime>
            <value code="193003" codeSystem="2.16.840.1.113883.6.96" xsi:type="CD"><originalText>Diagnosis, Active: Hypertension</originalText><translation code="401.0" codeSystem="2.16.840.1.113883.6.104"/>
<translation code="I10" codeSystem="2.16.840.1.113883.6.90"/>
</value>
            <entryRelationship typeCode="REFR">
              <observation classCode="OBS" moodCode="EVN">
                <templateId root="2.16.840.1.113883.10.20.22.4.6"/>
                <!-- Problem status observation template -->
                <code code="33999-4" codeSystem="2.16.840.1.113883.6.1" displayName="Status"/>
                <statusCode code="completed"/>
                <value xsi:type="CE" code="55561003" codeSystem="2.16.840.1.113883.6.96"/>
              </observation>
            </entryRelationship>
          </observation>
        </entryRelationship>
      </act>
    </entry>
    <entry typeCode="DRIV">
      <act classCode="ACT" moodCode="EVN">
        <templateId root="2.16.840.1.113883.10.20.22.4.3"/>
        <!-- Problem act template -->
        <id root="94437c10-e0c0-012f-f752-406c8fb8a271"/>
        <code nullFlavor="NA"/>
        <statusCode code="active"/>
        <effectiveTime>
          <low value='20100401160500'/>
        </effectiveTime>
        <entryRelationship typeCode="SUBJ" inversionInd="false">
          <observation classCode="OBS" moodCode="EVN">
            <templateId root="2.16.840.1.113883.10.20.22.4.4"/>
            
            <!--Problem observation template - NOT episode template-->
            <id root="94437de0-e0c0-012f-f752-406c8fb8a271"/>
            <code code="64572001" displayName="Condition" codeSystem="2.16.840.1.113883.6.96" codeSystemName="SNOMED-CT"/>
            <text>
              <reference value="#conditions-desc-4"/>
            </text>
            <statusCode code="completed"/>
            <effectiveTime>
              <low value='20100401160500'/>
            </effectiveTime>
            <value code="4557003" codeSystem="2.16.840.1.113883.6.96" xsi:type="CD"><originalText>Diagnosis, Active: Coronary Artery Disease No MI</originalText><translation code="411.0" codeSystem="2.16.840.1.113883.6.104"/>
<translation code="I20.0" codeSystem="2.16.840.1.113883.6.90"/>
</value>
            <entryRelationship typeCode="REFR">
              <observation classCode="OBS" moodCode="EVN">
                <templateId root="2.16.840.1.113883.10.20.22.4.6"/>
                <!-- Problem status observation template -->
                <code code="33999-4" codeSystem="2.16.840.1.113883.6.1" displayName="Status"/>
                <statusCode code="completed"/>
                <value xsi:type="CE" code="55561003" codeSystem="2.16.840.1.113883.6.96"/>
              </observation>
            </entryRelationship>
          </observation>
        </entryRelationship>
      </act>
    </entry>
    <entry typeCode="DRIV">
      <act classCode="ACT" moodCode="EVN">
        <templateId root="2.16.840.1.113883.10.20.22.4.3"/>
        <!-- Problem act template -->
        <id root="944383b0-e0c0-012f-f752-406c8fb8a271"/>
        <code nullFlavor="NA"/>
        <statusCode code="active"/>
        <effectiveTime>
          <low value='20100401160500'/>
        </effectiveTime>
        <entryRelationship typeCode="SUBJ" inversionInd="false">
          <observation classCode="OBS" moodCode="EVN">
            <templateId root="2.16.840.1.113883.10.20.22.4.4"/>
            
            <!--Problem observation template - NOT episode template-->
            <id root="94438580-e0c0-012f-f752-406c8fb8a271"/>
            <code code="64572001" displayName="Condition" codeSystem="2.16.840.1.113883.6.96" codeSystemName="SNOMED-CT"/>
            <text>
              <reference value="#conditions-desc-5"/>
            </text>
            <statusCode code="completed"/>
            <effectiveTime>
              <low value='20100401160500'/>
            </effectiveTime>
            <value code="981000124106" codeSystem="2.16.840.1.113883.6.96" xsi:type="CD"><originalText>Diagnosis, Active: Moderate or Severe LVSD</originalText></value>
            <entryRelationship typeCode="REFR">
              <observation classCode="OBS" moodCode="EVN">
                <templateId root="2.16.840.1.113883.10.20.22.4.6"/>
                <!-- Problem status observation template -->
                <code code="33999-4" codeSystem="2.16.840.1.113883.6.1" displayName="Status"/>
                <statusCode code="completed"/>
                <value xsi:type="CE" code="55561003" codeSystem="2.16.840.1.113883.6.96"/>
              </observation>
            </entryRelationship>
          </observation>
        </entryRelationship>
      </act>
    </entry>
    <entry typeCode="DRIV">
      <act classCode="ACT" moodCode="EVN">
        <templateId root="2.16.840.1.113883.10.20.22.4.3"/>
        <!-- Problem act template -->
        <id root="94438a10-e0c0-012f-f752-406c8fb8a271"/>
        <code nullFlavor="NA"/>
        <statusCode code="active"/>
        <effectiveTime>
          <low value='20100401160500'/>
        </effectiveTime>
        <entryRelationship typeCode="SUBJ" inversionInd="false">
          <observation classCode="OBS" moodCode="EVN">
            <templateId root="2.16.840.1.113883.10.20.22.4.4"/>
            
            <!--Problem observation template - NOT episode template-->
            <id root="94438be0-e0c0-012f-f752-406c8fb8a271"/>
            <code code="64572001" displayName="Condition" codeSystem="2.16.840.1.113883.6.96" codeSystemName="SNOMED-CT"/>
            <text>
              <reference value="#conditions-desc-6"/>
            </text>
            <statusCode code="completed"/>
            <effectiveTime>
              <low value='20100401160500'/>
            </effectiveTime>
            <value code="56578002" codeSystem="2.16.840.1.113883.6.96" xsi:type="CD"><originalText>Diagnosis, Active: Smoking</originalText></value>
            <entryRelationship typeCode="REFR">
              <observation classCode="OBS" moodCode="EVN">
                <templateId root="2.16.840.1.113883.10.20.22.4.6"/>
                <!-- Problem status observation template -->
                <code code="33999-4" codeSystem="2.16.840.1.113883.6.1" displayName="Status"/>
                <statusCode code="completed"/>
                <value xsi:type="CE" code="55561003" codeSystem="2.16.840.1.113883.6.96"/>
              </observation>
            </entryRelationship>
          </observation>
        </entryRelationship>
      </act>
    </entry>
    <entry typeCode="DRIV">
      <act classCode="ACT" moodCode="EVN">
        <templateId root="2.16.840.1.113883.10.20.22.4.3"/>
        <!-- Problem act template -->
        <id root="94439070-e0c0-012f-f752-406c8fb8a271"/>
        <code nullFlavor="NA"/>
        <statusCode code="active"/>
        <effectiveTime>
          <low value='20100401160500'/>
        </effectiveTime>
        <entryRelationship typeCode="SUBJ" inversionInd="false">
          <observation classCode="OBS" moodCode="EVN">
            <templateId root="2.16.840.1.113883.10.20.22.4.4"/>
            
            <!--Problem observation template - NOT episode template-->
            <id root="94439220-e0c0-012f-f752-406c8fb8a271"/>
            <code code="64572001" displayName="Condition" codeSystem="2.16.840.1.113883.6.96" codeSystemName="SNOMED-CT"/>
            <text>
              <reference value="#conditions-desc-7"/>
            </text>
            <statusCode code="completed"/>
            <effectiveTime>
              <low value='20100401160500'/>
            </effectiveTime>
            <value code="2664552011" codeSystem="2.16.840.1.113883.6.96" xsi:type="CD"><originalText>Diagnosis, Family History: Family History CHD</originalText></value>
          </observation>
        </entryRelationship>
      </act>
    </entry>
  </section>
</component>

        <component>
  <!--Surgeries-->
  <section>
    <templateId root="2.16.840.1.113883.10.20.22.2.7"/>
    <!--Surgeries section template-->
    <code code="47519-4" codeSystem="2.16.840.1.113883.6.1" codeSystemName="LOINC" displayName="List of surgeries"/>
    <title>Surgeries</title>
    <text>
  <table border="1" width="100%">
    <thead>
      <tr>
        <th>Description</th>
        <th>Codes</th>
        <th>Time</th>
        
      </tr>
    </thead>
    <tbody>
        <tr>
          <td ID="procedures-desc-0">Risk Category Assessment: Framingham coronary heart disease 10 year risk</td>
          <td ID="procedures-code-0">SNOMED-CT: 315039001 LOINC: 65853-4<br/><i></i></td>
          <td>April 1st, 2010 16:05 - April 1st, 2010 16:05</td>
           
        </tr>
    </tbody>
  </table>
</text>
    <entry typeCode="DRIV">
      <procedure classCode="PROC" moodCode="EVN">
        <templateId root="2.16.840.1.113883.10.20.22.4.14"/>
        <!-- Procedure activity template -->
        <id root="9443c620-e0c0-012f-f752-406c8fb8a271"/>
        <code code="315039001" codeSystem="2.16.840.1.113883.6.96" displayName="Risk Category Assessment: Framingham coronary heart disease 10 year risk">
  <originalText><reference value="#procedures-desc-0"/></originalText>
  <translation code="65853-4" codeSystem="2.16.840.1.113883.6.1" />
</code>

        <text>
          <reference value="#procedures-desc-0"/>
        </text>
        <statusCode code="completed"/>
        <effectiveTime value='20100401160500'/>
      </procedure>
    </entry>
  </section>
</component>
        <component>
  <!--Encounters-->
  <section>
    <templateId root="2.16.840.1.113883.10.20.22.2.22" /> <!-- CCDA Template id -->
    <!--Encounters section template-->
    <code code="46240-8" codeSystem="2.16.840.1.113883.6.1" codeSystemName="LOINC" displayName="History of encounters"/>
    <title>Encounters</title>
    <text>
  <table border="1" width="100%">
    <thead>
      <tr>
        <th>Description</th>
        <th>Codes</th>
        <th>Time</th>
        
      </tr>
    </thead>
    <tbody>
        <tr>
          <td ID="encounters-desc-0">Blood Pressure Visit</td>
          <td ID="encounters-code-0">CPT: 99395 SNOMED-CT: 4525004<br/><i></i></td>
          <td>April 1st, 2010 16:00 - April 1st, 2010 17:00</td>
           
        </tr>
        <tr>
          <td ID="encounters-desc-1">Encounter, Performed: Care Services in Long-Term Residential Facility</td>
          <td ID="encounters-code-1">CPT: 99324<br/><i></i></td>
          <td>February 2nd, 2010 05:00 - February 2nd, 2010 05:00</td>
           
        </tr>
        <tr>
          <td ID="encounters-desc-2">Office Visit</td>
          <td ID="encounters-code-2">CPT: 99201<br/><i></i></td>
          <td>March 1st, 2010 05:00 - March 1st, 2010 05:00</td>
           
        </tr>
        <tr>
          <td ID="encounters-desc-3">Encounter, Performed: Outpatient Consultation</td>
          <td ID="encounters-code-3">CPT: 99241<br/><i></i></td>
          <td>April 1st, 2010 16:00 - April 1st, 2010 17:00</td>
           
        </tr>
        <tr>
          <td ID="encounters-desc-4">Blood Pressure Visit</td>
          <td ID="encounters-code-4">CPT: 99395 SNOMED-CT: 4525004<br/><i></i></td>
          <td>April 1st, 2010 16:00 - April 1st, 2010 17:00</td>
           
        </tr>
        <tr>
          <td ID="encounters-desc-5">Encounter, Performed: Office Visit</td>
          <td ID="encounters-code-5">CPT: 99201<br/><i></i></td>
          <td>July 1st, 2010 04:00 - July 1st, 2010 04:00</td>
           
        </tr>
        <tr>
          <td ID="encounters-desc-6">Encounter, Performed: Outpatient Consultation</td>
          <td ID="encounters-code-6">CPT: 99241<br/><i></i></td>
          <td>September 1st, 2010 16:00 - September 1st, 2010 17:00</td>
           
        </tr>
        <tr>
          <td ID="encounters-desc-7">Encounter, Performed: Blood Pressure Visit</td>
          <td ID="encounters-code-7">CPT: 99395 SNOMED-CT: 4525004<br/><i></i></td>
          <td>November 1st, 2010 16:00 - November 1st, 2010 17:00</td>
           
        </tr>
    </tbody>
  </table>
</text>
    <entry typeCode="DRIV">
      <encounter classCode="ENC" moodCode="EVN">
		    <templateId root="2.16.840.1.113883.10.20.22.4.49"/>
        <!-- Encounter activity template -->
        <id root="94441ee0-e0c0-012f-f752-406c8fb8a271"/>
        <code code="99395" codeSystem="2.16.840.1.113883.6.12" displayName="Blood Pressure Visit">
  <originalText><reference value="#encounters-desc-0"/></originalText>
  <translation code="4525004" codeSystem="2.16.840.1.113883.6.96" />
</code>

        <text>
          <reference value="#encounters-desc-0"/>
        </text>
        <effectiveTime value='20100401160000'/>
      </encounter>
    </entry>
    <entry typeCode="DRIV">
      <encounter classCode="ENC" moodCode="EVN">
		    <templateId root="2.16.840.1.113883.10.20.22.4.49"/>
        <!-- Encounter activity template -->
        <id root="94443600-e0c0-012f-f752-406c8fb8a271"/>
        <code code="99324" codeSystem="2.16.840.1.113883.6.12" displayName="Encounter, Performed: Care Services in Long-Term Residential Facility">
  <originalText><reference value="#encounters-desc-1"/></originalText>
</code>

        <text>
          <reference value="#encounters-desc-1"/>
        </text>
        <effectiveTime value='20100202050000'/>
      </encounter>
    </entry>
    <entry typeCode="DRIV">
      <encounter classCode="ENC" moodCode="EVN">
		    <templateId root="2.16.840.1.113883.10.20.22.4.49"/>
        <!-- Encounter activity template -->
        <id root="94444cc0-e0c0-012f-f752-406c8fb8a271"/>
        <code code="99201" codeSystem="2.16.840.1.113883.6.12" displayName="Office Visit">
  <originalText><reference value="#encounters-desc-2"/></originalText>
</code>

        <text>
          <reference value="#encounters-desc-2"/>
        </text>
        <effectiveTime value='20100301050000'/>
      </encounter>
    </entry>
    <entry typeCode="DRIV">
      <encounter classCode="ENC" moodCode="EVN">
		    <templateId root="2.16.840.1.113883.10.20.22.4.49"/>
        <!-- Encounter activity template -->
        <id root="94446300-e0c0-012f-f752-406c8fb8a271"/>
        <code code="99241" codeSystem="2.16.840.1.113883.6.12" displayName="Encounter, Performed: Outpatient Consultation">
  <originalText><reference value="#encounters-desc-3"/></originalText>
</code>

        <text>
          <reference value="#encounters-desc-3"/>
        </text>
        <effectiveTime value='20100401160000'/>
      </encounter>
    </entry>
    <entry typeCode="DRIV">
      <encounter classCode="ENC" moodCode="EVN">
		    <templateId root="2.16.840.1.113883.10.20.22.4.49"/>
        <!-- Encounter activity template -->
        <id root="94447910-e0c0-012f-f752-406c8fb8a271"/>
        <code code="99395" codeSystem="2.16.840.1.113883.6.12" displayName="Blood Pressure Visit">
  <originalText><reference value="#encounters-desc-4"/></originalText>
  <translation code="4525004" codeSystem="2.16.840.1.113883.6.96" />
</code>

        <text>
          <reference value="#encounters-desc-4"/>
        </text>
        <effectiveTime value='20100401160000'/>
      </encounter>
    </entry>
    <entry typeCode="DRIV">
      <encounter classCode="ENC" moodCode="EVN">
		    <templateId root="2.16.840.1.113883.10.20.22.4.49"/>
        <!-- Encounter activity template -->
        <id root="94448fe0-e0c0-012f-f752-406c8fb8a271"/>
        <code code="99201" codeSystem="2.16.840.1.113883.6.12" displayName="Encounter, Performed: Office Visit">
  <originalText><reference value="#encounters-desc-5"/></originalText>
</code>

        <text>
          <reference value="#encounters-desc-5"/>
        </text>
        <effectiveTime value='20100701040000'/>
      </encounter>
    </entry>
    <entry typeCode="DRIV">
      <encounter classCode="ENC" moodCode="EVN">
		    <templateId root="2.16.840.1.113883.10.20.22.4.49"/>
        <!-- Encounter activity template -->
        <id root="9444a630-e0c0-012f-f752-406c8fb8a271"/>
        <code code="99241" codeSystem="2.16.840.1.113883.6.12" displayName="Encounter, Performed: Outpatient Consultation">
  <originalText><reference value="#encounters-desc-6"/></originalText>
</code>

        <text>
          <reference value="#encounters-desc-6"/>
        </text>
        <effectiveTime value='20100901160000'/>
      </encounter>
    </entry>
    <entry typeCode="DRIV">
      <encounter classCode="ENC" moodCode="EVN">
		    <templateId root="2.16.840.1.113883.10.20.22.4.49"/>
        <!-- Encounter activity template -->
        <id root="9444bca0-e0c0-012f-f752-406c8fb8a271"/>
        <code code="99395" codeSystem="2.16.840.1.113883.6.12" displayName="Encounter, Performed: Blood Pressure Visit">
  <originalText><reference value="#encounters-desc-7"/></originalText>
  <translation code="4525004" codeSystem="2.16.840.1.113883.6.96" />
</code>

        <text>
          <reference value="#encounters-desc-7"/>
        </text>
        <effectiveTime value='20101101160000'/>
      </encounter>
    </entry>
  </section>
</component>
        <component>
  <!--Vital Signs-->
  <section>
    <templateId root="2.16.840.1.113883.10.20.22.2.4"/>
    <!--Vital Signs section template-->
    <code code="8716-3" codeSystem="2.16.840.1.113883.6.1" codeSystemName="LOINC" displayName="Vital signs"/>
    <title>Vital Signs</title>
    <text>
  <table border="1" width="100%">
    <thead>
      <tr>
        <th>Description</th>
        <th>Codes</th>
        <th>Time</th>
        
          <th>Value</th>
      </tr>
    </thead>
    <tbody>
        <tr>
          <td ID="vitals-desc-0">Laboratory Test, Result: HDL-C Laboratory Test</td>
          <td ID="vitals-code-0">LOINC: 2085-9<br/><i></i></td>
          <td>March 1st, 2010 05:00 - March 1st, 2010 05:00</td>
           
              <td>
	                37<br/>
              </td>
        </tr>
        <tr>
          <td ID="vitals-desc-1">Laboratory Test, Performed: Complete Lipid Panel</td>
          <td ID="vitals-code-1">LOINC: 24331-1<br/><i></i></td>
          <td>March 1st, 2010 05:00 - March 1st, 2010 05:00</td>
           
              <td>
              </td>
        </tr>
        <tr>
          <td ID="vitals-desc-2">Laboratory Test, Performed: LDL Test</td>
          <td ID="vitals-code-2">LOINC: 12773-8<br/><i></i></td>
          <td>March 1st, 2010 05:00 - March 1st, 2010 05:00</td>
           
              <td>
              </td>
        </tr>
    </tbody>
  </table>
</text>
    <entry typeCode="DRIV">
      <organizer classCode="CLUSTER" moodCode="EVN">
        <templateId root="2.16.840.1.113883.10.20.22.4.26"/>
        <!-- Vital signs organizer template -->
        <id root="94451440-e0c0-012f-f752-406c8fb8a271"/>
        <code code="46680005" codeSystem="2.16.840.1.113883.6.96" displayName="Vital signs" codeSystemName="SNOMED CT"/>
        <statusCode code="completed"/>
        <effectiveTime value="19991114"/>
        <component>
          <observation classCode="OBS" moodCode="EVN">
            <templateId root="2.16.840.1.113883.10.20.22.4.27"/>
            <!-- Result observation template -->
            <id root="94451560-e0c0-012f-f752-406c8fb8a271"/>
            <code code="2085-9" codeSystem="2.16.840.1.113883.6.1" ><originalText>Laboratory Test, Result: HDL-C Laboratory Test</originalText></code>
            <text>
              <reference value="vitals-desc-0"/>
            </text>
            <statusCode code="completed"/>
            <effectiveTime value='20100301050000'/>
                <value xsi:type="PQ" value="37" unit="mg/dL"/>
          </observation>
        </component>
        <component>
          <observation classCode="OBS" moodCode="EVN">
            <templateId root="2.16.840.1.113883.10.20.22.4.27"/>
            <!-- Result observation template -->
            <id root="94451cd0-e0c0-012f-f752-406c8fb8a271"/>
            <code code="24331-1" codeSystem="2.16.840.1.113883.6.1" ><originalText>Laboratory Test, Performed: Complete Lipid Panel</originalText></code>
            <text>
              <reference value="vitals-desc-1"/>
            </text>
            <statusCode code="completed"/>
            <effectiveTime value='20100301050000'/>
              <value xsi:type="PQ" nullFlavor="UNK"/>
          </observation>
        </component>
        <component>
          <observation classCode="OBS" moodCode="EVN">
            <templateId root="2.16.840.1.113883.10.20.22.4.27"/>
            <!-- Result observation template -->
            <id root="94452160-e0c0-012f-f752-406c8fb8a271"/>
            <code code="12773-8" codeSystem="2.16.840.1.113883.6.1" ><originalText>Laboratory Test, Performed: LDL Test</originalText></code>
            <text>
              <reference value="vitals-desc-2"/>
            </text>
            <statusCode code="completed"/>
            <effectiveTime value='20100301050000'/>
              <value xsi:type="PQ" nullFlavor="UNK"/>
          </observation>
        </component>
      </organizer>
    </entry>
  </section>
</component>
    </structuredBody>
  </component>
</ClinicalDocument>