<?xml version="1.0" encoding="UTF-8"?>
<ClinicalDocument xmlns="urn:hl7-org:v3" xmlns:sdtc="urn:hl7-org:sdtc" xmlns:xsi="http://www.w3.org/2001/XMLSchema-instance" xsi:schemaLocation="urn:hl7-org:v3 http://xreg2.nist.gov:8080/hitspValidation/schema/cdar2c32/infrastructure/cda/C32_CDA.xsd">
  <realmCode code="US"/>
  <typeId root="2.16.840.1.113883.1.3" extension="POCD_HD000040"/>
  <templateId root="2.16.840.1.113883.10.20.22.1.1" />
  <templateId root='2.16.840.1.113883.10.20.22.1.2'/> 
  <id root="2.16.840.1.113883.3.72" extension="50536a6b709357c7fa000188" assigningAuthorityName="NIST Healthcare Project"/>
  <code code="34133-9" displayName="Summarization of episode note" codeSystem="2.16.840.1.113883.6.1" codeSystemName="LOINC"/>
  <title>Cypress C32 Patient Test Record: Andrea Harvey</title>
  <effectiveTime value="20120914173606"/>
  <confidentialityCode code="N"/>
  <languageCode code="en-US"/>
  <recordTarget>
    <patientRole>
      <id root="Cypress" extension="50536a6b709357c7fa000188"/>
      <addr use="HP">
        <streetAddressLine>202 Burlington Rd.</streetAddressLine>
        <city>Bedford</city>
        <state>MA</state>
        <postalCode>01730</postalCode>
      </addr>
      <telecom value="tel:+1-781-271-3000"/>
      <patient>
        <name>
          <given>Andrea</given>
          <family>Harvey</family>
        </name>
        <administrativeGenderCode code="F" codeSystem="2.16.840.1.113883.5.1" codeSystemName="HL7 AdministrativeGender"/>
        <birthTime value="19941104050000"/>
          <raceCode code=""  codeSystemName="CDC Race and Ethnicity" codeSystem="2.16.840.1.113883.6.238"/>
          <ethnicGroupCode code=""  codeSystemName="CDC Race and Ethnicity" codeSystem="2.16.840.1.113883.6.238"/>
          <languageCommunication>
            <languageCode code="en-US"/>
          </languageCommunication>
      </patient>
    </patientRole>
  </recordTarget>
  <author>
    <time value="20120914173606"/>
    <assignedAuthor>
      <id/>
      <addr/>
      <telecom value="tel:+1-781-271-3000"/>
      <assignedPerson>
        <name>Auto Generated</name>
      </assignedPerson>
    </assignedAuthor>
  </author>
  <custodian>
    <assignedCustodian>
      <representedCustodianOrganization>
        <id/>
        <name>Cypress</name>
        <telecom value="tel:+1-781-271-3000"/>
        <addr>
          <streetAddressLine>202 Burlington Rd.</streetAddressLine>
          <city>Bedford</city>
          <state>MA</state>
          <postalCode>01730</postalCode>
        </addr>
      </representedCustodianOrganization>
    </assignedCustodian>
  </custodian>
  <component>
    <structuredBody>
        <component>
          <!-- Allergies: patient has no allergies -->
            <section>
             <templateId root="2.16.840.1.113883.10.20.22.2.6"/>
              <code code="11450-4" codeSystem="2.16.840.1.113883.6.1" codeSystemName="LOINC" displayName="Problem List"/>
              <title>Allergies and Adverse Reactions</title>                
               <text>
                <table border="1" width="100%">
                  <thead>
                    <tr>
                      <th>Description</th>                      
                      <th>Code</th>                      
                      <th>Time</th>
                    </tr>
                  </thead>
                  <tbody>
                    <tr ID="noallergies_summary">                                           
                      <td ID="noallergies">No Known allergies</td>
                      <td>160244002</td>                                         
                      <td>20120914173606</td>
                    </tr>                   
                 </tbody>
               </table>                             
             </text>
             <entry typeCode="DRIV">
              <act classCode="ACT" moodCode="EVN">
                <templateId root="2.16.840.1.113883.10.20.22.4.30"/>
                <id root="f6fd6f86-4265-4dcb-95cf-7799100b54ad"/>
                <code nullFlavor="NA"/>
                  <statusCode code="active"/>
                    <effectiveTime>
                      <low nullFlavor="NA"/>
                    </effectiveTime>					
                <entryRelationship typeCode="SUBJ" inversionInd="false">
                  <observation classCode="OBS" moodCode="EVN">
                    <templateId root="2.16.840.1.113883.10.20.22.4.7"/>
                    <id root="2b37be6b-9b1c-4069-bbca-1caf5fe1937d"/>
                    <code code="420134006" codeSystem="2.16.840.1.113883.6.96" displayName="Propensity to adverse reactions (disorder)" codeSystemName="SNOMED CT"/>
                    <statusCode code="completed"/>
                    <effectiveTime>
                      <low nullFlavor="UNK"/>
                    </effectiveTime>
                    <value xsi:type="CD" code="160244002" codeSystem="2.16.840.1.113883.6.96" displayName="No Known allergies" codeSystemName="SNOMED CT">
                      <originalText>
                        <reference value="#noallergies"/>
                      </originalText>
                    </value>
                  </observation>
              </entryRelationship>
            </act>
          </entry>
        </section>
      </component>

        <component>
  <!--Medications-->
  <section>
	<templateId root="2.16.840.1.113883.10.20.22.2.1" />
    <code code="10160-0" displayName="History of medication use" codeSystem="2.16.840.1.113883.6.1" codeSystemName="LOINC"/>
    <title>Medications</title>
    <text>
  <table border="1" width="100%">
    <thead>
      <tr>
        <th>Description</th>
        <th>Codes</th>
        <th>Time</th>
        
      </tr>
    </thead>
    <tbody>
        <tr>
          <td ID="medications-desc-0">Medication, Order: BH Antidepressant medication (Code List: 2.16.840.1.113883.3.1257.1.972)</td>
          <td ID="medications-code-0">RxNorm: 106343<br/><i></i></td>
          <td>July 20th, 2007 04:00 - April 5th, 2010 04:00</td>
           
        </tr>
        <tr>
          <td ID="medications-desc-1">Medication, Order: BH Mood stabilizer medication (Code List: 2.16.840.1.113883.3.1257.1.950)</td>
          <td ID="medications-code-1">RxNorm: 108874<br/><i></i></td>
          <td>May 22nd, 2012 04:00 - June 10th, 2012 04:00</td>
           
        </tr>
        <tr>
          <td ID="medications-desc-2">Medication, Active: BH Antidepressant medication (Code List: 2.16.840.1.113883.3.1257.1.972)</td>
          <td ID="medications-code-2">RxNorm: 106343<br/><i></i></td>
          <td>November 22nd, 2004 05:00 - December 20th, 2010 05:00</td>
           
        </tr>
        <tr>
          <td ID="medications-desc-3">Medication, Active: BH Mood stabilizer medication (Code List: 2.16.840.1.113883.3.1257.1.950)</td>
          <td ID="medications-code-3">RxNorm: 108874<br/><i></i></td>
          <td>August 13th, 2010 04:00 - February 21st, 2012 05:00</td>
           
        </tr>
    </tbody>
  </table>
</text>
    <entry>
      <!--CCD Medication activity - Required-->
      <substanceAdministration classCode="SBADM" moodCode="EVN">
        <templateId root='2.16.840.1.113883.10.20.22.4.16'/>
        <id root="96641af0-e0c0-012f-f752-406c8fb8a271"/>
        <statusCode code="completed"/>
        <effectiveTime xsi:type="IVL_TS">
          <low value='20070720040000'/>
          <high nullFlavor="UNK"/>
        </effectiveTime>
        <consumable>
          <!--CCD Product - Required-->
          <manufacturedProduct classCode="MANU">
			    <templateId root='2.16.840.1.113883.10.20.22.4.23'/>
            <manufacturedMaterial>
              <code code="106343" codeSystem="2.16.840.1.113883.6.88" displayName="Medication, Order: BH Antidepressant medication (Code List: 2.16.840.1.113883.3.1257.1.972)">
  <originalText><reference value="#medications-desc-0"/></originalText>
</code>

              <name>Medication, Order: BH Antidepressant medication (Code List: 2.16.840.1.113883.3.1257.1.972)</name>
            </manufacturedMaterial>
          </manufacturedProduct>
        </consumable>
      </substanceAdministration>
    </entry>
    <entry>
      <!--CCD Medication activity - Required-->
      <substanceAdministration classCode="SBADM" moodCode="EVN">
        <templateId root='2.16.840.1.113883.10.20.22.4.16'/>
        <id root="966432a0-e0c0-012f-f752-406c8fb8a271"/>
        <statusCode code="completed"/>
        <effectiveTime xsi:type="IVL_TS">
          <low value='20120522040000'/>
          <high nullFlavor="UNK"/>
        </effectiveTime>
        <consumable>
          <!--CCD Product - Required-->
          <manufacturedProduct classCode="MANU">
			    <templateId root='2.16.840.1.113883.10.20.22.4.23'/>
            <manufacturedMaterial>
              <code code="108874" codeSystem="2.16.840.1.113883.6.88" displayName="Medication, Order: BH Mood stabilizer medication (Code List: 2.16.840.1.113883.3.1257.1.950)">
  <originalText><reference value="#medications-desc-1"/></originalText>
</code>

              <name>Medication, Order: BH Mood stabilizer medication (Code List: 2.16.840.1.113883.3.1257.1.950)</name>
            </manufacturedMaterial>
          </manufacturedProduct>
        </consumable>
      </substanceAdministration>
    </entry>
    <entry>
      <!--CCD Medication activity - Required-->
      <substanceAdministration classCode="SBADM" moodCode="EVN">
        <templateId root='2.16.840.1.113883.10.20.22.4.16'/>
        <id root="96644a90-e0c0-012f-f752-406c8fb8a271"/>
        <statusCode code="completed"/>
        <effectiveTime xsi:type="IVL_TS">
          <low value='20041122050000'/>
          <high nullFlavor="UNK"/>
        </effectiveTime>
        <consumable>
          <!--CCD Product - Required-->
          <manufacturedProduct classCode="MANU">
			    <templateId root='2.16.840.1.113883.10.20.22.4.23'/>
            <manufacturedMaterial>
              <code code="106343" codeSystem="2.16.840.1.113883.6.88" displayName="Medication, Active: BH Antidepressant medication (Code List: 2.16.840.1.113883.3.1257.1.972)">
  <originalText><reference value="#medications-desc-2"/></originalText>
</code>

              <name>Medication, Active: BH Antidepressant medication (Code List: 2.16.840.1.113883.3.1257.1.972)</name>
            </manufacturedMaterial>
          </manufacturedProduct>
        </consumable>
      </substanceAdministration>
    </entry>
    <entry>
      <!--CCD Medication activity - Required-->
      <substanceAdministration classCode="SBADM" moodCode="EVN">
        <templateId root='2.16.840.1.113883.10.20.22.4.16'/>
        <id root="96646200-e0c0-012f-f752-406c8fb8a271"/>
        <statusCode code="completed"/>
        <effectiveTime xsi:type="IVL_TS">
          <low value='20100813040000'/>
          <high nullFlavor="UNK"/>
        </effectiveTime>
        <consumable>
          <!--CCD Product - Required-->
          <manufacturedProduct classCode="MANU">
			    <templateId root='2.16.840.1.113883.10.20.22.4.23'/>
            <manufacturedMaterial>
              <code code="108874" codeSystem="2.16.840.1.113883.6.88" displayName="Medication, Active: BH Mood stabilizer medication (Code List: 2.16.840.1.113883.3.1257.1.950)">
  <originalText><reference value="#medications-desc-3"/></originalText>
</code>

              <name>Medication, Active: BH Mood stabilizer medication (Code List: 2.16.840.1.113883.3.1257.1.950)</name>
            </manufacturedMaterial>
          </manufacturedProduct>
        </consumable>
      </substanceAdministration>
    </entry>
  </section>
</component>
        
        <component>
  <!--Problems-->
  <section>
    <templateId root="2.16.840.1.113883.10.20.22.2.5.1"/>
    <!--Problems section template-->
    <code code="11450-4" codeSystem="2.16.840.1.113883.6.1" codeSystemName="LOINC" displayName="Problem list"/>
    <title>Problems</title>
    <text>
  <table border="1" width="100%">
    <thead>
      <tr>
        <th>Description</th>
        <th>Codes</th>
        <th>Time</th>
          <th>Status</th>
        
      </tr>
    </thead>
    <tbody>
        <tr>
          <td ID="conditions-desc-0">Diagnosis, Active: BH Unipolar depression (Code List: 2.16.840.1.113883.3.1257.1.133)</td>
          <td ID="conditions-code-0">SNOMED-CT: 832007 ICD-9-CM: 296.20 ICD-10-CM: F32.0<br/><i></i></td>
          <td>August 26th, 2012 04:00 - September 6th, 2012 04:00</td>
            <td>active</td>
           
        </tr>
        <tr>
          <td ID="conditions-desc-1">Diagnosis, Active: Bipolar Depression (Code List: 2.16.840.1.113883.3.1257.1.134)</td>
          <td ID="conditions-code-1"><br/><i></i></td>
          <td>January 12th, 2009 05:00 - November 23rd, 2011 05:00</td>
            <td>active</td>
           
        </tr>
        <tr>
          <td ID="conditions-desc-2">Diagnosis, Active: BH Condition involving bipolar disorder (Code List: 2.16.840.1.113883.3.1257.1.1504)</td>
          <td ID="conditions-code-2">SNOMED-CT: 162004 ICD-10-CM: F30.2 ICD-9-CM: 296.00<br/><i></i></td>
          <td>March 16th, 2012 04:00 - July 23rd, 2012 04:00</td>
            <td>active</td>
           
        </tr>
        <tr>
          <td ID="conditions-desc-3">Diagnosis, Active: BH Condition involving unipolar depression (Code List: 2.16.840.1.113883.3.1257.1.1505)</td>
          <td ID="conditions-code-3">ICD-9-CM: 296.20 ICD-10-CM: F32.0 SNOMED-CT: 832007<br/><i></i></td>
          <td>June 16th, 1996 04:00 - August 24th, 2006 04:00</td>
            <td>active</td>
           
        </tr>
    </tbody>
  </table>
</text>
    <entry typeCode="DRIV">
      <act classCode="ACT" moodCode="EVN">
        <templateId root="2.16.840.1.113883.10.20.22.4.3"/>
        <!-- Problem act template -->
        <id root="9664c370-e0c0-012f-f752-406c8fb8a271"/>
        <code nullFlavor="NA"/>
        <statusCode code="active"/>
        <effectiveTime>
          <low value='20120826040000'/>
        </effectiveTime>
        <entryRelationship typeCode="SUBJ" inversionInd="false">
          <observation classCode="OBS" moodCode="EVN">
            <templateId root="2.16.840.1.113883.10.20.22.4.4"/>
            
            <!--Problem observation template - NOT episode template-->
            <id root="9664c620-e0c0-012f-f752-406c8fb8a271"/>
            <code code="64572001" displayName="Condition" codeSystem="2.16.840.1.113883.6.96" codeSystemName="SNOMED-CT"/>
            <text>
              <reference value="#conditions-desc-0"/>
            </text>
            <statusCode code="completed"/>
            <effectiveTime>
              <low value='20120826040000'/>
            </effectiveTime>
            <value code="832007" codeSystem="2.16.840.1.113883.6.96" xsi:type="CD"><originalText>Diagnosis, Active: BH Unipolar depression (Code List: 2.16.840.1.113883.3.1257.1.133)</originalText><translation code="296.20" codeSystem="2.16.840.1.113883.6.104"/>
<translation code="F32.0" codeSystem="2.16.840.1.113883.6.90"/>
</value>
            <entryRelationship typeCode="REFR">
              <observation classCode="OBS" moodCode="EVN">
                <templateId root="2.16.840.1.113883.10.20.22.4.6"/>
                <!-- Problem status observation template -->
                <code code="33999-4" codeSystem="2.16.840.1.113883.6.1" displayName="Status"/>
                <statusCode code="completed"/>
                <value xsi:type="CE" code="55561003" codeSystem="2.16.840.1.113883.6.96"/>
              </observation>
            </entryRelationship>
          </observation>
        </entryRelationship>
      </act>
    </entry>
    <entry typeCode="DRIV">
      <act classCode="ACT" moodCode="EVN">
        <templateId root="2.16.840.1.113883.10.20.22.4.3"/>
        <!-- Problem act template -->
        <id root="9664cda0-e0c0-012f-f752-406c8fb8a271"/>
        <code nullFlavor="NA"/>
        <statusCode code="active"/>
        <effectiveTime>
          <low value='20090112050000'/>
        </effectiveTime>
        <entryRelationship typeCode="SUBJ" inversionInd="false">
          <observation classCode="OBS" moodCode="EVN">
            <templateId root="2.16.840.1.113883.10.20.22.4.4"/>
            
            <!--Problem observation template - NOT episode template-->
            <id root="9664cf90-e0c0-012f-f752-406c8fb8a271"/>
            <code code="64572001" displayName="Condition" codeSystem="2.16.840.1.113883.6.96" codeSystemName="SNOMED-CT"/>
            <text>
              <reference value="#conditions-desc-1"/>
            </text>
            <statusCode code="completed"/>
            <effectiveTime>
              <low value='20090112050000'/>
            </effectiveTime>
            <value nullFlavor="UNK" xsi:type="CD"><originalText>Diagnosis, Active: Bipolar Depression (Code List: 2.16.840.1.113883.3.1257.1.134)</originalText></value>
            <entryRelationship typeCode="REFR">
              <observation classCode="OBS" moodCode="EVN">
                <templateId root="2.16.840.1.113883.10.20.22.4.6"/>
                <!-- Problem status observation template -->
                <code code="33999-4" codeSystem="2.16.840.1.113883.6.1" displayName="Status"/>
                <statusCode code="completed"/>
                <value xsi:type="CE" code="55561003" codeSystem="2.16.840.1.113883.6.96"/>
              </observation>
            </entryRelationship>
          </observation>
        </entryRelationship>
      </act>
    </entry>
    <entry typeCode="DRIV">
      <act classCode="ACT" moodCode="EVN">
        <templateId root="2.16.840.1.113883.10.20.22.4.3"/>
        <!-- Problem act template -->
        <id root="9664d400-e0c0-012f-f752-406c8fb8a271"/>
        <code nullFlavor="NA"/>
        <statusCode code="active"/>
        <effectiveTime>
          <low value='20120316040000'/>
        </effectiveTime>
        <entryRelationship typeCode="SUBJ" inversionInd="false">
          <observation classCode="OBS" moodCode="EVN">
            <templateId root="2.16.840.1.113883.10.20.22.4.4"/>
            
            <!--Problem observation template - NOT episode template-->
            <id root="9664d5e0-e0c0-012f-f752-406c8fb8a271"/>
            <code code="64572001" displayName="Condition" codeSystem="2.16.840.1.113883.6.96" codeSystemName="SNOMED-CT"/>
            <text>
              <reference value="#conditions-desc-2"/>
            </text>
            <statusCode code="completed"/>
            <effectiveTime>
              <low value='20120316040000'/>
            </effectiveTime>
            <value code="162004" codeSystem="2.16.840.1.113883.6.96" xsi:type="CD"><originalText>Diagnosis, Active: BH Condition involving bipolar disorder (Code List: 2.16.840.1.113883.3.1257.1.1504)</originalText><translation code="F30.2" codeSystem="2.16.840.1.113883.6.90"/>
<translation code="296.00" codeSystem="2.16.840.1.113883.6.104"/>
</value>
            <entryRelationship typeCode="REFR">
              <observation classCode="OBS" moodCode="EVN">
                <templateId root="2.16.840.1.113883.10.20.22.4.6"/>
                <!-- Problem status observation template -->
                <code code="33999-4" codeSystem="2.16.840.1.113883.6.1" displayName="Status"/>
                <statusCode code="completed"/>
                <value xsi:type="CE" code="55561003" codeSystem="2.16.840.1.113883.6.96"/>
              </observation>
            </entryRelationship>
          </observation>
        </entryRelationship>
      </act>
    </entry>
    <entry typeCode="DRIV">
      <act classCode="ACT" moodCode="EVN">
        <templateId root="2.16.840.1.113883.10.20.22.4.3"/>
        <!-- Problem act template -->
        <id root="9664dc20-e0c0-012f-f752-406c8fb8a271"/>
        <code nullFlavor="NA"/>
        <statusCode code="active"/>
        <effectiveTime>
          <low value='19960616040000'/>
        </effectiveTime>
        <entryRelationship typeCode="SUBJ" inversionInd="false">
          <observation classCode="OBS" moodCode="EVN">
            <templateId root="2.16.840.1.113883.10.20.22.4.4"/>
            
            <!--Problem observation template - NOT episode template-->
            <id root="9664de00-e0c0-012f-f752-406c8fb8a271"/>
            <code code="64572001" displayName="Condition" codeSystem="2.16.840.1.113883.6.96" codeSystemName="SNOMED-CT"/>
            <text>
              <reference value="#conditions-desc-3"/>
            </text>
            <statusCode code="completed"/>
            <effectiveTime>
              <low value='19960616040000'/>
            </effectiveTime>
            <value code="832007" codeSystem="2.16.840.1.113883.6.96" xsi:type="CD"><originalText>Diagnosis, Active: BH Condition involving unipolar depression (Code List: 2.16.840.1.113883.3.1257.1.1505)</originalText><translation code="296.20" codeSystem="2.16.840.1.113883.6.104"/>
<translation code="F32.0" codeSystem="2.16.840.1.113883.6.90"/>
</value>
            <entryRelationship typeCode="REFR">
              <observation classCode="OBS" moodCode="EVN">
                <templateId root="2.16.840.1.113883.10.20.22.4.6"/>
                <!-- Problem status observation template -->
                <code code="33999-4" codeSystem="2.16.840.1.113883.6.1" displayName="Status"/>
                <statusCode code="completed"/>
                <value xsi:type="CE" code="55561003" codeSystem="2.16.840.1.113883.6.96"/>
              </observation>
            </entryRelationship>
          </observation>
        </entryRelationship>
      </act>
    </entry>
  </section>
</component>

        <component>
  <!--Surgeries-->
  <section>
    <templateId root="2.16.840.1.113883.10.20.22.2.7"/>
    <!--Surgeries section template-->
    <code code="47519-4" codeSystem="2.16.840.1.113883.6.1" codeSystemName="LOINC" displayName="List of surgeries"/>
    <title>Surgeries</title>
    <text>
  <table border="1" width="100%">
    <thead>
      <tr>
        <th>Description</th>
        <th>Codes</th>
        <th>Time</th>
        
      </tr>
    </thead>
    <tbody>
        <tr>
          <td ID="procedures-desc-0">BH Assessment for alcohol or other drugs (Code List: 2.16.840.1.113883.3.1257.1.1604)</td>
          <td ID="procedures-code-0">SNOMED-CT: 105355005 HCPCS: H0001 CPT: 99408<br/><i></i></td>
          <td>March 12th, 2000 05:00 - August 14th, 2010 04:00</td>
           
        </tr>
        <tr>
          <td ID="procedures-desc-1">Procedure, Performed: BH Electroconvulsive therapy (Code List: 2.16.840.1.113883.3.1257.1.1533)</td>
          <td ID="procedures-code-1">ICD-9-CM: 94.26 CPT: 90870 ICD-10-CM: GZB0ZZZ SNOMED-CT: 11075005<br/><i></i></td>
          <td>August 21st, 2007 04:00 - October 23rd, 2011 04:00</td>
           
        </tr>
        <tr>
          <td ID="procedures-desc-2">Procedure, Order: BH Electroconvulsive therapy (Code List: 2.16.840.1.113883.3.1257.1.1533)</td>
          <td ID="procedures-code-2">ICD-9-CM: 94.26 CPT: 90870 ICD-10-CM: GZB0ZZZ SNOMED-CT: 11075005<br/><i></i></td>
          <td>May 12th, 2009 04:00 - January 7th, 2012 05:00</td>
           
        </tr>
        <tr>
          <td ID="procedures-desc-3">Procedure, Performed: BH Counseling for depression (Code List: 2.16.840.1.113883.3.1257.1.1616)</td>
          <td ID="procedures-code-3">SNOMED-CT: 428201000124103<br/><i></i></td>
          <td>August 14th, 2000 04:00 - October 18th, 2002 04:00</td>
           
        </tr>
        <tr>
          <td ID="procedures-desc-4">Procedure, Order: BH Counseling for depression (Code List: 2.16.840.1.113883.3.1257.1.1616)</td>
          <td ID="procedures-code-4">SNOMED-CT: 428201000124103<br/><i></i></td>
          <td>November 10th, 2010 05:00 - January 22nd, 2011 05:00</td>
           
        </tr>
    </tbody>
  </table>
</text>
    <entry typeCode="DRIV">
      <procedure classCode="PROC" moodCode="EVN">
        <templateId root="2.16.840.1.113883.10.20.22.4.14"/>
        <!-- Procedure activity template -->
        <id root="966520f0-e0c0-012f-f752-406c8fb8a271"/>
        <code code="99408" codeSystem="2.16.840.1.113883.6.12" displayName="BH Assessment for alcohol or other drugs (Code List: 2.16.840.1.113883.3.1257.1.1604)">
  <originalText><reference value="#procedures-desc-0"/></originalText>
  <translation code="105355005" codeSystem="2.16.840.1.113883.6.96" />
  <translation code="H0001" codeSystem="2.16.840.1.113883.6.14" />
</code>

        <text>
          <reference value="#procedures-desc-0"/>
        </text>
        <statusCode code="completed"/>
        <effectiveTime value='20000312050000'/>
      </procedure>
    </entry>
    <entry typeCode="DRIV">
      <procedure classCode="PROC" moodCode="EVN">
        <templateId root="2.16.840.1.113883.10.20.22.4.14"/>
        <!-- Procedure activity template -->
        <id root="96653950-e0c0-012f-f752-406c8fb8a271"/>
        <code code="90870" codeSystem="2.16.840.1.113883.6.12" displayName="Procedure, Performed: BH Electroconvulsive therapy (Code List: 2.16.840.1.113883.3.1257.1.1533)">
  <originalText><reference value="#procedures-desc-1"/></originalText>
  <translation code="94.26" codeSystem="2.16.840.1.113883.6.104" />
  <translation code="GZB0ZZZ" codeSystem="2.16.840.1.113883.6.90" />
  <translation code="11075005" codeSystem="2.16.840.1.113883.6.96" />
</code>

        <text>
          <reference value="#procedures-desc-1"/>
        </text>
        <statusCode code="completed"/>
        <effectiveTime value='20070821040000'/>
      </procedure>
    </entry>
    <entry typeCode="DRIV">
      <procedure classCode="PROC" moodCode="EVN">
        <templateId root="2.16.840.1.113883.10.20.22.4.14"/>
        <!-- Procedure activity template -->
        <id root="96655250-e0c0-012f-f752-406c8fb8a271"/>
        <code code="90870" codeSystem="2.16.840.1.113883.6.12" displayName="Procedure, Order: BH Electroconvulsive therapy (Code List: 2.16.840.1.113883.3.1257.1.1533)">
  <originalText><reference value="#procedures-desc-2"/></originalText>
  <translation code="94.26" codeSystem="2.16.840.1.113883.6.104" />
  <translation code="GZB0ZZZ" codeSystem="2.16.840.1.113883.6.90" />
  <translation code="11075005" codeSystem="2.16.840.1.113883.6.96" />
</code>

        <text>
          <reference value="#procedures-desc-2"/>
        </text>
        <statusCode code="completed"/>
        <effectiveTime value='20090512040000'/>
      </procedure>
    </entry>
    <entry typeCode="DRIV">
      <procedure classCode="PROC" moodCode="EVN">
        <templateId root="2.16.840.1.113883.10.20.22.4.14"/>
        <!-- Procedure activity template -->
        <id root="96656b40-e0c0-012f-f752-406c8fb8a271"/>
        <code code="428201000124103" codeSystem="2.16.840.1.113883.6.96" displayName="Procedure, Performed: BH Counseling for depression (Code List: 2.16.840.1.113883.3.1257.1.1616)">
  <originalText><reference value="#procedures-desc-3"/></originalText>
</code>

        <text>
          <reference value="#procedures-desc-3"/>
        </text>
        <statusCode code="completed"/>
        <effectiveTime value='20000814040000'/>
      </procedure>
    </entry>
    <entry typeCode="DRIV">
      <procedure classCode="PROC" moodCode="EVN">
        <templateId root="2.16.840.1.113883.10.20.22.4.14"/>
        <!-- Procedure activity template -->
        <id root="96658180-e0c0-012f-f752-406c8fb8a271"/>
        <code code="428201000124103" codeSystem="2.16.840.1.113883.6.96" displayName="Procedure, Order: BH Counseling for depression (Code List: 2.16.840.1.113883.3.1257.1.1616)">
  <originalText><reference value="#procedures-desc-4"/></originalText>
</code>

        <text>
          <reference value="#procedures-desc-4"/>
        </text>
        <statusCode code="completed"/>
        <effectiveTime value='20101110050000'/>
      </procedure>
    </entry>
  </section>
</component>
        <component>
  <!--Encounters-->
  <section>
    <templateId root="2.16.840.1.113883.10.20.22.2.22" /> <!-- CCDA Template id -->
    <!--Encounters section template-->
    <code code="46240-8" codeSystem="2.16.840.1.113883.6.1" codeSystemName="LOINC" displayName="History of encounters"/>
    <title>Encounters</title>
    <text>
  <table border="1" width="100%">
    <thead>
      <tr>
        <th>Description</th>
        <th>Codes</th>
        <th>Time</th>
        
      </tr>
    </thead>
    <tbody>
        <tr>
          <td ID="encounters-desc-0">BH Outpatient encounter (Code List: 2.16.840.1.113883.3.464.0001.49)</td>
          <td ID="encounters-code-0">CPT: 99201 ICD-9-CM: 89.09 SNOMED-CT: 17436001 ICD-10-CM: GZ50ZZZ<br/><i></i></td>
          <td>February 13th, 2009 05:00 - July 10th, 2012 04:00</td>
           
        </tr>
        <tr>
          <td ID="encounters-desc-1">Encounter, Order: BH Outpatient psychotherapy (Code List: 2.16.840.1.113883.3.1257.1.973)</td>
          <td ID="encounters-code-1">CPT: 90804 ICD-9-CM: 94.31 SNOMED-CT: 75516001 ICD-10-CM: GZ50ZZZ<br/><i></i></td>
          <td>August 6th, 1999 04:00 - January 30th, 2011 05:00</td>
           
        </tr>
        <tr>
          <td ID="encounters-desc-2">Encounter, Performed: BH Outpatient psychotherapy (Code List: 2.16.840.1.113883.3.1257.1.973)</td>
          <td ID="encounters-code-2">CPT: 90804 ICD-9-CM: 94.31 SNOMED-CT: 75516001 ICD-10-CM: GZ50ZZZ<br/><i></i></td>
          <td>November 20th, 1998 05:00 - November 11th, 2000 05:00</td>
           
        </tr>
    </tbody>
  </table>
</text>
    <entry typeCode="DRIV">
      <encounter classCode="ENC" moodCode="EVN">
		    <templateId root="2.16.840.1.113883.10.20.22.4.49"/>
        <!-- Encounter activity template -->
        <id root="9665cf70-e0c0-012f-f752-406c8fb8a271"/>
        <code code="99201" codeSystem="2.16.840.1.113883.6.12" displayName="BH Outpatient encounter (Code List: 2.16.840.1.113883.3.464.0001.49)">
  <originalText><reference value="#encounters-desc-0"/></originalText>
  <translation code="89.09" codeSystem="2.16.840.1.113883.6.104" />
  <translation code="17436001" codeSystem="2.16.840.1.113883.6.96" />
  <translation code="GZ50ZZZ" codeSystem="2.16.840.1.113883.6.90" />
</code>

        <text>
          <reference value="#encounters-desc-0"/>
        </text>
        <effectiveTime value='20090213050000'/>
      </encounter>
    </entry>
    <entry typeCode="DRIV">
      <encounter classCode="ENC" moodCode="EVN">
		    <templateId root="2.16.840.1.113883.10.20.22.4.49"/>
        <!-- Encounter activity template -->
        <id root="9665e8e0-e0c0-012f-f752-406c8fb8a271"/>
        <code code="90804" codeSystem="2.16.840.1.113883.6.12" displayName="Encounter, Order: BH Outpatient psychotherapy (Code List: 2.16.840.1.113883.3.1257.1.973)">
  <originalText><reference value="#encounters-desc-1"/></originalText>
  <translation code="94.31" codeSystem="2.16.840.1.113883.6.104" />
  <translation code="75516001" codeSystem="2.16.840.1.113883.6.96" />
  <translation code="GZ50ZZZ" codeSystem="2.16.840.1.113883.6.90" />
</code>

        <text>
          <reference value="#encounters-desc-1"/>
        </text>
        <effectiveTime value='19990806040000'/>
      </encounter>
    </entry>
    <entry typeCode="DRIV">
      <encounter classCode="ENC" moodCode="EVN">
		    <templateId root="2.16.840.1.113883.10.20.22.4.49"/>
        <!-- Encounter activity template -->
        <id root="966601c0-e0c0-012f-f752-406c8fb8a271"/>
        <code code="90804" codeSystem="2.16.840.1.113883.6.12" displayName="Encounter, Performed: BH Outpatient psychotherapy (Code List: 2.16.840.1.113883.3.1257.1.973)">
  <originalText><reference value="#encounters-desc-2"/></originalText>
  <translation code="94.31" codeSystem="2.16.840.1.113883.6.104" />
  <translation code="75516001" codeSystem="2.16.840.1.113883.6.96" />
  <translation code="GZ50ZZZ" codeSystem="2.16.840.1.113883.6.90" />
</code>

        <text>
          <reference value="#encounters-desc-2"/>
        </text>
        <effectiveTime value='19981120050000'/>
      </encounter>
    </entry>
  </section>
</component>
    </structuredBody>
  </component>
</ClinicalDocument>