<?xml version="1.0" encoding="UTF-8"?>
<ClinicalDocument xmlns="urn:hl7-org:v3" xmlns:sdtc="urn:hl7-org:sdtc" xmlns:xsi="http://www.w3.org/2001/XMLSchema-instance" xsi:schemaLocation="urn:hl7-org:v3 http://xreg2.nist.gov:8080/hitspValidation/schema/cdar2c32/infrastructure/cda/C32_CDA.xsd">
  <realmCode code="US"/>
  <typeId root="2.16.840.1.113883.1.3" extension="POCD_HD000040"/>
  <templateId root="2.16.840.1.113883.10.20.22.1.1" />
  <templateId root='2.16.840.1.113883.10.20.22.1.2'/> 
  <id root="2.16.840.1.113883.3.72" extension="50536a6b709357c7fa000255" assigningAuthorityName="NIST Healthcare Project"/>
  <code code="34133-9" displayName="Summarization of episode note" codeSystem="2.16.840.1.113883.6.1" codeSystemName="LOINC"/>
  <title>Cypress C32 Patient Test Record: Audrey Newton</title>
  <effectiveTime value="20120914173608"/>
  <confidentialityCode code="N"/>
  <languageCode code="en-US"/>
  <recordTarget>
    <patientRole>
      <id root="Cypress" extension="50536a6b709357c7fa000255"/>
      <addr use="HP">
        <streetAddressLine>202 Burlington Rd.</streetAddressLine>
        <city>Bedford</city>
        <state>MA</state>
        <postalCode>01730</postalCode>
      </addr>
      <telecom value="tel:+1-781-271-3000"/>
      <patient>
        <name>
          <given>Audrey</given>
          <family>Newton</family>
        </name>
        <administrativeGenderCode code="F" codeSystem="2.16.840.1.113883.5.1" codeSystemName="HL7 AdministrativeGender"/>
        <birthTime value="20040201050000"/>
          <raceCode code=""  codeSystemName="CDC Race and Ethnicity" codeSystem="2.16.840.1.113883.6.238"/>
          <ethnicGroupCode code=""  codeSystemName="CDC Race and Ethnicity" codeSystem="2.16.840.1.113883.6.238"/>
          <languageCommunication>
            <languageCode code="en-US"/>
          </languageCommunication>
      </patient>
    </patientRole>
  </recordTarget>
  <author>
    <time value="20120914173608"/>
    <assignedAuthor>
      <id/>
      <addr/>
      <telecom value="tel:+1-781-271-3000"/>
      <assignedPerson>
        <name>Auto Generated</name>
      </assignedPerson>
    </assignedAuthor>
  </author>
  <custodian>
    <assignedCustodian>
      <representedCustodianOrganization>
        <id/>
        <name>Cypress</name>
        <telecom value="tel:+1-781-271-3000"/>
        <addr>
          <streetAddressLine>202 Burlington Rd.</streetAddressLine>
          <city>Bedford</city>
          <state>MA</state>
          <postalCode>01730</postalCode>
        </addr>
      </representedCustodianOrganization>
    </assignedCustodian>
  </custodian>
  <component>
    <structuredBody>
        
<component>
  <!--Allergies/Reactions-->
  <section>
    <templateId root="2.16.840.1.113883.10.20.22.2.6"/>
    <!--Allergies/Reactions section template-->
    <code code="48765-2" codeSystem="2.16.840.1.113883.6.1" codeSystemName="LOINC" displayName="Allergies"/>
    <title>Allergies and Adverse Reactions</title>
    <text>
  <table border="1" width="100%">
    <thead>
      <tr>
        <th>Description</th>
        <th>Codes</th>
        <th>Time</th>
        
      </tr>
    </thead>
    <tbody>
        <tr>
          <td ID="allergies-desc-0">Medication, Allergy: Chemotherapy for Colon Cancer - capecitabine (Code List: 2.16.840.1.113883.3.526.03.1288)</td>
          <td ID="allergies-code-0">RxNorm: 200327<br/><i></i></td>
          <td>December 21st, 2011 05:00 - March 17th, 2012 04:00</td>
           
        </tr>
        <tr>
          <td ID="allergies-desc-1">Medication, Allergy: Chemotherapy for Colon Cancer - fluorouracil (Code List: 2.16.840.1.113883.3.526.03.1289)</td>
          <td ID="allergies-code-1">RxNorm: 105584<br/><i></i></td>
          <td>August 21st, 2007 04:00 - April 4th, 2009 04:00</td>
           
        </tr>
        <tr>
          <td ID="allergies-desc-2">Medication, Allergy: Chemotherapy for Colon Cancer - leucovorin and levo-leucovorin (Code List: 2.16.840.1.113883.3.526.03.1290)</td>
          <td ID="allergies-code-2">RxNorm: 105691<br/><i></i></td>
          <td>December 5th, 2010 05:00 - February 15th, 2012 05:00</td>
           
        </tr>
        <tr>
          <td ID="allergies-desc-3">Medication, Allergy: Chemotherapy for Colon Cancer - oxaliplatin (Code List: 2.16.840.1.113883.3.526.03.1291)</td>
          <td ID="allergies-code-3">RxNorm: 351248<br/><i></i></td>
          <td>January 2nd, 2011 05:00 - June 22nd, 2011 04:00</td>
           
        </tr>
    </tbody>
  </table>
</text>
    <entry typeCode="DRIV">
      <act classCode="ACT" moodCode="EVN">
        <templateId root="2.16.840.1.113883.10.20.22.4.30"/>
        <!--Allergy act template -->
        <id root="973a7a70-e0c0-012f-f752-406c8fb8a271"/>
        <code nullFlavor="NA"/>
        <statusCode code="active"/>
        <effectiveTime>
          <low value='20111221050000'/>
        </effectiveTime>
        <entryRelationship typeCode="SUBJ" inversionInd="false">
          <observation classCode="OBS" moodCode="EVN">
            <templateId root="2.16.840.1.113883.10.20.22.4.7"/>
            <id root="973a7ca0-e0c0-012f-f752-406c8fb8a271"/>
            <code code="416098002" codeSystem="2.16.840.1.113883.6.96" displayName="drug allergy" codeSystemName="SNOMED CT">
              <originalText><reference value="#allergies-desc-0"/></originalText>
            </code>
            <text>
              <reference value="#allergies-desc-0"/>
            </text>
            <statusCode code="completed"/>
            <effectiveTime>
              <low value='20111221050000'/>
            </effectiveTime>
            <value xsi:type="CD" nullFlavor="UNK"/>
            <participant typeCode="CSM">
              <participantRole classCode="MANU">
                <playingEntity classCode="MMAT">
                  <code code="200327" codeSystem="2.16.840.1.113883.6.88" displayName="Medication, Allergy: Chemotherapy for Colon Cancer - capecitabine (Code List: 2.16.840.1.113883.3.526.03.1288)">
  <originalText><reference value="#allergies-desc-0"/></originalText>
</code>

                  <name>Medication, Allergy: Chemotherapy for Colon Cancer - capecitabine (Code List: 2.16.840.1.113883.3.526.03.1288)</name>
                </playingEntity>
              </participantRole>
            </participant>
          </observation>
        </entryRelationship>
      </act>
    </entry>
    <entry typeCode="DRIV">
      <act classCode="ACT" moodCode="EVN">
        <templateId root="2.16.840.1.113883.10.20.22.4.30"/>
        <!--Allergy act template -->
        <id root="973a9320-e0c0-012f-f752-406c8fb8a271"/>
        <code nullFlavor="NA"/>
        <statusCode code="active"/>
        <effectiveTime>
          <low value='20070821040000'/>
        </effectiveTime>
        <entryRelationship typeCode="SUBJ" inversionInd="false">
          <observation classCode="OBS" moodCode="EVN">
            <templateId root="2.16.840.1.113883.10.20.22.4.7"/>
            <id root="973a9560-e0c0-012f-f752-406c8fb8a271"/>
            <code code="416098002" codeSystem="2.16.840.1.113883.6.96" displayName="drug allergy" codeSystemName="SNOMED CT">
              <originalText><reference value="#allergies-desc-1"/></originalText>
            </code>
            <text>
              <reference value="#allergies-desc-1"/>
            </text>
            <statusCode code="completed"/>
            <effectiveTime>
              <low value='20070821040000'/>
            </effectiveTime>
            <value xsi:type="CD" nullFlavor="UNK"/>
            <participant typeCode="CSM">
              <participantRole classCode="MANU">
                <playingEntity classCode="MMAT">
                  <code code="105584" codeSystem="2.16.840.1.113883.6.88" displayName="Medication, Allergy: Chemotherapy for Colon Cancer - fluorouracil (Code List: 2.16.840.1.113883.3.526.03.1289)">
  <originalText><reference value="#allergies-desc-1"/></originalText>
</code>

                  <name>Medication, Allergy: Chemotherapy for Colon Cancer - fluorouracil (Code List: 2.16.840.1.113883.3.526.03.1289)</name>
                </playingEntity>
              </participantRole>
            </participant>
          </observation>
        </entryRelationship>
      </act>
    </entry>
    <entry typeCode="DRIV">
      <act classCode="ACT" moodCode="EVN">
        <templateId root="2.16.840.1.113883.10.20.22.4.30"/>
        <!--Allergy act template -->
        <id root="973aab40-e0c0-012f-f752-406c8fb8a271"/>
        <code nullFlavor="NA"/>
        <statusCode code="active"/>
        <effectiveTime>
          <low value='20101205050000'/>
        </effectiveTime>
        <entryRelationship typeCode="SUBJ" inversionInd="false">
          <observation classCode="OBS" moodCode="EVN">
            <templateId root="2.16.840.1.113883.10.20.22.4.7"/>
            <id root="973aad80-e0c0-012f-f752-406c8fb8a271"/>
            <code code="416098002" codeSystem="2.16.840.1.113883.6.96" displayName="drug allergy" codeSystemName="SNOMED CT">
              <originalText><reference value="#allergies-desc-2"/></originalText>
            </code>
            <text>
              <reference value="#allergies-desc-2"/>
            </text>
            <statusCode code="completed"/>
            <effectiveTime>
              <low value='20101205050000'/>
            </effectiveTime>
            <value xsi:type="CD" nullFlavor="UNK"/>
            <participant typeCode="CSM">
              <participantRole classCode="MANU">
                <playingEntity classCode="MMAT">
                  <code code="105691" codeSystem="2.16.840.1.113883.6.88" displayName="Medication, Allergy: Chemotherapy for Colon Cancer - leucovorin and levo-leucovorin (Code List: 2.16.840.1.113883.3.526.03.1290)">
  <originalText><reference value="#allergies-desc-2"/></originalText>
</code>

                  <name>Medication, Allergy: Chemotherapy for Colon Cancer - leucovorin and levo-leucovorin (Code List: 2.16.840.1.113883.3.526.03.1290)</name>
                </playingEntity>
              </participantRole>
            </participant>
          </observation>
        </entryRelationship>
      </act>
    </entry>
    <entry typeCode="DRIV">
      <act classCode="ACT" moodCode="EVN">
        <templateId root="2.16.840.1.113883.10.20.22.4.30"/>
        <!--Allergy act template -->
        <id root="973ac3c0-e0c0-012f-f752-406c8fb8a271"/>
        <code nullFlavor="NA"/>
        <statusCode code="active"/>
        <effectiveTime>
          <low value='20110102050000'/>
        </effectiveTime>
        <entryRelationship typeCode="SUBJ" inversionInd="false">
          <observation classCode="OBS" moodCode="EVN">
            <templateId root="2.16.840.1.113883.10.20.22.4.7"/>
            <id root="973ac600-e0c0-012f-f752-406c8fb8a271"/>
            <code code="416098002" codeSystem="2.16.840.1.113883.6.96" displayName="drug allergy" codeSystemName="SNOMED CT">
              <originalText><reference value="#allergies-desc-3"/></originalText>
            </code>
            <text>
              <reference value="#allergies-desc-3"/>
            </text>
            <statusCode code="completed"/>
            <effectiveTime>
              <low value='20110102050000'/>
            </effectiveTime>
            <value xsi:type="CD" nullFlavor="UNK"/>
            <participant typeCode="CSM">
              <participantRole classCode="MANU">
                <playingEntity classCode="MMAT">
                  <code code="351248" codeSystem="2.16.840.1.113883.6.88" displayName="Medication, Allergy: Chemotherapy for Colon Cancer - oxaliplatin (Code List: 2.16.840.1.113883.3.526.03.1291)">
  <originalText><reference value="#allergies-desc-3"/></originalText>
</code>

                  <name>Medication, Allergy: Chemotherapy for Colon Cancer - oxaliplatin (Code List: 2.16.840.1.113883.3.526.03.1291)</name>
                </playingEntity>
              </participantRole>
            </participant>
          </observation>
        </entryRelationship>
      </act>
    </entry>
  </section>
</component>

        <component>
  <!--Medications-->
  <section>
	<templateId root="2.16.840.1.113883.10.20.22.2.1" />
    <code code="10160-0" displayName="History of medication use" codeSystem="2.16.840.1.113883.6.1" codeSystemName="LOINC"/>
    <title>Medications</title>
    <text>
  <table border="1" width="100%">
    <thead>
      <tr>
        <th>Description</th>
        <th>Codes</th>
        <th>Time</th>
        
      </tr>
    </thead>
    <tbody>
        <tr>
          <td ID="medications-desc-0">Medication, Administered: Chemotherapy for Colon Cancer - capecitabine (Code List: 2.16.840.1.113883.3.526.03.1288)</td>
          <td ID="medications-code-0">RxNorm: 200327<br/><i></i></td>
          <td>June 27th, 2010 04:00 - December 15th, 2011 05:00</td>
           
        </tr>
        <tr>
          <td ID="medications-desc-1">Medication, Administered: Chemotherapy for Colon Cancer - capecitabine (Code List: 2.16.840.1.113883.3.526.03.1288)</td>
          <td ID="medications-code-1">RxNorm: 200327<br/><i></i></td>
          <td>December 1st, 2006 05:00 - April 23rd, 2008 04:00</td>
           
        </tr>
        <tr>
          <td ID="medications-desc-2">Medication, Administered: Chemotherapy for Colon Cancer - capecitabine (Code List: 2.16.840.1.113883.3.526.03.1288)</td>
          <td ID="medications-code-2">RxNorm: 200327<br/><i></i></td>
          <td>December 23rd, 2010 05:00 - November 28th, 2011 05:00</td>
           
        </tr>
        <tr>
          <td ID="medications-desc-3">Medication, Order: Chemotherapy for Colon Cancer - capecitabine (Code List: 2.16.840.1.113883.3.526.03.1288)</td>
          <td ID="medications-code-3">RxNorm: 200327<br/><i></i></td>
          <td>January 15th, 2009 05:00 - May 10th, 2009 04:00</td>
           
        </tr>
        <tr>
          <td ID="medications-desc-4">Medication, Order: Chemotherapy for Colon Cancer - capecitabine (Code List: 2.16.840.1.113883.3.526.03.1288)</td>
          <td ID="medications-code-4">RxNorm: 200327<br/><i></i></td>
          <td>May 31st, 2012 04:00 - July 16th, 2012 04:00</td>
           
        </tr>
        <tr>
          <td ID="medications-desc-5">Medication, Order: Chemotherapy for Colon Cancer - capecitabine (Code List: 2.16.840.1.113883.3.526.03.1288)</td>
          <td ID="medications-code-5">RxNorm: 200327<br/><i></i></td>
          <td>May 3rd, 2010 04:00 - May 3rd, 2010 04:00</td>
           
        </tr>
        <tr>
          <td ID="medications-desc-6">Medication, Administered: Chemotherapy for Colon Cancer - fluorouracil (Code List: 2.16.840.1.113883.3.526.03.1289)</td>
          <td ID="medications-code-6">RxNorm: 105584<br/><i></i></td>
          <td>August 20th, 2004 04:00 - May 25th, 2007 04:00</td>
           
        </tr>
        <tr>
          <td ID="medications-desc-7">Medication, Administered: Chemotherapy for Colon Cancer - fluorouracil (Code List: 2.16.840.1.113883.3.526.03.1289)</td>
          <td ID="medications-code-7">RxNorm: 105584<br/><i></i></td>
          <td>January 14th, 2007 05:00 - November 2nd, 2010 04:00</td>
           
        </tr>
        <tr>
          <td ID="medications-desc-8">Medication, Administered: Chemotherapy for Colon Cancer - fluorouracil (Code List: 2.16.840.1.113883.3.526.03.1289)</td>
          <td ID="medications-code-8">RxNorm: 105584<br/><i></i></td>
          <td>December 9th, 2007 05:00 - February 15th, 2012 05:00</td>
           
        </tr>
        <tr>
          <td ID="medications-desc-9">Medication, Order: Chemotherapy for Colon Cancer - fluorouracil (Code List: 2.16.840.1.113883.3.526.03.1289)</td>
          <td ID="medications-code-9">RxNorm: 105584<br/><i></i></td>
          <td>August 10th, 2004 04:00 - October 21st, 2008 04:00</td>
           
        </tr>
        <tr>
          <td ID="medications-desc-10">Medication, Order: Chemotherapy for Colon Cancer - fluorouracil (Code List: 2.16.840.1.113883.3.526.03.1289)</td>
          <td ID="medications-code-10">RxNorm: 105584<br/><i></i></td>
          <td>March 7th, 2004 05:00 - May 9th, 2006 04:00</td>
           
        </tr>
        <tr>
          <td ID="medications-desc-11">Medication, Order: Chemotherapy for Colon Cancer - fluorouracil (Code List: 2.16.840.1.113883.3.526.03.1289)</td>
          <td ID="medications-code-11">RxNorm: 105584<br/><i></i></td>
          <td>November 12th, 2004 05:00 - October 13th, 2010 04:00</td>
           
        </tr>
        <tr>
          <td ID="medications-desc-12">Medication, Administered: Chemotherapy for Colon Cancer - leucovorin and levo-leucovorin (Code List: 2.16.840.1.113883.3.526.03.1290)</td>
          <td ID="medications-code-12">RxNorm: 105691<br/><i></i></td>
          <td>January 7th, 2012 05:00 - April 6th, 2012 04:00</td>
           
        </tr>
        <tr>
          <td ID="medications-desc-13">Medication, Administered: Chemotherapy for Colon Cancer - leucovorin and levo-leucovorin (Code List: 2.16.840.1.113883.3.526.03.1290)</td>
          <td ID="medications-code-13">RxNorm: 105691<br/><i></i></td>
          <td>August 4th, 2011 04:00 - September 15th, 2011 04:00</td>
           
        </tr>
        <tr>
          <td ID="medications-desc-14">Medication, Administered: Chemotherapy for Colon Cancer - leucovorin and levo-leucovorin (Code List: 2.16.840.1.113883.3.526.03.1290)</td>
          <td ID="medications-code-14">RxNorm: 105691<br/><i></i></td>
          <td>April 29th, 2005 04:00 - June 16th, 2007 04:00</td>
           
        </tr>
        <tr>
          <td ID="medications-desc-15">Medication, Order: Chemotherapy for Colon Cancer - leucovorin and levo-leucovorin (Code List: 2.16.840.1.113883.3.526.03.1290)</td>
          <td ID="medications-code-15">RxNorm: 105691<br/><i></i></td>
          <td>September 17th, 2005 04:00 - April 25th, 2008 04:00</td>
           
        </tr>
        <tr>
          <td ID="medications-desc-16">Medication, Order: Chemotherapy for Colon Cancer - leucovorin and levo-leucovorin (Code List: 2.16.840.1.113883.3.526.03.1290)</td>
          <td ID="medications-code-16">RxNorm: 105691<br/><i></i></td>
          <td>March 13th, 2005 05:00 - January 28th, 2007 05:00</td>
           
        </tr>
        <tr>
          <td ID="medications-desc-17">Medication, Order: Chemotherapy for Colon Cancer - leucovorin and levo-leucovorin (Code List: 2.16.840.1.113883.3.526.03.1290)</td>
          <td ID="medications-code-17">RxNorm: 105691<br/><i></i></td>
          <td>August 2nd, 2012 04:00 - August 29th, 2012 04:00</td>
           
        </tr>
        <tr>
          <td ID="medications-desc-18">Medication, Administered: Chemotherapy for Colon Cancer - oxaliplatin (Code List: 2.16.840.1.113883.3.526.03.1291)</td>
          <td ID="medications-code-18">RxNorm: 351248<br/><i></i></td>
          <td>December 10th, 2006 05:00 - March 15th, 2012 04:00</td>
           
        </tr>
        <tr>
          <td ID="medications-desc-19">Medication, Administered: Chemotherapy for Colon Cancer - oxaliplatin (Code List: 2.16.840.1.113883.3.526.03.1291)</td>
          <td ID="medications-code-19">RxNorm: 351248<br/><i></i></td>
          <td>June 5th, 2012 04:00 - July 30th, 2012 04:00</td>
           
        </tr>
        <tr>
          <td ID="medications-desc-20">Medication, Administered: Chemotherapy for Colon Cancer - oxaliplatin (Code List: 2.16.840.1.113883.3.526.03.1291)</td>
          <td ID="medications-code-20">RxNorm: 351248<br/><i></i></td>
          <td>January 11th, 2009 05:00 - March 16th, 2012 04:00</td>
           
        </tr>
        <tr>
          <td ID="medications-desc-21">Medication, Order: Chemotherapy for Colon Cancer - oxaliplatin (Code List: 2.16.840.1.113883.3.526.03.1291)</td>
          <td ID="medications-code-21">RxNorm: 351248<br/><i></i></td>
          <td>January 4th, 2010 05:00 - November 6th, 2011 04:00</td>
           
        </tr>
        <tr>
          <td ID="medications-desc-22">Medication, Order: Chemotherapy for Colon Cancer - oxaliplatin (Code List: 2.16.840.1.113883.3.526.03.1291)</td>
          <td ID="medications-code-22">RxNorm: 351248<br/><i></i></td>
          <td>September 11th, 2007 04:00 - March 13th, 2008 04:00</td>
           
        </tr>
        <tr>
          <td ID="medications-desc-23">Medication, Order: Chemotherapy for Colon Cancer - oxaliplatin (Code List: 2.16.840.1.113883.3.526.03.1291)</td>
          <td ID="medications-code-23">RxNorm: 351248<br/><i></i></td>
          <td>October 10th, 2006 04:00 - February 10th, 2007 05:00</td>
           
        </tr>
        <tr>
          <td ID="medications-desc-24">Chemotherapy for Colon Cancer - capecitabine (Code List: 2.16.840.1.113883.3.526.03.1288)</td>
          <td ID="medications-code-24">RxNorm: 200327<br/><i></i></td>
          <td>May 22nd, 2009 04:00 - December 1st, 2011 05:00</td>
           
        </tr>
        <tr>
          <td ID="medications-desc-25">Chemotherapy for Colon Cancer - capecitabine (Code List: 2.16.840.1.113883.3.526.03.1288)</td>
          <td ID="medications-code-25">RxNorm: 200327<br/><i></i></td>
          <td>January 8th, 2011 05:00 - May 7th, 2011 04:00</td>
           
        </tr>
        <tr>
          <td ID="medications-desc-26">Chemotherapy for Colon Cancer - fluorouracil (Code List: 2.16.840.1.113883.3.526.03.1289)</td>
          <td ID="medications-code-26">RxNorm: 105584<br/><i></i></td>
          <td>August 1st, 2007 04:00 - November 16th, 2007 05:00</td>
           
        </tr>
        <tr>
          <td ID="medications-desc-27">Chemotherapy for Colon Cancer - leucovorin and levo-leucovorin (Code List: 2.16.840.1.113883.3.526.03.1290)</td>
          <td ID="medications-code-27">RxNorm: 105691<br/><i></i></td>
          <td>January 17th, 2006 05:00 - August 13th, 2009 04:00</td>
           
        </tr>
        <tr>
          <td ID="medications-desc-28">Chemotherapy for Colon Cancer - oxaliplatin (Code List: 2.16.840.1.113883.3.526.03.1291)</td>
          <td ID="medications-code-28">RxNorm: 351248<br/><i></i></td>
          <td>May 5th, 2005 04:00 - March 11th, 2007 05:00</td>
           
        </tr>
        <tr>
          <td ID="medications-desc-29">Chemotherapy for Colon Cancer - fluorouracil (Code List: 2.16.840.1.113883.3.526.03.1289)</td>
          <td ID="medications-code-29">RxNorm: 105584<br/><i></i></td>
          <td>December 5th, 2007 05:00 - November 4th, 2010 04:00</td>
           
        </tr>
        <tr>
          <td ID="medications-desc-30">Chemotherapy for Colon Cancer - leucovorin and levo-leucovorin (Code List: 2.16.840.1.113883.3.526.03.1290)</td>
          <td ID="medications-code-30">RxNorm: 105691<br/><i></i></td>
          <td>April 27th, 2007 04:00 - September 20th, 2009 04:00</td>
           
        </tr>
        <tr>
          <td ID="medications-desc-31">Chemotherapy for Colon Cancer - oxaliplatin (Code List: 2.16.840.1.113883.3.526.03.1291)</td>
          <td ID="medications-code-31">RxNorm: 351248<br/><i></i></td>
          <td>April 28th, 2012 04:00 - August 2nd, 2012 04:00</td>
           
        </tr>
    </tbody>
  </table>
</text>
    <entry>
      <!--CCD Medication activity - Required-->
      <substanceAdministration classCode="SBADM" moodCode="EVN">
        <templateId root='2.16.840.1.113883.10.20.22.4.16'/>
        <id root="973b6980-e0c0-012f-f752-406c8fb8a271"/>
        <statusCode code="completed"/>
        <effectiveTime xsi:type="IVL_TS">
          <low value='20100627040000'/>
          <high nullFlavor="UNK"/>
        </effectiveTime>
        <consumable>
          <!--CCD Product - Required-->
          <manufacturedProduct classCode="MANU">
			    <templateId root='2.16.840.1.113883.10.20.22.4.23'/>
            <manufacturedMaterial>
              <code code="200327" codeSystem="2.16.840.1.113883.6.88" displayName="Medication, Administered: Chemotherapy for Colon Cancer - capecitabine (Code List: 2.16.840.1.113883.3.526.03.1288)">
  <originalText><reference value="#medications-desc-0"/></originalText>
</code>

              <name>Medication, Administered: Chemotherapy for Colon Cancer - capecitabine (Code List: 2.16.840.1.113883.3.526.03.1288)</name>
            </manufacturedMaterial>
          </manufacturedProduct>
        </consumable>
      </substanceAdministration>
    </entry>
    <entry>
      <!--CCD Medication activity - Required-->
      <substanceAdministration classCode="SBADM" moodCode="EVN">
        <templateId root='2.16.840.1.113883.10.20.22.4.16'/>
        <id root="973b8040-e0c0-012f-f752-406c8fb8a271"/>
        <statusCode code="completed"/>
        <effectiveTime xsi:type="IVL_TS">
          <low value='20061201050000'/>
          <high nullFlavor="UNK"/>
        </effectiveTime>
        <consumable>
          <!--CCD Product - Required-->
          <manufacturedProduct classCode="MANU">
			    <templateId root='2.16.840.1.113883.10.20.22.4.23'/>
            <manufacturedMaterial>
              <code code="200327" codeSystem="2.16.840.1.113883.6.88" displayName="Medication, Administered: Chemotherapy for Colon Cancer - capecitabine (Code List: 2.16.840.1.113883.3.526.03.1288)">
  <originalText><reference value="#medications-desc-1"/></originalText>
</code>

              <name>Medication, Administered: Chemotherapy for Colon Cancer - capecitabine (Code List: 2.16.840.1.113883.3.526.03.1288)</name>
            </manufacturedMaterial>
          </manufacturedProduct>
        </consumable>
      </substanceAdministration>
    </entry>
    <entry>
      <!--CCD Medication activity - Required-->
      <substanceAdministration classCode="SBADM" moodCode="EVN">
        <templateId root='2.16.840.1.113883.10.20.22.4.16'/>
        <id root="973b96e0-e0c0-012f-f752-406c8fb8a271"/>
        <statusCode code="completed"/>
        <effectiveTime xsi:type="IVL_TS">
          <low value='20101223050000'/>
          <high nullFlavor="UNK"/>
        </effectiveTime>
        <consumable>
          <!--CCD Product - Required-->
          <manufacturedProduct classCode="MANU">
			    <templateId root='2.16.840.1.113883.10.20.22.4.23'/>
            <manufacturedMaterial>
              <code code="200327" codeSystem="2.16.840.1.113883.6.88" displayName="Medication, Administered: Chemotherapy for Colon Cancer - capecitabine (Code List: 2.16.840.1.113883.3.526.03.1288)">
  <originalText><reference value="#medications-desc-2"/></originalText>
</code>

              <name>Medication, Administered: Chemotherapy for Colon Cancer - capecitabine (Code List: 2.16.840.1.113883.3.526.03.1288)</name>
            </manufacturedMaterial>
          </manufacturedProduct>
        </consumable>
      </substanceAdministration>
    </entry>
    <entry>
      <!--CCD Medication activity - Required-->
      <substanceAdministration classCode="SBADM" moodCode="EVN">
        <templateId root='2.16.840.1.113883.10.20.22.4.16'/>
        <id root="973bad90-e0c0-012f-f752-406c8fb8a271"/>
        <statusCode code="completed"/>
        <effectiveTime xsi:type="IVL_TS">
          <low value='20090115050000'/>
          <high nullFlavor="UNK"/>
        </effectiveTime>
        <consumable>
          <!--CCD Product - Required-->
          <manufacturedProduct classCode="MANU">
			    <templateId root='2.16.840.1.113883.10.20.22.4.23'/>
            <manufacturedMaterial>
              <code code="200327" codeSystem="2.16.840.1.113883.6.88" displayName="Medication, Order: Chemotherapy for Colon Cancer - capecitabine (Code List: 2.16.840.1.113883.3.526.03.1288)">
  <originalText><reference value="#medications-desc-3"/></originalText>
</code>

              <name>Medication, Order: Chemotherapy for Colon Cancer - capecitabine (Code List: 2.16.840.1.113883.3.526.03.1288)</name>
            </manufacturedMaterial>
          </manufacturedProduct>
        </consumable>
      </substanceAdministration>
    </entry>
    <entry>
      <!--CCD Medication activity - Required-->
      <substanceAdministration classCode="SBADM" moodCode="EVN">
        <templateId root='2.16.840.1.113883.10.20.22.4.16'/>
        <id root="973bc410-e0c0-012f-f752-406c8fb8a271"/>
        <statusCode code="completed"/>
        <effectiveTime xsi:type="IVL_TS">
          <low value='20120531040000'/>
          <high nullFlavor="UNK"/>
        </effectiveTime>
        <consumable>
          <!--CCD Product - Required-->
          <manufacturedProduct classCode="MANU">
			    <templateId root='2.16.840.1.113883.10.20.22.4.23'/>
            <manufacturedMaterial>
              <code code="200327" codeSystem="2.16.840.1.113883.6.88" displayName="Medication, Order: Chemotherapy for Colon Cancer - capecitabine (Code List: 2.16.840.1.113883.3.526.03.1288)">
  <originalText><reference value="#medications-desc-4"/></originalText>
</code>

              <name>Medication, Order: Chemotherapy for Colon Cancer - capecitabine (Code List: 2.16.840.1.113883.3.526.03.1288)</name>
            </manufacturedMaterial>
          </manufacturedProduct>
        </consumable>
      </substanceAdministration>
    </entry>
    <entry>
      <!--CCD Medication activity - Required-->
      <substanceAdministration classCode="SBADM" moodCode="EVN">
        <templateId root='2.16.840.1.113883.10.20.22.4.16'/>
        <id root="973bda90-e0c0-012f-f752-406c8fb8a271"/>
        <statusCode code="completed"/>
        <effectiveTime xsi:type="IVL_TS">
          <low value='20100503040000'/>
          <high nullFlavor="UNK"/>
        </effectiveTime>
        <consumable>
          <!--CCD Product - Required-->
          <manufacturedProduct classCode="MANU">
			    <templateId root='2.16.840.1.113883.10.20.22.4.23'/>
            <manufacturedMaterial>
              <code code="200327" codeSystem="2.16.840.1.113883.6.88" displayName="Medication, Order: Chemotherapy for Colon Cancer - capecitabine (Code List: 2.16.840.1.113883.3.526.03.1288)">
  <originalText><reference value="#medications-desc-5"/></originalText>
</code>

              <name>Medication, Order: Chemotherapy for Colon Cancer - capecitabine (Code List: 2.16.840.1.113883.3.526.03.1288)</name>
            </manufacturedMaterial>
          </manufacturedProduct>
        </consumable>
      </substanceAdministration>
    </entry>
    <entry>
      <!--CCD Medication activity - Required-->
      <substanceAdministration classCode="SBADM" moodCode="EVN">
        <templateId root='2.16.840.1.113883.10.20.22.4.16'/>
        <id root="973bf140-e0c0-012f-f752-406c8fb8a271"/>
        <statusCode code="completed"/>
        <effectiveTime xsi:type="IVL_TS">
          <low value='20040820040000'/>
          <high nullFlavor="UNK"/>
        </effectiveTime>
        <consumable>
          <!--CCD Product - Required-->
          <manufacturedProduct classCode="MANU">
			    <templateId root='2.16.840.1.113883.10.20.22.4.23'/>
            <manufacturedMaterial>
              <code code="105584" codeSystem="2.16.840.1.113883.6.88" displayName="Medication, Administered: Chemotherapy for Colon Cancer - fluorouracil (Code List: 2.16.840.1.113883.3.526.03.1289)">
  <originalText><reference value="#medications-desc-6"/></originalText>
</code>

              <name>Medication, Administered: Chemotherapy for Colon Cancer - fluorouracil (Code List: 2.16.840.1.113883.3.526.03.1289)</name>
            </manufacturedMaterial>
          </manufacturedProduct>
        </consumable>
      </substanceAdministration>
    </entry>
    <entry>
      <!--CCD Medication activity - Required-->
      <substanceAdministration classCode="SBADM" moodCode="EVN">
        <templateId root='2.16.840.1.113883.10.20.22.4.16'/>
        <id root="973c0810-e0c0-012f-f752-406c8fb8a271"/>
        <statusCode code="completed"/>
        <effectiveTime xsi:type="IVL_TS">
          <low value='20070114050000'/>
          <high nullFlavor="UNK"/>
        </effectiveTime>
        <consumable>
          <!--CCD Product - Required-->
          <manufacturedProduct classCode="MANU">
			    <templateId root='2.16.840.1.113883.10.20.22.4.23'/>
            <manufacturedMaterial>
              <code code="105584" codeSystem="2.16.840.1.113883.6.88" displayName="Medication, Administered: Chemotherapy for Colon Cancer - fluorouracil (Code List: 2.16.840.1.113883.3.526.03.1289)">
  <originalText><reference value="#medications-desc-7"/></originalText>
</code>

              <name>Medication, Administered: Chemotherapy for Colon Cancer - fluorouracil (Code List: 2.16.840.1.113883.3.526.03.1289)</name>
            </manufacturedMaterial>
          </manufacturedProduct>
        </consumable>
      </substanceAdministration>
    </entry>
    <entry>
      <!--CCD Medication activity - Required-->
      <substanceAdministration classCode="SBADM" moodCode="EVN">
        <templateId root='2.16.840.1.113883.10.20.22.4.16'/>
        <id root="973c1eb0-e0c0-012f-f752-406c8fb8a271"/>
        <statusCode code="completed"/>
        <effectiveTime xsi:type="IVL_TS">
          <low value='20071209050000'/>
          <high nullFlavor="UNK"/>
        </effectiveTime>
        <consumable>
          <!--CCD Product - Required-->
          <manufacturedProduct classCode="MANU">
			    <templateId root='2.16.840.1.113883.10.20.22.4.23'/>
            <manufacturedMaterial>
              <code code="105584" codeSystem="2.16.840.1.113883.6.88" displayName="Medication, Administered: Chemotherapy for Colon Cancer - fluorouracil (Code List: 2.16.840.1.113883.3.526.03.1289)">
  <originalText><reference value="#medications-desc-8"/></originalText>
</code>

              <name>Medication, Administered: Chemotherapy for Colon Cancer - fluorouracil (Code List: 2.16.840.1.113883.3.526.03.1289)</name>
            </manufacturedMaterial>
          </manufacturedProduct>
        </consumable>
      </substanceAdministration>
    </entry>
    <entry>
      <!--CCD Medication activity - Required-->
      <substanceAdministration classCode="SBADM" moodCode="EVN">
        <templateId root='2.16.840.1.113883.10.20.22.4.16'/>
        <id root="973c3530-e0c0-012f-f752-406c8fb8a271"/>
        <statusCode code="completed"/>
        <effectiveTime xsi:type="IVL_TS">
          <low value='20040810040000'/>
          <high nullFlavor="UNK"/>
        </effectiveTime>
        <consumable>
          <!--CCD Product - Required-->
          <manufacturedProduct classCode="MANU">
			    <templateId root='2.16.840.1.113883.10.20.22.4.23'/>
            <manufacturedMaterial>
              <code code="105584" codeSystem="2.16.840.1.113883.6.88" displayName="Medication, Order: Chemotherapy for Colon Cancer - fluorouracil (Code List: 2.16.840.1.113883.3.526.03.1289)">
  <originalText><reference value="#medications-desc-9"/></originalText>
</code>

              <name>Medication, Order: Chemotherapy for Colon Cancer - fluorouracil (Code List: 2.16.840.1.113883.3.526.03.1289)</name>
            </manufacturedMaterial>
          </manufacturedProduct>
        </consumable>
      </substanceAdministration>
    </entry>
    <entry>
      <!--CCD Medication activity - Required-->
      <substanceAdministration classCode="SBADM" moodCode="EVN">
        <templateId root='2.16.840.1.113883.10.20.22.4.16'/>
        <id root="973c4c60-e0c0-012f-f752-406c8fb8a271"/>
        <statusCode code="completed"/>
        <effectiveTime xsi:type="IVL_TS">
          <low value='20040307050000'/>
          <high nullFlavor="UNK"/>
        </effectiveTime>
        <consumable>
          <!--CCD Product - Required-->
          <manufacturedProduct classCode="MANU">
			    <templateId root='2.16.840.1.113883.10.20.22.4.23'/>
            <manufacturedMaterial>
              <code code="105584" codeSystem="2.16.840.1.113883.6.88" displayName="Medication, Order: Chemotherapy for Colon Cancer - fluorouracil (Code List: 2.16.840.1.113883.3.526.03.1289)">
  <originalText><reference value="#medications-desc-10"/></originalText>
</code>

              <name>Medication, Order: Chemotherapy for Colon Cancer - fluorouracil (Code List: 2.16.840.1.113883.3.526.03.1289)</name>
            </manufacturedMaterial>
          </manufacturedProduct>
        </consumable>
      </substanceAdministration>
    </entry>
    <entry>
      <!--CCD Medication activity - Required-->
      <substanceAdministration classCode="SBADM" moodCode="EVN">
        <templateId root='2.16.840.1.113883.10.20.22.4.16'/>
        <id root="973c6300-e0c0-012f-f752-406c8fb8a271"/>
        <statusCode code="completed"/>
        <effectiveTime xsi:type="IVL_TS">
          <low value='20041112050000'/>
          <high nullFlavor="UNK"/>
        </effectiveTime>
        <consumable>
          <!--CCD Product - Required-->
          <manufacturedProduct classCode="MANU">
			    <templateId root='2.16.840.1.113883.10.20.22.4.23'/>
            <manufacturedMaterial>
              <code code="105584" codeSystem="2.16.840.1.113883.6.88" displayName="Medication, Order: Chemotherapy for Colon Cancer - fluorouracil (Code List: 2.16.840.1.113883.3.526.03.1289)">
  <originalText><reference value="#medications-desc-11"/></originalText>
</code>

              <name>Medication, Order: Chemotherapy for Colon Cancer - fluorouracil (Code List: 2.16.840.1.113883.3.526.03.1289)</name>
            </manufacturedMaterial>
          </manufacturedProduct>
        </consumable>
      </substanceAdministration>
    </entry>
    <entry>
      <!--CCD Medication activity - Required-->
      <substanceAdministration classCode="SBADM" moodCode="EVN">
        <templateId root='2.16.840.1.113883.10.20.22.4.16'/>
        <id root="973c79a0-e0c0-012f-f752-406c8fb8a271"/>
        <statusCode code="completed"/>
        <effectiveTime xsi:type="IVL_TS">
          <low value='20120107050000'/>
          <high nullFlavor="UNK"/>
        </effectiveTime>
        <consumable>
          <!--CCD Product - Required-->
          <manufacturedProduct classCode="MANU">
			    <templateId root='2.16.840.1.113883.10.20.22.4.23'/>
            <manufacturedMaterial>
              <code code="105691" codeSystem="2.16.840.1.113883.6.88" displayName="Medication, Administered: Chemotherapy for Colon Cancer - leucovorin and levo-leucovorin (Code List: 2.16.840.1.113883.3.526.03.1290)">
  <originalText><reference value="#medications-desc-12"/></originalText>
</code>

              <name>Medication, Administered: Chemotherapy for Colon Cancer - leucovorin and levo-leucovorin (Code List: 2.16.840.1.113883.3.526.03.1290)</name>
            </manufacturedMaterial>
          </manufacturedProduct>
        </consumable>
      </substanceAdministration>
    </entry>
    <entry>
      <!--CCD Medication activity - Required-->
      <substanceAdministration classCode="SBADM" moodCode="EVN">
        <templateId root='2.16.840.1.113883.10.20.22.4.16'/>
        <id root="973c9070-e0c0-012f-f752-406c8fb8a271"/>
        <statusCode code="completed"/>
        <effectiveTime xsi:type="IVL_TS">
          <low value='20110804040000'/>
          <high nullFlavor="UNK"/>
        </effectiveTime>
        <consumable>
          <!--CCD Product - Required-->
          <manufacturedProduct classCode="MANU">
			    <templateId root='2.16.840.1.113883.10.20.22.4.23'/>
            <manufacturedMaterial>
              <code code="105691" codeSystem="2.16.840.1.113883.6.88" displayName="Medication, Administered: Chemotherapy for Colon Cancer - leucovorin and levo-leucovorin (Code List: 2.16.840.1.113883.3.526.03.1290)">
  <originalText><reference value="#medications-desc-13"/></originalText>
</code>

              <name>Medication, Administered: Chemotherapy for Colon Cancer - leucovorin and levo-leucovorin (Code List: 2.16.840.1.113883.3.526.03.1290)</name>
            </manufacturedMaterial>
          </manufacturedProduct>
        </consumable>
      </substanceAdministration>
    </entry>
    <entry>
      <!--CCD Medication activity - Required-->
      <substanceAdministration classCode="SBADM" moodCode="EVN">
        <templateId root='2.16.840.1.113883.10.20.22.4.16'/>
        <id root="973ca740-e0c0-012f-f752-406c8fb8a271"/>
        <statusCode code="completed"/>
        <effectiveTime xsi:type="IVL_TS">
          <low value='20050429040000'/>
          <high nullFlavor="UNK"/>
        </effectiveTime>
        <consumable>
          <!--CCD Product - Required-->
          <manufacturedProduct classCode="MANU">
			    <templateId root='2.16.840.1.113883.10.20.22.4.23'/>
            <manufacturedMaterial>
              <code code="105691" codeSystem="2.16.840.1.113883.6.88" displayName="Medication, Administered: Chemotherapy for Colon Cancer - leucovorin and levo-leucovorin (Code List: 2.16.840.1.113883.3.526.03.1290)">
  <originalText><reference value="#medications-desc-14"/></originalText>
</code>

              <name>Medication, Administered: Chemotherapy for Colon Cancer - leucovorin and levo-leucovorin (Code List: 2.16.840.1.113883.3.526.03.1290)</name>
            </manufacturedMaterial>
          </manufacturedProduct>
        </consumable>
      </substanceAdministration>
    </entry>
    <entry>
      <!--CCD Medication activity - Required-->
      <substanceAdministration classCode="SBADM" moodCode="EVN">
        <templateId root='2.16.840.1.113883.10.20.22.4.16'/>
        <id root="973cbd90-e0c0-012f-f752-406c8fb8a271"/>
        <statusCode code="completed"/>
        <effectiveTime xsi:type="IVL_TS">
          <low value='20050917040000'/>
          <high nullFlavor="UNK"/>
        </effectiveTime>
        <consumable>
          <!--CCD Product - Required-->
          <manufacturedProduct classCode="MANU">
			    <templateId root='2.16.840.1.113883.10.20.22.4.23'/>
            <manufacturedMaterial>
              <code code="105691" codeSystem="2.16.840.1.113883.6.88" displayName="Medication, Order: Chemotherapy for Colon Cancer - leucovorin and levo-leucovorin (Code List: 2.16.840.1.113883.3.526.03.1290)">
  <originalText><reference value="#medications-desc-15"/></originalText>
</code>

              <name>Medication, Order: Chemotherapy for Colon Cancer - leucovorin and levo-leucovorin (Code List: 2.16.840.1.113883.3.526.03.1290)</name>
            </manufacturedMaterial>
          </manufacturedProduct>
        </consumable>
      </substanceAdministration>
    </entry>
    <entry>
      <!--CCD Medication activity - Required-->
      <substanceAdministration classCode="SBADM" moodCode="EVN">
        <templateId root='2.16.840.1.113883.10.20.22.4.16'/>
        <id root="973cd450-e0c0-012f-f752-406c8fb8a271"/>
        <statusCode code="completed"/>
        <effectiveTime xsi:type="IVL_TS">
          <low value='20050313050000'/>
          <high nullFlavor="UNK"/>
        </effectiveTime>
        <consumable>
          <!--CCD Product - Required-->
          <manufacturedProduct classCode="MANU">
			    <templateId root='2.16.840.1.113883.10.20.22.4.23'/>
            <manufacturedMaterial>
              <code code="105691" codeSystem="2.16.840.1.113883.6.88" displayName="Medication, Order: Chemotherapy for Colon Cancer - leucovorin and levo-leucovorin (Code List: 2.16.840.1.113883.3.526.03.1290)">
  <originalText><reference value="#medications-desc-16"/></originalText>
</code>

              <name>Medication, Order: Chemotherapy for Colon Cancer - leucovorin and levo-leucovorin (Code List: 2.16.840.1.113883.3.526.03.1290)</name>
            </manufacturedMaterial>
          </manufacturedProduct>
        </consumable>
      </substanceAdministration>
    </entry>
    <entry>
      <!--CCD Medication activity - Required-->
      <substanceAdministration classCode="SBADM" moodCode="EVN">
        <templateId root='2.16.840.1.113883.10.20.22.4.16'/>
        <id root="973cebe0-e0c0-012f-f752-406c8fb8a271"/>
        <statusCode code="completed"/>
        <effectiveTime xsi:type="IVL_TS">
          <low value='20120802040000'/>
          <high nullFlavor="UNK"/>
        </effectiveTime>
        <consumable>
          <!--CCD Product - Required-->
          <manufacturedProduct classCode="MANU">
			    <templateId root='2.16.840.1.113883.10.20.22.4.23'/>
            <manufacturedMaterial>
              <code code="105691" codeSystem="2.16.840.1.113883.6.88" displayName="Medication, Order: Chemotherapy for Colon Cancer - leucovorin and levo-leucovorin (Code List: 2.16.840.1.113883.3.526.03.1290)">
  <originalText><reference value="#medications-desc-17"/></originalText>
</code>

              <name>Medication, Order: Chemotherapy for Colon Cancer - leucovorin and levo-leucovorin (Code List: 2.16.840.1.113883.3.526.03.1290)</name>
            </manufacturedMaterial>
          </manufacturedProduct>
        </consumable>
      </substanceAdministration>
    </entry>
    <entry>
      <!--CCD Medication activity - Required-->
      <substanceAdministration classCode="SBADM" moodCode="EVN">
        <templateId root='2.16.840.1.113883.10.20.22.4.16'/>
        <id root="973d0270-e0c0-012f-f752-406c8fb8a271"/>
        <statusCode code="completed"/>
        <effectiveTime xsi:type="IVL_TS">
          <low value='20061210050000'/>
          <high nullFlavor="UNK"/>
        </effectiveTime>
        <consumable>
          <!--CCD Product - Required-->
          <manufacturedProduct classCode="MANU">
			    <templateId root='2.16.840.1.113883.10.20.22.4.23'/>
            <manufacturedMaterial>
              <code code="351248" codeSystem="2.16.840.1.113883.6.88" displayName="Medication, Administered: Chemotherapy for Colon Cancer - oxaliplatin (Code List: 2.16.840.1.113883.3.526.03.1291)">
  <originalText><reference value="#medications-desc-18"/></originalText>
</code>

              <name>Medication, Administered: Chemotherapy for Colon Cancer - oxaliplatin (Code List: 2.16.840.1.113883.3.526.03.1291)</name>
            </manufacturedMaterial>
          </manufacturedProduct>
        </consumable>
      </substanceAdministration>
    </entry>
    <entry>
      <!--CCD Medication activity - Required-->
      <substanceAdministration classCode="SBADM" moodCode="EVN">
        <templateId root='2.16.840.1.113883.10.20.22.4.16'/>
        <id root="973d18f0-e0c0-012f-f752-406c8fb8a271"/>
        <statusCode code="completed"/>
        <effectiveTime xsi:type="IVL_TS">
          <low value='20120605040000'/>
          <high nullFlavor="UNK"/>
        </effectiveTime>
        <consumable>
          <!--CCD Product - Required-->
          <manufacturedProduct classCode="MANU">
			    <templateId root='2.16.840.1.113883.10.20.22.4.23'/>
            <manufacturedMaterial>
              <code code="351248" codeSystem="2.16.840.1.113883.6.88" displayName="Medication, Administered: Chemotherapy for Colon Cancer - oxaliplatin (Code List: 2.16.840.1.113883.3.526.03.1291)">
  <originalText><reference value="#medications-desc-19"/></originalText>
</code>

              <name>Medication, Administered: Chemotherapy for Colon Cancer - oxaliplatin (Code List: 2.16.840.1.113883.3.526.03.1291)</name>
            </manufacturedMaterial>
          </manufacturedProduct>
        </consumable>
      </substanceAdministration>
    </entry>
    <entry>
      <!--CCD Medication activity - Required-->
      <substanceAdministration classCode="SBADM" moodCode="EVN">
        <templateId root='2.16.840.1.113883.10.20.22.4.16'/>
        <id root="973d2fd0-e0c0-012f-f752-406c8fb8a271"/>
        <statusCode code="completed"/>
        <effectiveTime xsi:type="IVL_TS">
          <low value='20090111050000'/>
          <high nullFlavor="UNK"/>
        </effectiveTime>
        <consumable>
          <!--CCD Product - Required-->
          <manufacturedProduct classCode="MANU">
			    <templateId root='2.16.840.1.113883.10.20.22.4.23'/>
            <manufacturedMaterial>
              <code code="351248" codeSystem="2.16.840.1.113883.6.88" displayName="Medication, Administered: Chemotherapy for Colon Cancer - oxaliplatin (Code List: 2.16.840.1.113883.3.526.03.1291)">
  <originalText><reference value="#medications-desc-20"/></originalText>
</code>

              <name>Medication, Administered: Chemotherapy for Colon Cancer - oxaliplatin (Code List: 2.16.840.1.113883.3.526.03.1291)</name>
            </manufacturedMaterial>
          </manufacturedProduct>
        </consumable>
      </substanceAdministration>
    </entry>
    <entry>
      <!--CCD Medication activity - Required-->
      <substanceAdministration classCode="SBADM" moodCode="EVN">
        <templateId root='2.16.840.1.113883.10.20.22.4.16'/>
        <id root="973d4660-e0c0-012f-f752-406c8fb8a271"/>
        <statusCode code="completed"/>
        <effectiveTime xsi:type="IVL_TS">
          <low value='20100104050000'/>
          <high nullFlavor="UNK"/>
        </effectiveTime>
        <consumable>
          <!--CCD Product - Required-->
          <manufacturedProduct classCode="MANU">
			    <templateId root='2.16.840.1.113883.10.20.22.4.23'/>
            <manufacturedMaterial>
              <code code="351248" codeSystem="2.16.840.1.113883.6.88" displayName="Medication, Order: Chemotherapy for Colon Cancer - oxaliplatin (Code List: 2.16.840.1.113883.3.526.03.1291)">
  <originalText><reference value="#medications-desc-21"/></originalText>
</code>

              <name>Medication, Order: Chemotherapy for Colon Cancer - oxaliplatin (Code List: 2.16.840.1.113883.3.526.03.1291)</name>
            </manufacturedMaterial>
          </manufacturedProduct>
        </consumable>
      </substanceAdministration>
    </entry>
    <entry>
      <!--CCD Medication activity - Required-->
      <substanceAdministration classCode="SBADM" moodCode="EVN">
        <templateId root='2.16.840.1.113883.10.20.22.4.16'/>
        <id root="973d5cf0-e0c0-012f-f752-406c8fb8a271"/>
        <statusCode code="completed"/>
        <effectiveTime xsi:type="IVL_TS">
          <low value='20070911040000'/>
          <high nullFlavor="UNK"/>
        </effectiveTime>
        <consumable>
          <!--CCD Product - Required-->
          <manufacturedProduct classCode="MANU">
			    <templateId root='2.16.840.1.113883.10.20.22.4.23'/>
            <manufacturedMaterial>
              <code code="351248" codeSystem="2.16.840.1.113883.6.88" displayName="Medication, Order: Chemotherapy for Colon Cancer - oxaliplatin (Code List: 2.16.840.1.113883.3.526.03.1291)">
  <originalText><reference value="#medications-desc-22"/></originalText>
</code>

              <name>Medication, Order: Chemotherapy for Colon Cancer - oxaliplatin (Code List: 2.16.840.1.113883.3.526.03.1291)</name>
            </manufacturedMaterial>
          </manufacturedProduct>
        </consumable>
      </substanceAdministration>
    </entry>
    <entry>
      <!--CCD Medication activity - Required-->
      <substanceAdministration classCode="SBADM" moodCode="EVN">
        <templateId root='2.16.840.1.113883.10.20.22.4.16'/>
        <id root="973d73a0-e0c0-012f-f752-406c8fb8a271"/>
        <statusCode code="completed"/>
        <effectiveTime xsi:type="IVL_TS">
          <low value='20061010040000'/>
          <high nullFlavor="UNK"/>
        </effectiveTime>
        <consumable>
          <!--CCD Product - Required-->
          <manufacturedProduct classCode="MANU">
			    <templateId root='2.16.840.1.113883.10.20.22.4.23'/>
            <manufacturedMaterial>
              <code code="351248" codeSystem="2.16.840.1.113883.6.88" displayName="Medication, Order: Chemotherapy for Colon Cancer - oxaliplatin (Code List: 2.16.840.1.113883.3.526.03.1291)">
  <originalText><reference value="#medications-desc-23"/></originalText>
</code>

              <name>Medication, Order: Chemotherapy for Colon Cancer - oxaliplatin (Code List: 2.16.840.1.113883.3.526.03.1291)</name>
            </manufacturedMaterial>
          </manufacturedProduct>
        </consumable>
      </substanceAdministration>
    </entry>
    <entry>
      <!--CCD Medication activity - Required-->
      <substanceAdministration classCode="SBADM" moodCode="EVN">
        <templateId root='2.16.840.1.113883.10.20.22.4.16'/>
        <id root="973d8a40-e0c0-012f-f752-406c8fb8a271"/>
        <statusCode code="completed"/>
        <effectiveTime xsi:type="IVL_TS">
          <low value='20090522040000'/>
          <high nullFlavor="UNK"/>
        </effectiveTime>
        <consumable>
          <!--CCD Product - Required-->
          <manufacturedProduct classCode="MANU">
			    <templateId root='2.16.840.1.113883.10.20.22.4.23'/>
            <manufacturedMaterial>
              <code code="200327" codeSystem="2.16.840.1.113883.6.88" displayName="Chemotherapy for Colon Cancer - capecitabine (Code List: 2.16.840.1.113883.3.526.03.1288)">
  <originalText><reference value="#medications-desc-24"/></originalText>
</code>

              <name>Chemotherapy for Colon Cancer - capecitabine (Code List: 2.16.840.1.113883.3.526.03.1288)</name>
            </manufacturedMaterial>
          </manufacturedProduct>
        </consumable>
      </substanceAdministration>
    </entry>
    <entry>
      <!--CCD Medication activity - Required-->
      <substanceAdministration classCode="SBADM" moodCode="EVN">
        <templateId root='2.16.840.1.113883.10.20.22.4.16'/>
        <id root="973da160-e0c0-012f-f752-406c8fb8a271"/>
        <statusCode code="completed"/>
        <effectiveTime xsi:type="IVL_TS">
          <low value='20110108050000'/>
          <high nullFlavor="UNK"/>
        </effectiveTime>
        <consumable>
          <!--CCD Product - Required-->
          <manufacturedProduct classCode="MANU">
			    <templateId root='2.16.840.1.113883.10.20.22.4.23'/>
            <manufacturedMaterial>
              <code code="200327" codeSystem="2.16.840.1.113883.6.88" displayName="Chemotherapy for Colon Cancer - capecitabine (Code List: 2.16.840.1.113883.3.526.03.1288)">
  <originalText><reference value="#medications-desc-25"/></originalText>
</code>

              <name>Chemotherapy for Colon Cancer - capecitabine (Code List: 2.16.840.1.113883.3.526.03.1288)</name>
            </manufacturedMaterial>
          </manufacturedProduct>
        </consumable>
      </substanceAdministration>
    </entry>
    <entry>
      <!--CCD Medication activity - Required-->
      <substanceAdministration classCode="SBADM" moodCode="EVN">
        <templateId root='2.16.840.1.113883.10.20.22.4.16'/>
        <id root="973db930-e0c0-012f-f752-406c8fb8a271"/>
        <statusCode code="completed"/>
        <effectiveTime xsi:type="IVL_TS">
          <low value='20070801040000'/>
          <high nullFlavor="UNK"/>
        </effectiveTime>
        <consumable>
          <!--CCD Product - Required-->
          <manufacturedProduct classCode="MANU">
			    <templateId root='2.16.840.1.113883.10.20.22.4.23'/>
            <manufacturedMaterial>
              <code code="105584" codeSystem="2.16.840.1.113883.6.88" displayName="Chemotherapy for Colon Cancer - fluorouracil (Code List: 2.16.840.1.113883.3.526.03.1289)">
  <originalText><reference value="#medications-desc-26"/></originalText>
</code>

              <name>Chemotherapy for Colon Cancer - fluorouracil (Code List: 2.16.840.1.113883.3.526.03.1289)</name>
            </manufacturedMaterial>
          </manufacturedProduct>
        </consumable>
      </substanceAdministration>
    </entry>
    <entry>
      <!--CCD Medication activity - Required-->
      <substanceAdministration classCode="SBADM" moodCode="EVN">
        <templateId root='2.16.840.1.113883.10.20.22.4.16'/>
        <id root="973dd070-e0c0-012f-f752-406c8fb8a271"/>
        <statusCode code="completed"/>
        <effectiveTime xsi:type="IVL_TS">
          <low value='20060117050000'/>
          <high nullFlavor="UNK"/>
        </effectiveTime>
        <consumable>
          <!--CCD Product - Required-->
          <manufacturedProduct classCode="MANU">
			    <templateId root='2.16.840.1.113883.10.20.22.4.23'/>
            <manufacturedMaterial>
              <code code="105691" codeSystem="2.16.840.1.113883.6.88" displayName="Chemotherapy for Colon Cancer - leucovorin and levo-leucovorin (Code List: 2.16.840.1.113883.3.526.03.1290)">
  <originalText><reference value="#medications-desc-27"/></originalText>
</code>

              <name>Chemotherapy for Colon Cancer - leucovorin and levo-leucovorin (Code List: 2.16.840.1.113883.3.526.03.1290)</name>
            </manufacturedMaterial>
          </manufacturedProduct>
        </consumable>
      </substanceAdministration>
    </entry>
    <entry>
      <!--CCD Medication activity - Required-->
      <substanceAdministration classCode="SBADM" moodCode="EVN">
        <templateId root='2.16.840.1.113883.10.20.22.4.16'/>
        <id root="973de780-e0c0-012f-f752-406c8fb8a271"/>
        <statusCode code="completed"/>
        <effectiveTime xsi:type="IVL_TS">
          <low value='20050505040000'/>
          <high nullFlavor="UNK"/>
        </effectiveTime>
        <consumable>
          <!--CCD Product - Required-->
          <manufacturedProduct classCode="MANU">
			    <templateId root='2.16.840.1.113883.10.20.22.4.23'/>
            <manufacturedMaterial>
              <code code="351248" codeSystem="2.16.840.1.113883.6.88" displayName="Chemotherapy for Colon Cancer - oxaliplatin (Code List: 2.16.840.1.113883.3.526.03.1291)">
  <originalText><reference value="#medications-desc-28"/></originalText>
</code>

              <name>Chemotherapy for Colon Cancer - oxaliplatin (Code List: 2.16.840.1.113883.3.526.03.1291)</name>
            </manufacturedMaterial>
          </manufacturedProduct>
        </consumable>
      </substanceAdministration>
    </entry>
    <entry>
      <!--CCD Medication activity - Required-->
      <substanceAdministration classCode="SBADM" moodCode="EVN">
        <templateId root='2.16.840.1.113883.10.20.22.4.16'/>
        <id root="973dfe90-e0c0-012f-f752-406c8fb8a271"/>
        <statusCode code="completed"/>
        <effectiveTime xsi:type="IVL_TS">
          <low value='20071205050000'/>
          <high nullFlavor="UNK"/>
        </effectiveTime>
        <consumable>
          <!--CCD Product - Required-->
          <manufacturedProduct classCode="MANU">
			    <templateId root='2.16.840.1.113883.10.20.22.4.23'/>
            <manufacturedMaterial>
              <code code="105584" codeSystem="2.16.840.1.113883.6.88" displayName="Chemotherapy for Colon Cancer - fluorouracil (Code List: 2.16.840.1.113883.3.526.03.1289)">
  <originalText><reference value="#medications-desc-29"/></originalText>
</code>

              <name>Chemotherapy for Colon Cancer - fluorouracil (Code List: 2.16.840.1.113883.3.526.03.1289)</name>
            </manufacturedMaterial>
          </manufacturedProduct>
        </consumable>
      </substanceAdministration>
    </entry>
    <entry>
      <!--CCD Medication activity - Required-->
      <substanceAdministration classCode="SBADM" moodCode="EVN">
        <templateId root='2.16.840.1.113883.10.20.22.4.16'/>
        <id root="973e15c0-e0c0-012f-f752-406c8fb8a271"/>
        <statusCode code="completed"/>
        <effectiveTime xsi:type="IVL_TS">
          <low value='20070427040000'/>
          <high nullFlavor="UNK"/>
        </effectiveTime>
        <consumable>
          <!--CCD Product - Required-->
          <manufacturedProduct classCode="MANU">
			    <templateId root='2.16.840.1.113883.10.20.22.4.23'/>
            <manufacturedMaterial>
              <code code="105691" codeSystem="2.16.840.1.113883.6.88" displayName="Chemotherapy for Colon Cancer - leucovorin and levo-leucovorin (Code List: 2.16.840.1.113883.3.526.03.1290)">
  <originalText><reference value="#medications-desc-30"/></originalText>
</code>

              <name>Chemotherapy for Colon Cancer - leucovorin and levo-leucovorin (Code List: 2.16.840.1.113883.3.526.03.1290)</name>
            </manufacturedMaterial>
          </manufacturedProduct>
        </consumable>
      </substanceAdministration>
    </entry>
    <entry>
      <!--CCD Medication activity - Required-->
      <substanceAdministration classCode="SBADM" moodCode="EVN">
        <templateId root='2.16.840.1.113883.10.20.22.4.16'/>
        <id root="973e2c60-e0c0-012f-f752-406c8fb8a271"/>
        <statusCode code="completed"/>
        <effectiveTime xsi:type="IVL_TS">
          <low value='20120428040000'/>
          <high nullFlavor="UNK"/>
        </effectiveTime>
        <consumable>
          <!--CCD Product - Required-->
          <manufacturedProduct classCode="MANU">
			    <templateId root='2.16.840.1.113883.10.20.22.4.23'/>
            <manufacturedMaterial>
              <code code="351248" codeSystem="2.16.840.1.113883.6.88" displayName="Chemotherapy for Colon Cancer - oxaliplatin (Code List: 2.16.840.1.113883.3.526.03.1291)">
  <originalText><reference value="#medications-desc-31"/></originalText>
</code>

              <name>Chemotherapy for Colon Cancer - oxaliplatin (Code List: 2.16.840.1.113883.3.526.03.1291)</name>
            </manufacturedMaterial>
          </manufacturedProduct>
        </consumable>
      </substanceAdministration>
    </entry>
  </section>
</component>
        
        <component>
  <!--Problems-->
  <section>
    <templateId root="2.16.840.1.113883.10.20.22.2.5.1"/>
    <!--Problems section template-->
    <code code="11450-4" codeSystem="2.16.840.1.113883.6.1" codeSystemName="LOINC" displayName="Problem list"/>
    <title>Problems</title>
    <text>
  <table border="1" width="100%">
    <thead>
      <tr>
        <th>Description</th>
        <th>Codes</th>
        <th>Time</th>
          <th>Status</th>
        
      </tr>
    </thead>
    <tbody>
        <tr>
          <td ID="conditions-desc-0">Colon Cancer (Code List: 2.16.840.1.113883.3.526.03.391)</td>
          <td ID="conditions-code-0">SNOMED-CT: 93683002 ICD-9-CM: 153.0 ICD-10-CM: C18.0<br/><i></i></td>
          <td>May 1st, 2001 04:00 - March 28th, 2009 04:00</td>
            <td>active</td>
           
        </tr>
        <tr>
          <td ID="conditions-desc-1">Diagnosis, Active: Metastatic Sites Common to Colon Cancer (Code List: 2.16.840.1.113883.3.526.03.490)</td>
          <td ID="conditions-code-1">ICD-9-CM: 197.5 ICD-10-CM: C78.5 SNOMED-CT: 94179005<br/><i></i></td>
          <td>March 28th, 2007 04:00 - March 19th, 2008 04:00</td>
            <td>active</td>
           
        </tr>
        <tr>
          <td ID="conditions-desc-2">Diagnosis, Active: Allergy to Antineoplastic Therapy (Code List: 2.16.840.1.113883.3.526.03.1280)</td>
          <td ID="conditions-code-2">SNOMED-CT: 293739003<br/><i></i></td>
          <td>November 28th, 2005 05:00 - August 6th, 2008 04:00</td>
            <td>active</td>
           
        </tr>
        <tr>
          <td ID="conditions-desc-3">Diagnosis, Active: Intolerance to Antineoplastic Therapy (Code List: 2.16.840.1.113883.3.526.03.1287)</td>
          <td ID="conditions-code-3">SNOMED-CT: 292196008<br/><i></i></td>
          <td>January 31st, 2005 05:00 - August 22nd, 2012 04:00</td>
            <td>active</td>
           
        </tr>
    </tbody>
  </table>
</text>
    <entry typeCode="DRIV">
      <act classCode="ACT" moodCode="EVN">
        <templateId root="2.16.840.1.113883.10.20.22.4.3"/>
        <!-- Problem act template -->
        <id root="973e8d40-e0c0-012f-f752-406c8fb8a271"/>
        <code nullFlavor="NA"/>
        <statusCode code="active"/>
        <effectiveTime>
          <low value='20010501040000'/>
        </effectiveTime>
        <entryRelationship typeCode="SUBJ" inversionInd="false">
          <observation classCode="OBS" moodCode="EVN">
            <templateId root="2.16.840.1.113883.10.20.22.4.4"/>
            
            <!--Problem observation template - NOT episode template-->
            <id root="973e8fe0-e0c0-012f-f752-406c8fb8a271"/>
            <code code="64572001" displayName="Condition" codeSystem="2.16.840.1.113883.6.96" codeSystemName="SNOMED-CT"/>
            <text>
              <reference value="#conditions-desc-0"/>
            </text>
            <statusCode code="completed"/>
            <effectiveTime>
              <low value='20010501040000'/>
            </effectiveTime>
            <value code="93683002" codeSystem="2.16.840.1.113883.6.96" xsi:type="CD"><originalText>Colon Cancer (Code List: 2.16.840.1.113883.3.526.03.391)</originalText><translation code="153.0" codeSystem="2.16.840.1.113883.6.104"/>
<translation code="C18.0" codeSystem="2.16.840.1.113883.6.90"/>
</value>
            <entryRelationship typeCode="REFR">
              <observation classCode="OBS" moodCode="EVN">
                <templateId root="2.16.840.1.113883.10.20.22.4.6"/>
                <!-- Problem status observation template -->
                <code code="33999-4" codeSystem="2.16.840.1.113883.6.1" displayName="Status"/>
                <statusCode code="completed"/>
                <value xsi:type="CE" code="55561003" codeSystem="2.16.840.1.113883.6.96"/>
              </observation>
            </entryRelationship>
          </observation>
        </entryRelationship>
      </act>
    </entry>
    <entry typeCode="DRIV">
      <act classCode="ACT" moodCode="EVN">
        <templateId root="2.16.840.1.113883.10.20.22.4.3"/>
        <!-- Problem act template -->
        <id root="973e9740-e0c0-012f-f752-406c8fb8a271"/>
        <code nullFlavor="NA"/>
        <statusCode code="active"/>
        <effectiveTime>
          <low value='20070328040000'/>
        </effectiveTime>
        <entryRelationship typeCode="SUBJ" inversionInd="false">
          <observation classCode="OBS" moodCode="EVN">
            <templateId root="2.16.840.1.113883.10.20.22.4.4"/>
            
            <!--Problem observation template - NOT episode template-->
            <id root="973e9930-e0c0-012f-f752-406c8fb8a271"/>
            <code code="64572001" displayName="Condition" codeSystem="2.16.840.1.113883.6.96" codeSystemName="SNOMED-CT"/>
            <text>
              <reference value="#conditions-desc-1"/>
            </text>
            <statusCode code="completed"/>
            <effectiveTime>
              <low value='20070328040000'/>
            </effectiveTime>
            <value code="94179005" codeSystem="2.16.840.1.113883.6.96" xsi:type="CD"><originalText>Diagnosis, Active: Metastatic Sites Common to Colon Cancer (Code List: 2.16.840.1.113883.3.526.03.490)</originalText><translation code="197.5" codeSystem="2.16.840.1.113883.6.104"/>
<translation code="C78.5" codeSystem="2.16.840.1.113883.6.90"/>
</value>
            <entryRelationship typeCode="REFR">
              <observation classCode="OBS" moodCode="EVN">
                <templateId root="2.16.840.1.113883.10.20.22.4.6"/>
                <!-- Problem status observation template -->
                <code code="33999-4" codeSystem="2.16.840.1.113883.6.1" displayName="Status"/>
                <statusCode code="completed"/>
                <value xsi:type="CE" code="55561003" codeSystem="2.16.840.1.113883.6.96"/>
              </observation>
            </entryRelationship>
          </observation>
        </entryRelationship>
      </act>
    </entry>
    <entry typeCode="DRIV">
      <act classCode="ACT" moodCode="EVN">
        <templateId root="2.16.840.1.113883.10.20.22.4.3"/>
        <!-- Problem act template -->
        <id root="973e9f30-e0c0-012f-f752-406c8fb8a271"/>
        <code nullFlavor="NA"/>
        <statusCode code="active"/>
        <effectiveTime>
          <low value='20051128050000'/>
        </effectiveTime>
        <entryRelationship typeCode="SUBJ" inversionInd="false">
          <observation classCode="OBS" moodCode="EVN">
            <templateId root="2.16.840.1.113883.10.20.22.4.4"/>
            
            <!--Problem observation template - NOT episode template-->
            <id root="973ea110-e0c0-012f-f752-406c8fb8a271"/>
            <code code="64572001" displayName="Condition" codeSystem="2.16.840.1.113883.6.96" codeSystemName="SNOMED-CT"/>
            <text>
              <reference value="#conditions-desc-2"/>
            </text>
            <statusCode code="completed"/>
            <effectiveTime>
              <low value='20051128050000'/>
            </effectiveTime>
            <value code="293739003" codeSystem="2.16.840.1.113883.6.96" xsi:type="CD"><originalText>Diagnosis, Active: Allergy to Antineoplastic Therapy (Code List: 2.16.840.1.113883.3.526.03.1280)</originalText></value>
            <entryRelationship typeCode="REFR">
              <observation classCode="OBS" moodCode="EVN">
                <templateId root="2.16.840.1.113883.10.20.22.4.6"/>
                <!-- Problem status observation template -->
                <code code="33999-4" codeSystem="2.16.840.1.113883.6.1" displayName="Status"/>
                <statusCode code="completed"/>
                <value xsi:type="CE" code="55561003" codeSystem="2.16.840.1.113883.6.96"/>
              </observation>
            </entryRelationship>
          </observation>
        </entryRelationship>
      </act>
    </entry>
    <entry typeCode="DRIV">
      <act classCode="ACT" moodCode="EVN">
        <templateId root="2.16.840.1.113883.10.20.22.4.3"/>
        <!-- Problem act template -->
        <id root="973ea640-e0c0-012f-f752-406c8fb8a271"/>
        <code nullFlavor="NA"/>
        <statusCode code="active"/>
        <effectiveTime>
          <low value='20050131050000'/>
        </effectiveTime>
        <entryRelationship typeCode="SUBJ" inversionInd="false">
          <observation classCode="OBS" moodCode="EVN">
            <templateId root="2.16.840.1.113883.10.20.22.4.4"/>
            
            <!--Problem observation template - NOT episode template-->
            <id root="973ea810-e0c0-012f-f752-406c8fb8a271"/>
            <code code="64572001" displayName="Condition" codeSystem="2.16.840.1.113883.6.96" codeSystemName="SNOMED-CT"/>
            <text>
              <reference value="#conditions-desc-3"/>
            </text>
            <statusCode code="completed"/>
            <effectiveTime>
              <low value='20050131050000'/>
            </effectiveTime>
            <value code="292196008" codeSystem="2.16.840.1.113883.6.96" xsi:type="CD"><originalText>Diagnosis, Active: Intolerance to Antineoplastic Therapy (Code List: 2.16.840.1.113883.3.526.03.1287)</originalText></value>
            <entryRelationship typeCode="REFR">
              <observation classCode="OBS" moodCode="EVN">
                <templateId root="2.16.840.1.113883.10.20.22.4.6"/>
                <!-- Problem status observation template -->
                <code code="33999-4" codeSystem="2.16.840.1.113883.6.1" displayName="Status"/>
                <statusCode code="completed"/>
                <value xsi:type="CE" code="55561003" codeSystem="2.16.840.1.113883.6.96"/>
              </observation>
            </entryRelationship>
          </observation>
        </entryRelationship>
      </act>
    </entry>
  </section>
</component>

        <component>
  <!--Surgeries-->
  <section>
    <templateId root="2.16.840.1.113883.10.20.22.2.7"/>
    <!--Surgeries section template-->
    <code code="47519-4" codeSystem="2.16.840.1.113883.6.1" codeSystemName="LOINC" displayName="List of surgeries"/>
    <title>Surgeries</title>
    <text>
  <table border="1" width="100%">
    <thead>
      <tr>
        <th>Description</th>
        <th>Codes</th>
        <th>Time</th>
        
      </tr>
    </thead>
    <tbody>
        <tr>
          <td ID="procedures-desc-0">Clinical Staging Procedure (Code List: 2.16.840.1.113883.3.526.03.1098)</td>
          <td ID="procedures-code-0">SNOMED-CT: 116783008<br/><i></i></td>
          <td>January 30th, 2011 05:00 - July 12th, 2012 04:00</td>
           
        </tr>
    </tbody>
  </table>
</text>
    <entry typeCode="DRIV">
      <procedure classCode="PROC" moodCode="EVN">
        <templateId root="2.16.840.1.113883.10.20.22.4.14"/>
        <!-- Procedure activity template -->
        <id root="973edf10-e0c0-012f-f752-406c8fb8a271"/>
        <code code="116783008" codeSystem="2.16.840.1.113883.6.96" displayName="Clinical Staging Procedure (Code List: 2.16.840.1.113883.3.526.03.1098)">
  <originalText><reference value="#procedures-desc-0"/></originalText>
</code>

        <text>
          <reference value="#procedures-desc-0"/>
        </text>
        <statusCode code="completed"/>
        <effectiveTime value='20110130050000'/>
      </procedure>
    </entry>
  </section>
</component>
        <component>
  <!--Encounters-->
  <section>
    <templateId root="2.16.840.1.113883.10.20.22.2.22" /> <!-- CCDA Template id -->
    <!--Encounters section template-->
    <code code="46240-8" codeSystem="2.16.840.1.113883.6.1" codeSystemName="LOINC" displayName="History of encounters"/>
    <title>Encounters</title>
    <text>
  <table border="1" width="100%">
    <thead>
      <tr>
        <th>Description</th>
        <th>Codes</th>
        <th>Time</th>
        
      </tr>
    </thead>
    <tbody>
        <tr>
          <td ID="encounters-desc-0">Office Visit (Code List: 2.16.840.1.113883.3.464.0003.01.02.0001)</td>
          <td ID="encounters-code-0">CPT: 99201<br/><i></i></td>
          <td>August 11th, 2008 04:00 - November 29th, 2011 05:00</td>
           
        </tr>
        <tr>
          <td ID="encounters-desc-1">Face-to-Face Interaction (Code List: 2.16.840.1.113883.3.464.0003.01.02.0048)</td>
          <td ID="encounters-code-1">SNOMED-CT: 4525004<br/><i></i></td>
          <td>November 2nd, 2010 04:00 - July 22nd, 2011 04:00</td>
           
        </tr>
        <tr>
          <td ID="encounters-desc-2">Encounter, Performed: Patient Provider Interaction (Code List: 2.16.840.1.113883.3.526.03.1012)</td>
          <td ID="encounters-code-2">SNOMED-CT: 4525004<br/><i></i></td>
          <td>August 24th, 2005 04:00 - December 29th, 2011 05:00</td>
           
        </tr>
    </tbody>
  </table>
</text>
    <entry typeCode="DRIV">
      <encounter classCode="ENC" moodCode="EVN">
		    <templateId root="2.16.840.1.113883.10.20.22.4.49"/>
        <!-- Encounter activity template -->
        <id root="973f37d0-e0c0-012f-f752-406c8fb8a271"/>
        <code code="99201" codeSystem="2.16.840.1.113883.6.12" displayName="Office Visit (Code List: 2.16.840.1.113883.3.464.0003.01.02.0001)">
  <originalText><reference value="#encounters-desc-0"/></originalText>
</code>

        <text>
          <reference value="#encounters-desc-0"/>
        </text>
        <effectiveTime value='20080811040000'/>
      </encounter>
    </entry>
    <entry typeCode="DRIV">
      <encounter classCode="ENC" moodCode="EVN">
		    <templateId root="2.16.840.1.113883.10.20.22.4.49"/>
        <!-- Encounter activity template -->
        <id root="973f4f00-e0c0-012f-f752-406c8fb8a271"/>
        <code nullFlavor="UNK">
  <originalText><reference value="#encounters-desc-1"/></originalText>
  <translation code="4525004" codeSystem="2.16.840.1.113883.6.96" />
</code>

        <text>
          <reference value="#encounters-desc-1"/>
        </text>
        <effectiveTime value='20101102040000'/>
      </encounter>
    </entry>
    <entry typeCode="DRIV">
      <encounter classCode="ENC" moodCode="EVN">
		    <templateId root="2.16.840.1.113883.10.20.22.4.49"/>
        <!-- Encounter activity template -->
        <id root="973f6570-e0c0-012f-f752-406c8fb8a271"/>
        <code nullFlavor="UNK">
  <originalText><reference value="#encounters-desc-2"/></originalText>
  <translation code="4525004" codeSystem="2.16.840.1.113883.6.96" />
</code>

        <text>
          <reference value="#encounters-desc-2"/>
        </text>
        <effectiveTime value='20050824040000'/>
      </encounter>
    </entry>
  </section>
</component>
    </structuredBody>
  </component>
</ClinicalDocument>