<?xml version="1.0" encoding="UTF-8"?>
<ClinicalDocument xmlns="urn:hl7-org:v3" xmlns:sdtc="urn:hl7-org:sdtc" xmlns:xsi="http://www.w3.org/2001/XMLSchema-instance" xsi:schemaLocation="urn:hl7-org:v3 http://xreg2.nist.gov:8080/hitspValidation/schema/cdar2c32/infrastructure/cda/C32_CDA.xsd">
  <realmCode code="US"/>
  <typeId root="2.16.840.1.113883.1.3" extension="POCD_HD000040"/>
  <templateId root="2.16.840.1.113883.10.20.22.1.1" />
  <templateId root='2.16.840.1.113883.10.20.22.1.2'/> 
  <id root="2.16.840.1.113883.3.72" extension="50536a6b709357c7fa0000bb" assigningAuthorityName="NIST Healthcare Project"/>
  <code code="34133-9" displayName="Summarization of episode note" codeSystem="2.16.840.1.113883.6.1" codeSystemName="LOINC"/>
  <title>Cypress C32 Patient Test Record: Caroline Meyer</title>
  <effectiveTime value="20120914173604"/>
  <confidentialityCode code="N"/>
  <languageCode code="en-US"/>
  <recordTarget>
    <patientRole>
      <id root="Cypress" extension="50536a6b709357c7fa0000bb"/>
      <addr use="HP">
        <streetAddressLine>202 Burlington Rd.</streetAddressLine>
        <city>Bedford</city>
        <state>MA</state>
        <postalCode>01730</postalCode>
      </addr>
      <telecom value="tel:+1-781-271-3000"/>
      <patient>
        <name>
          <given>Caroline</given>
          <family>Meyer</family>
        </name>
        <administrativeGenderCode code="F" codeSystem="2.16.840.1.113883.5.1" codeSystemName="HL7 AdministrativeGender"/>
        <birthTime value="19970217050000"/>
          <raceCode code=""  codeSystemName="CDC Race and Ethnicity" codeSystem="2.16.840.1.113883.6.238"/>
          <ethnicGroupCode code=""  codeSystemName="CDC Race and Ethnicity" codeSystem="2.16.840.1.113883.6.238"/>
          <languageCommunication>
            <languageCode code="en-US"/>
          </languageCommunication>
      </patient>
    </patientRole>
  </recordTarget>
  <author>
    <time value="20120914173604"/>
    <assignedAuthor>
      <id/>
      <addr/>
      <telecom value="tel:+1-781-271-3000"/>
      <assignedPerson>
        <name>Auto Generated</name>
      </assignedPerson>
    </assignedAuthor>
  </author>
  <custodian>
    <assignedCustodian>
      <representedCustodianOrganization>
        <id/>
        <name>Cypress</name>
        <telecom value="tel:+1-781-271-3000"/>
        <addr>
          <streetAddressLine>202 Burlington Rd.</streetAddressLine>
          <city>Bedford</city>
          <state>MA</state>
          <postalCode>01730</postalCode>
        </addr>
      </representedCustodianOrganization>
    </assignedCustodian>
  </custodian>
  <component>
    <structuredBody>
        <component>
          <!-- Allergies: patient has no allergies -->
            <section>
             <templateId root="2.16.840.1.113883.10.20.22.2.6"/>
              <code code="11450-4" codeSystem="2.16.840.1.113883.6.1" codeSystemName="LOINC" displayName="Problem List"/>
              <title>Allergies and Adverse Reactions</title>                
               <text>
                <table border="1" width="100%">
                  <thead>
                    <tr>
                      <th>Description</th>                      
                      <th>Code</th>                      
                      <th>Time</th>
                    </tr>
                  </thead>
                  <tbody>
                    <tr ID="noallergies_summary">                                           
                      <td ID="noallergies">No Known allergies</td>
                      <td>160244002</td>                                         
                      <td>20120914173604</td>
                    </tr>                   
                 </tbody>
               </table>                             
             </text>
             <entry typeCode="DRIV">
              <act classCode="ACT" moodCode="EVN">
                <templateId root="2.16.840.1.113883.10.20.22.4.30"/>
                <id root="f6fd6f86-4265-4dcb-95cf-7799100b54ad"/>
                <code nullFlavor="NA"/>
                  <statusCode code="active"/>
                    <effectiveTime>
                      <low nullFlavor="NA"/>
                    </effectiveTime>					
                <entryRelationship typeCode="SUBJ" inversionInd="false">
                  <observation classCode="OBS" moodCode="EVN">
                    <templateId root="2.16.840.1.113883.10.20.22.4.7"/>
                    <id root="2b37be6b-9b1c-4069-bbca-1caf5fe1937d"/>
                    <code code="420134006" codeSystem="2.16.840.1.113883.6.96" displayName="Propensity to adverse reactions (disorder)" codeSystemName="SNOMED CT"/>
                    <statusCode code="completed"/>
                    <effectiveTime>
                      <low nullFlavor="UNK"/>
                    </effectiveTime>
                    <value xsi:type="CD" code="160244002" codeSystem="2.16.840.1.113883.6.96" displayName="No Known allergies" codeSystemName="SNOMED CT">
                      <originalText>
                        <reference value="#noallergies"/>
                      </originalText>
                    </value>
                  </observation>
              </entryRelationship>
            </act>
          </entry>
        </section>
      </component>

        <component>
          <!-- Medications: patient has no medications -->
        <section>
		      <templateId root="2.16.840.1.113883.10.20.22.2.1" />
          <code code="10160-0" codeSystem="2.16.840.1.113883.6.1" codeSystemName="LOINC" displayName="History of medication use"/>
          <title>Medications</title>                       
              <text>
                <table border="1" width="100%">
                  <thead>
                    <tr>
                      <th>Description</th>                      
                      <th>Code</th>                      
                      <th>Time</th>
                    </tr>
                  </thead>
                  <tbody>
                    <tr ID="nomeds_summary">                                           
                      <td ID="nomeds_kind">Patient not on any medication</td>
                      <td>182849000</td>                                         
                      <td>20120914173604</td>
                    </tr>                   
                 </tbody>
               </table>                             
             </text>
              <entry typeCode="DRIV">
                <substanceAdministration classCode="SBADM" moodCode="EVN">
                <templateId root='2.16.840.1.113883.10.20.22.4.16'/>
                <id root="4edd8de0-66e3-4ca6-b287-f0736022f2b3"/>
                <code code="182849000" codeSystem="2.16.840.1.113883.6.96" displayName="No Drug Therapy Prescribed" codeSystemName="SNOMED CT" />
                <statusCode code="completed"/>							
                  <consumable>
                    <manufacturedProduct>
                      <templateId root='2.16.840.1.113883.10.20.22.4.23'/>
                       <manufacturedMaterial>
                        <code>
                         <originalText>
                           <reference value="#nomeds_kind"/>
                         </originalText>
                        </code>						
                      </manufacturedMaterial>
                    </manufacturedProduct>
                  </consumable>
              </substanceAdministration>
            </entry>
         </section>         
</component>

        <component>
  <!--Diagnostic Results-->
  <section>
    <templateId root="2.16.840.1.113883.10.20.22.2.3.1"/>
    <!--Diagnostic Results section template-->
    <code code="30954-2" codeSystem="2.16.840.1.113883.6.1" codeSystemName="LOINC" displayName="Results"/>
    <title>Diagnostic Results</title>
    <text>
  <table border="1" width="100%">
    <thead>
      <tr>
        <th>Description</th>
        <th>Codes</th>
        <th>Time</th>
        
          <th>Value</th>
      </tr>
    </thead>
    <tbody>
        <tr>
          <td ID="results-desc-0">Physical Exam, Performed: Visual Exam of Foot (Code List: 2.16.840.1.113883.3.464.0003.03.02.0013)</td>
          <td ID="results-code-0">SNOMED-CT: 401191002<br/><i></i></td>
          <td>November 1st, 2007 04:00 - December 21st, 2011 05:00</td>
           
              <td>
              </td>
        </tr>
        <tr>
          <td ID="results-desc-1">Physical Exam, Performed: Sensory Exam of Foot (Code List: 2.16.840.1.113883.3.464.0003.03.02.0014)</td>
          <td ID="results-code-1">SNOMED-CT: 134388005<br/><i></i></td>
          <td>November 10th, 1997 05:00 - October 1st, 2007 04:00</td>
           
              <td>
              </td>
        </tr>
        <tr>
          <td ID="results-desc-2">Physical Exam, Performed: Pulse Exam of Foot (Code List: 2.16.840.1.113883.3.464.0003.03.02.0015)</td>
          <td ID="results-code-2">SNOMED-CT: 91161007<br/><i></i></td>
          <td>May 15th, 1999 04:00 - December 4th, 2002 05:00</td>
           
              <td>
              </td>
        </tr>
    </tbody>
  </table>
</text>
    <entry typeCode="DRIV">
      <organizer classCode="BATTERY" moodCode="EVN">
        <templateId root="2.16.840.1.113883.10.20.22.4.1"/>
        <!--Result organizer template -->
        <id root="9561fb00-e0c0-012f-f752-406c8fb8a271"/>
        <code nullFlavor="NA"/>
        <statusCode code="completed"/>
        <effectiveTime value="20120914173604"/>
          <component>
           <observation classCode="OBS" moodCode="EVN">
            <templateId root="2.16.840.1.113883.10.20.22.4.2"/>
              <id root="9561fca0-e0c0-012f-f752-406c8fb8a271"/>
              <code nullFlavor="UNK">
                <originalText><reference value="Unknown"/></originalText>
              </code>
              <text>
                <reference value="Unknown"/>
              </text>
              <statusCode code="completed"/>
              <effectiveTime nullFlavor="UNK"/>
            </observation>
          </component>
        <component>
          <observation classCode="OBS" moodCode="EVN">
            <templateId root="2.16.840.1.113883.10.20.22.4.2"/>
            <!-- Result observation template -->
            <id root="9561fd70-e0c0-012f-f752-406c8fb8a271"/>
            <code code="401191002" codeSystem="2.16.840.1.113883.6.96" ><originalText>Physical Exam, Performed: Visual Exam of Foot (Code List: 2.16.840.1.113883.3.464.0003.03.02.0013)</originalText></code>
            <text>
              <reference value="#results-desc-0"/>
            </text>
            <statusCode code="completed"/>
            <effectiveTime value='20071101040000'/>
              <value xsi:type="PQ" nullFlavor="UNK"/>
          </observation>
        </component>
        <component>
          <observation classCode="OBS" moodCode="EVN">
            <templateId root="2.16.840.1.113883.10.20.22.4.2"/>
            <!-- Result observation template -->
            <id root="95620380-e0c0-012f-f752-406c8fb8a271"/>
            <code code="134388005" codeSystem="2.16.840.1.113883.6.96" ><originalText>Physical Exam, Performed: Sensory Exam of Foot (Code List: 2.16.840.1.113883.3.464.0003.03.02.0014)</originalText></code>
            <text>
              <reference value="#results-desc-1"/>
            </text>
            <statusCode code="completed"/>
            <effectiveTime value='19971110050000'/>
              <value xsi:type="PQ" nullFlavor="UNK"/>
          </observation>
        </component>
        <component>
          <observation classCode="OBS" moodCode="EVN">
            <templateId root="2.16.840.1.113883.10.20.22.4.2"/>
            <!-- Result observation template -->
            <id root="95620860-e0c0-012f-f752-406c8fb8a271"/>
            <code code="91161007" codeSystem="2.16.840.1.113883.6.96" ><originalText>Physical Exam, Performed: Pulse Exam of Foot (Code List: 2.16.840.1.113883.3.464.0003.03.02.0015)</originalText></code>
            <text>
              <reference value="#results-desc-2"/>
            </text>
            <statusCode code="completed"/>
            <effectiveTime value='19990515040000'/>
              <value xsi:type="PQ" nullFlavor="UNK"/>
          </observation>
        </component>
      </organizer>
    </entry>
  </section>
</component>
        <component>
  <!--Problems-->
  <section>
    <templateId root="2.16.840.1.113883.10.20.22.2.5.1"/>
    <!--Problems section template-->
    <code code="11450-4" codeSystem="2.16.840.1.113883.6.1" codeSystemName="LOINC" displayName="Problem list"/>
    <title>Problems</title>
    <text>
  <table border="1" width="100%">
    <thead>
      <tr>
        <th>Description</th>
        <th>Codes</th>
        <th>Time</th>
          <th>Status</th>
        
      </tr>
    </thead>
    <tbody>
        <tr>
          <td ID="conditions-desc-0">Diagnosis, Active: Gestational Diabetes (Code List: 2.16.840.1.113883.3.464.0003.03.02.0010)</td>
          <td ID="conditions-code-0">SNOMED-CT: 11687002 ICD-10-CM: O24.410<br/><i></i></td>
          <td>April 13th, 2006 04:00 - April 11th, 2010 04:00</td>
            <td>active</td>
           
        </tr>
        <tr>
          <td ID="conditions-desc-1">Diagnosis, Active: Diabetes (Code List: 2.16.840.1.113883.3.464.0003.03.02.0001)</td>
          <td ID="conditions-code-1">ICD-9-CM: 250.00 ICD-10-CM: E10.8 SNOMED-CT: 4783006<br/><i></i></td>
          <td>April 18th, 2003 04:00 - April 23rd, 2003 04:00</td>
            <td>active</td>
           
        </tr>
    </tbody>
  </table>
</text>
    <entry typeCode="DRIV">
      <act classCode="ACT" moodCode="EVN">
        <templateId root="2.16.840.1.113883.10.20.22.4.3"/>
        <!-- Problem act template -->
        <id root="95624910-e0c0-012f-f752-406c8fb8a271"/>
        <code nullFlavor="NA"/>
        <statusCode code="active"/>
        <effectiveTime>
          <low value='20060413040000'/>
        </effectiveTime>
        <entryRelationship typeCode="SUBJ" inversionInd="false">
          <observation classCode="OBS" moodCode="EVN">
            <templateId root="2.16.840.1.113883.10.20.22.4.4"/>
            
            <!--Problem observation template - NOT episode template-->
            <id root="95624b80-e0c0-012f-f752-406c8fb8a271"/>
            <code code="64572001" displayName="Condition" codeSystem="2.16.840.1.113883.6.96" codeSystemName="SNOMED-CT"/>
            <text>
              <reference value="#conditions-desc-0"/>
            </text>
            <statusCode code="completed"/>
            <effectiveTime>
              <low value='20060413040000'/>
            </effectiveTime>
            <value code="11687002" codeSystem="2.16.840.1.113883.6.96" xsi:type="CD"><originalText>Diagnosis, Active: Gestational Diabetes (Code List: 2.16.840.1.113883.3.464.0003.03.02.0010)</originalText><translation code="O24.410" codeSystem="2.16.840.1.113883.6.90"/>
</value>
            <entryRelationship typeCode="REFR">
              <observation classCode="OBS" moodCode="EVN">
                <templateId root="2.16.840.1.113883.10.20.22.4.6"/>
                <!-- Problem status observation template -->
                <code code="33999-4" codeSystem="2.16.840.1.113883.6.1" displayName="Status"/>
                <statusCode code="completed"/>
                <value xsi:type="CE" code="55561003" codeSystem="2.16.840.1.113883.6.96"/>
              </observation>
            </entryRelationship>
          </observation>
        </entryRelationship>
      </act>
    </entry>
    <entry typeCode="DRIV">
      <act classCode="ACT" moodCode="EVN">
        <templateId root="2.16.840.1.113883.10.20.22.4.3"/>
        <!-- Problem act template -->
        <id root="95625210-e0c0-012f-f752-406c8fb8a271"/>
        <code nullFlavor="NA"/>
        <statusCode code="active"/>
        <effectiveTime>
          <low value='20030418040000'/>
        </effectiveTime>
        <entryRelationship typeCode="SUBJ" inversionInd="false">
          <observation classCode="OBS" moodCode="EVN">
            <templateId root="2.16.840.1.113883.10.20.22.4.4"/>
            
            <!--Problem observation template - NOT episode template-->
            <id root="956253e0-e0c0-012f-f752-406c8fb8a271"/>
            <code code="64572001" displayName="Condition" codeSystem="2.16.840.1.113883.6.96" codeSystemName="SNOMED-CT"/>
            <text>
              <reference value="#conditions-desc-1"/>
            </text>
            <statusCode code="completed"/>
            <effectiveTime>
              <low value='20030418040000'/>
            </effectiveTime>
            <value code="4783006" codeSystem="2.16.840.1.113883.6.96" xsi:type="CD"><originalText>Diagnosis, Active: Diabetes (Code List: 2.16.840.1.113883.3.464.0003.03.02.0001)</originalText><translation code="250.00" codeSystem="2.16.840.1.113883.6.104"/>
<translation code="E10.8" codeSystem="2.16.840.1.113883.6.90"/>
</value>
            <entryRelationship typeCode="REFR">
              <observation classCode="OBS" moodCode="EVN">
                <templateId root="2.16.840.1.113883.10.20.22.4.6"/>
                <!-- Problem status observation template -->
                <code code="33999-4" codeSystem="2.16.840.1.113883.6.1" displayName="Status"/>
                <statusCode code="completed"/>
                <value xsi:type="CE" code="55561003" codeSystem="2.16.840.1.113883.6.96"/>
              </observation>
            </entryRelationship>
          </observation>
        </entryRelationship>
      </act>
    </entry>
  </section>
</component>

        
    </structuredBody>
  </component>
</ClinicalDocument>