<?xml version="1.0" encoding="UTF-8"?>
<ClinicalDocument xmlns="urn:hl7-org:v3" xmlns:sdtc="urn:hl7-org:sdtc" xmlns:xsi="http://www.w3.org/2001/XMLSchema-instance" xsi:schemaLocation="urn:hl7-org:v3 http://xreg2.nist.gov:8080/hitspValidation/schema/cdar2c32/infrastructure/cda/C32_CDA.xsd">
  <realmCode code="US"/>
  <typeId root="2.16.840.1.113883.1.3" extension="POCD_HD000040"/>
  <templateId root="2.16.840.1.113883.10.20.22.1.1" />
  <templateId root='2.16.840.1.113883.10.20.22.1.2'/> 
  <id root="2.16.840.1.113883.3.72" extension="50536a6b709357c7fa00029a" assigningAuthorityName="NIST Healthcare Project"/>
  <code code="34133-9" displayName="Summarization of episode note" codeSystem="2.16.840.1.113883.6.1" codeSystemName="LOINC"/>
  <title>Cypress C32 Patient Test Record: Denise Moore</title>
  <effectiveTime value="20120914173608"/>
  <confidentialityCode code="N"/>
  <languageCode code="en-US"/>
  <recordTarget>
    <patientRole>
      <id root="Cypress" extension="50536a6b709357c7fa00029a"/>
      <addr use="HP">
        <streetAddressLine>202 Burlington Rd.</streetAddressLine>
        <city>Bedford</city>
        <state>MA</state>
        <postalCode>01730</postalCode>
      </addr>
      <telecom value="tel:+1-781-271-3000"/>
      <patient>
        <name>
          <given>Denise</given>
          <family>Moore</family>
        </name>
        <administrativeGenderCode code="F" codeSystem="2.16.840.1.113883.5.1" codeSystemName="HL7 AdministrativeGender"/>
        <birthTime value="20080623040000"/>
          <raceCode code=""  codeSystemName="CDC Race and Ethnicity" codeSystem="2.16.840.1.113883.6.238"/>
          <ethnicGroupCode code=""  codeSystemName="CDC Race and Ethnicity" codeSystem="2.16.840.1.113883.6.238"/>
          <languageCommunication>
            <languageCode code="en-US"/>
          </languageCommunication>
      </patient>
    </patientRole>
  </recordTarget>
  <author>
    <time value="20120914173608"/>
    <assignedAuthor>
      <id/>
      <addr/>
      <telecom value="tel:+1-781-271-3000"/>
      <assignedPerson>
        <name>Auto Generated</name>
      </assignedPerson>
    </assignedAuthor>
  </author>
  <custodian>
    <assignedCustodian>
      <representedCustodianOrganization>
        <id/>
        <name>Cypress</name>
        <telecom value="tel:+1-781-271-3000"/>
        <addr>
          <streetAddressLine>202 Burlington Rd.</streetAddressLine>
          <city>Bedford</city>
          <state>MA</state>
          <postalCode>01730</postalCode>
        </addr>
      </representedCustodianOrganization>
    </assignedCustodian>
  </custodian>
  <component>
    <structuredBody>
        
<component>
  <!--Allergies/Reactions-->
  <section>
    <templateId root="2.16.840.1.113883.10.20.22.2.6"/>
    <!--Allergies/Reactions section template-->
    <code code="48765-2" codeSystem="2.16.840.1.113883.6.1" codeSystemName="LOINC" displayName="Allergies"/>
    <title>Allergies and Adverse Reactions</title>
    <text>
  <table border="1" width="100%">
    <thead>
      <tr>
        <th>Description</th>
        <th>Codes</th>
        <th>Time</th>
        
      </tr>
    </thead>
    <tbody>
        <tr>
          <td ID="allergies-desc-0">Medication, Allergy: Beta Blocker Therapy (Code List: 2.16.840.1.113883.3.526.03.1174)</td>
          <td ID="allergies-code-0">RxNorm: 152916<br/><i></i></td>
          <td>October 28th, 2009 04:00 - May 9th, 2010 04:00</td>
           
        </tr>
    </tbody>
  </table>
</text>
    <entry typeCode="DRIV">
      <act classCode="ACT" moodCode="EVN">
        <templateId root="2.16.840.1.113883.10.20.22.4.30"/>
        <!--Allergy act template -->
        <id root="976b7690-e0c0-012f-f752-406c8fb8a271"/>
        <code nullFlavor="NA"/>
        <statusCode code="active"/>
        <effectiveTime>
          <low value='20091028040000'/>
        </effectiveTime>
        <entryRelationship typeCode="SUBJ" inversionInd="false">
          <observation classCode="OBS" moodCode="EVN">
            <templateId root="2.16.840.1.113883.10.20.22.4.7"/>
            <id root="976b78e0-e0c0-012f-f752-406c8fb8a271"/>
            <code code="416098002" codeSystem="2.16.840.1.113883.6.96" displayName="drug allergy" codeSystemName="SNOMED CT">
              <originalText><reference value="#allergies-desc-0"/></originalText>
            </code>
            <text>
              <reference value="#allergies-desc-0"/>
            </text>
            <statusCode code="completed"/>
            <effectiveTime>
              <low value='20091028040000'/>
            </effectiveTime>
            <value xsi:type="CD" nullFlavor="UNK"/>
            <participant typeCode="CSM">
              <participantRole classCode="MANU">
                <playingEntity classCode="MMAT">
                  <code code="152916" codeSystem="2.16.840.1.113883.6.88" displayName="Medication, Allergy: Beta Blocker Therapy (Code List: 2.16.840.1.113883.3.526.03.1174)">
  <originalText><reference value="#allergies-desc-0"/></originalText>
</code>

                  <name>Medication, Allergy: Beta Blocker Therapy (Code List: 2.16.840.1.113883.3.526.03.1174)</name>
                </playingEntity>
              </participantRole>
            </participant>
          </observation>
        </entryRelationship>
      </act>
    </entry>
  </section>
</component>

        <component>
  <!--Medications-->
  <section>
	<templateId root="2.16.840.1.113883.10.20.22.2.1" />
    <code code="10160-0" displayName="History of medication use" codeSystem="2.16.840.1.113883.6.1" codeSystemName="LOINC"/>
    <title>Medications</title>
    <text>
  <table border="1" width="100%">
    <thead>
      <tr>
        <th>Description</th>
        <th>Codes</th>
        <th>Time</th>
        
      </tr>
    </thead>
    <tbody>
        <tr>
          <td ID="medications-desc-0">Medication, Active: Beta Blocker Therapy for LVSD (Code List: 2.16.840.1.113883.3.526.03.1184)</td>
          <td ID="medications-code-0">RxNorm: 200031<br/><i></i></td>
          <td>October 20th, 1998 04:00 - May 30th, 2000 04:00</td>
           
        </tr>
        <tr>
          <td ID="medications-desc-1">Medication, Active: Beta Blocker Therapy for LVSD (Code List: 2.16.840.1.113883.3.526.03.1184)</td>
          <td ID="medications-code-1">RxNorm: 200031<br/><i></i></td>
          <td>October 16th, 2003 04:00 - November 20th, 2004 05:00</td>
           
        </tr>
        <tr>
          <td ID="medications-desc-2">Medication, Active: Beta Blocker Therapy for LVSD (Code List: 2.16.840.1.113883.3.526.03.1184)</td>
          <td ID="medications-code-2">RxNorm: 200031<br/><i></i></td>
          <td>September 10th, 1999 04:00 - August 10th, 2009 04:00</td>
           
        </tr>
        <tr>
          <td ID="medications-desc-3">Medication, Order: Beta Blocker Therapy for LVSD (Code List: 2.16.840.1.113883.3.526.03.1184)</td>
          <td ID="medications-code-3">RxNorm: 200031<br/><i></i></td>
          <td>March 15th, 1995 05:00 - December 28th, 2005 05:00</td>
           
        </tr>
        <tr>
          <td ID="medications-desc-4">Medication, Order: Beta Blocker Therapy for LVSD (Code List: 2.16.840.1.113883.3.526.03.1184)</td>
          <td ID="medications-code-4">RxNorm: 200031<br/><i></i></td>
          <td>May 4th, 1996 04:00 - April 25th, 2011 04:00</td>
           
        </tr>
        <tr>
          <td ID="medications-desc-5">Medication, Order: Beta Blocker Therapy for LVSD (Code List: 2.16.840.1.113883.3.526.03.1184)</td>
          <td ID="medications-code-5">RxNorm: 200031<br/><i></i></td>
          <td>July 24th, 2000 04:00 - August 12th, 2002 04:00</td>
           
        </tr>
        <tr>
          <td ID="medications-desc-6">Medication, Active: Beta Blocker Therapy (Code List: 2.16.840.1.113883.3.526.03.1174)</td>
          <td ID="medications-code-6">RxNorm: 152916<br/><i></i></td>
          <td>December 16th, 2006 05:00 - January 17th, 2010 05:00</td>
           
        </tr>
        <tr>
          <td ID="medications-desc-7">Medication, Active: Beta Blocker Therapy (Code List: 2.16.840.1.113883.3.526.03.1174)</td>
          <td ID="medications-code-7">RxNorm: 152916<br/><i></i></td>
          <td>March 25th, 2006 05:00 - July 25th, 2007 04:00</td>
           
        </tr>
        <tr>
          <td ID="medications-desc-8">Medication, Active: Beta Blocker Therapy (Code List: 2.16.840.1.113883.3.526.03.1174)</td>
          <td ID="medications-code-8">RxNorm: 152916<br/><i></i></td>
          <td>September 28th, 2000 04:00 - October 14th, 2005 04:00</td>
           
        </tr>
        <tr>
          <td ID="medications-desc-9">Medication, Order: Beta Blocker Therapy (Code List: 2.16.840.1.113883.3.526.03.1174)</td>
          <td ID="medications-code-9">RxNorm: 152916<br/><i></i></td>
          <td>June 9th, 2009 04:00 - March 9th, 2011 05:00</td>
           
        </tr>
        <tr>
          <td ID="medications-desc-10">Medication, Order: Beta Blocker Therapy (Code List: 2.16.840.1.113883.3.526.03.1174)</td>
          <td ID="medications-code-10">RxNorm: 152916<br/><i></i></td>
          <td>May 17th, 2001 04:00 - November 24th, 2005 05:00</td>
           
        </tr>
        <tr>
          <td ID="medications-desc-11">Medication, Order: Beta Blocker Therapy (Code List: 2.16.840.1.113883.3.526.03.1174)</td>
          <td ID="medications-code-11">RxNorm: 152916<br/><i></i></td>
          <td>September 17th, 2010 04:00 - January 12th, 2012 05:00</td>
           
        </tr>
        <tr>
          <td ID="medications-desc-12">Medication, Order: Beta Blocker Therapy for LVSD (Code List: 2.16.840.1.113883.3.526.03.1184)</td>
          <td ID="medications-code-12">RxNorm: 200031<br/><i></i></td>
          <td>March 28th, 2010 04:00 - February 14th, 2012 05:00</td>
           
        </tr>
        <tr>
          <td ID="medications-desc-13">Beta Blocker Therapy for LVSD (Code List: 2.16.840.1.113883.3.526.03.1184)</td>
          <td ID="medications-code-13">RxNorm: 200031<br/><i></i></td>
          <td>November 27th, 2002 05:00 - March 19th, 2010 04:00</td>
           
        </tr>
        <tr>
          <td ID="medications-desc-14">Medication, Order: Beta Blocker Therapy (Code List: 2.16.840.1.113883.3.526.03.1174)</td>
          <td ID="medications-code-14">RxNorm: 152916<br/><i></i></td>
          <td>December 16th, 2007 05:00 - October 31st, 2008 04:00</td>
           
        </tr>
        <tr>
          <td ID="medications-desc-15">Beta Blocker Therapy (Code List: 2.16.840.1.113883.3.526.03.1174)</td>
          <td ID="medications-code-15">RxNorm: 152916<br/><i></i></td>
          <td>April 7th, 2012 04:00 - June 16th, 2012 04:00</td>
           
        </tr>
    </tbody>
  </table>
</text>
    <entry>
      <!--CCD Medication activity - Required-->
      <substanceAdministration classCode="SBADM" moodCode="EVN">
        <templateId root='2.16.840.1.113883.10.20.22.4.16'/>
        <id root="976be6c0-e0c0-012f-f752-406c8fb8a271"/>
        <statusCode code="completed"/>
        <effectiveTime xsi:type="IVL_TS">
          <low value='19981020040000'/>
          <high nullFlavor="UNK"/>
        </effectiveTime>
        <consumable>
          <!--CCD Product - Required-->
          <manufacturedProduct classCode="MANU">
			    <templateId root='2.16.840.1.113883.10.20.22.4.23'/>
            <manufacturedMaterial>
              <code code="200031" codeSystem="2.16.840.1.113883.6.88" displayName="Medication, Active: Beta Blocker Therapy for LVSD (Code List: 2.16.840.1.113883.3.526.03.1184)">
  <originalText><reference value="#medications-desc-0"/></originalText>
</code>

              <name>Medication, Active: Beta Blocker Therapy for LVSD (Code List: 2.16.840.1.113883.3.526.03.1184)</name>
            </manufacturedMaterial>
          </manufacturedProduct>
        </consumable>
      </substanceAdministration>
    </entry>
    <entry>
      <!--CCD Medication activity - Required-->
      <substanceAdministration classCode="SBADM" moodCode="EVN">
        <templateId root='2.16.840.1.113883.10.20.22.4.16'/>
        <id root="976bfdc0-e0c0-012f-f752-406c8fb8a271"/>
        <statusCode code="completed"/>
        <effectiveTime xsi:type="IVL_TS">
          <low value='20031016040000'/>
          <high nullFlavor="UNK"/>
        </effectiveTime>
        <consumable>
          <!--CCD Product - Required-->
          <manufacturedProduct classCode="MANU">
			    <templateId root='2.16.840.1.113883.10.20.22.4.23'/>
            <manufacturedMaterial>
              <code code="200031" codeSystem="2.16.840.1.113883.6.88" displayName="Medication, Active: Beta Blocker Therapy for LVSD (Code List: 2.16.840.1.113883.3.526.03.1184)">
  <originalText><reference value="#medications-desc-1"/></originalText>
</code>

              <name>Medication, Active: Beta Blocker Therapy for LVSD (Code List: 2.16.840.1.113883.3.526.03.1184)</name>
            </manufacturedMaterial>
          </manufacturedProduct>
        </consumable>
      </substanceAdministration>
    </entry>
    <entry>
      <!--CCD Medication activity - Required-->
      <substanceAdministration classCode="SBADM" moodCode="EVN">
        <templateId root='2.16.840.1.113883.10.20.22.4.16'/>
        <id root="976c1460-e0c0-012f-f752-406c8fb8a271"/>
        <statusCode code="completed"/>
        <effectiveTime xsi:type="IVL_TS">
          <low value='19990910040000'/>
          <high nullFlavor="UNK"/>
        </effectiveTime>
        <consumable>
          <!--CCD Product - Required-->
          <manufacturedProduct classCode="MANU">
			    <templateId root='2.16.840.1.113883.10.20.22.4.23'/>
            <manufacturedMaterial>
              <code code="200031" codeSystem="2.16.840.1.113883.6.88" displayName="Medication, Active: Beta Blocker Therapy for LVSD (Code List: 2.16.840.1.113883.3.526.03.1184)">
  <originalText><reference value="#medications-desc-2"/></originalText>
</code>

              <name>Medication, Active: Beta Blocker Therapy for LVSD (Code List: 2.16.840.1.113883.3.526.03.1184)</name>
            </manufacturedMaterial>
          </manufacturedProduct>
        </consumable>
      </substanceAdministration>
    </entry>
    <entry>
      <!--CCD Medication activity - Required-->
      <substanceAdministration classCode="SBADM" moodCode="EVN">
        <templateId root='2.16.840.1.113883.10.20.22.4.16'/>
        <id root="976c2b90-e0c0-012f-f752-406c8fb8a271"/>
        <statusCode code="completed"/>
        <effectiveTime xsi:type="IVL_TS">
          <low value='19950315050000'/>
          <high nullFlavor="UNK"/>
        </effectiveTime>
        <consumable>
          <!--CCD Product - Required-->
          <manufacturedProduct classCode="MANU">
			    <templateId root='2.16.840.1.113883.10.20.22.4.23'/>
            <manufacturedMaterial>
              <code code="200031" codeSystem="2.16.840.1.113883.6.88" displayName="Medication, Order: Beta Blocker Therapy for LVSD (Code List: 2.16.840.1.113883.3.526.03.1184)">
  <originalText><reference value="#medications-desc-3"/></originalText>
</code>

              <name>Medication, Order: Beta Blocker Therapy for LVSD (Code List: 2.16.840.1.113883.3.526.03.1184)</name>
            </manufacturedMaterial>
          </manufacturedProduct>
        </consumable>
      </substanceAdministration>
    </entry>
    <entry>
      <!--CCD Medication activity - Required-->
      <substanceAdministration classCode="SBADM" moodCode="EVN">
        <templateId root='2.16.840.1.113883.10.20.22.4.16'/>
        <id root="976c4210-e0c0-012f-f752-406c8fb8a271"/>
        <statusCode code="completed"/>
        <effectiveTime xsi:type="IVL_TS">
          <low value='19960504040000'/>
          <high nullFlavor="UNK"/>
        </effectiveTime>
        <consumable>
          <!--CCD Product - Required-->
          <manufacturedProduct classCode="MANU">
			    <templateId root='2.16.840.1.113883.10.20.22.4.23'/>
            <manufacturedMaterial>
              <code code="200031" codeSystem="2.16.840.1.113883.6.88" displayName="Medication, Order: Beta Blocker Therapy for LVSD (Code List: 2.16.840.1.113883.3.526.03.1184)">
  <originalText><reference value="#medications-desc-4"/></originalText>
</code>

              <name>Medication, Order: Beta Blocker Therapy for LVSD (Code List: 2.16.840.1.113883.3.526.03.1184)</name>
            </manufacturedMaterial>
          </manufacturedProduct>
        </consumable>
      </substanceAdministration>
    </entry>
    <entry>
      <!--CCD Medication activity - Required-->
      <substanceAdministration classCode="SBADM" moodCode="EVN">
        <templateId root='2.16.840.1.113883.10.20.22.4.16'/>
        <id root="976c58d0-e0c0-012f-f752-406c8fb8a271"/>
        <statusCode code="completed"/>
        <effectiveTime xsi:type="IVL_TS">
          <low value='20000724040000'/>
          <high nullFlavor="UNK"/>
        </effectiveTime>
        <consumable>
          <!--CCD Product - Required-->
          <manufacturedProduct classCode="MANU">
			    <templateId root='2.16.840.1.113883.10.20.22.4.23'/>
            <manufacturedMaterial>
              <code code="200031" codeSystem="2.16.840.1.113883.6.88" displayName="Medication, Order: Beta Blocker Therapy for LVSD (Code List: 2.16.840.1.113883.3.526.03.1184)">
  <originalText><reference value="#medications-desc-5"/></originalText>
</code>

              <name>Medication, Order: Beta Blocker Therapy for LVSD (Code List: 2.16.840.1.113883.3.526.03.1184)</name>
            </manufacturedMaterial>
          </manufacturedProduct>
        </consumable>
      </substanceAdministration>
    </entry>
    <entry>
      <!--CCD Medication activity - Required-->
      <substanceAdministration classCode="SBADM" moodCode="EVN">
        <templateId root='2.16.840.1.113883.10.20.22.4.16'/>
        <id root="976c6f70-e0c0-012f-f752-406c8fb8a271"/>
        <statusCode code="completed"/>
        <effectiveTime xsi:type="IVL_TS">
          <low value='20061216050000'/>
          <high nullFlavor="UNK"/>
        </effectiveTime>
        <consumable>
          <!--CCD Product - Required-->
          <manufacturedProduct classCode="MANU">
			    <templateId root='2.16.840.1.113883.10.20.22.4.23'/>
            <manufacturedMaterial>
              <code code="152916" codeSystem="2.16.840.1.113883.6.88" displayName="Medication, Active: Beta Blocker Therapy (Code List: 2.16.840.1.113883.3.526.03.1174)">
  <originalText><reference value="#medications-desc-6"/></originalText>
</code>

              <name>Medication, Active: Beta Blocker Therapy (Code List: 2.16.840.1.113883.3.526.03.1174)</name>
            </manufacturedMaterial>
          </manufacturedProduct>
        </consumable>
      </substanceAdministration>
    </entry>
    <entry>
      <!--CCD Medication activity - Required-->
      <substanceAdministration classCode="SBADM" moodCode="EVN">
        <templateId root='2.16.840.1.113883.10.20.22.4.16'/>
        <id root="976c9060-e0c0-012f-f752-406c8fb8a271"/>
        <statusCode code="completed"/>
        <effectiveTime xsi:type="IVL_TS">
          <low value='20060325050000'/>
          <high nullFlavor="UNK"/>
        </effectiveTime>
        <consumable>
          <!--CCD Product - Required-->
          <manufacturedProduct classCode="MANU">
			    <templateId root='2.16.840.1.113883.10.20.22.4.23'/>
            <manufacturedMaterial>
              <code code="152916" codeSystem="2.16.840.1.113883.6.88" displayName="Medication, Active: Beta Blocker Therapy (Code List: 2.16.840.1.113883.3.526.03.1174)">
  <originalText><reference value="#medications-desc-7"/></originalText>
</code>

              <name>Medication, Active: Beta Blocker Therapy (Code List: 2.16.840.1.113883.3.526.03.1174)</name>
            </manufacturedMaterial>
          </manufacturedProduct>
        </consumable>
      </substanceAdministration>
    </entry>
    <entry>
      <!--CCD Medication activity - Required-->
      <substanceAdministration classCode="SBADM" moodCode="EVN">
        <templateId root='2.16.840.1.113883.10.20.22.4.16'/>
        <id root="976ca690-e0c0-012f-f752-406c8fb8a271"/>
        <statusCode code="completed"/>
        <effectiveTime xsi:type="IVL_TS">
          <low value='20000928040000'/>
          <high nullFlavor="UNK"/>
        </effectiveTime>
        <consumable>
          <!--CCD Product - Required-->
          <manufacturedProduct classCode="MANU">
			    <templateId root='2.16.840.1.113883.10.20.22.4.23'/>
            <manufacturedMaterial>
              <code code="152916" codeSystem="2.16.840.1.113883.6.88" displayName="Medication, Active: Beta Blocker Therapy (Code List: 2.16.840.1.113883.3.526.03.1174)">
  <originalText><reference value="#medications-desc-8"/></originalText>
</code>

              <name>Medication, Active: Beta Blocker Therapy (Code List: 2.16.840.1.113883.3.526.03.1174)</name>
            </manufacturedMaterial>
          </manufacturedProduct>
        </consumable>
      </substanceAdministration>
    </entry>
    <entry>
      <!--CCD Medication activity - Required-->
      <substanceAdministration classCode="SBADM" moodCode="EVN">
        <templateId root='2.16.840.1.113883.10.20.22.4.16'/>
        <id root="976cbd00-e0c0-012f-f752-406c8fb8a271"/>
        <statusCode code="completed"/>
        <effectiveTime xsi:type="IVL_TS">
          <low value='20090609040000'/>
          <high nullFlavor="UNK"/>
        </effectiveTime>
        <consumable>
          <!--CCD Product - Required-->
          <manufacturedProduct classCode="MANU">
			    <templateId root='2.16.840.1.113883.10.20.22.4.23'/>
            <manufacturedMaterial>
              <code code="152916" codeSystem="2.16.840.1.113883.6.88" displayName="Medication, Order: Beta Blocker Therapy (Code List: 2.16.840.1.113883.3.526.03.1174)">
  <originalText><reference value="#medications-desc-9"/></originalText>
</code>

              <name>Medication, Order: Beta Blocker Therapy (Code List: 2.16.840.1.113883.3.526.03.1174)</name>
            </manufacturedMaterial>
          </manufacturedProduct>
        </consumable>
      </substanceAdministration>
    </entry>
    <entry>
      <!--CCD Medication activity - Required-->
      <substanceAdministration classCode="SBADM" moodCode="EVN">
        <templateId root='2.16.840.1.113883.10.20.22.4.16'/>
        <id root="976cd360-e0c0-012f-f752-406c8fb8a271"/>
        <statusCode code="completed"/>
        <effectiveTime xsi:type="IVL_TS">
          <low value='20010517040000'/>
          <high nullFlavor="UNK"/>
        </effectiveTime>
        <consumable>
          <!--CCD Product - Required-->
          <manufacturedProduct classCode="MANU">
			    <templateId root='2.16.840.1.113883.10.20.22.4.23'/>
            <manufacturedMaterial>
              <code code="152916" codeSystem="2.16.840.1.113883.6.88" displayName="Medication, Order: Beta Blocker Therapy (Code List: 2.16.840.1.113883.3.526.03.1174)">
  <originalText><reference value="#medications-desc-10"/></originalText>
</code>

              <name>Medication, Order: Beta Blocker Therapy (Code List: 2.16.840.1.113883.3.526.03.1174)</name>
            </manufacturedMaterial>
          </manufacturedProduct>
        </consumable>
      </substanceAdministration>
    </entry>
    <entry>
      <!--CCD Medication activity - Required-->
      <substanceAdministration classCode="SBADM" moodCode="EVN">
        <templateId root='2.16.840.1.113883.10.20.22.4.16'/>
        <id root="976ce9d0-e0c0-012f-f752-406c8fb8a271"/>
        <statusCode code="completed"/>
        <effectiveTime xsi:type="IVL_TS">
          <low value='20100917040000'/>
          <high nullFlavor="UNK"/>
        </effectiveTime>
        <consumable>
          <!--CCD Product - Required-->
          <manufacturedProduct classCode="MANU">
			    <templateId root='2.16.840.1.113883.10.20.22.4.23'/>
            <manufacturedMaterial>
              <code code="152916" codeSystem="2.16.840.1.113883.6.88" displayName="Medication, Order: Beta Blocker Therapy (Code List: 2.16.840.1.113883.3.526.03.1174)">
  <originalText><reference value="#medications-desc-11"/></originalText>
</code>

              <name>Medication, Order: Beta Blocker Therapy (Code List: 2.16.840.1.113883.3.526.03.1174)</name>
            </manufacturedMaterial>
          </manufacturedProduct>
        </consumable>
      </substanceAdministration>
    </entry>
    <entry>
      <!--CCD Medication activity - Required-->
      <substanceAdministration classCode="SBADM" moodCode="EVN">
        <templateId root='2.16.840.1.113883.10.20.22.4.16'/>
        <id root="976d0050-e0c0-012f-f752-406c8fb8a271"/>
        <statusCode code="completed"/>
        <effectiveTime xsi:type="IVL_TS">
          <low value='20100328040000'/>
          <high nullFlavor="UNK"/>
        </effectiveTime>
        <consumable>
          <!--CCD Product - Required-->
          <manufacturedProduct classCode="MANU">
			    <templateId root='2.16.840.1.113883.10.20.22.4.23'/>
            <manufacturedMaterial>
              <code code="200031" codeSystem="2.16.840.1.113883.6.88" displayName="Medication, Order: Beta Blocker Therapy for LVSD (Code List: 2.16.840.1.113883.3.526.03.1184)">
  <originalText><reference value="#medications-desc-12"/></originalText>
</code>

              <name>Medication, Order: Beta Blocker Therapy for LVSD (Code List: 2.16.840.1.113883.3.526.03.1184)</name>
            </manufacturedMaterial>
          </manufacturedProduct>
        </consumable>
      </substanceAdministration>
    </entry>
    <entry>
      <!--CCD Medication activity - Required-->
      <substanceAdministration classCode="SBADM" moodCode="EVN">
        <templateId root='2.16.840.1.113883.10.20.22.4.16'/>
        <id root="976d16d0-e0c0-012f-f752-406c8fb8a271"/>
        <statusCode code="completed"/>
        <effectiveTime xsi:type="IVL_TS">
          <low value='20021127050000'/>
          <high nullFlavor="UNK"/>
        </effectiveTime>
        <consumable>
          <!--CCD Product - Required-->
          <manufacturedProduct classCode="MANU">
			    <templateId root='2.16.840.1.113883.10.20.22.4.23'/>
            <manufacturedMaterial>
              <code code="200031" codeSystem="2.16.840.1.113883.6.88" displayName="Beta Blocker Therapy for LVSD (Code List: 2.16.840.1.113883.3.526.03.1184)">
  <originalText><reference value="#medications-desc-13"/></originalText>
</code>

              <name>Beta Blocker Therapy for LVSD (Code List: 2.16.840.1.113883.3.526.03.1184)</name>
            </manufacturedMaterial>
          </manufacturedProduct>
        </consumable>
      </substanceAdministration>
    </entry>
    <entry>
      <!--CCD Medication activity - Required-->
      <substanceAdministration classCode="SBADM" moodCode="EVN">
        <templateId root='2.16.840.1.113883.10.20.22.4.16'/>
        <id root="976d2d50-e0c0-012f-f752-406c8fb8a271"/>
        <statusCode code="completed"/>
        <effectiveTime xsi:type="IVL_TS">
          <low value='20071216050000'/>
          <high nullFlavor="UNK"/>
        </effectiveTime>
        <consumable>
          <!--CCD Product - Required-->
          <manufacturedProduct classCode="MANU">
			    <templateId root='2.16.840.1.113883.10.20.22.4.23'/>
            <manufacturedMaterial>
              <code code="152916" codeSystem="2.16.840.1.113883.6.88" displayName="Medication, Order: Beta Blocker Therapy (Code List: 2.16.840.1.113883.3.526.03.1174)">
  <originalText><reference value="#medications-desc-14"/></originalText>
</code>

              <name>Medication, Order: Beta Blocker Therapy (Code List: 2.16.840.1.113883.3.526.03.1174)</name>
            </manufacturedMaterial>
          </manufacturedProduct>
        </consumable>
      </substanceAdministration>
    </entry>
    <entry>
      <!--CCD Medication activity - Required-->
      <substanceAdministration classCode="SBADM" moodCode="EVN">
        <templateId root='2.16.840.1.113883.10.20.22.4.16'/>
        <id root="976d4400-e0c0-012f-f752-406c8fb8a271"/>
        <statusCode code="completed"/>
        <effectiveTime xsi:type="IVL_TS">
          <low value='20120407040000'/>
          <high nullFlavor="UNK"/>
        </effectiveTime>
        <consumable>
          <!--CCD Product - Required-->
          <manufacturedProduct classCode="MANU">
			    <templateId root='2.16.840.1.113883.10.20.22.4.23'/>
            <manufacturedMaterial>
              <code code="152916" codeSystem="2.16.840.1.113883.6.88" displayName="Beta Blocker Therapy (Code List: 2.16.840.1.113883.3.526.03.1174)">
  <originalText><reference value="#medications-desc-15"/></originalText>
</code>

              <name>Beta Blocker Therapy (Code List: 2.16.840.1.113883.3.526.03.1174)</name>
            </manufacturedMaterial>
          </manufacturedProduct>
        </consumable>
      </substanceAdministration>
    </entry>
  </section>
</component>
        <component>
  <!--Diagnostic Results-->
  <section>
    <templateId root="2.16.840.1.113883.10.20.22.2.3.1"/>
    <!--Diagnostic Results section template-->
    <code code="30954-2" codeSystem="2.16.840.1.113883.6.1" codeSystemName="LOINC" displayName="Results"/>
    <title>Diagnostic Results</title>
    <text>
  <table border="1" width="100%">
    <thead>
      <tr>
        <th>Description</th>
        <th>Codes</th>
        <th>Time</th>
        
          <th>Value</th>
      </tr>
    </thead>
    <tbody>
        <tr>
          <td ID="results-desc-0">Physical Exam, Finding: Heart Rate (Code List: 2.16.840.1.113883.3.526.03.1176)</td>
          <td ID="results-code-0">LOINC: 8867-4<br/><i></i></td>
          <td>September 24th, 2003 04:00 - February 12th, 2006 05:00</td>
           
              <td>
	                50<br/>
              </td>
        </tr>
        <tr>
          <td ID="results-desc-1">Diagnostic Study, Result: Ejection Fraction (Code List: 2.16.840.1.113883.3.526.03.1134)</td>
          <td ID="results-code-1">LOINC: 10230-1<br/><i></i></td>
          <td>August 8th, 2002 04:00 - June 8th, 2008 04:00</td>
           
              <td>
	                40<br/>
              </td>
        </tr>
    </tbody>
  </table>
</text>
    <entry typeCode="DRIV">
      <organizer classCode="BATTERY" moodCode="EVN">
        <templateId root="2.16.840.1.113883.10.20.22.4.1"/>
        <!--Result organizer template -->
        <id root="976d9c70-e0c0-012f-f752-406c8fb8a271"/>
        <code nullFlavor="NA"/>
        <statusCode code="completed"/>
        <effectiveTime value="20120914173608"/>
          <component>
           <observation classCode="OBS" moodCode="EVN">
            <templateId root="2.16.840.1.113883.10.20.22.4.2"/>
              <id root="976d9df0-e0c0-012f-f752-406c8fb8a271"/>
              <code nullFlavor="UNK">
                <originalText><reference value="Unknown"/></originalText>
              </code>
              <text>
                <reference value="Unknown"/>
              </text>
              <statusCode code="completed"/>
              <effectiveTime nullFlavor="UNK"/>
            </observation>
          </component>
        <component>
          <observation classCode="OBS" moodCode="EVN">
            <templateId root="2.16.840.1.113883.10.20.22.4.2"/>
            <!-- Result observation template -->
            <id root="976d9ec0-e0c0-012f-f752-406c8fb8a271"/>
            <code code="8867-4" codeSystem="2.16.840.1.113883.6.1" ><originalText>Physical Exam, Finding: Heart Rate (Code List: 2.16.840.1.113883.3.526.03.1176)</originalText></code>
            <text>
              <reference value="#results-desc-0"/>
            </text>
            <statusCode code="completed"/>
            <effectiveTime value='20030924040000'/>
                <value xsi:type="PQ" value="50" unit="{H.B}/min"/>
          </observation>
        </component>
        <component>
          <observation classCode="OBS" moodCode="EVN">
            <templateId root="2.16.840.1.113883.10.20.22.4.2"/>
            <!-- Result observation template -->
            <id root="976da6a0-e0c0-012f-f752-406c8fb8a271"/>
            <code code="10230-1" codeSystem="2.16.840.1.113883.6.1" ><originalText>Diagnostic Study, Result: Ejection Fraction (Code List: 2.16.840.1.113883.3.526.03.1134)</originalText></code>
            <text>
              <reference value="#results-desc-1"/>
            </text>
            <statusCode code="completed"/>
            <effectiveTime value='20020808040000'/>
                <value xsi:type="PQ" value="40" unit="%"/>
          </observation>
        </component>
      </organizer>
    </entry>
  </section>
</component>
        <component>
  <!--Problems-->
  <section>
    <templateId root="2.16.840.1.113883.10.20.22.2.5.1"/>
    <!--Problems section template-->
    <code code="11450-4" codeSystem="2.16.840.1.113883.6.1" codeSystemName="LOINC" displayName="Problem list"/>
    <title>Problems</title>
    <text>
  <table border="1" width="100%">
    <thead>
      <tr>
        <th>Description</th>
        <th>Codes</th>
        <th>Time</th>
          <th>Status</th>
        
      </tr>
    </thead>
    <tbody>
        <tr>
          <td ID="conditions-desc-0">Diagnosis, Active: Arrhythmia (Code List: 2.16.840.1.113883.3.526.03.366)</td>
          <td ID="conditions-code-0">ICD-9-CM: 427.9 ICD-10-CM: I49.8 SNOMED-CT: 184004<br/><i></i></td>
          <td>March 23rd, 1995 05:00 - September 28th, 2010 04:00</td>
            <td>active</td>
           
        </tr>
        <tr>
          <td ID="conditions-desc-1">Diagnosis, Active: Hypotension (Code List: 2.16.840.1.113883.3.526.03.370)</td>
          <td ID="conditions-code-1">ICD-9-CM: 458.0 ICD-10-CM: I95.0 SNOMED-CT: 45007003<br/><i></i></td>
          <td>December 28th, 2004 05:00 - October 1st, 2010 04:00</td>
            <td>active</td>
           
        </tr>
        <tr>
          <td ID="conditions-desc-2">Diagnosis, Active: Asthma (Code List: 2.16.840.1.113883.3.526.03.362)</td>
          <td ID="conditions-code-2">ICD-9-CM: 493.00 ICD-10-CM: J45.20 SNOMED-CT: 11641008<br/><i></i></td>
          <td>December 1st, 2010 05:00 - November 17th, 2011 05:00</td>
            <td>active</td>
           
        </tr>
        <tr>
          <td ID="conditions-desc-3">Diagnosis, Active: Allergy to Beta Blocker Therapy (Code List: 2.16.840.1.113883.3.526.03.1177)</td>
          <td ID="conditions-code-3">SNOMED-CT: 293962009<br/><i></i></td>
          <td>July 13th, 1998 04:00 - June 8th, 2002 04:00</td>
            <td>active</td>
           
        </tr>
        <tr>
          <td ID="conditions-desc-4">Diagnosis, Active: Intolerance to Beta Blocker Therapy (Code List: 2.16.840.1.113883.3.526.03.1178)</td>
          <td ID="conditions-code-4">SNOMED-CT: 292419005<br/><i></i></td>
          <td>September 24th, 1997 04:00 - March 26th, 2009 04:00</td>
            <td>active</td>
           
        </tr>
        <tr>
          <td ID="conditions-desc-5">Diagnosis, Active: Bradycardia (Code List: 2.16.840.1.113883.3.526.03.412)</td>
          <td ID="conditions-code-5">SNOMED-CT: 29894000 ICD-9-CM: 427.81 ICD-10-CM: I49.5<br/><i></i></td>
          <td>February 26th, 2010 05:00 - May 30th, 2010 04:00</td>
            <td>active</td>
           
        </tr>
        <tr>
          <td ID="conditions-desc-6">Diagnosis, Active: Atrioventricular Block (Code List: 2.16.840.1.113883.3.526.03.367)</td>
          <td ID="conditions-code-6">ICD-9-CM: 426.0 SNOMED-CT: 27885002 ICD-10-CM: I44.1<br/><i></i></td>
          <td>June 5th, 2004 04:00 - October 1st, 2011 04:00</td>
            <td>active</td>
           
        </tr>
        <tr>
          <td ID="conditions-desc-7">Diagnosis, Active: Cardiac Pacer in Situ (Code List: 2.16.840.1.113883.3.526.03.368)</td>
          <td ID="conditions-code-7">ICD-9-CM: V45.01 ICD-10-CM: Z95.0<br/><i></i></td>
          <td>October 21st, 1996 04:00 - July 5th, 2004 04:00</td>
            <td>active</td>
           
        </tr>
        <tr>
          <td ID="conditions-desc-8">Diagnosis, Active: Moderate or Severe LVSD (Code List: 2.16.840.1.113883.3.526.03.1090)</td>
          <td ID="conditions-code-8">SNOMED-CT: 981000124106<br/><i></i></td>
          <td>June 6th, 2010 04:00 - July 28th, 2011 04:00</td>
            <td>active</td>
           
        </tr>
        <tr>
          <td ID="conditions-desc-9">Diagnosis, Active: Left ventricular systolic dysfunction (Code List: 2.16.840.1.113883.3.526.03.1091)</td>
          <td ID="conditions-code-9">SNOMED-CT: 134401001<br/><i></i></td>
          <td>December 7th, 2007 05:00 - August 20th, 2009 04:00</td>
            <td>active</td>
           
        </tr>
        <tr>
          <td ID="conditions-desc-10">Diagnosis, Resolved: Myocardial Infarction (Code List: 2.16.840.1.113883.3.526.03.403)</td>
          <td ID="conditions-code-10">SNOMED-CT: 1755008 ICD-9-CM: 410.00 ICD-10-CM: I21.09<br/><i></i></td>
          <td>October 26th, 1994 04:00 - August 2nd, 2005 04:00</td>
            <td>resolved</td>
           
        </tr>
        <tr>
          <td ID="conditions-desc-11">Diagnosis, Active: Coronary Artery Disease No MI (Code List: 2.16.840.1.113883.3.526.03.369)</td>
          <td ID="conditions-code-11">ICD-9-CM: 411.0 ICD-10-CM: I20.0 SNOMED-CT: 4557003<br/><i></i></td>
          <td>August 20th, 2009 04:00 - October 13th, 2009 04:00</td>
            <td>active</td>
           
        </tr>
    </tbody>
  </table>
</text>
    <entry typeCode="DRIV">
      <act classCode="ACT" moodCode="EVN">
        <templateId root="2.16.840.1.113883.10.20.22.4.3"/>
        <!-- Problem act template -->
        <id root="976e0810-e0c0-012f-f752-406c8fb8a271"/>
        <code nullFlavor="NA"/>
        <statusCode code="active"/>
        <effectiveTime>
          <low value='19950323050000'/>
        </effectiveTime>
        <entryRelationship typeCode="SUBJ" inversionInd="false">
          <observation classCode="OBS" moodCode="EVN">
            <templateId root="2.16.840.1.113883.10.20.22.4.4"/>
            
            <!--Problem observation template - NOT episode template-->
            <id root="976e0a90-e0c0-012f-f752-406c8fb8a271"/>
            <code code="64572001" displayName="Condition" codeSystem="2.16.840.1.113883.6.96" codeSystemName="SNOMED-CT"/>
            <text>
              <reference value="#conditions-desc-0"/>
            </text>
            <statusCode code="completed"/>
            <effectiveTime>
              <low value='19950323050000'/>
            </effectiveTime>
            <value code="184004" codeSystem="2.16.840.1.113883.6.96" xsi:type="CD"><originalText>Diagnosis, Active: Arrhythmia (Code List: 2.16.840.1.113883.3.526.03.366)</originalText><translation code="427.9" codeSystem="2.16.840.1.113883.6.104"/>
<translation code="I49.8" codeSystem="2.16.840.1.113883.6.90"/>
</value>
            <entryRelationship typeCode="REFR">
              <observation classCode="OBS" moodCode="EVN">
                <templateId root="2.16.840.1.113883.10.20.22.4.6"/>
                <!-- Problem status observation template -->
                <code code="33999-4" codeSystem="2.16.840.1.113883.6.1" displayName="Status"/>
                <statusCode code="completed"/>
                <value xsi:type="CE" code="55561003" codeSystem="2.16.840.1.113883.6.96"/>
              </observation>
            </entryRelationship>
          </observation>
        </entryRelationship>
      </act>
    </entry>
    <entry typeCode="DRIV">
      <act classCode="ACT" moodCode="EVN">
        <templateId root="2.16.840.1.113883.10.20.22.4.3"/>
        <!-- Problem act template -->
        <id root="977fc5d0-e0c0-012f-f752-406c8fb8a271"/>
        <code nullFlavor="NA"/>
        <statusCode code="active"/>
        <effectiveTime>
          <low value='20041228050000'/>
        </effectiveTime>
        <entryRelationship typeCode="SUBJ" inversionInd="false">
          <observation classCode="OBS" moodCode="EVN">
            <templateId root="2.16.840.1.113883.10.20.22.4.4"/>
            
            <!--Problem observation template - NOT episode template-->
            <id root="977fcb10-e0c0-012f-f752-406c8fb8a271"/>
            <code code="64572001" displayName="Condition" codeSystem="2.16.840.1.113883.6.96" codeSystemName="SNOMED-CT"/>
            <text>
              <reference value="#conditions-desc-1"/>
            </text>
            <statusCode code="completed"/>
            <effectiveTime>
              <low value='20041228050000'/>
            </effectiveTime>
            <value code="45007003" codeSystem="2.16.840.1.113883.6.96" xsi:type="CD"><originalText>Diagnosis, Active: Hypotension (Code List: 2.16.840.1.113883.3.526.03.370)</originalText><translation code="458.0" codeSystem="2.16.840.1.113883.6.104"/>
<translation code="I95.0" codeSystem="2.16.840.1.113883.6.90"/>
</value>
            <entryRelationship typeCode="REFR">
              <observation classCode="OBS" moodCode="EVN">
                <templateId root="2.16.840.1.113883.10.20.22.4.6"/>
                <!-- Problem status observation template -->
                <code code="33999-4" codeSystem="2.16.840.1.113883.6.1" displayName="Status"/>
                <statusCode code="completed"/>
                <value xsi:type="CE" code="55561003" codeSystem="2.16.840.1.113883.6.96"/>
              </observation>
            </entryRelationship>
          </observation>
        </entryRelationship>
      </act>
    </entry>
    <entry typeCode="DRIV">
      <act classCode="ACT" moodCode="EVN">
        <templateId root="2.16.840.1.113883.10.20.22.4.3"/>
        <!-- Problem act template -->
        <id root="977fd220-e0c0-012f-f752-406c8fb8a271"/>
        <code nullFlavor="NA"/>
        <statusCode code="active"/>
        <effectiveTime>
          <low value='20101201050000'/>
        </effectiveTime>
        <entryRelationship typeCode="SUBJ" inversionInd="false">
          <observation classCode="OBS" moodCode="EVN">
            <templateId root="2.16.840.1.113883.10.20.22.4.4"/>
            
            <!--Problem observation template - NOT episode template-->
            <id root="977fd410-e0c0-012f-f752-406c8fb8a271"/>
            <code code="64572001" displayName="Condition" codeSystem="2.16.840.1.113883.6.96" codeSystemName="SNOMED-CT"/>
            <text>
              <reference value="#conditions-desc-2"/>
            </text>
            <statusCode code="completed"/>
            <effectiveTime>
              <low value='20101201050000'/>
            </effectiveTime>
            <value code="11641008" codeSystem="2.16.840.1.113883.6.96" xsi:type="CD"><originalText>Diagnosis, Active: Asthma (Code List: 2.16.840.1.113883.3.526.03.362)</originalText><translation code="493.00" codeSystem="2.16.840.1.113883.6.104"/>
<translation code="J45.20" codeSystem="2.16.840.1.113883.6.90"/>
</value>
            <entryRelationship typeCode="REFR">
              <observation classCode="OBS" moodCode="EVN">
                <templateId root="2.16.840.1.113883.10.20.22.4.6"/>
                <!-- Problem status observation template -->
                <code code="33999-4" codeSystem="2.16.840.1.113883.6.1" displayName="Status"/>
                <statusCode code="completed"/>
                <value xsi:type="CE" code="55561003" codeSystem="2.16.840.1.113883.6.96"/>
              </observation>
            </entryRelationship>
          </observation>
        </entryRelationship>
      </act>
    </entry>
    <entry typeCode="DRIV">
      <act classCode="ACT" moodCode="EVN">
        <templateId root="2.16.840.1.113883.10.20.22.4.3"/>
        <!-- Problem act template -->
        <id root="977fd9f0-e0c0-012f-f752-406c8fb8a271"/>
        <code nullFlavor="NA"/>
        <statusCode code="active"/>
        <effectiveTime>
          <low value='19980713040000'/>
        </effectiveTime>
        <entryRelationship typeCode="SUBJ" inversionInd="false">
          <observation classCode="OBS" moodCode="EVN">
            <templateId root="2.16.840.1.113883.10.20.22.4.4"/>
            
            <!--Problem observation template - NOT episode template-->
            <id root="977fdbd0-e0c0-012f-f752-406c8fb8a271"/>
            <code code="64572001" displayName="Condition" codeSystem="2.16.840.1.113883.6.96" codeSystemName="SNOMED-CT"/>
            <text>
              <reference value="#conditions-desc-3"/>
            </text>
            <statusCode code="completed"/>
            <effectiveTime>
              <low value='19980713040000'/>
            </effectiveTime>
            <value code="293962009" codeSystem="2.16.840.1.113883.6.96" xsi:type="CD"><originalText>Diagnosis, Active: Allergy to Beta Blocker Therapy (Code List: 2.16.840.1.113883.3.526.03.1177)</originalText></value>
            <entryRelationship typeCode="REFR">
              <observation classCode="OBS" moodCode="EVN">
                <templateId root="2.16.840.1.113883.10.20.22.4.6"/>
                <!-- Problem status observation template -->
                <code code="33999-4" codeSystem="2.16.840.1.113883.6.1" displayName="Status"/>
                <statusCode code="completed"/>
                <value xsi:type="CE" code="55561003" codeSystem="2.16.840.1.113883.6.96"/>
              </observation>
            </entryRelationship>
          </observation>
        </entryRelationship>
      </act>
    </entry>
    <entry typeCode="DRIV">
      <act classCode="ACT" moodCode="EVN">
        <templateId root="2.16.840.1.113883.10.20.22.4.3"/>
        <!-- Problem act template -->
        <id root="977fe0f0-e0c0-012f-f752-406c8fb8a271"/>
        <code nullFlavor="NA"/>
        <statusCode code="active"/>
        <effectiveTime>
          <low value='19970924040000'/>
        </effectiveTime>
        <entryRelationship typeCode="SUBJ" inversionInd="false">
          <observation classCode="OBS" moodCode="EVN">
            <templateId root="2.16.840.1.113883.10.20.22.4.4"/>
            
            <!--Problem observation template - NOT episode template-->
            <id root="977fe2d0-e0c0-012f-f752-406c8fb8a271"/>
            <code code="64572001" displayName="Condition" codeSystem="2.16.840.1.113883.6.96" codeSystemName="SNOMED-CT"/>
            <text>
              <reference value="#conditions-desc-4"/>
            </text>
            <statusCode code="completed"/>
            <effectiveTime>
              <low value='19970924040000'/>
            </effectiveTime>
            <value code="292419005" codeSystem="2.16.840.1.113883.6.96" xsi:type="CD"><originalText>Diagnosis, Active: Intolerance to Beta Blocker Therapy (Code List: 2.16.840.1.113883.3.526.03.1178)</originalText></value>
            <entryRelationship typeCode="REFR">
              <observation classCode="OBS" moodCode="EVN">
                <templateId root="2.16.840.1.113883.10.20.22.4.6"/>
                <!-- Problem status observation template -->
                <code code="33999-4" codeSystem="2.16.840.1.113883.6.1" displayName="Status"/>
                <statusCode code="completed"/>
                <value xsi:type="CE" code="55561003" codeSystem="2.16.840.1.113883.6.96"/>
              </observation>
            </entryRelationship>
          </observation>
        </entryRelationship>
      </act>
    </entry>
    <entry typeCode="DRIV">
      <act classCode="ACT" moodCode="EVN">
        <templateId root="2.16.840.1.113883.10.20.22.4.3"/>
        <!-- Problem act template -->
        <id root="977fe7e0-e0c0-012f-f752-406c8fb8a271"/>
        <code nullFlavor="NA"/>
        <statusCode code="active"/>
        <effectiveTime>
          <low value='20100226050000'/>
        </effectiveTime>
        <entryRelationship typeCode="SUBJ" inversionInd="false">
          <observation classCode="OBS" moodCode="EVN">
            <templateId root="2.16.840.1.113883.10.20.22.4.4"/>
            
            <!--Problem observation template - NOT episode template-->
            <id root="977fe9c0-e0c0-012f-f752-406c8fb8a271"/>
            <code code="64572001" displayName="Condition" codeSystem="2.16.840.1.113883.6.96" codeSystemName="SNOMED-CT"/>
            <text>
              <reference value="#conditions-desc-5"/>
            </text>
            <statusCode code="completed"/>
            <effectiveTime>
              <low value='20100226050000'/>
            </effectiveTime>
            <value code="29894000" codeSystem="2.16.840.1.113883.6.96" xsi:type="CD"><originalText>Diagnosis, Active: Bradycardia (Code List: 2.16.840.1.113883.3.526.03.412)</originalText><translation code="427.81" codeSystem="2.16.840.1.113883.6.104"/>
<translation code="I49.5" codeSystem="2.16.840.1.113883.6.90"/>
</value>
            <entryRelationship typeCode="REFR">
              <observation classCode="OBS" moodCode="EVN">
                <templateId root="2.16.840.1.113883.10.20.22.4.6"/>
                <!-- Problem status observation template -->
                <code code="33999-4" codeSystem="2.16.840.1.113883.6.1" displayName="Status"/>
                <statusCode code="completed"/>
                <value xsi:type="CE" code="55561003" codeSystem="2.16.840.1.113883.6.96"/>
              </observation>
            </entryRelationship>
          </observation>
        </entryRelationship>
      </act>
    </entry>
    <entry typeCode="DRIV">
      <act classCode="ACT" moodCode="EVN">
        <templateId root="2.16.840.1.113883.10.20.22.4.3"/>
        <!-- Problem act template -->
        <id root="977fef90-e0c0-012f-f752-406c8fb8a271"/>
        <code nullFlavor="NA"/>
        <statusCode code="active"/>
        <effectiveTime>
          <low value='20040605040000'/>
        </effectiveTime>
        <entryRelationship typeCode="SUBJ" inversionInd="false">
          <observation classCode="OBS" moodCode="EVN">
            <templateId root="2.16.840.1.113883.10.20.22.4.4"/>
            
            <!--Problem observation template - NOT episode template-->
            <id root="977ff180-e0c0-012f-f752-406c8fb8a271"/>
            <code code="64572001" displayName="Condition" codeSystem="2.16.840.1.113883.6.96" codeSystemName="SNOMED-CT"/>
            <text>
              <reference value="#conditions-desc-6"/>
            </text>
            <statusCode code="completed"/>
            <effectiveTime>
              <low value='20040605040000'/>
            </effectiveTime>
            <value code="27885002" codeSystem="2.16.840.1.113883.6.96" xsi:type="CD"><originalText>Diagnosis, Active: Atrioventricular Block (Code List: 2.16.840.1.113883.3.526.03.367)</originalText><translation code="426.0" codeSystem="2.16.840.1.113883.6.104"/>
<translation code="I44.1" codeSystem="2.16.840.1.113883.6.90"/>
</value>
            <entryRelationship typeCode="REFR">
              <observation classCode="OBS" moodCode="EVN">
                <templateId root="2.16.840.1.113883.10.20.22.4.6"/>
                <!-- Problem status observation template -->
                <code code="33999-4" codeSystem="2.16.840.1.113883.6.1" displayName="Status"/>
                <statusCode code="completed"/>
                <value xsi:type="CE" code="55561003" codeSystem="2.16.840.1.113883.6.96"/>
              </observation>
            </entryRelationship>
          </observation>
        </entryRelationship>
      </act>
    </entry>
    <entry typeCode="DRIV">
      <act classCode="ACT" moodCode="EVN">
        <templateId root="2.16.840.1.113883.10.20.22.4.3"/>
        <!-- Problem act template -->
        <id root="977ff750-e0c0-012f-f752-406c8fb8a271"/>
        <code nullFlavor="NA"/>
        <statusCode code="active"/>
        <effectiveTime>
          <low value='19961021040000'/>
        </effectiveTime>
        <entryRelationship typeCode="SUBJ" inversionInd="false">
          <observation classCode="OBS" moodCode="EVN">
            <templateId root="2.16.840.1.113883.10.20.22.4.4"/>
            
            <!--Problem observation template - NOT episode template-->
            <id root="977ff930-e0c0-012f-f752-406c8fb8a271"/>
            <code code="64572001" displayName="Condition" codeSystem="2.16.840.1.113883.6.96" codeSystemName="SNOMED-CT"/>
            <text>
              <reference value="#conditions-desc-7"/>
            </text>
            <statusCode code="completed"/>
            <effectiveTime>
              <low value='19961021040000'/>
            </effectiveTime>
            <value nullFlavor="UNK" xsi:type="CD"><originalText>Diagnosis, Active: Cardiac Pacer in Situ (Code List: 2.16.840.1.113883.3.526.03.368)</originalText><translation code="V45.01" codeSystem="2.16.840.1.113883.6.104"/>
<translation code="Z95.0" codeSystem="2.16.840.1.113883.6.90"/>
</value>
            <entryRelationship typeCode="REFR">
              <observation classCode="OBS" moodCode="EVN">
                <templateId root="2.16.840.1.113883.10.20.22.4.6"/>
                <!-- Problem status observation template -->
                <code code="33999-4" codeSystem="2.16.840.1.113883.6.1" displayName="Status"/>
                <statusCode code="completed"/>
                <value xsi:type="CE" code="55561003" codeSystem="2.16.840.1.113883.6.96"/>
              </observation>
            </entryRelationship>
          </observation>
        </entryRelationship>
      </act>
    </entry>
    <entry typeCode="DRIV">
      <act classCode="ACT" moodCode="EVN">
        <templateId root="2.16.840.1.113883.10.20.22.4.3"/>
        <!-- Problem act template -->
        <id root="977ffe90-e0c0-012f-f752-406c8fb8a271"/>
        <code nullFlavor="NA"/>
        <statusCode code="active"/>
        <effectiveTime>
          <low value='20100606040000'/>
        </effectiveTime>
        <entryRelationship typeCode="SUBJ" inversionInd="false">
          <observation classCode="OBS" moodCode="EVN">
            <templateId root="2.16.840.1.113883.10.20.22.4.4"/>
            
            <!--Problem observation template - NOT episode template-->
            <id root="97800080-e0c0-012f-f752-406c8fb8a271"/>
            <code code="64572001" displayName="Condition" codeSystem="2.16.840.1.113883.6.96" codeSystemName="SNOMED-CT"/>
            <text>
              <reference value="#conditions-desc-8"/>
            </text>
            <statusCode code="completed"/>
            <effectiveTime>
              <low value='20100606040000'/>
            </effectiveTime>
            <value code="981000124106" codeSystem="2.16.840.1.113883.6.96" xsi:type="CD"><originalText>Diagnosis, Active: Moderate or Severe LVSD (Code List: 2.16.840.1.113883.3.526.03.1090)</originalText></value>
            <entryRelationship typeCode="REFR">
              <observation classCode="OBS" moodCode="EVN">
                <templateId root="2.16.840.1.113883.10.20.22.4.6"/>
                <!-- Problem status observation template -->
                <code code="33999-4" codeSystem="2.16.840.1.113883.6.1" displayName="Status"/>
                <statusCode code="completed"/>
                <value xsi:type="CE" code="55561003" codeSystem="2.16.840.1.113883.6.96"/>
              </observation>
            </entryRelationship>
          </observation>
        </entryRelationship>
      </act>
    </entry>
    <entry typeCode="DRIV">
      <act classCode="ACT" moodCode="EVN">
        <templateId root="2.16.840.1.113883.10.20.22.4.3"/>
        <!-- Problem act template -->
        <id root="97800580-e0c0-012f-f752-406c8fb8a271"/>
        <code nullFlavor="NA"/>
        <statusCode code="active"/>
        <effectiveTime>
          <low value='20071207050000'/>
        </effectiveTime>
        <entryRelationship typeCode="SUBJ" inversionInd="false">
          <observation classCode="OBS" moodCode="EVN">
            <templateId root="2.16.840.1.113883.10.20.22.4.4"/>
            
            <!--Problem observation template - NOT episode template-->
            <id root="97800760-e0c0-012f-f752-406c8fb8a271"/>
            <code code="64572001" displayName="Condition" codeSystem="2.16.840.1.113883.6.96" codeSystemName="SNOMED-CT"/>
            <text>
              <reference value="#conditions-desc-9"/>
            </text>
            <statusCode code="completed"/>
            <effectiveTime>
              <low value='20071207050000'/>
            </effectiveTime>
            <value code="134401001" codeSystem="2.16.840.1.113883.6.96" xsi:type="CD"><originalText>Diagnosis, Active: Left ventricular systolic dysfunction (Code List: 2.16.840.1.113883.3.526.03.1091)</originalText></value>
            <entryRelationship typeCode="REFR">
              <observation classCode="OBS" moodCode="EVN">
                <templateId root="2.16.840.1.113883.10.20.22.4.6"/>
                <!-- Problem status observation template -->
                <code code="33999-4" codeSystem="2.16.840.1.113883.6.1" displayName="Status"/>
                <statusCode code="completed"/>
                <value xsi:type="CE" code="55561003" codeSystem="2.16.840.1.113883.6.96"/>
              </observation>
            </entryRelationship>
          </observation>
        </entryRelationship>
      </act>
    </entry>
    <entry typeCode="DRIV">
      <act classCode="ACT" moodCode="EVN">
        <templateId root="2.16.840.1.113883.10.20.22.4.3"/>
        <!-- Problem act template -->
        <id root="97800c70-e0c0-012f-f752-406c8fb8a271"/>
        <code nullFlavor="NA"/>
        <statusCode code="completed"/>
        <effectiveTime>
          <low value='19941026040000'/>
        </effectiveTime>
        <entryRelationship typeCode="SUBJ" inversionInd="false">
          <observation classCode="OBS" moodCode="EVN">
            <templateId root="2.16.840.1.113883.10.20.22.4.4"/>
            
            <!--Problem observation template - NOT episode template-->
            <id root="97800ec0-e0c0-012f-f752-406c8fb8a271"/>
            <code code="64572001" displayName="Condition" codeSystem="2.16.840.1.113883.6.96" codeSystemName="SNOMED-CT"/>
            <text>
              <reference value="#conditions-desc-10"/>
            </text>
            <statusCode code="completed"/>
            <effectiveTime>
              <low value='19941026040000'/>
            </effectiveTime>
            <value code="1755008" codeSystem="2.16.840.1.113883.6.96" xsi:type="CD"><originalText>Diagnosis, Resolved: Myocardial Infarction (Code List: 2.16.840.1.113883.3.526.03.403)</originalText><translation code="410.00" codeSystem="2.16.840.1.113883.6.104"/>
<translation code="I21.09" codeSystem="2.16.840.1.113883.6.90"/>
</value>
            <entryRelationship typeCode="REFR">
              <observation classCode="OBS" moodCode="EVN">
                <templateId root="2.16.840.1.113883.10.20.22.4.6"/>
                <!-- Problem status observation template -->
                <code code="33999-4" codeSystem="2.16.840.1.113883.6.1" displayName="Status"/>
                <statusCode code="completed"/>
                <value xsi:type="CE" code="413322009" codeSystem="2.16.840.1.113883.6.96"/>
              </observation>
            </entryRelationship>
          </observation>
        </entryRelationship>
      </act>
    </entry>
    <entry typeCode="DRIV">
      <act classCode="ACT" moodCode="EVN">
        <templateId root="2.16.840.1.113883.10.20.22.4.3"/>
        <!-- Problem act template -->
        <id root="97801490-e0c0-012f-f752-406c8fb8a271"/>
        <code nullFlavor="NA"/>
        <statusCode code="active"/>
        <effectiveTime>
          <low value='20090820040000'/>
        </effectiveTime>
        <entryRelationship typeCode="SUBJ" inversionInd="false">
          <observation classCode="OBS" moodCode="EVN">
            <templateId root="2.16.840.1.113883.10.20.22.4.4"/>
            
            <!--Problem observation template - NOT episode template-->
            <id root="97801670-e0c0-012f-f752-406c8fb8a271"/>
            <code code="64572001" displayName="Condition" codeSystem="2.16.840.1.113883.6.96" codeSystemName="SNOMED-CT"/>
            <text>
              <reference value="#conditions-desc-11"/>
            </text>
            <statusCode code="completed"/>
            <effectiveTime>
              <low value='20090820040000'/>
            </effectiveTime>
            <value code="4557003" codeSystem="2.16.840.1.113883.6.96" xsi:type="CD"><originalText>Diagnosis, Active: Coronary Artery Disease No MI (Code List: 2.16.840.1.113883.3.526.03.369)</originalText><translation code="411.0" codeSystem="2.16.840.1.113883.6.104"/>
<translation code="I20.0" codeSystem="2.16.840.1.113883.6.90"/>
</value>
            <entryRelationship typeCode="REFR">
              <observation classCode="OBS" moodCode="EVN">
                <templateId root="2.16.840.1.113883.10.20.22.4.6"/>
                <!-- Problem status observation template -->
                <code code="33999-4" codeSystem="2.16.840.1.113883.6.1" displayName="Status"/>
                <statusCode code="completed"/>
                <value xsi:type="CE" code="55561003" codeSystem="2.16.840.1.113883.6.96"/>
              </observation>
            </entryRelationship>
          </observation>
        </entryRelationship>
      </act>
    </entry>
  </section>
</component>

        <component>
  <!--Surgeries-->
  <section>
    <templateId root="2.16.840.1.113883.10.20.22.2.7"/>
    <!--Surgeries section template-->
    <code code="47519-4" codeSystem="2.16.840.1.113883.6.1" codeSystemName="LOINC" displayName="List of surgeries"/>
    <title>Surgeries</title>
    <text>
  <table border="1" width="100%">
    <thead>
      <tr>
        <th>Description</th>
        <th>Codes</th>
        <th>Time</th>
        
      </tr>
    </thead>
    <tbody>
        <tr>
          <td ID="procedures-desc-0">Procedure, Performed: Cardiac Surgery (Code List: 2.16.840.1.113883.3.526.03.371)</td>
          <td ID="procedures-code-0">SNOMED-CT: 3546002 CPT: 33140<br/><i></i></td>
          <td>February 4th, 2009 05:00 - February 9th, 2012 05:00</td>
           
        </tr>
    </tbody>
  </table>
</text>
    <entry typeCode="DRIV">
      <procedure classCode="PROC" moodCode="EVN">
        <templateId root="2.16.840.1.113883.10.20.22.4.14"/>
        <!-- Procedure activity template -->
        <id root="97805760-e0c0-012f-f752-406c8fb8a271"/>
        <code code="33140" codeSystem="2.16.840.1.113883.6.12" displayName="Procedure, Performed: Cardiac Surgery (Code List: 2.16.840.1.113883.3.526.03.371)">
  <originalText><reference value="#procedures-desc-0"/></originalText>
  <translation code="3546002" codeSystem="2.16.840.1.113883.6.96" />
</code>

        <text>
          <reference value="#procedures-desc-0"/>
        </text>
        <statusCode code="completed"/>
        <effectiveTime value='20090204050000'/>
      </procedure>
    </entry>
  </section>
</component>
        <component>
  <!--Encounters-->
  <section>
    <templateId root="2.16.840.1.113883.10.20.22.2.22" /> <!-- CCDA Template id -->
    <!--Encounters section template-->
    <code code="46240-8" codeSystem="2.16.840.1.113883.6.1" codeSystemName="LOINC" displayName="History of encounters"/>
    <title>Encounters</title>
    <text>
  <table border="1" width="100%">
    <thead>
      <tr>
        <th>Description</th>
        <th>Codes</th>
        <th>Time</th>
        
      </tr>
    </thead>
    <tbody>
        <tr>
          <td ID="encounters-desc-0">Office Visit (Code List: 2.16.840.1.113883.3.464.0003.01.02.0001)</td>
          <td ID="encounters-code-0">CPT: 99201<br/><i></i></td>
          <td>May 1st, 1997 04:00 - January 7th, 2002 05:00</td>
           
        </tr>
        <tr>
          <td ID="encounters-desc-1">Care Services in Long-Term Residential Facility (Code List: 2.16.840.1.113883.3.464.0003.01.02.0014)</td>
          <td ID="encounters-code-1">CPT: 99324<br/><i></i></td>
          <td>June 7th, 1997 04:00 - November 9th, 2004 05:00</td>
           
        </tr>
        <tr>
          <td ID="encounters-desc-2">Face-to-Face Interaction (Code List: 2.16.840.1.113883.3.464.0003.01.02.0048)</td>
          <td ID="encounters-code-2">SNOMED-CT: 4525004<br/><i></i></td>
          <td>September 29th, 1996 04:00 - March 29th, 2006 05:00</td>
           
        </tr>
        <tr>
          <td ID="encounters-desc-3">Home Healthcare Services (Code List: 2.16.840.1.113883.3.464.0003.01.02.0016)</td>
          <td ID="encounters-code-3">CPT: 99341<br/><i></i></td>
          <td>November 14th, 2001 05:00 - April 27th, 2008 04:00</td>
           
        </tr>
        <tr>
          <td ID="encounters-desc-4">Nursing Facility Visit (Code List: 2.16.840.1.113883.3.464.0003.01.02.0012)</td>
          <td ID="encounters-code-4">CPT: 99304<br/><i></i></td>
          <td>March 27th, 1998 05:00 - October 25th, 2008 04:00</td>
           
        </tr>
        <tr>
          <td ID="encounters-desc-5">Outpatient Consultation (Code List: 2.16.840.1.113883.3.464.0003.01.02.0008)</td>
          <td ID="encounters-code-5">CPT: 99241<br/><i></i></td>
          <td>June 12th, 2005 04:00 - June 20th, 2010 04:00</td>
           
        </tr>
        <tr>
          <td ID="encounters-desc-6">Encounter, Performed: Patient Provider Interaction (Code List: 2.16.840.1.113883.3.526.03.1012)</td>
          <td ID="encounters-code-6">SNOMED-CT: 4525004<br/><i></i></td>
          <td>February 27th, 2012 05:00 - April 26th, 2012 04:00</td>
           
        </tr>
    </tbody>
  </table>
</text>
    <entry typeCode="DRIV">
      <encounter classCode="ENC" moodCode="EVN">
		    <templateId root="2.16.840.1.113883.10.20.22.4.49"/>
        <!-- Encounter activity template -->
        <id root="9780b6e0-e0c0-012f-f752-406c8fb8a271"/>
        <code code="99201" codeSystem="2.16.840.1.113883.6.12" displayName="Office Visit (Code List: 2.16.840.1.113883.3.464.0003.01.02.0001)">
  <originalText><reference value="#encounters-desc-0"/></originalText>
</code>

        <text>
          <reference value="#encounters-desc-0"/>
        </text>
        <effectiveTime value='19970501040000'/>
      </encounter>
    </entry>
    <entry typeCode="DRIV">
      <encounter classCode="ENC" moodCode="EVN">
		    <templateId root="2.16.840.1.113883.10.20.22.4.49"/>
        <!-- Encounter activity template -->
        <id root="9780ce10-e0c0-012f-f752-406c8fb8a271"/>
        <code code="99324" codeSystem="2.16.840.1.113883.6.12" displayName="Care Services in Long-Term Residential Facility (Code List: 2.16.840.1.113883.3.464.0003.01.02.0014)">
  <originalText><reference value="#encounters-desc-1"/></originalText>
</code>

        <text>
          <reference value="#encounters-desc-1"/>
        </text>
        <effectiveTime value='19970607040000'/>
      </encounter>
    </entry>
    <entry typeCode="DRIV">
      <encounter classCode="ENC" moodCode="EVN">
		    <templateId root="2.16.840.1.113883.10.20.22.4.49"/>
        <!-- Encounter activity template -->
        <id root="9780e6e0-e0c0-012f-f752-406c8fb8a271"/>
        <code nullFlavor="UNK">
  <originalText><reference value="#encounters-desc-2"/></originalText>
  <translation code="4525004" codeSystem="2.16.840.1.113883.6.96" />
</code>

        <text>
          <reference value="#encounters-desc-2"/>
        </text>
        <effectiveTime value='19960929040000'/>
      </encounter>
    </entry>
    <entry typeCode="DRIV">
      <encounter classCode="ENC" moodCode="EVN">
		    <templateId root="2.16.840.1.113883.10.20.22.4.49"/>
        <!-- Encounter activity template -->
        <id root="9780fd30-e0c0-012f-f752-406c8fb8a271"/>
        <code code="99341" codeSystem="2.16.840.1.113883.6.12" displayName="Home Healthcare Services (Code List: 2.16.840.1.113883.3.464.0003.01.02.0016)">
  <originalText><reference value="#encounters-desc-3"/></originalText>
</code>

        <text>
          <reference value="#encounters-desc-3"/>
        </text>
        <effectiveTime value='20011114050000'/>
      </encounter>
    </entry>
    <entry typeCode="DRIV">
      <encounter classCode="ENC" moodCode="EVN">
		    <templateId root="2.16.840.1.113883.10.20.22.4.49"/>
        <!-- Encounter activity template -->
        <id root="97811410-e0c0-012f-f752-406c8fb8a271"/>
        <code code="99304" codeSystem="2.16.840.1.113883.6.12" displayName="Nursing Facility Visit (Code List: 2.16.840.1.113883.3.464.0003.01.02.0012)">
  <originalText><reference value="#encounters-desc-4"/></originalText>
</code>

        <text>
          <reference value="#encounters-desc-4"/>
        </text>
        <effectiveTime value='19980327050000'/>
      </encounter>
    </entry>
    <entry typeCode="DRIV">
      <encounter classCode="ENC" moodCode="EVN">
		    <templateId root="2.16.840.1.113883.10.20.22.4.49"/>
        <!-- Encounter activity template -->
        <id root="97812ab0-e0c0-012f-f752-406c8fb8a271"/>
        <code code="99241" codeSystem="2.16.840.1.113883.6.12" displayName="Outpatient Consultation (Code List: 2.16.840.1.113883.3.464.0003.01.02.0008)">
  <originalText><reference value="#encounters-desc-5"/></originalText>
</code>

        <text>
          <reference value="#encounters-desc-5"/>
        </text>
        <effectiveTime value='20050612040000'/>
      </encounter>
    </entry>
    <entry typeCode="DRIV">
      <encounter classCode="ENC" moodCode="EVN">
		    <templateId root="2.16.840.1.113883.10.20.22.4.49"/>
        <!-- Encounter activity template -->
        <id root="97814100-e0c0-012f-f752-406c8fb8a271"/>
        <code nullFlavor="UNK">
  <originalText><reference value="#encounters-desc-6"/></originalText>
  <translation code="4525004" codeSystem="2.16.840.1.113883.6.96" />
</code>

        <text>
          <reference value="#encounters-desc-6"/>
        </text>
        <effectiveTime value='20120227050000'/>
      </encounter>
    </entry>
  </section>
</component>
        <component>
  <!--Medical Equipment - Not C32-->
  <section>
    <templateId root="2.16.840.1.113883.10.20.22.2.23" />
    <!-- Medical equipment section template -->
    <code code="46264-8" codeSystem="2.16.840.1.113883.6.1"/>
    <title>Medical Equipment</title>
    <text>
  <table border="1" width="100%">
    <thead>
      <tr>
        <th>Description</th>
        <th>Codes</th>
        <th>Time</th>
        
      </tr>
    </thead>
    <tbody>
        <tr>
          <td ID="medical_equipment-desc-0">Device, Applied: Cardiac Pacer (Code List: 2.16.840.1.113883.3.526.03.1193)</td>
          <td ID="medical_equipment-code-0">SNOMED-CT: 14106009<br/><i></i></td>
          <td>January 8th, 1997 05:00 - March 24th, 2010 04:00</td>
           
        </tr>
    </tbody>
  </table>
</text>
    <entry typeCode="DRIV">
      <supply classCode="SPLY" moodCode="EVN">
        <templateId root="2.16.840.1.113883.10.20.22.4.50"/>
        <!-- Supply activity template -->
        <id root="97818d10-e0c0-012f-f752-406c8fb8a271"/>
        <statusCode code="completed"/>
        <effectiveTime value='19970108050000'/>
        <participant typeCode="DEV">
          <participantRole classCode="MANU">
            <templateId root="2.16.840.1.113883.10.20.22.4.37"/>
            <!-- Product instance template -->
            <addr/>
            <telecom/>
            <playingDevice>
              <code nullFlavor="UNK" ><originalText>Device, Applied: Cardiac Pacer (Code List: 2.16.840.1.113883.3.526.03.1193)</originalText><translation code="14106009" codeSystem="2.16.840.1.113883.6.96"/>
</code>
            </playingDevice>
          </participantRole>
        </participant>
      </supply>
    </entry>
  </section>
</component>
    </structuredBody>
  </component>
</ClinicalDocument>