<?xml version="1.0" encoding="UTF-8"?>
<ClinicalDocument xmlns="urn:hl7-org:v3" xmlns:sdtc="urn:hl7-org:sdtc" xmlns:xsi="http://www.w3.org/2001/XMLSchema-instance" xsi:schemaLocation="urn:hl7-org:v3 http://xreg2.nist.gov:8080/hitspValidation/schema/cdar2c32/infrastructure/cda/C32_CDA.xsd">
  <realmCode code="US"/>
  <typeId root="2.16.840.1.113883.1.3" extension="POCD_HD000040"/>
  <templateId root="2.16.840.1.113883.10.20.22.1.1" />
  <templateId root='2.16.840.1.113883.10.20.22.1.2'/> 
  <id root="2.16.840.1.113883.3.72" extension="50536a6b709357c7fa000282" assigningAuthorityName="NIST Healthcare Project"/>
  <code code="34133-9" displayName="Summarization of episode note" codeSystem="2.16.840.1.113883.6.1" codeSystemName="LOINC"/>
  <title>Cypress C32 Patient Test Record: Donna Brown</title>
  <effectiveTime value="20120914173608"/>
  <confidentialityCode code="N"/>
  <languageCode code="en-US"/>
  <recordTarget>
    <patientRole>
      <id root="Cypress" extension="50536a6b709357c7fa000282"/>
      <addr use="HP">
        <streetAddressLine>202 Burlington Rd.</streetAddressLine>
        <city>Bedford</city>
        <state>MA</state>
        <postalCode>01730</postalCode>
      </addr>
      <telecom value="tel:+1-781-271-3000"/>
      <patient>
        <name>
          <given>Donna</given>
          <family>Brown</family>
        </name>
        <administrativeGenderCode code="F" codeSystem="2.16.840.1.113883.5.1" codeSystemName="HL7 AdministrativeGender"/>
        <birthTime value="20100727040000"/>
          <raceCode code=""  codeSystemName="CDC Race and Ethnicity" codeSystem="2.16.840.1.113883.6.238"/>
          <ethnicGroupCode code=""  codeSystemName="CDC Race and Ethnicity" codeSystem="2.16.840.1.113883.6.238"/>
          <languageCommunication>
            <languageCode code="ja-US"/>
          </languageCommunication>
      </patient>
    </patientRole>
  </recordTarget>
  <author>
    <time value="20120914173608"/>
    <assignedAuthor>
      <id/>
      <addr/>
      <telecom value="tel:+1-781-271-3000"/>
      <assignedPerson>
        <name>Auto Generated</name>
      </assignedPerson>
    </assignedAuthor>
  </author>
  <custodian>
    <assignedCustodian>
      <representedCustodianOrganization>
        <id/>
        <name>Cypress</name>
        <telecom value="tel:+1-781-271-3000"/>
        <addr>
          <streetAddressLine>202 Burlington Rd.</streetAddressLine>
          <city>Bedford</city>
          <state>MA</state>
          <postalCode>01730</postalCode>
        </addr>
      </representedCustodianOrganization>
    </assignedCustodian>
  </custodian>
  <component>
    <structuredBody>
        <component>
          <!-- Allergies: patient has no allergies -->
            <section>
             <templateId root="2.16.840.1.113883.10.20.22.2.6"/>
              <code code="11450-4" codeSystem="2.16.840.1.113883.6.1" codeSystemName="LOINC" displayName="Problem List"/>
              <title>Allergies and Adverse Reactions</title>                
               <text>
                <table border="1" width="100%">
                  <thead>
                    <tr>
                      <th>Description</th>                      
                      <th>Code</th>                      
                      <th>Time</th>
                    </tr>
                  </thead>
                  <tbody>
                    <tr ID="noallergies_summary">                                           
                      <td ID="noallergies">No Known allergies</td>
                      <td>160244002</td>                                         
                      <td>20120914173608</td>
                    </tr>                   
                 </tbody>
               </table>                             
             </text>
             <entry typeCode="DRIV">
              <act classCode="ACT" moodCode="EVN">
                <templateId root="2.16.840.1.113883.10.20.22.4.30"/>
                <id root="f6fd6f86-4265-4dcb-95cf-7799100b54ad"/>
                <code nullFlavor="NA"/>
                  <statusCode code="active"/>
                    <effectiveTime>
                      <low nullFlavor="NA"/>
                    </effectiveTime>					
                <entryRelationship typeCode="SUBJ" inversionInd="false">
                  <observation classCode="OBS" moodCode="EVN">
                    <templateId root="2.16.840.1.113883.10.20.22.4.7"/>
                    <id root="2b37be6b-9b1c-4069-bbca-1caf5fe1937d"/>
                    <code code="420134006" codeSystem="2.16.840.1.113883.6.96" displayName="Propensity to adverse reactions (disorder)" codeSystemName="SNOMED CT"/>
                    <statusCode code="completed"/>
                    <effectiveTime>
                      <low nullFlavor="UNK"/>
                    </effectiveTime>
                    <value xsi:type="CD" code="160244002" codeSystem="2.16.840.1.113883.6.96" displayName="No Known allergies" codeSystemName="SNOMED CT">
                      <originalText>
                        <reference value="#noallergies"/>
                      </originalText>
                    </value>
                  </observation>
              </entryRelationship>
            </act>
          </entry>
        </section>
      </component>

        <component>
  <!--Medications-->
  <section>
	<templateId root="2.16.840.1.113883.10.20.22.2.1" />
    <code code="10160-0" displayName="History of medication use" codeSystem="2.16.840.1.113883.6.1" codeSystemName="LOINC"/>
    <title>Medications</title>
    <text>
  <table border="1" width="100%">
    <thead>
      <tr>
        <th>Description</th>
        <th>Codes</th>
        <th>Time</th>
        
      </tr>
    </thead>
    <tbody>
        <tr>
          <td ID="medications-desc-0">ADHD Medications (Code List: 2.16.840.1.113883.3.464.0003.96.02.0171)</td>
          <td ID="medications-code-0">RxNorm: 349591<br/><i></i></td>
          <td>August 20th, 1997 04:00 - December 25th, 1998 05:00</td>
           
        </tr>
        <tr>
          <td ID="medications-desc-1">Medication, Active: ADHD Medications (Code List: 2.16.840.1.113883.3.464.0003.96.02.0171)</td>
          <td ID="medications-code-1">RxNorm: 349591<br/><i></i></td>
          <td>December 23rd, 2011 05:00 - March 18th, 2012 04:00</td>
           
        </tr>
    </tbody>
  </table>
</text>
    <entry>
      <!--CCD Medication activity - Required-->
      <substanceAdministration classCode="SBADM" moodCode="EVN">
        <templateId root='2.16.840.1.113883.10.20.22.4.16'/>
        <id root="975ee190-e0c0-012f-f752-406c8fb8a271"/>
        <statusCode code="completed"/>
        <effectiveTime xsi:type="IVL_TS">
          <low value='19970820040000'/>
          <high nullFlavor="UNK"/>
        </effectiveTime>
        <consumable>
          <!--CCD Product - Required-->
          <manufacturedProduct classCode="MANU">
			    <templateId root='2.16.840.1.113883.10.20.22.4.23'/>
            <manufacturedMaterial>
              <code code="349591" codeSystem="2.16.840.1.113883.6.88" displayName="ADHD Medications (Code List: 2.16.840.1.113883.3.464.0003.96.02.0171)">
  <originalText><reference value="#medications-desc-0"/></originalText>
</code>

              <name>ADHD Medications (Code List: 2.16.840.1.113883.3.464.0003.96.02.0171)</name>
            </manufacturedMaterial>
          </manufacturedProduct>
        </consumable>
      </substanceAdministration>
    </entry>
    <entry>
      <!--CCD Medication activity - Required-->
      <substanceAdministration classCode="SBADM" moodCode="EVN">
        <templateId root='2.16.840.1.113883.10.20.22.4.16'/>
        <id root="975ef890-e0c0-012f-f752-406c8fb8a271"/>
        <statusCode code="completed"/>
        <effectiveTime xsi:type="IVL_TS">
          <low value='20111223050000'/>
          <high nullFlavor="UNK"/>
        </effectiveTime>
        <consumable>
          <!--CCD Product - Required-->
          <manufacturedProduct classCode="MANU">
			    <templateId root='2.16.840.1.113883.10.20.22.4.23'/>
            <manufacturedMaterial>
              <code code="349591" codeSystem="2.16.840.1.113883.6.88" displayName="Medication, Active: ADHD Medications (Code List: 2.16.840.1.113883.3.464.0003.96.02.0171)">
  <originalText><reference value="#medications-desc-1"/></originalText>
</code>

              <name>Medication, Active: ADHD Medications (Code List: 2.16.840.1.113883.3.464.0003.96.02.0171)</name>
            </manufacturedMaterial>
          </manufacturedProduct>
        </consumable>
      </substanceAdministration>
    </entry>
  </section>
</component>
        
        <component>
  <!--Problems-->
  <section>
    <templateId root="2.16.840.1.113883.10.20.22.2.5.1"/>
    <!--Problems section template-->
    <code code="11450-4" codeSystem="2.16.840.1.113883.6.1" codeSystemName="LOINC" displayName="Problem list"/>
    <title>Problems</title>
    <text>
  <table border="1" width="100%">
    <thead>
      <tr>
        <th>Description</th>
        <th>Codes</th>
        <th>Time</th>
          <th>Status</th>
        
      </tr>
    </thead>
    <tbody>
        <tr>
          <td ID="conditions-desc-0">Diagnosis, Active: Narcolepsy (Code List: 2.16.840.1.113883.3.464.0003.14.02.0011)</td>
          <td ID="conditions-code-0">SNOMED-CT: 60380001 ICD-9-CM: 347.00 ICD-10-CM: G47.411<br/><i></i></td>
          <td>May 18th, 2012 04:00 - September 1st, 2012 04:00</td>
            <td>active</td>
           
        </tr>
        <tr>
          <td ID="conditions-desc-1">Diagnosis, Active: Mental Health Diagnoses (Code List: 2.16.840.1.113883.3.464.0003.05.02.0004)</td>
          <td ID="conditions-code-1">SNOMED-CT: 109006 ICD-9-CM: 290.3 ICD-10-CM: F02.80<br/><i></i></td>
          <td>December 2nd, 2000 05:00 - January 24th, 2002 05:00</td>
            <td>active</td>
           
        </tr>
        <tr>
          <td ID="conditions-desc-2">Diagnosis, Active: Substance Abuse (Code List: 2.16.840.1.113883.3.464.0003.06.02.0004)</td>
          <td ID="conditions-code-2">SNOMED-CT: 5602001 ICD-9-CM: 291.0 ICD-10-CM: F10.10<br/><i></i></td>
          <td>August 20th, 1998 04:00 - December 15th, 2003 05:00</td>
            <td>active</td>
           
        </tr>
    </tbody>
  </table>
</text>
    <entry typeCode="DRIV">
      <act classCode="ACT" moodCode="EVN">
        <templateId root="2.16.840.1.113883.10.20.22.4.3"/>
        <!-- Problem act template -->
        <id root="975f5450-e0c0-012f-f752-406c8fb8a271"/>
        <code nullFlavor="NA"/>
        <statusCode code="active"/>
        <effectiveTime>
          <low value='20120518040000'/>
        </effectiveTime>
        <entryRelationship typeCode="SUBJ" inversionInd="false">
          <observation classCode="OBS" moodCode="EVN">
            <templateId root="2.16.840.1.113883.10.20.22.4.4"/>
            
            <!--Problem observation template - NOT episode template-->
            <id root="975f56d0-e0c0-012f-f752-406c8fb8a271"/>
            <code code="64572001" displayName="Condition" codeSystem="2.16.840.1.113883.6.96" codeSystemName="SNOMED-CT"/>
            <text>
              <reference value="#conditions-desc-0"/>
            </text>
            <statusCode code="completed"/>
            <effectiveTime>
              <low value='20120518040000'/>
            </effectiveTime>
            <value code="60380001" codeSystem="2.16.840.1.113883.6.96" xsi:type="CD"><originalText>Diagnosis, Active: Narcolepsy (Code List: 2.16.840.1.113883.3.464.0003.14.02.0011)</originalText><translation code="347.00" codeSystem="2.16.840.1.113883.6.104"/>
<translation code="G47.411" codeSystem="2.16.840.1.113883.6.90"/>
</value>
            <entryRelationship typeCode="REFR">
              <observation classCode="OBS" moodCode="EVN">
                <templateId root="2.16.840.1.113883.10.20.22.4.6"/>
                <!-- Problem status observation template -->
                <code code="33999-4" codeSystem="2.16.840.1.113883.6.1" displayName="Status"/>
                <statusCode code="completed"/>
                <value xsi:type="CE" code="55561003" codeSystem="2.16.840.1.113883.6.96"/>
              </observation>
            </entryRelationship>
          </observation>
        </entryRelationship>
      </act>
    </entry>
    <entry typeCode="DRIV">
      <act classCode="ACT" moodCode="EVN">
        <templateId root="2.16.840.1.113883.10.20.22.4.3"/>
        <!-- Problem act template -->
        <id root="975f5dd0-e0c0-012f-f752-406c8fb8a271"/>
        <code nullFlavor="NA"/>
        <statusCode code="active"/>
        <effectiveTime>
          <low value='20001202050000'/>
        </effectiveTime>
        <entryRelationship typeCode="SUBJ" inversionInd="false">
          <observation classCode="OBS" moodCode="EVN">
            <templateId root="2.16.840.1.113883.10.20.22.4.4"/>
            
            <!--Problem observation template - NOT episode template-->
            <id root="975f5fb0-e0c0-012f-f752-406c8fb8a271"/>
            <code code="64572001" displayName="Condition" codeSystem="2.16.840.1.113883.6.96" codeSystemName="SNOMED-CT"/>
            <text>
              <reference value="#conditions-desc-1"/>
            </text>
            <statusCode code="completed"/>
            <effectiveTime>
              <low value='20001202050000'/>
            </effectiveTime>
              <priorityCode code="8319008" codeSystem="2.16.840.1.113883.6.96" displayName="Principal diagnosis" />
            <value code="109006" codeSystem="2.16.840.1.113883.6.96" xsi:type="CD"><originalText>Diagnosis, Active: Mental Health Diagnoses (Code List: 2.16.840.1.113883.3.464.0003.05.02.0004)</originalText><translation code="290.3" codeSystem="2.16.840.1.113883.6.104"/>
<translation code="F02.80" codeSystem="2.16.840.1.113883.6.90"/>
</value>
            <entryRelationship typeCode="REFR">
              <observation classCode="OBS" moodCode="EVN">
                <templateId root="2.16.840.1.113883.10.20.22.4.6"/>
                <!-- Problem status observation template -->
                <code code="33999-4" codeSystem="2.16.840.1.113883.6.1" displayName="Status"/>
                <statusCode code="completed"/>
                <value xsi:type="CE" code="55561003" codeSystem="2.16.840.1.113883.6.96"/>
              </observation>
            </entryRelationship>
          </observation>
        </entryRelationship>
      </act>
    </entry>
    <entry typeCode="DRIV">
      <act classCode="ACT" moodCode="EVN">
        <templateId root="2.16.840.1.113883.10.20.22.4.3"/>
        <!-- Problem act template -->
        <id root="975f6590-e0c0-012f-f752-406c8fb8a271"/>
        <code nullFlavor="NA"/>
        <statusCode code="active"/>
        <effectiveTime>
          <low value='19980820040000'/>
        </effectiveTime>
        <entryRelationship typeCode="SUBJ" inversionInd="false">
          <observation classCode="OBS" moodCode="EVN">
            <templateId root="2.16.840.1.113883.10.20.22.4.4"/>
            
            <!--Problem observation template - NOT episode template-->
            <id root="975f6770-e0c0-012f-f752-406c8fb8a271"/>
            <code code="64572001" displayName="Condition" codeSystem="2.16.840.1.113883.6.96" codeSystemName="SNOMED-CT"/>
            <text>
              <reference value="#conditions-desc-2"/>
            </text>
            <statusCode code="completed"/>
            <effectiveTime>
              <low value='19980820040000'/>
            </effectiveTime>
              <priorityCode code="8319008" codeSystem="2.16.840.1.113883.6.96" displayName="Principal diagnosis" />
            <value code="5602001" codeSystem="2.16.840.1.113883.6.96" xsi:type="CD"><originalText>Diagnosis, Active: Substance Abuse (Code List: 2.16.840.1.113883.3.464.0003.06.02.0004)</originalText><translation code="291.0" codeSystem="2.16.840.1.113883.6.104"/>
<translation code="F10.10" codeSystem="2.16.840.1.113883.6.90"/>
</value>
            <entryRelationship typeCode="REFR">
              <observation classCode="OBS" moodCode="EVN">
                <templateId root="2.16.840.1.113883.10.20.22.4.6"/>
                <!-- Problem status observation template -->
                <code code="33999-4" codeSystem="2.16.840.1.113883.6.1" displayName="Status"/>
                <statusCode code="completed"/>
                <value xsi:type="CE" code="55561003" codeSystem="2.16.840.1.113883.6.96"/>
              </observation>
            </entryRelationship>
          </observation>
        </entryRelationship>
      </act>
    </entry>
  </section>
</component>

        
        <component>
  <!--Encounters-->
  <section>
    <templateId root="2.16.840.1.113883.10.20.22.2.22" /> <!-- CCDA Template id -->
    <!--Encounters section template-->
    <code code="46240-8" codeSystem="2.16.840.1.113883.6.1" codeSystemName="LOINC" displayName="History of encounters"/>
    <title>Encounters</title>
    <text>
  <table border="1" width="100%">
    <thead>
      <tr>
        <th>Description</th>
        <th>Codes</th>
        <th>Time</th>
        
      </tr>
    </thead>
    <tbody>
        <tr>
          <td ID="encounters-desc-0">Hospital Inpatient Visit - Initial (Code List: 2.16.840.1.113883.3.464.0003.01.02.0004)</td>
          <td ID="encounters-code-0">CPT: 99221<br/><i></i></td>
          <td>December 24th, 2009 05:00 - September 21st, 2011 04:00</td>
           
        </tr>
        <tr>
          <td ID="encounters-desc-1">Hospital Inpatient Visit - Subsequent (Code List: 2.16.840.1.113883.3.464.0003.01.02.0005)</td>
          <td ID="encounters-code-1">CPT: 99231<br/><i></i></td>
          <td>May 18th, 2000 04:00 - January 18th, 2002 05:00</td>
           
        </tr>
        <tr>
          <td ID="encounters-desc-2">Encounter, Performed: Office Visit (Code List: 2.16.840.1.113883.3.464.0003.01.02.0001)</td>
          <td ID="encounters-code-2">CPT: 99201<br/><i></i></td>
          <td>August 10th, 2012 04:00 - September 4th, 2012 04:00</td>
           
        </tr>
        <tr>
          <td ID="encounters-desc-3">Encounter, Performed: Hospital Observation Care - Initial (Code List: 2.16.840.1.113883.3.464.0003.01.02.0002)</td>
          <td ID="encounters-code-3">CPT: 99218<br/><i></i></td>
          <td>April 2nd, 1999 05:00 - February 11th, 2001 05:00</td>
           
        </tr>
        <tr>
          <td ID="encounters-desc-4">Encounter, Performed: Preventive Care Services-Individual Counseling (Code List: 2.16.840.1.113883.3.464.0003.01.02.0026)</td>
          <td ID="encounters-code-4">CPT: 99401<br/><i></i></td>
          <td>April 25th, 1997 04:00 - April 24th, 2012 04:00</td>
           
        </tr>
        <tr>
          <td ID="encounters-desc-5">Encounter, Performed: Behavioral Health Follow-up Visit (Code List: 2.16.840.1.113883.3.464.0003.01.02.0054)</td>
          <td ID="encounters-code-5">CPT: 90804<br/><i></i></td>
          <td>July 19th, 2001 04:00 - October 26th, 2001 04:00</td>
           
        </tr>
        <tr>
          <td ID="encounters-desc-6">Encounter, Performed: Face-to-Face Interaction (Code List: 2.16.840.1.113883.3.464.0003.01.02.0048)</td>
          <td ID="encounters-code-6">SNOMED-CT: 4525004<br/><i></i></td>
          <td>October 2nd, 2010 04:00 - April 4th, 2012 04:00</td>
           
        </tr>
        <tr>
          <td ID="encounters-desc-7">Encounter, Performed: Psychotherapy and Pharmacologic Management (Code List: 2.16.840.1.113883.3.464.0003.01.02.0055)</td>
          <td ID="encounters-code-7">CPT: 90816<br/><i></i></td>
          <td>March 13th, 2000 05:00 - February 1st, 2001 05:00</td>
           
        </tr>
        <tr>
          <td ID="encounters-desc-8">Encounter, Performed: Discharge Services- Observation Care (Code List: 2.16.840.1.113883.3.464.0003.01.02.0039)</td>
          <td ID="encounters-code-8">CPT: 99217<br/><i></i></td>
          <td>August 31st, 1995 04:00 - June 3rd, 1996 04:00</td>
           
        </tr>
        <tr>
          <td ID="encounters-desc-9">Encounter, Performed: Outpatient Consultation (Code List: 2.16.840.1.113883.3.464.0003.01.02.0008)</td>
          <td ID="encounters-code-9">CPT: 99241<br/><i></i></td>
          <td>March 11th, 2003 05:00 - April 27th, 2007 04:00</td>
           
        </tr>
        <tr>
          <td ID="encounters-desc-10">Encounter, Performed: Home Healthcare Services (Code List: 2.16.840.1.113883.3.464.0003.01.02.0016)</td>
          <td ID="encounters-code-10">CPT: 99341<br/><i></i></td>
          <td>February 4th, 2001 05:00 - May 23rd, 2003 04:00</td>
           
        </tr>
        <tr>
          <td ID="encounters-desc-11">Encounter, Performed: Preventive Care- Initial Office Visit, 0 to 17 (Code List: 2.16.840.1.113883.3.464.0003.01.02.0022)</td>
          <td ID="encounters-code-11">CPT: 99381<br/><i></i></td>
          <td>November 25th, 2003 05:00 - July 3rd, 2010 04:00</td>
           
        </tr>
        <tr>
          <td ID="encounters-desc-12">Encounter, Performed: Preventive Care - Established Office Visit, 0 to 17 (Code List: 2.16.840.1.113883.3.464.0003.01.02.0024)</td>
          <td ID="encounters-code-12">CPT: 99391<br/><i></i></td>
          <td>June 7th, 2005 04:00 - February 20th, 2009 05:00</td>
           
        </tr>
        <tr>
          <td ID="encounters-desc-13">Encounter, Performed: Preventive Care Services - Group Counseling (Code List: 2.16.840.1.113883.3.464.0003.01.02.0027)</td>
          <td ID="encounters-code-13">CPT: 99411<br/><i></i></td>
          <td>June 22nd, 2011 04:00 - December 10th, 2011 05:00</td>
           
        </tr>
        <tr>
          <td ID="encounters-desc-14">Psychotherapy and Pharmacologic Management (Code List: 2.16.840.1.113883.3.464.0003.01.02.0055)</td>
          <td ID="encounters-code-14">CPT: 90816<br/><i></i></td>
          <td>July 27th, 1995 04:00 - August 22nd, 2003 04:00</td>
           
        </tr>
        <tr>
          <td ID="encounters-desc-15">Telehealth Services (Code List: 2.16.840.1.113883.3.464.0003.01.02.0031)</td>
          <td ID="encounters-code-15">CPT: 99441<br/><i></i></td>
          <td>November 12th, 2002 05:00 - February 27th, 2004 05:00</td>
           
        </tr>
        <tr>
          <td ID="encounters-desc-16">Telephone Management (Code List: 2.16.840.1.113883.3.464.0003.01.02.0053)</td>
          <td ID="encounters-code-16">CPT: 98966<br/><i></i></td>
          <td>August 10th, 2003 04:00 - February 23rd, 2008 05:00</td>
           
        </tr>
    </tbody>
  </table>
</text>
    <entry typeCode="DRIV">
      <encounter classCode="ENC" moodCode="EVN">
		    <templateId root="2.16.840.1.113883.10.20.22.4.49"/>
        <!-- Encounter activity template -->
        <id root="975fcd40-e0c0-012f-f752-406c8fb8a271"/>
        <code code="99221" codeSystem="2.16.840.1.113883.6.12" displayName="Hospital Inpatient Visit - Initial (Code List: 2.16.840.1.113883.3.464.0003.01.02.0004)">
  <originalText><reference value="#encounters-desc-0"/></originalText>
</code>

        <text>
          <reference value="#encounters-desc-0"/>
        </text>
        <effectiveTime value='20091224050000'/>
      </encounter>
    </entry>
    <entry typeCode="DRIV">
      <encounter classCode="ENC" moodCode="EVN">
		    <templateId root="2.16.840.1.113883.10.20.22.4.49"/>
        <!-- Encounter activity template -->
        <id root="975fe5c0-e0c0-012f-f752-406c8fb8a271"/>
        <code code="99231" codeSystem="2.16.840.1.113883.6.12" displayName="Hospital Inpatient Visit - Subsequent (Code List: 2.16.840.1.113883.3.464.0003.01.02.0005)">
  <originalText><reference value="#encounters-desc-1"/></originalText>
</code>

        <text>
          <reference value="#encounters-desc-1"/>
        </text>
        <effectiveTime value='20000518040000'/>
      </encounter>
    </entry>
    <entry typeCode="DRIV">
      <encounter classCode="ENC" moodCode="EVN">
		    <templateId root="2.16.840.1.113883.10.20.22.4.49"/>
        <!-- Encounter activity template -->
        <id root="975ffdc0-e0c0-012f-f752-406c8fb8a271"/>
        <code code="99201" codeSystem="2.16.840.1.113883.6.12" displayName="Encounter, Performed: Office Visit (Code List: 2.16.840.1.113883.3.464.0003.01.02.0001)">
  <originalText><reference value="#encounters-desc-2"/></originalText>
</code>

        <text>
          <reference value="#encounters-desc-2"/>
        </text>
        <effectiveTime value='20120810040000'/>
      </encounter>
    </entry>
    <entry typeCode="DRIV">
      <encounter classCode="ENC" moodCode="EVN">
		    <templateId root="2.16.840.1.113883.10.20.22.4.49"/>
        <!-- Encounter activity template -->
        <id root="976014b0-e0c0-012f-f752-406c8fb8a271"/>
        <code code="99218" codeSystem="2.16.840.1.113883.6.12" displayName="Encounter, Performed: Hospital Observation Care - Initial (Code List: 2.16.840.1.113883.3.464.0003.01.02.0002)">
  <originalText><reference value="#encounters-desc-3"/></originalText>
</code>

        <text>
          <reference value="#encounters-desc-3"/>
        </text>
        <effectiveTime value='19990402050000'/>
      </encounter>
    </entry>
    <entry typeCode="DRIV">
      <encounter classCode="ENC" moodCode="EVN">
		    <templateId root="2.16.840.1.113883.10.20.22.4.49"/>
        <!-- Encounter activity template -->
        <id root="97602bb0-e0c0-012f-f752-406c8fb8a271"/>
        <code code="99401" codeSystem="2.16.840.1.113883.6.12" displayName="Encounter, Performed: Preventive Care Services-Individual Counseling (Code List: 2.16.840.1.113883.3.464.0003.01.02.0026)">
  <originalText><reference value="#encounters-desc-4"/></originalText>
</code>

        <text>
          <reference value="#encounters-desc-4"/>
        </text>
        <effectiveTime value='19970425040000'/>
      </encounter>
    </entry>
    <entry typeCode="DRIV">
      <encounter classCode="ENC" moodCode="EVN">
		    <templateId root="2.16.840.1.113883.10.20.22.4.49"/>
        <!-- Encounter activity template -->
        <id root="97604220-e0c0-012f-f752-406c8fb8a271"/>
        <code code="90804" codeSystem="2.16.840.1.113883.6.12" displayName="Encounter, Performed: Behavioral Health Follow-up Visit (Code List: 2.16.840.1.113883.3.464.0003.01.02.0054)">
  <originalText><reference value="#encounters-desc-5"/></originalText>
</code>

        <text>
          <reference value="#encounters-desc-5"/>
        </text>
        <effectiveTime value='20010719040000'/>
      </encounter>
    </entry>
    <entry typeCode="DRIV">
      <encounter classCode="ENC" moodCode="EVN">
		    <templateId root="2.16.840.1.113883.10.20.22.4.49"/>
        <!-- Encounter activity template -->
        <id root="976058a0-e0c0-012f-f752-406c8fb8a271"/>
        <code nullFlavor="UNK">
  <originalText><reference value="#encounters-desc-6"/></originalText>
  <translation code="4525004" codeSystem="2.16.840.1.113883.6.96" />
</code>

        <text>
          <reference value="#encounters-desc-6"/>
        </text>
        <effectiveTime value='20101002040000'/>
      </encounter>
    </entry>
    <entry typeCode="DRIV">
      <encounter classCode="ENC" moodCode="EVN">
		    <templateId root="2.16.840.1.113883.10.20.22.4.49"/>
        <!-- Encounter activity template -->
        <id root="97606ef0-e0c0-012f-f752-406c8fb8a271"/>
        <code code="90816" codeSystem="2.16.840.1.113883.6.12" displayName="Encounter, Performed: Psychotherapy and Pharmacologic Management (Code List: 2.16.840.1.113883.3.464.0003.01.02.0055)">
  <originalText><reference value="#encounters-desc-7"/></originalText>
</code>

        <text>
          <reference value="#encounters-desc-7"/>
        </text>
        <effectiveTime value='20000313050000'/>
      </encounter>
    </entry>
    <entry typeCode="DRIV">
      <encounter classCode="ENC" moodCode="EVN">
		    <templateId root="2.16.840.1.113883.10.20.22.4.49"/>
        <!-- Encounter activity template -->
        <id root="976085a0-e0c0-012f-f752-406c8fb8a271"/>
        <code code="99217" codeSystem="2.16.840.1.113883.6.12" displayName="Encounter, Performed: Discharge Services- Observation Care (Code List: 2.16.840.1.113883.3.464.0003.01.02.0039)">
  <originalText><reference value="#encounters-desc-8"/></originalText>
</code>

        <text>
          <reference value="#encounters-desc-8"/>
        </text>
        <effectiveTime value='19950831040000'/>
      </encounter>
    </entry>
    <entry typeCode="DRIV">
      <encounter classCode="ENC" moodCode="EVN">
		    <templateId root="2.16.840.1.113883.10.20.22.4.49"/>
        <!-- Encounter activity template -->
        <id root="97609c00-e0c0-012f-f752-406c8fb8a271"/>
        <code code="99241" codeSystem="2.16.840.1.113883.6.12" displayName="Encounter, Performed: Outpatient Consultation (Code List: 2.16.840.1.113883.3.464.0003.01.02.0008)">
  <originalText><reference value="#encounters-desc-9"/></originalText>
</code>

        <text>
          <reference value="#encounters-desc-9"/>
        </text>
        <effectiveTime value='20030311050000'/>
      </encounter>
    </entry>
    <entry typeCode="DRIV">
      <encounter classCode="ENC" moodCode="EVN">
		    <templateId root="2.16.840.1.113883.10.20.22.4.49"/>
        <!-- Encounter activity template -->
        <id root="9760b270-e0c0-012f-f752-406c8fb8a271"/>
        <code code="99341" codeSystem="2.16.840.1.113883.6.12" displayName="Encounter, Performed: Home Healthcare Services (Code List: 2.16.840.1.113883.3.464.0003.01.02.0016)">
  <originalText><reference value="#encounters-desc-10"/></originalText>
</code>

        <text>
          <reference value="#encounters-desc-10"/>
        </text>
        <effectiveTime value='20010204050000'/>
      </encounter>
    </entry>
    <entry typeCode="DRIV">
      <encounter classCode="ENC" moodCode="EVN">
		    <templateId root="2.16.840.1.113883.10.20.22.4.49"/>
        <!-- Encounter activity template -->
        <id root="9760c9a0-e0c0-012f-f752-406c8fb8a271"/>
        <code code="99381" codeSystem="2.16.840.1.113883.6.12" displayName="Encounter, Performed: Preventive Care- Initial Office Visit, 0 to 17 (Code List: 2.16.840.1.113883.3.464.0003.01.02.0022)">
  <originalText><reference value="#encounters-desc-11"/></originalText>
</code>

        <text>
          <reference value="#encounters-desc-11"/>
        </text>
        <effectiveTime value='20031125050000'/>
      </encounter>
    </entry>
    <entry typeCode="DRIV">
      <encounter classCode="ENC" moodCode="EVN">
		    <templateId root="2.16.840.1.113883.10.20.22.4.49"/>
        <!-- Encounter activity template -->
        <id root="9760e070-e0c0-012f-f752-406c8fb8a271"/>
        <code code="99391" codeSystem="2.16.840.1.113883.6.12" displayName="Encounter, Performed: Preventive Care - Established Office Visit, 0 to 17 (Code List: 2.16.840.1.113883.3.464.0003.01.02.0024)">
  <originalText><reference value="#encounters-desc-12"/></originalText>
</code>

        <text>
          <reference value="#encounters-desc-12"/>
        </text>
        <effectiveTime value='20050607040000'/>
      </encounter>
    </entry>
    <entry typeCode="DRIV">
      <encounter classCode="ENC" moodCode="EVN">
		    <templateId root="2.16.840.1.113883.10.20.22.4.49"/>
        <!-- Encounter activity template -->
        <id root="9760f730-e0c0-012f-f752-406c8fb8a271"/>
        <code code="99411" codeSystem="2.16.840.1.113883.6.12" displayName="Encounter, Performed: Preventive Care Services - Group Counseling (Code List: 2.16.840.1.113883.3.464.0003.01.02.0027)">
  <originalText><reference value="#encounters-desc-13"/></originalText>
</code>

        <text>
          <reference value="#encounters-desc-13"/>
        </text>
        <effectiveTime value='20110622040000'/>
      </encounter>
    </entry>
    <entry typeCode="DRIV">
      <encounter classCode="ENC" moodCode="EVN">
		    <templateId root="2.16.840.1.113883.10.20.22.4.49"/>
        <!-- Encounter activity template -->
        <id root="97610eb0-e0c0-012f-f752-406c8fb8a271"/>
        <code code="90816" codeSystem="2.16.840.1.113883.6.12" displayName="Psychotherapy and Pharmacologic Management (Code List: 2.16.840.1.113883.3.464.0003.01.02.0055)">
  <originalText><reference value="#encounters-desc-14"/></originalText>
</code>

        <text>
          <reference value="#encounters-desc-14"/>
        </text>
        <effectiveTime value='19950727040000'/>
      </encounter>
    </entry>
    <entry typeCode="DRIV">
      <encounter classCode="ENC" moodCode="EVN">
		    <templateId root="2.16.840.1.113883.10.20.22.4.49"/>
        <!-- Encounter activity template -->
        <id root="97612580-e0c0-012f-f752-406c8fb8a271"/>
        <code code="99441" codeSystem="2.16.840.1.113883.6.12" displayName="Telehealth Services (Code List: 2.16.840.1.113883.3.464.0003.01.02.0031)">
  <originalText><reference value="#encounters-desc-15"/></originalText>
</code>

        <text>
          <reference value="#encounters-desc-15"/>
        </text>
        <effectiveTime value='20021112050000'/>
      </encounter>
    </entry>
    <entry typeCode="DRIV">
      <encounter classCode="ENC" moodCode="EVN">
		    <templateId root="2.16.840.1.113883.10.20.22.4.49"/>
        <!-- Encounter activity template -->
        <id root="97613bd0-e0c0-012f-f752-406c8fb8a271"/>
        <code code="98966" codeSystem="2.16.840.1.113883.6.12" displayName="Telephone Management (Code List: 2.16.840.1.113883.3.464.0003.01.02.0053)">
  <originalText><reference value="#encounters-desc-16"/></originalText>
</code>

        <text>
          <reference value="#encounters-desc-16"/>
        </text>
        <effectiveTime value='20030810040000'/>
      </encounter>
    </entry>
  </section>
</component>
    </structuredBody>
  </component>
</ClinicalDocument>