<?xml version="1.0" encoding="UTF-8"?>
<ClinicalDocument xmlns="urn:hl7-org:v3" xmlns:sdtc="urn:hl7-org:sdtc" xmlns:xsi="http://www.w3.org/2001/XMLSchema-instance" xsi:schemaLocation="urn:hl7-org:v3 http://xreg2.nist.gov:8080/hitspValidation/schema/cdar2c32/infrastructure/cda/C32_CDA.xsd">
  <realmCode code="US"/>
  <typeId root="2.16.840.1.113883.1.3" extension="POCD_HD000040"/>
  <templateId root="2.16.840.1.113883.10.20.22.1.1" />
  <templateId root='2.16.840.1.113883.10.20.22.1.2'/> 
  <id root="2.16.840.1.113883.3.72" extension="50536a6b709357c7fa0001cb" assigningAuthorityName="NIST Healthcare Project"/>
  <code code="34133-9" displayName="Summarization of episode note" codeSystem="2.16.840.1.113883.6.1" codeSystemName="LOINC"/>
  <title>Cypress C32 Patient Test Record: Doris Parsons</title>
  <effectiveTime value="20120914173607"/>
  <confidentialityCode code="N"/>
  <languageCode code="en-US"/>
  <recordTarget>
    <patientRole>
      <id root="Cypress" extension="50536a6b709357c7fa0001cb"/>
      <addr use="HP">
        <streetAddressLine>202 Burlington Rd.</streetAddressLine>
        <city>Bedford</city>
        <state>MA</state>
        <postalCode>01730</postalCode>
      </addr>
      <telecom value="tel:+1-781-271-3000"/>
      <patient>
        <name>
          <given>Doris</given>
          <family>Parsons</family>
        </name>
        <administrativeGenderCode code="F" codeSystem="2.16.840.1.113883.5.1" codeSystemName="HL7 AdministrativeGender"/>
        <birthTime value="20030111050000"/>
          <raceCode code=""  codeSystemName="CDC Race and Ethnicity" codeSystem="2.16.840.1.113883.6.238"/>
          <ethnicGroupCode code=""  codeSystemName="CDC Race and Ethnicity" codeSystem="2.16.840.1.113883.6.238"/>
          <languageCommunication>
            <languageCode code="en-US"/>
          </languageCommunication>
      </patient>
    </patientRole>
  </recordTarget>
  <author>
    <time value="20120914173607"/>
    <assignedAuthor>
      <id/>
      <addr/>
      <telecom value="tel:+1-781-271-3000"/>
      <assignedPerson>
        <name>Auto Generated</name>
      </assignedPerson>
    </assignedAuthor>
  </author>
  <custodian>
    <assignedCustodian>
      <representedCustodianOrganization>
        <id/>
        <name>Cypress</name>
        <telecom value="tel:+1-781-271-3000"/>
        <addr>
          <streetAddressLine>202 Burlington Rd.</streetAddressLine>
          <city>Bedford</city>
          <state>MA</state>
          <postalCode>01730</postalCode>
        </addr>
      </representedCustodianOrganization>
    </assignedCustodian>
  </custodian>
  <component>
    <structuredBody>
        
<component>
  <!--Allergies/Reactions-->
  <section>
    <templateId root="2.16.840.1.113883.10.20.22.2.6"/>
    <!--Allergies/Reactions section template-->
    <code code="48765-2" codeSystem="2.16.840.1.113883.6.1" codeSystemName="LOINC" displayName="Allergies"/>
    <title>Allergies and Adverse Reactions</title>
    <text>
  <table border="1" width="100%">
    <thead>
      <tr>
        <th>Description</th>
        <th>Codes</th>
        <th>Time</th>
        
      </tr>
    </thead>
    <tbody>
        <tr>
          <td ID="allergies-desc-0">Procedure, Intolerance: Influenza Vaccination (Code List: 2.16.840.1.113883.3.526.03.402)</td>
          <td ID="allergies-code-0">CPT: 90656 SNOMED-CT: 86198006<br/><i></i></td>
          <td>October 19th, 2004 04:00 - October 8th, 2006 04:00</td>
           
        </tr>
        <tr>
          <td ID="allergies-desc-1">Medication, Intolerance: Influenza Vaccine (Code List: 2.16.840.1.113883.3.526.03.1254)</td>
          <td ID="allergies-code-1">CVX: 111<br/><i></i></td>
          <td>August 18th, 2003 04:00 - January 27th, 2007 05:00</td>
           
        </tr>
    </tbody>
  </table>
</text>
    <entry typeCode="DRIV">
      <act classCode="ACT" moodCode="EVN">
        <templateId root="2.16.840.1.113883.10.20.22.4.30"/>
        <!--Allergy act template -->
        <id root="96af7d80-e0c0-012f-f752-406c8fb8a271"/>
        <code nullFlavor="NA"/>
        <statusCode code="active"/>
        <effectiveTime>
          <low value='20041019040000'/>
        </effectiveTime>
        <entryRelationship typeCode="SUBJ" inversionInd="false">
          <observation classCode="OBS" moodCode="EVN">
            <templateId root="2.16.840.1.113883.10.20.22.4.7"/>
            <id root="96af7fb0-e0c0-012f-f752-406c8fb8a271"/>
            <code code="416098002" codeSystem="2.16.840.1.113883.6.96" displayName="drug allergy" codeSystemName="SNOMED CT">
              <originalText><reference value="#allergies-desc-0"/></originalText>
            </code>
            <text>
              <reference value="#allergies-desc-0"/>
            </text>
            <statusCode code="completed"/>
            <effectiveTime>
              <low value='20041019040000'/>
            </effectiveTime>
            <value xsi:type="CD" nullFlavor="UNK"/>
            <participant typeCode="CSM">
              <participantRole classCode="MANU">
                <playingEntity classCode="MMAT">
                  <code nullFlavor="UNK">
  <originalText><reference value="#allergies-desc-0"/></originalText>
  <translation code="90656" codeSystem="2.16.840.1.113883.6.12" />
  <translation code="86198006" codeSystem="2.16.840.1.113883.6.96" />
</code>

                  <name>Procedure, Intolerance: Influenza Vaccination (Code List: 2.16.840.1.113883.3.526.03.402)</name>
                </playingEntity>
              </participantRole>
            </participant>
          </observation>
        </entryRelationship>
      </act>
    </entry>
    <entry typeCode="DRIV">
      <act classCode="ACT" moodCode="EVN">
        <templateId root="2.16.840.1.113883.10.20.22.4.30"/>
        <!--Allergy act template -->
        <id root="96af9650-e0c0-012f-f752-406c8fb8a271"/>
        <code nullFlavor="NA"/>
        <statusCode code="active"/>
        <effectiveTime>
          <low value='20030818040000'/>
        </effectiveTime>
        <entryRelationship typeCode="SUBJ" inversionInd="false">
          <observation classCode="OBS" moodCode="EVN">
            <templateId root="2.16.840.1.113883.10.20.22.4.7"/>
            <id root="96af98a0-e0c0-012f-f752-406c8fb8a271"/>
            <code code="416098002" codeSystem="2.16.840.1.113883.6.96" displayName="drug allergy" codeSystemName="SNOMED CT">
              <originalText><reference value="#allergies-desc-1"/></originalText>
            </code>
            <text>
              <reference value="#allergies-desc-1"/>
            </text>
            <statusCode code="completed"/>
            <effectiveTime>
              <low value='20030818040000'/>
            </effectiveTime>
            <value xsi:type="CD" nullFlavor="UNK"/>
            <participant typeCode="CSM">
              <participantRole classCode="MANU">
                <playingEntity classCode="MMAT">
                  <code nullFlavor="UNK">
  <originalText><reference value="#allergies-desc-1"/></originalText>
  <translation code="111" codeSystem="2.16.840.1.113883.6.59" />
</code>

                  <name>Medication, Intolerance: Influenza Vaccine (Code List: 2.16.840.1.113883.3.526.03.1254)</name>
                </playingEntity>
              </participantRole>
            </participant>
          </observation>
        </entryRelationship>
      </act>
    </entry>
  </section>
</component>

        <component>
  <!--Medications-->
  <section>
	<templateId root="2.16.840.1.113883.10.20.22.2.1" />
    <code code="10160-0" displayName="History of medication use" codeSystem="2.16.840.1.113883.6.1" codeSystemName="LOINC"/>
    <title>Medications</title>
    <text>
  <table border="1" width="100%">
    <thead>
      <tr>
        <th>Description</th>
        <th>Codes</th>
        <th>Time</th>
        
      </tr>
    </thead>
    <tbody>
        <tr>
          <td ID="medications-desc-0">Medication, Administered: Influenza Vaccine (Code List: 2.16.840.1.113883.3.526.03.1254)</td>
          <td ID="medications-code-0">CVX: 111<br/><i></i></td>
          <td>January 23rd, 2011 05:00 - December 16th, 2011 05:00</td>
           
        </tr>
        <tr>
          <td ID="medications-desc-1">Medication, Administered: Influenza Vaccine (Code List: 2.16.840.1.113883.3.526.03.1254)</td>
          <td ID="medications-code-1">CVX: 111<br/><i></i></td>
          <td>March 21st, 2005 05:00 - February 9th, 2007 05:00</td>
           
        </tr>
        <tr>
          <td ID="medications-desc-2">Medication, Administered: Influenza Vaccine (Code List: 2.16.840.1.113883.3.526.03.1254)</td>
          <td ID="medications-code-2">CVX: 111<br/><i></i></td>
          <td>January 16th, 2009 05:00 - October 17th, 2010 04:00</td>
           
        </tr>
        <tr>
          <td ID="medications-desc-3">Medication, Administered: Influenza Vaccine (Code List: 2.16.840.1.113883.3.526.03.1254)</td>
          <td ID="medications-code-3">CVX: 111<br/><i></i></td>
          <td>October 14th, 2010 04:00 - August 8th, 2011 04:00</td>
           
        </tr>
    </tbody>
  </table>
</text>
    <entry>
      <!--CCD Medication activity - Required-->
      <substanceAdministration classCode="SBADM" moodCode="EVN">
        <templateId root='2.16.840.1.113883.10.20.22.4.16'/>
        <id root="96afeb70-e0c0-012f-f752-406c8fb8a271"/>
        <statusCode code="completed"/>
        <effectiveTime xsi:type="IVL_TS">
          <low value='20110123050000'/>
          <high nullFlavor="UNK"/>
        </effectiveTime>
        <consumable>
          <!--CCD Product - Required-->
          <manufacturedProduct classCode="MANU">
			    <templateId root='2.16.840.1.113883.10.20.22.4.23'/>
            <manufacturedMaterial>
              <code nullFlavor="UNK">
  <originalText><reference value="#medications-desc-0"/></originalText>
  <translation code="111" codeSystem="2.16.840.1.113883.6.59" />
</code>

              <name>Medication, Administered: Influenza Vaccine (Code List: 2.16.840.1.113883.3.526.03.1254)</name>
            </manufacturedMaterial>
          </manufacturedProduct>
        </consumable>
      </substanceAdministration>
    </entry>
    <entry>
      <!--CCD Medication activity - Required-->
      <substanceAdministration classCode="SBADM" moodCode="EVN">
        <templateId root='2.16.840.1.113883.10.20.22.4.16'/>
        <id root="96b00ca0-e0c0-012f-f752-406c8fb8a271"/>
        <statusCode code="completed"/>
        <effectiveTime xsi:type="IVL_TS">
          <low value='20050321050000'/>
          <high nullFlavor="UNK"/>
        </effectiveTime>
        <consumable>
          <!--CCD Product - Required-->
          <manufacturedProduct classCode="MANU">
			    <templateId root='2.16.840.1.113883.10.20.22.4.23'/>
            <manufacturedMaterial>
              <code nullFlavor="UNK">
  <originalText><reference value="#medications-desc-1"/></originalText>
  <translation code="111" codeSystem="2.16.840.1.113883.6.59" />
</code>

              <name>Medication, Administered: Influenza Vaccine (Code List: 2.16.840.1.113883.3.526.03.1254)</name>
            </manufacturedMaterial>
          </manufacturedProduct>
        </consumable>
      </substanceAdministration>
    </entry>
    <entry>
      <!--CCD Medication activity - Required-->
      <substanceAdministration classCode="SBADM" moodCode="EVN">
        <templateId root='2.16.840.1.113883.10.20.22.4.16'/>
        <id root="96b02260-e0c0-012f-f752-406c8fb8a271"/>
        <statusCode code="completed"/>
        <effectiveTime xsi:type="IVL_TS">
          <low value='20090116050000'/>
          <high nullFlavor="UNK"/>
        </effectiveTime>
        <consumable>
          <!--CCD Product - Required-->
          <manufacturedProduct classCode="MANU">
			    <templateId root='2.16.840.1.113883.10.20.22.4.23'/>
            <manufacturedMaterial>
              <code nullFlavor="UNK">
  <originalText><reference value="#medications-desc-2"/></originalText>
  <translation code="111" codeSystem="2.16.840.1.113883.6.59" />
</code>

              <name>Medication, Administered: Influenza Vaccine (Code List: 2.16.840.1.113883.3.526.03.1254)</name>
            </manufacturedMaterial>
          </manufacturedProduct>
        </consumable>
      </substanceAdministration>
    </entry>
    <entry>
      <!--CCD Medication activity - Required-->
      <substanceAdministration classCode="SBADM" moodCode="EVN">
        <templateId root='2.16.840.1.113883.10.20.22.4.16'/>
        <id root="96b03860-e0c0-012f-f752-406c8fb8a271"/>
        <statusCode code="completed"/>
        <effectiveTime xsi:type="IVL_TS">
          <low value='20101014040000'/>
          <high nullFlavor="UNK"/>
        </effectiveTime>
        <consumable>
          <!--CCD Product - Required-->
          <manufacturedProduct classCode="MANU">
			    <templateId root='2.16.840.1.113883.10.20.22.4.23'/>
            <manufacturedMaterial>
              <code nullFlavor="UNK">
  <originalText><reference value="#medications-desc-3"/></originalText>
  <translation code="111" codeSystem="2.16.840.1.113883.6.59" />
</code>

              <name>Medication, Administered: Influenza Vaccine (Code List: 2.16.840.1.113883.3.526.03.1254)</name>
            </manufacturedMaterial>
          </manufacturedProduct>
        </consumable>
      </substanceAdministration>
    </entry>
  </section>
</component>
        
        <component>
  <!--Problems-->
  <section>
    <templateId root="2.16.840.1.113883.10.20.22.2.5.1"/>
    <!--Problems section template-->
    <code code="11450-4" codeSystem="2.16.840.1.113883.6.1" codeSystemName="LOINC" displayName="Problem list"/>
    <title>Problems</title>
    <text>
  <table border="1" width="100%">
    <thead>
      <tr>
        <th>Description</th>
        <th>Codes</th>
        <th>Time</th>
          <th>Status</th>
        
      </tr>
    </thead>
    <tbody>
        <tr>
          <td ID="conditions-desc-0">Diagnosis, Active: Allergy to eggs (Code List: 2.16.840.1.113883.3.526.03.1253)</td>
          <td ID="conditions-code-0">SNOMED-CT: 91930004<br/><i></i></td>
          <td>February 20th, 2008 05:00 - July 16th, 2008 04:00</td>
            <td>active</td>
           
        </tr>
        <tr>
          <td ID="conditions-desc-1">Diagnosis, Active: Allergy to Influenza Vaccine (Code List: 2.16.840.1.113883.3.526.03.1256)</td>
          <td ID="conditions-code-1">SNOMED-CT: 294647003<br/><i></i></td>
          <td>October 13th, 1995 04:00 - January 17th, 1997 05:00</td>
            <td>active</td>
           
        </tr>
        <tr>
          <td ID="conditions-desc-2">Diagnosis, Active: Intolerance to Influenza Vaccine (Code List: 2.16.840.1.113883.3.526.03.1257)</td>
          <td ID="conditions-code-2">SNOMED-CT: 293112000<br/><i></i></td>
          <td>March 16th, 2003 05:00 - June 6th, 2011 04:00</td>
            <td>active</td>
           
        </tr>
    </tbody>
  </table>
</text>
    <entry typeCode="DRIV">
      <act classCode="ACT" moodCode="EVN">
        <templateId root="2.16.840.1.113883.10.20.22.4.3"/>
        <!-- Problem act template -->
        <id root="96b09300-e0c0-012f-f752-406c8fb8a271"/>
        <code nullFlavor="NA"/>
        <statusCode code="active"/>
        <effectiveTime>
          <low value='20080220050000'/>
        </effectiveTime>
        <entryRelationship typeCode="SUBJ" inversionInd="false">
          <observation classCode="OBS" moodCode="EVN">
            <templateId root="2.16.840.1.113883.10.20.22.4.4"/>
            
            <!--Problem observation template - NOT episode template-->
            <id root="96b09580-e0c0-012f-f752-406c8fb8a271"/>
            <code code="64572001" displayName="Condition" codeSystem="2.16.840.1.113883.6.96" codeSystemName="SNOMED-CT"/>
            <text>
              <reference value="#conditions-desc-0"/>
            </text>
            <statusCode code="completed"/>
            <effectiveTime>
              <low value='20080220050000'/>
            </effectiveTime>
            <value code="91930004" codeSystem="2.16.840.1.113883.6.96" xsi:type="CD"><originalText>Diagnosis, Active: Allergy to eggs (Code List: 2.16.840.1.113883.3.526.03.1253)</originalText></value>
            <entryRelationship typeCode="REFR">
              <observation classCode="OBS" moodCode="EVN">
                <templateId root="2.16.840.1.113883.10.20.22.4.6"/>
                <!-- Problem status observation template -->
                <code code="33999-4" codeSystem="2.16.840.1.113883.6.1" displayName="Status"/>
                <statusCode code="completed"/>
                <value xsi:type="CE" code="55561003" codeSystem="2.16.840.1.113883.6.96"/>
              </observation>
            </entryRelationship>
          </observation>
        </entryRelationship>
      </act>
    </entry>
    <entry typeCode="DRIV">
      <act classCode="ACT" moodCode="EVN">
        <templateId root="2.16.840.1.113883.10.20.22.4.3"/>
        <!-- Problem act template -->
        <id root="96b09bc0-e0c0-012f-f752-406c8fb8a271"/>
        <code nullFlavor="NA"/>
        <statusCode code="active"/>
        <effectiveTime>
          <low value='19951013040000'/>
        </effectiveTime>
        <entryRelationship typeCode="SUBJ" inversionInd="false">
          <observation classCode="OBS" moodCode="EVN">
            <templateId root="2.16.840.1.113883.10.20.22.4.4"/>
            
            <!--Problem observation template - NOT episode template-->
            <id root="96b09da0-e0c0-012f-f752-406c8fb8a271"/>
            <code code="64572001" displayName="Condition" codeSystem="2.16.840.1.113883.6.96" codeSystemName="SNOMED-CT"/>
            <text>
              <reference value="#conditions-desc-1"/>
            </text>
            <statusCode code="completed"/>
            <effectiveTime>
              <low value='19951013040000'/>
            </effectiveTime>
            <value code="294647003" codeSystem="2.16.840.1.113883.6.96" xsi:type="CD"><originalText>Diagnosis, Active: Allergy to Influenza Vaccine (Code List: 2.16.840.1.113883.3.526.03.1256)</originalText></value>
            <entryRelationship typeCode="REFR">
              <observation classCode="OBS" moodCode="EVN">
                <templateId root="2.16.840.1.113883.10.20.22.4.6"/>
                <!-- Problem status observation template -->
                <code code="33999-4" codeSystem="2.16.840.1.113883.6.1" displayName="Status"/>
                <statusCode code="completed"/>
                <value xsi:type="CE" code="55561003" codeSystem="2.16.840.1.113883.6.96"/>
              </observation>
            </entryRelationship>
          </observation>
        </entryRelationship>
      </act>
    </entry>
    <entry typeCode="DRIV">
      <act classCode="ACT" moodCode="EVN">
        <templateId root="2.16.840.1.113883.10.20.22.4.3"/>
        <!-- Problem act template -->
        <id root="96b0a2a0-e0c0-012f-f752-406c8fb8a271"/>
        <code nullFlavor="NA"/>
        <statusCode code="active"/>
        <effectiveTime>
          <low value='20030316050000'/>
        </effectiveTime>
        <entryRelationship typeCode="SUBJ" inversionInd="false">
          <observation classCode="OBS" moodCode="EVN">
            <templateId root="2.16.840.1.113883.10.20.22.4.4"/>
            
            <!--Problem observation template - NOT episode template-->
            <id root="96b0a460-e0c0-012f-f752-406c8fb8a271"/>
            <code code="64572001" displayName="Condition" codeSystem="2.16.840.1.113883.6.96" codeSystemName="SNOMED-CT"/>
            <text>
              <reference value="#conditions-desc-2"/>
            </text>
            <statusCode code="completed"/>
            <effectiveTime>
              <low value='20030316050000'/>
            </effectiveTime>
            <value code="293112000" codeSystem="2.16.840.1.113883.6.96" xsi:type="CD"><originalText>Diagnosis, Active: Intolerance to Influenza Vaccine (Code List: 2.16.840.1.113883.3.526.03.1257)</originalText></value>
            <entryRelationship typeCode="REFR">
              <observation classCode="OBS" moodCode="EVN">
                <templateId root="2.16.840.1.113883.10.20.22.4.6"/>
                <!-- Problem status observation template -->
                <code code="33999-4" codeSystem="2.16.840.1.113883.6.1" displayName="Status"/>
                <statusCode code="completed"/>
                <value xsi:type="CE" code="55561003" codeSystem="2.16.840.1.113883.6.96"/>
              </observation>
            </entryRelationship>
          </observation>
        </entryRelationship>
      </act>
    </entry>
  </section>
</component>

        <component>
  <!--Surgeries-->
  <section>
    <templateId root="2.16.840.1.113883.10.20.22.2.7"/>
    <!--Surgeries section template-->
    <code code="47519-4" codeSystem="2.16.840.1.113883.6.1" codeSystemName="LOINC" displayName="List of surgeries"/>
    <title>Surgeries</title>
    <text>
  <table border="1" width="100%">
    <thead>
      <tr>
        <th>Description</th>
        <th>Codes</th>
        <th>Time</th>
        
      </tr>
    </thead>
    <tbody>
        <tr>
          <td ID="procedures-desc-0">Communication: From Patient to Provider: Influenza Vaccination Declined (Code List: 2.16.840.1.113883.3.526.03.1255)</td>
          <td ID="procedures-code-0">SNOMED-CT: 315640000<br/><i></i></td>
          <td>January 25th, 2004 05:00 - December 3rd, 2009 05:00</td>
           
        </tr>
        <tr>
          <td ID="procedures-desc-1">Procedure, Performed: Influenza Vaccination (Code List: 2.16.840.1.113883.3.526.03.402)</td>
          <td ID="procedures-code-1">CPT: 90656 SNOMED-CT: 86198006<br/><i></i></td>
          <td>July 10th, 2007 04:00 - June 8th, 2011 04:00</td>
           
        </tr>
        <tr>
          <td ID="procedures-desc-2">Procedure, Performed: Influenza Vaccination (Code List: 2.16.840.1.113883.3.526.03.402)</td>
          <td ID="procedures-code-2">CPT: 90656 SNOMED-CT: 86198006<br/><i></i></td>
          <td>November 29th, 2004 05:00 - July 14th, 2012 04:00</td>
           
        </tr>
        <tr>
          <td ID="procedures-desc-3">Procedure, Performed: Influenza Vaccination (Code List: 2.16.840.1.113883.3.526.03.402)</td>
          <td ID="procedures-code-3">CPT: 90656 SNOMED-CT: 86198006<br/><i></i></td>
          <td>November 5th, 1995 05:00 - May 1st, 2003 04:00</td>
           
        </tr>
        <tr>
          <td ID="procedures-desc-4">Procedure, Performed: Influenza Vaccination (Code List: 2.16.840.1.113883.3.526.03.402)</td>
          <td ID="procedures-code-4">CPT: 90656 SNOMED-CT: 86198006<br/><i></i></td>
          <td>July 7th, 2001 04:00 - July 12th, 2005 04:00</td>
           
        </tr>
        <tr>
          <td ID="procedures-desc-5">Communication: From Patient to Provider: Previous Receipt of Influenza Vaccine (Code List: 2.16.840.1.113883.3.526.03.1185)</td>
          <td ID="procedures-code-5">SNOMED-CT: 185900003<br/><i></i></td>
          <td>December 24th, 2001 05:00 - August 26th, 2011 04:00</td>
           
        </tr>
    </tbody>
  </table>
</text>
    <entry typeCode="DRIV">
      <procedure classCode="PROC" moodCode="EVN">
        <templateId root="2.16.840.1.113883.10.20.22.4.14"/>
        <!-- Procedure activity template -->
        <id root="96b0e690-e0c0-012f-f752-406c8fb8a271"/>
        <code code="315640000" codeSystem="2.16.840.1.113883.6.96" displayName="Communication: From Patient to Provider: Influenza Vaccination Declined (Code List: 2.16.840.1.113883.3.526.03.1255)">
  <originalText><reference value="#procedures-desc-0"/></originalText>
</code>

        <text>
          <reference value="#procedures-desc-0"/>
        </text>
        <statusCode code="completed"/>
        <effectiveTime value='20040125050000'/>
      </procedure>
    </entry>
    <entry typeCode="DRIV">
      <procedure classCode="PROC" moodCode="EVN">
        <templateId root="2.16.840.1.113883.10.20.22.4.14"/>
        <!-- Procedure activity template -->
        <id root="96b0fd40-e0c0-012f-f752-406c8fb8a271"/>
        <code code="90656" codeSystem="2.16.840.1.113883.6.12" displayName="Procedure, Performed: Influenza Vaccination (Code List: 2.16.840.1.113883.3.526.03.402)">
  <originalText><reference value="#procedures-desc-1"/></originalText>
  <translation code="86198006" codeSystem="2.16.840.1.113883.6.96" />
</code>

        <text>
          <reference value="#procedures-desc-1"/>
        </text>
        <statusCode code="completed"/>
        <effectiveTime value='20070710040000'/>
      </procedure>
    </entry>
    <entry typeCode="DRIV">
      <procedure classCode="PROC" moodCode="EVN">
        <templateId root="2.16.840.1.113883.10.20.22.4.14"/>
        <!-- Procedure activity template -->
        <id root="96b114f0-e0c0-012f-f752-406c8fb8a271"/>
        <code code="90656" codeSystem="2.16.840.1.113883.6.12" displayName="Procedure, Performed: Influenza Vaccination (Code List: 2.16.840.1.113883.3.526.03.402)">
  <originalText><reference value="#procedures-desc-2"/></originalText>
  <translation code="86198006" codeSystem="2.16.840.1.113883.6.96" />
</code>

        <text>
          <reference value="#procedures-desc-2"/>
        </text>
        <statusCode code="completed"/>
        <effectiveTime value='20041129050000'/>
      </procedure>
    </entry>
    <entry typeCode="DRIV">
      <procedure classCode="PROC" moodCode="EVN">
        <templateId root="2.16.840.1.113883.10.20.22.4.14"/>
        <!-- Procedure activity template -->
        <id root="96b12c70-e0c0-012f-f752-406c8fb8a271"/>
        <code code="90656" codeSystem="2.16.840.1.113883.6.12" displayName="Procedure, Performed: Influenza Vaccination (Code List: 2.16.840.1.113883.3.526.03.402)">
  <originalText><reference value="#procedures-desc-3"/></originalText>
  <translation code="86198006" codeSystem="2.16.840.1.113883.6.96" />
</code>

        <text>
          <reference value="#procedures-desc-3"/>
        </text>
        <statusCode code="completed"/>
        <effectiveTime value='19951105050000'/>
      </procedure>
    </entry>
    <entry typeCode="DRIV">
      <procedure classCode="PROC" moodCode="EVN">
        <templateId root="2.16.840.1.113883.10.20.22.4.14"/>
        <!-- Procedure activity template -->
        <id root="96b143b0-e0c0-012f-f752-406c8fb8a271"/>
        <code code="90656" codeSystem="2.16.840.1.113883.6.12" displayName="Procedure, Performed: Influenza Vaccination (Code List: 2.16.840.1.113883.3.526.03.402)">
  <originalText><reference value="#procedures-desc-4"/></originalText>
  <translation code="86198006" codeSystem="2.16.840.1.113883.6.96" />
</code>

        <text>
          <reference value="#procedures-desc-4"/>
        </text>
        <statusCode code="completed"/>
        <effectiveTime value='20010707040000'/>
      </procedure>
    </entry>
    <entry typeCode="DRIV">
      <procedure classCode="PROC" moodCode="EVN">
        <templateId root="2.16.840.1.113883.10.20.22.4.14"/>
        <!-- Procedure activity template -->
        <id root="96b15ab0-e0c0-012f-f752-406c8fb8a271"/>
        <code code="185900003" codeSystem="2.16.840.1.113883.6.96" displayName="Communication: From Patient to Provider: Previous Receipt of Influenza Vaccine (Code List: 2.16.840.1.113883.3.526.03.1185)">
  <originalText><reference value="#procedures-desc-5"/></originalText>
</code>

        <text>
          <reference value="#procedures-desc-5"/>
        </text>
        <statusCode code="completed"/>
        <effectiveTime value='20011224050000'/>
      </procedure>
    </entry>
  </section>
</component>
        <component>
  <!--Encounters-->
  <section>
    <templateId root="2.16.840.1.113883.10.20.22.2.22" /> <!-- CCDA Template id -->
    <!--Encounters section template-->
    <code code="46240-8" codeSystem="2.16.840.1.113883.6.1" codeSystemName="LOINC" displayName="History of encounters"/>
    <title>Encounters</title>
    <text>
  <table border="1" width="100%">
    <thead>
      <tr>
        <th>Description</th>
        <th>Codes</th>
        <th>Time</th>
        
      </tr>
    </thead>
    <tbody>
        <tr>
          <td ID="encounters-desc-0">Encounter-Influenza (Code List: 2.16.840.1.113883.3.526.03.1252)</td>
          <td ID="encounters-code-0">CPT: 99391 SNOMED-CT: 4525004<br/><i></i></td>
          <td>June 19th, 1999 04:00 - June 7th, 2005 04:00</td>
           
        </tr>
        <tr>
          <td ID="encounters-desc-1">Encounter, Performed: Office Visit (Code List: 2.16.840.1.113883.3.464.0003.01.02.0001)</td>
          <td ID="encounters-code-1">CPT: 99201<br/><i></i></td>
          <td>February 18th, 2008 05:00 - December 13th, 2009 05:00</td>
           
        </tr>
        <tr>
          <td ID="encounters-desc-2">Encounter, Performed: Outpatient Consultation (Code List: 2.16.840.1.113883.3.464.0003.01.02.0008)</td>
          <td ID="encounters-code-2">CPT: 99241<br/><i></i></td>
          <td>August 17th, 2009 04:00 - June 28th, 2012 04:00</td>
           
        </tr>
        <tr>
          <td ID="encounters-desc-3">Encounter, Performed: Care Services in Long-Term Residential Facility (Code List: 2.16.840.1.113883.3.464.0003.01.02.0014)</td>
          <td ID="encounters-code-3">CPT: 99324<br/><i></i></td>
          <td>July 28th, 2010 04:00 - September 15th, 2010 04:00</td>
           
        </tr>
        <tr>
          <td ID="encounters-desc-4">Encounter, Performed: Home Healthcare Services (Code List: 2.16.840.1.113883.3.464.0003.01.02.0016)</td>
          <td ID="encounters-code-4">CPT: 99341<br/><i></i></td>
          <td>October 24th, 2010 04:00 - January 2nd, 2012 05:00</td>
           
        </tr>
        <tr>
          <td ID="encounters-desc-5">Encounter, Performed: Patient Provider Interaction (Code List: 2.16.840.1.113883.3.526.03.1012)</td>
          <td ID="encounters-code-5">SNOMED-CT: 4525004<br/><i></i></td>
          <td>August 8th, 2003 04:00 - March 23rd, 2007 04:00</td>
           
        </tr>
        <tr>
          <td ID="encounters-desc-6">Encounter, Performed: Preventive Care- Initial Office Visit, 0 to 17 (Code List: 2.16.840.1.113883.3.464.0003.01.02.0022)</td>
          <td ID="encounters-code-6">CPT: 99381<br/><i></i></td>
          <td>May 20th, 2007 04:00 - June 8th, 2011 04:00</td>
           
        </tr>
        <tr>
          <td ID="encounters-desc-7">Encounter, Performed: Preventive Care Services-Initial Office Visit, 18 and Up (Code List: 2.16.840.1.113883.3.464.0003.01.02.0023)</td>
          <td ID="encounters-code-7">CPT: 99385<br/><i></i></td>
          <td>July 5th, 2006 04:00 - July 2nd, 2008 04:00</td>
           
        </tr>
        <tr>
          <td ID="encounters-desc-8">Encounter, Performed: Preventive Care - Established Office Visit, 0 to 17 (Code List: 2.16.840.1.113883.3.464.0003.01.02.0024)</td>
          <td ID="encounters-code-8">CPT: 99391<br/><i></i></td>
          <td>October 5th, 2007 04:00 - April 19th, 2011 04:00</td>
           
        </tr>
        <tr>
          <td ID="encounters-desc-9">Encounter, Performed: Preventive Care Services - Established Office Visit, 18 and Up (Code List: 2.16.840.1.113883.3.464.0003.01.02.0025)</td>
          <td ID="encounters-code-9">CPT: 99395<br/><i></i></td>
          <td>June 1st, 2007 04:00 - September 25th, 2011 04:00</td>
           
        </tr>
        <tr>
          <td ID="encounters-desc-10">Encounter, Performed: Preventive Care Services-Individual Counseling (Code List: 2.16.840.1.113883.3.464.0003.01.02.0026)</td>
          <td ID="encounters-code-10">CPT: 99401<br/><i></i></td>
          <td>August 22nd, 2011 04:00 - January 8th, 2012 05:00</td>
           
        </tr>
        <tr>
          <td ID="encounters-desc-11">Encounter, Performed: Preventive Care Services - Group Counseling (Code List: 2.16.840.1.113883.3.464.0003.01.02.0027)</td>
          <td ID="encounters-code-11">CPT: 99411<br/><i></i></td>
          <td>November 22nd, 2007 05:00 - October 23rd, 2009 04:00</td>
           
        </tr>
        <tr>
          <td ID="encounters-desc-12">Encounter, Performed: Preventive Care Services - Other (Code List: 2.16.840.1.113883.3.464.0003.01.02.0030)</td>
          <td ID="encounters-code-12">CPT: 99420<br/><i></i></td>
          <td>February 18th, 2012 05:00 - July 13th, 2012 04:00</td>
           
        </tr>
        <tr>
          <td ID="encounters-desc-13">Encounter, Performed: Discharge Services - Nursing Facility (Code List: 2.16.840.1.113883.3.464.0003.01.02.0013)</td>
          <td ID="encounters-code-13">CPT: 99315<br/><i></i></td>
          <td>July 22nd, 2006 04:00 - July 22nd, 2008 04:00</td>
           
        </tr>
        <tr>
          <td ID="encounters-desc-14">Encounter, Performed: Nursing Facility Visit (Code List: 2.16.840.1.113883.3.464.0003.01.02.0012)</td>
          <td ID="encounters-code-14">CPT: 99304<br/><i></i></td>
          <td>May 19th, 2009 04:00 - March 13th, 2011 05:00</td>
           
        </tr>
    </tbody>
  </table>
</text>
    <entry typeCode="DRIV">
      <encounter classCode="ENC" moodCode="EVN">
		    <templateId root="2.16.840.1.113883.10.20.22.4.49"/>
        <!-- Encounter activity template -->
        <id root="96b1c4c0-e0c0-012f-f752-406c8fb8a271"/>
        <code code="99391" codeSystem="2.16.840.1.113883.6.12" displayName="Encounter-Influenza (Code List: 2.16.840.1.113883.3.526.03.1252)">
  <originalText><reference value="#encounters-desc-0"/></originalText>
  <translation code="4525004" codeSystem="2.16.840.1.113883.6.96" />
</code>

        <text>
          <reference value="#encounters-desc-0"/>
        </text>
        <effectiveTime value='19990619040000'/>
      </encounter>
    </entry>
    <entry typeCode="DRIV">
      <encounter classCode="ENC" moodCode="EVN">
		    <templateId root="2.16.840.1.113883.10.20.22.4.49"/>
        <!-- Encounter activity template -->
        <id root="96b1dc30-e0c0-012f-f752-406c8fb8a271"/>
        <code code="99201" codeSystem="2.16.840.1.113883.6.12" displayName="Encounter, Performed: Office Visit (Code List: 2.16.840.1.113883.3.464.0003.01.02.0001)">
  <originalText><reference value="#encounters-desc-1"/></originalText>
</code>

        <text>
          <reference value="#encounters-desc-1"/>
        </text>
        <effectiveTime value='20080218050000'/>
      </encounter>
    </entry>
    <entry typeCode="DRIV">
      <encounter classCode="ENC" moodCode="EVN">
		    <templateId root="2.16.840.1.113883.10.20.22.4.49"/>
        <!-- Encounter activity template -->
        <id root="96b1f2e0-e0c0-012f-f752-406c8fb8a271"/>
        <code code="99241" codeSystem="2.16.840.1.113883.6.12" displayName="Encounter, Performed: Outpatient Consultation (Code List: 2.16.840.1.113883.3.464.0003.01.02.0008)">
  <originalText><reference value="#encounters-desc-2"/></originalText>
</code>

        <text>
          <reference value="#encounters-desc-2"/>
        </text>
        <effectiveTime value='20090817040000'/>
      </encounter>
    </entry>
    <entry typeCode="DRIV">
      <encounter classCode="ENC" moodCode="EVN">
		    <templateId root="2.16.840.1.113883.10.20.22.4.49"/>
        <!-- Encounter activity template -->
        <id root="96b20970-e0c0-012f-f752-406c8fb8a271"/>
        <code code="99324" codeSystem="2.16.840.1.113883.6.12" displayName="Encounter, Performed: Care Services in Long-Term Residential Facility (Code List: 2.16.840.1.113883.3.464.0003.01.02.0014)">
  <originalText><reference value="#encounters-desc-3"/></originalText>
</code>

        <text>
          <reference value="#encounters-desc-3"/>
        </text>
        <effectiveTime value='20100728040000'/>
      </encounter>
    </entry>
    <entry typeCode="DRIV">
      <encounter classCode="ENC" moodCode="EVN">
		    <templateId root="2.16.840.1.113883.10.20.22.4.49"/>
        <!-- Encounter activity template -->
        <id root="96b22090-e0c0-012f-f752-406c8fb8a271"/>
        <code code="99341" codeSystem="2.16.840.1.113883.6.12" displayName="Encounter, Performed: Home Healthcare Services (Code List: 2.16.840.1.113883.3.464.0003.01.02.0016)">
  <originalText><reference value="#encounters-desc-4"/></originalText>
</code>

        <text>
          <reference value="#encounters-desc-4"/>
        </text>
        <effectiveTime value='20101024040000'/>
      </encounter>
    </entry>
    <entry typeCode="DRIV">
      <encounter classCode="ENC" moodCode="EVN">
		    <templateId root="2.16.840.1.113883.10.20.22.4.49"/>
        <!-- Encounter activity template -->
        <id root="96b23720-e0c0-012f-f752-406c8fb8a271"/>
        <code nullFlavor="UNK">
  <originalText><reference value="#encounters-desc-5"/></originalText>
  <translation code="4525004" codeSystem="2.16.840.1.113883.6.96" />
</code>

        <text>
          <reference value="#encounters-desc-5"/>
        </text>
        <effectiveTime value='20030808040000'/>
      </encounter>
    </entry>
    <entry typeCode="DRIV">
      <encounter classCode="ENC" moodCode="EVN">
		    <templateId root="2.16.840.1.113883.10.20.22.4.49"/>
        <!-- Encounter activity template -->
        <id root="96b24cb0-e0c0-012f-f752-406c8fb8a271"/>
        <code code="99381" codeSystem="2.16.840.1.113883.6.12" displayName="Encounter, Performed: Preventive Care- Initial Office Visit, 0 to 17 (Code List: 2.16.840.1.113883.3.464.0003.01.02.0022)">
  <originalText><reference value="#encounters-desc-6"/></originalText>
</code>

        <text>
          <reference value="#encounters-desc-6"/>
        </text>
        <effectiveTime value='20070520040000'/>
      </encounter>
    </entry>
    <entry typeCode="DRIV">
      <encounter classCode="ENC" moodCode="EVN">
		    <templateId root="2.16.840.1.113883.10.20.22.4.49"/>
        <!-- Encounter activity template -->
        <id root="96b262b0-e0c0-012f-f752-406c8fb8a271"/>
        <code code="99385" codeSystem="2.16.840.1.113883.6.12" displayName="Encounter, Performed: Preventive Care Services-Initial Office Visit, 18 and Up (Code List: 2.16.840.1.113883.3.464.0003.01.02.0023)">
  <originalText><reference value="#encounters-desc-7"/></originalText>
</code>

        <text>
          <reference value="#encounters-desc-7"/>
        </text>
        <effectiveTime value='20060705040000'/>
      </encounter>
    </entry>
    <entry typeCode="DRIV">
      <encounter classCode="ENC" moodCode="EVN">
		    <templateId root="2.16.840.1.113883.10.20.22.4.49"/>
        <!-- Encounter activity template -->
        <id root="96b278e0-e0c0-012f-f752-406c8fb8a271"/>
        <code code="99391" codeSystem="2.16.840.1.113883.6.12" displayName="Encounter, Performed: Preventive Care - Established Office Visit, 0 to 17 (Code List: 2.16.840.1.113883.3.464.0003.01.02.0024)">
  <originalText><reference value="#encounters-desc-8"/></originalText>
</code>

        <text>
          <reference value="#encounters-desc-8"/>
        </text>
        <effectiveTime value='20071005040000'/>
      </encounter>
    </entry>
    <entry typeCode="DRIV">
      <encounter classCode="ENC" moodCode="EVN">
		    <templateId root="2.16.840.1.113883.10.20.22.4.49"/>
        <!-- Encounter activity template -->
        <id root="96b28ef0-e0c0-012f-f752-406c8fb8a271"/>
        <code code="99395" codeSystem="2.16.840.1.113883.6.12" displayName="Encounter, Performed: Preventive Care Services - Established Office Visit, 18 and Up (Code List: 2.16.840.1.113883.3.464.0003.01.02.0025)">
  <originalText><reference value="#encounters-desc-9"/></originalText>
</code>

        <text>
          <reference value="#encounters-desc-9"/>
        </text>
        <effectiveTime value='20070601040000'/>
      </encounter>
    </entry>
    <entry typeCode="DRIV">
      <encounter classCode="ENC" moodCode="EVN">
		    <templateId root="2.16.840.1.113883.10.20.22.4.49"/>
        <!-- Encounter activity template -->
        <id root="96b2a510-e0c0-012f-f752-406c8fb8a271"/>
        <code code="99401" codeSystem="2.16.840.1.113883.6.12" displayName="Encounter, Performed: Preventive Care Services-Individual Counseling (Code List: 2.16.840.1.113883.3.464.0003.01.02.0026)">
  <originalText><reference value="#encounters-desc-10"/></originalText>
</code>

        <text>
          <reference value="#encounters-desc-10"/>
        </text>
        <effectiveTime value='20110822040000'/>
      </encounter>
    </entry>
    <entry typeCode="DRIV">
      <encounter classCode="ENC" moodCode="EVN">
		    <templateId root="2.16.840.1.113883.10.20.22.4.49"/>
        <!-- Encounter activity template -->
        <id root="96b2bb20-e0c0-012f-f752-406c8fb8a271"/>
        <code code="99411" codeSystem="2.16.840.1.113883.6.12" displayName="Encounter, Performed: Preventive Care Services - Group Counseling (Code List: 2.16.840.1.113883.3.464.0003.01.02.0027)">
  <originalText><reference value="#encounters-desc-11"/></originalText>
</code>

        <text>
          <reference value="#encounters-desc-11"/>
        </text>
        <effectiveTime value='20071122050000'/>
      </encounter>
    </entry>
    <entry typeCode="DRIV">
      <encounter classCode="ENC" moodCode="EVN">
		    <templateId root="2.16.840.1.113883.10.20.22.4.49"/>
        <!-- Encounter activity template -->
        <id root="96b2d110-e0c0-012f-f752-406c8fb8a271"/>
        <code code="99420" codeSystem="2.16.840.1.113883.6.12" displayName="Encounter, Performed: Preventive Care Services - Other (Code List: 2.16.840.1.113883.3.464.0003.01.02.0030)">
  <originalText><reference value="#encounters-desc-12"/></originalText>
</code>

        <text>
          <reference value="#encounters-desc-12"/>
        </text>
        <effectiveTime value='20120218050000'/>
      </encounter>
    </entry>
    <entry typeCode="DRIV">
      <encounter classCode="ENC" moodCode="EVN">
		    <templateId root="2.16.840.1.113883.10.20.22.4.49"/>
        <!-- Encounter activity template -->
        <id root="96b2e6f0-e0c0-012f-f752-406c8fb8a271"/>
        <code code="99315" codeSystem="2.16.840.1.113883.6.12" displayName="Encounter, Performed: Discharge Services - Nursing Facility (Code List: 2.16.840.1.113883.3.464.0003.01.02.0013)">
  <originalText><reference value="#encounters-desc-13"/></originalText>
</code>

        <text>
          <reference value="#encounters-desc-13"/>
        </text>
        <effectiveTime value='20060722040000'/>
      </encounter>
    </entry>
    <entry typeCode="DRIV">
      <encounter classCode="ENC" moodCode="EVN">
		    <templateId root="2.16.840.1.113883.10.20.22.4.49"/>
        <!-- Encounter activity template -->
        <id root="96b2fcd0-e0c0-012f-f752-406c8fb8a271"/>
        <code code="99304" codeSystem="2.16.840.1.113883.6.12" displayName="Encounter, Performed: Nursing Facility Visit (Code List: 2.16.840.1.113883.3.464.0003.01.02.0012)">
  <originalText><reference value="#encounters-desc-14"/></originalText>
</code>

        <text>
          <reference value="#encounters-desc-14"/>
        </text>
        <effectiveTime value='20090519040000'/>
      </encounter>
    </entry>
  </section>
</component>
    </structuredBody>
  </component>
</ClinicalDocument>