<?xml version="1.0" encoding="UTF-8"?>
<ClinicalDocument xmlns="urn:hl7-org:v3" xmlns:sdtc="urn:hl7-org:sdtc" xmlns:xsi="http://www.w3.org/2001/XMLSchema-instance" xsi:schemaLocation="urn:hl7-org:v3 http://xreg2.nist.gov:8080/hitspValidation/schema/cdar2c32/infrastructure/cda/C32_CDA.xsd">
  <realmCode code="US"/>
  <typeId root="2.16.840.1.113883.1.3" extension="POCD_HD000040"/>
  <templateId root="2.16.840.1.113883.10.20.22.1.1" />
  <templateId root='2.16.840.1.113883.10.20.22.1.2'/> 
  <id root="2.16.840.1.113883.3.72" extension="50536a6a709357c7fa000038" assigningAuthorityName="NIST Healthcare Project"/>
  <code code="34133-9" displayName="Summarization of episode note" codeSystem="2.16.840.1.113883.6.1" codeSystemName="LOINC"/>
  <title>Cypress C32 Patient Test Record: Elsie Padilla</title>
  <effectiveTime value="20120914173604"/>
  <confidentialityCode code="N"/>
  <languageCode code="en-US"/>
  <recordTarget>
    <patientRole>
      <id root="Cypress" extension="50536a6a709357c7fa000038"/>
      <addr use="HP">
        <streetAddressLine>202 Burlington Rd.</streetAddressLine>
        <city>Bedford</city>
        <state>MA</state>
        <postalCode>01730</postalCode>
      </addr>
      <telecom value="tel:+1-781-271-3000"/>
      <patient>
        <name>
          <given>Elsie</given>
          <family>Padilla</family>
        </name>
        <administrativeGenderCode code="F" codeSystem="2.16.840.1.113883.5.1" codeSystemName="HL7 AdministrativeGender"/>
        <birthTime value="20080822040000"/>
          <raceCode code=""  codeSystemName="CDC Race and Ethnicity" codeSystem="2.16.840.1.113883.6.238"/>
          <ethnicGroupCode code=""  codeSystemName="CDC Race and Ethnicity" codeSystem="2.16.840.1.113883.6.238"/>
          <languageCommunication>
            <languageCode code="en-US"/>
          </languageCommunication>
      </patient>
    </patientRole>
  </recordTarget>
  <author>
    <time value="20120914173604"/>
    <assignedAuthor>
      <id/>
      <addr/>
      <telecom value="tel:+1-781-271-3000"/>
      <assignedPerson>
        <name>Auto Generated</name>
      </assignedPerson>
    </assignedAuthor>
  </author>
  <custodian>
    <assignedCustodian>
      <representedCustodianOrganization>
        <id/>
        <name>Cypress</name>
        <telecom value="tel:+1-781-271-3000"/>
        <addr>
          <streetAddressLine>202 Burlington Rd.</streetAddressLine>
          <city>Bedford</city>
          <state>MA</state>
          <postalCode>01730</postalCode>
        </addr>
      </representedCustodianOrganization>
    </assignedCustodian>
  </custodian>
  <component>
    <structuredBody>
        <component>
          <!-- Allergies: patient has no allergies -->
            <section>
             <templateId root="2.16.840.1.113883.10.20.22.2.6"/>
              <code code="11450-4" codeSystem="2.16.840.1.113883.6.1" codeSystemName="LOINC" displayName="Problem List"/>
              <title>Allergies and Adverse Reactions</title>                
               <text>
                <table border="1" width="100%">
                  <thead>
                    <tr>
                      <th>Description</th>                      
                      <th>Code</th>                      
                      <th>Time</th>
                    </tr>
                  </thead>
                  <tbody>
                    <tr ID="noallergies_summary">                                           
                      <td ID="noallergies">No Known allergies</td>
                      <td>160244002</td>                                         
                      <td>20120914173604</td>
                    </tr>                   
                 </tbody>
               </table>                             
             </text>
             <entry typeCode="DRIV">
              <act classCode="ACT" moodCode="EVN">
                <templateId root="2.16.840.1.113883.10.20.22.4.30"/>
                <id root="f6fd6f86-4265-4dcb-95cf-7799100b54ad"/>
                <code nullFlavor="NA"/>
                  <statusCode code="active"/>
                    <effectiveTime>
                      <low nullFlavor="NA"/>
                    </effectiveTime>					
                <entryRelationship typeCode="SUBJ" inversionInd="false">
                  <observation classCode="OBS" moodCode="EVN">
                    <templateId root="2.16.840.1.113883.10.20.22.4.7"/>
                    <id root="2b37be6b-9b1c-4069-bbca-1caf5fe1937d"/>
                    <code code="420134006" codeSystem="2.16.840.1.113883.6.96" displayName="Propensity to adverse reactions (disorder)" codeSystemName="SNOMED CT"/>
                    <statusCode code="completed"/>
                    <effectiveTime>
                      <low nullFlavor="UNK"/>
                    </effectiveTime>
                    <value xsi:type="CD" code="160244002" codeSystem="2.16.840.1.113883.6.96" displayName="No Known allergies" codeSystemName="SNOMED CT">
                      <originalText>
                        <reference value="#noallergies"/>
                      </originalText>
                    </value>
                  </observation>
              </entryRelationship>
            </act>
          </entry>
        </section>
      </component>

        <component>
  <!--Medications-->
  <section>
	<templateId root="2.16.840.1.113883.10.20.22.2.1" />
    <code code="10160-0" displayName="History of medication use" codeSystem="2.16.840.1.113883.6.1" codeSystemName="LOINC"/>
    <title>Medications</title>
    <text>
  <table border="1" width="100%">
    <thead>
      <tr>
        <th>Description</th>
        <th>Codes</th>
        <th>Time</th>
        
      </tr>
    </thead>
    <tbody>
        <tr>
          <td ID="medications-desc-0">Medication, Dispensed: Isotretinoin (Code List: 2.16.840.1.113883.3.464.0003.96.02.0143)</td>
          <td ID="medications-code-0">RxNorm: 197843<br/><i></i></td>
          <td>December 16th, 1994 05:00 - August 15th, 2001 04:00</td>
           
        </tr>
        <tr>
          <td ID="medications-desc-1">Medication, Order: Isotretinoin (Code List: 2.16.840.1.113883.3.464.0003.96.02.0143)</td>
          <td ID="medications-code-1">RxNorm: 197843<br/><i></i></td>
          <td>May 7th, 2011 04:00 - July 15th, 2011 04:00</td>
           
        </tr>
        <tr>
          <td ID="medications-desc-2">Medication, Active: Contraceptive Medications (Code List: 2.16.840.1.113883.3.464.0003.96.02.0080)</td>
          <td ID="medications-code-2">RxNorm: 197679<br/><i></i></td>
          <td>June 18th, 2012 04:00 - August 2nd, 2012 04:00</td>
           
        </tr>
    </tbody>
  </table>
</text>
    <entry>
      <!--CCD Medication activity - Required-->
      <substanceAdministration classCode="SBADM" moodCode="EVN">
        <templateId root='2.16.840.1.113883.10.20.22.4.16'/>
        <id root="950c56b0-e0c0-012f-f752-406c8fb8a271"/>
        <statusCode code="completed"/>
        <effectiveTime xsi:type="IVL_TS">
          <low value='19941216050000'/>
          <high nullFlavor="UNK"/>
        </effectiveTime>
        <consumable>
          <!--CCD Product - Required-->
          <manufacturedProduct classCode="MANU">
			    <templateId root='2.16.840.1.113883.10.20.22.4.23'/>
            <manufacturedMaterial>
              <code code="197843" codeSystem="2.16.840.1.113883.6.88" displayName="Medication, Dispensed: Isotretinoin (Code List: 2.16.840.1.113883.3.464.0003.96.02.0143)">
  <originalText><reference value="#medications-desc-0"/></originalText>
</code>

              <name>Medication, Dispensed: Isotretinoin (Code List: 2.16.840.1.113883.3.464.0003.96.02.0143)</name>
            </manufacturedMaterial>
          </manufacturedProduct>
        </consumable>
      </substanceAdministration>
    </entry>
    <entry>
      <!--CCD Medication activity - Required-->
      <substanceAdministration classCode="SBADM" moodCode="EVN">
        <templateId root='2.16.840.1.113883.10.20.22.4.16'/>
        <id root="950c6da0-e0c0-012f-f752-406c8fb8a271"/>
        <statusCode code="completed"/>
        <effectiveTime xsi:type="IVL_TS">
          <low value='20110507040000'/>
          <high nullFlavor="UNK"/>
        </effectiveTime>
        <consumable>
          <!--CCD Product - Required-->
          <manufacturedProduct classCode="MANU">
			    <templateId root='2.16.840.1.113883.10.20.22.4.23'/>
            <manufacturedMaterial>
              <code code="197843" codeSystem="2.16.840.1.113883.6.88" displayName="Medication, Order: Isotretinoin (Code List: 2.16.840.1.113883.3.464.0003.96.02.0143)">
  <originalText><reference value="#medications-desc-1"/></originalText>
</code>

              <name>Medication, Order: Isotretinoin (Code List: 2.16.840.1.113883.3.464.0003.96.02.0143)</name>
            </manufacturedMaterial>
          </manufacturedProduct>
        </consumable>
      </substanceAdministration>
    </entry>
    <entry>
      <!--CCD Medication activity - Required-->
      <substanceAdministration classCode="SBADM" moodCode="EVN">
        <templateId root='2.16.840.1.113883.10.20.22.4.16'/>
        <id root="950c84f0-e0c0-012f-f752-406c8fb8a271"/>
        <statusCode code="completed"/>
        <effectiveTime xsi:type="IVL_TS">
          <low value='20120618040000'/>
          <high nullFlavor="UNK"/>
        </effectiveTime>
        <consumable>
          <!--CCD Product - Required-->
          <manufacturedProduct classCode="MANU">
			    <templateId root='2.16.840.1.113883.10.20.22.4.23'/>
            <manufacturedMaterial>
              <code code="197679" codeSystem="2.16.840.1.113883.6.88" displayName="Medication, Active: Contraceptive Medications (Code List: 2.16.840.1.113883.3.464.0003.96.02.0080)">
  <originalText><reference value="#medications-desc-2"/></originalText>
</code>

              <name>Medication, Active: Contraceptive Medications (Code List: 2.16.840.1.113883.3.464.0003.96.02.0080)</name>
            </manufacturedMaterial>
          </manufacturedProduct>
        </consumable>
      </substanceAdministration>
    </entry>
  </section>
</component>
        
        <component>
  <!--Problems-->
  <section>
    <templateId root="2.16.840.1.113883.10.20.22.2.5.1"/>
    <!--Problems section template-->
    <code code="11450-4" codeSystem="2.16.840.1.113883.6.1" codeSystemName="LOINC" displayName="Problem list"/>
    <title>Problems</title>
    <text>
  <table border="1" width="100%">
    <thead>
      <tr>
        <th>Description</th>
        <th>Codes</th>
        <th>Time</th>
          <th>Status</th>
        
      </tr>
    </thead>
    <tbody>
        <tr>
          <td ID="conditions-desc-0">Diagnosis, Active: Other Female Reproductive Conditions (Code List: 2.16.840.1.113883.3.464.0003.11.02.0006)</td>
          <td ID="conditions-code-0">ICD-9-CM: 079.4 ICD-10-CM: A63.0 SNOMED-CT: 3160009<br/><i></i></td>
          <td>March 17th, 2012 04:00 - August 21st, 2012 04:00</td>
            <td>active</td>
           
        </tr>
        <tr>
          <td ID="conditions-desc-1">Diagnosis, Active: Genital Herpes (Code List: 2.16.840.1.113883.3.464.0003.10.02.0049)</td>
          <td ID="conditions-code-1">ICD-9-CM: 054.10 ICD-10-CM: A60.00 SNOMED-CT: 27420004<br/><i></i></td>
          <td>July 30th, 2012 04:00 - August 20th, 2012 04:00</td>
            <td>active</td>
           
        </tr>
        <tr>
          <td ID="conditions-desc-2">Diagnosis, Active: Inflammatory Diseases of Female Reproductive Organs (Code List: 2.16.840.1.113883.3.464.0003.20.02.0004)</td>
          <td ID="conditions-code-2">SNOMED-CT: 4022007 ICD-9-CM: 131.09 ICD-10-CM: A56.02<br/><i></i></td>
          <td>December 28th, 2011 05:00 - March 17th, 2012 04:00</td>
            <td>active</td>
           
        </tr>
        <tr>
          <td ID="conditions-desc-3">Diagnosis, Active: Chlamydia (Code List: 2.16.840.1.113883.3.464.0003.20.02.0003)</td>
          <td ID="conditions-code-3">ICD-10-CM: A74.9 ICD-9-CM: 079.88 SNOMED-CT: 105629000<br/><i></i></td>
          <td>February 6th, 2010 05:00 - March 6th, 2011 05:00</td>
            <td>active</td>
           
        </tr>
        <tr>
          <td ID="conditions-desc-4">Diagnosis, Active: Syphilis (Code List: 2.16.840.1.113883.3.464.0003.20.02.0002)</td>
          <td ID="conditions-code-4">SNOMED-CT: 192008 ICD-9-CM: 096 ICD-10-CM: A50.09<br/><i></i></td>
          <td>November 8th, 2009 05:00 - November 2nd, 2011 04:00</td>
            <td>active</td>
           
        </tr>
        <tr>
          <td ID="conditions-desc-5">Diagnosis, Active: Gonococcal Infections and Venereal Diseases (Code List: 2.16.840.1.113883.3.464.0003.20.02.0001)</td>
          <td ID="conditions-code-5">SNOMED-CT: 151004 ICD-9-CM: 098.0 ICD-10-CM: A54.09<br/><i></i></td>
          <td>January 15th, 2009 05:00 - August 4th, 2012 04:00</td>
            <td>active</td>
           
        </tr>
        <tr>
          <td ID="conditions-desc-6">Diagnosis, Active: Complications of Pregnancy, Childbirth and the Puerperium (Code List: 2.16.840.1.113883.3.464.0003.11.02.0012)</td>
          <td ID="conditions-code-6">ICD-9-CM: 630 ICD-10-CM: O00.1 SNOMED-CT: 682004<br/><i></i></td>
          <td>April 10th, 2010 04:00 - September 13th, 2011 04:00</td>
            <td>active</td>
           
        </tr>
        <tr>
          <td ID="conditions-desc-7">Diagnosis, Active: HIV (Code List: 2.16.840.1.113883.3.526.03.465)</td>
          <td ID="conditions-code-7">SNOMED-CT: 5810003 ICD-9-CM: 042 ICD-10-CM: B20<br/><i></i></td>
          <td>April 8th, 2011 04:00 - June 15th, 2012 04:00</td>
            <td>active</td>
           
        </tr>
    </tbody>
  </table>
</text>
    <entry typeCode="DRIV">
      <act classCode="ACT" moodCode="EVN">
        <templateId root="2.16.840.1.113883.10.20.22.4.3"/>
        <!-- Problem act template -->
        <id root="950cee70-e0c0-012f-f752-406c8fb8a271"/>
        <code nullFlavor="NA"/>
        <statusCode code="active"/>
        <effectiveTime>
          <low value='20120317040000'/>
        </effectiveTime>
        <entryRelationship typeCode="SUBJ" inversionInd="false">
          <observation classCode="OBS" moodCode="EVN">
            <templateId root="2.16.840.1.113883.10.20.22.4.4"/>
            
            <!--Problem observation template - NOT episode template-->
            <id root="950cf100-e0c0-012f-f752-406c8fb8a271"/>
            <code code="64572001" displayName="Condition" codeSystem="2.16.840.1.113883.6.96" codeSystemName="SNOMED-CT"/>
            <text>
              <reference value="#conditions-desc-0"/>
            </text>
            <statusCode code="completed"/>
            <effectiveTime>
              <low value='20120317040000'/>
            </effectiveTime>
            <value code="3160009" codeSystem="2.16.840.1.113883.6.96" xsi:type="CD"><originalText>Diagnosis, Active: Other Female Reproductive Conditions (Code List: 2.16.840.1.113883.3.464.0003.11.02.0006)</originalText><translation code="079.4" codeSystem="2.16.840.1.113883.6.104"/>
<translation code="A63.0" codeSystem="2.16.840.1.113883.6.90"/>
</value>
            <entryRelationship typeCode="REFR">
              <observation classCode="OBS" moodCode="EVN">
                <templateId root="2.16.840.1.113883.10.20.22.4.6"/>
                <!-- Problem status observation template -->
                <code code="33999-4" codeSystem="2.16.840.1.113883.6.1" displayName="Status"/>
                <statusCode code="completed"/>
                <value xsi:type="CE" code="55561003" codeSystem="2.16.840.1.113883.6.96"/>
              </observation>
            </entryRelationship>
          </observation>
        </entryRelationship>
      </act>
    </entry>
    <entry typeCode="DRIV">
      <act classCode="ACT" moodCode="EVN">
        <templateId root="2.16.840.1.113883.10.20.22.4.3"/>
        <!-- Problem act template -->
        <id root="950cf810-e0c0-012f-f752-406c8fb8a271"/>
        <code nullFlavor="NA"/>
        <statusCode code="active"/>
        <effectiveTime>
          <low value='20120730040000'/>
        </effectiveTime>
        <entryRelationship typeCode="SUBJ" inversionInd="false">
          <observation classCode="OBS" moodCode="EVN">
            <templateId root="2.16.840.1.113883.10.20.22.4.4"/>
            
            <!--Problem observation template - NOT episode template-->
            <id root="950cf9f0-e0c0-012f-f752-406c8fb8a271"/>
            <code code="64572001" displayName="Condition" codeSystem="2.16.840.1.113883.6.96" codeSystemName="SNOMED-CT"/>
            <text>
              <reference value="#conditions-desc-1"/>
            </text>
            <statusCode code="completed"/>
            <effectiveTime>
              <low value='20120730040000'/>
            </effectiveTime>
            <value code="27420004" codeSystem="2.16.840.1.113883.6.96" xsi:type="CD"><originalText>Diagnosis, Active: Genital Herpes (Code List: 2.16.840.1.113883.3.464.0003.10.02.0049)</originalText><translation code="054.10" codeSystem="2.16.840.1.113883.6.104"/>
<translation code="A60.00" codeSystem="2.16.840.1.113883.6.90"/>
</value>
            <entryRelationship typeCode="REFR">
              <observation classCode="OBS" moodCode="EVN">
                <templateId root="2.16.840.1.113883.10.20.22.4.6"/>
                <!-- Problem status observation template -->
                <code code="33999-4" codeSystem="2.16.840.1.113883.6.1" displayName="Status"/>
                <statusCode code="completed"/>
                <value xsi:type="CE" code="55561003" codeSystem="2.16.840.1.113883.6.96"/>
              </observation>
            </entryRelationship>
          </observation>
        </entryRelationship>
      </act>
    </entry>
    <entry typeCode="DRIV">
      <act classCode="ACT" moodCode="EVN">
        <templateId root="2.16.840.1.113883.10.20.22.4.3"/>
        <!-- Problem act template -->
        <id root="950cffd0-e0c0-012f-f752-406c8fb8a271"/>
        <code nullFlavor="NA"/>
        <statusCode code="active"/>
        <effectiveTime>
          <low value='20111228050000'/>
        </effectiveTime>
        <entryRelationship typeCode="SUBJ" inversionInd="false">
          <observation classCode="OBS" moodCode="EVN">
            <templateId root="2.16.840.1.113883.10.20.22.4.4"/>
            
            <!--Problem observation template - NOT episode template-->
            <id root="950d01b0-e0c0-012f-f752-406c8fb8a271"/>
            <code code="64572001" displayName="Condition" codeSystem="2.16.840.1.113883.6.96" codeSystemName="SNOMED-CT"/>
            <text>
              <reference value="#conditions-desc-2"/>
            </text>
            <statusCode code="completed"/>
            <effectiveTime>
              <low value='20111228050000'/>
            </effectiveTime>
            <value code="4022007" codeSystem="2.16.840.1.113883.6.96" xsi:type="CD"><originalText>Diagnosis, Active: Inflammatory Diseases of Female Reproductive Organs (Code List: 2.16.840.1.113883.3.464.0003.20.02.0004)</originalText><translation code="131.09" codeSystem="2.16.840.1.113883.6.104"/>
<translation code="A56.02" codeSystem="2.16.840.1.113883.6.90"/>
</value>
            <entryRelationship typeCode="REFR">
              <observation classCode="OBS" moodCode="EVN">
                <templateId root="2.16.840.1.113883.10.20.22.4.6"/>
                <!-- Problem status observation template -->
                <code code="33999-4" codeSystem="2.16.840.1.113883.6.1" displayName="Status"/>
                <statusCode code="completed"/>
                <value xsi:type="CE" code="55561003" codeSystem="2.16.840.1.113883.6.96"/>
              </observation>
            </entryRelationship>
          </observation>
        </entryRelationship>
      </act>
    </entry>
    <entry typeCode="DRIV">
      <act classCode="ACT" moodCode="EVN">
        <templateId root="2.16.840.1.113883.10.20.22.4.3"/>
        <!-- Problem act template -->
        <id root="950d0780-e0c0-012f-f752-406c8fb8a271"/>
        <code nullFlavor="NA"/>
        <statusCode code="active"/>
        <effectiveTime>
          <low value='20100206050000'/>
        </effectiveTime>
        <entryRelationship typeCode="SUBJ" inversionInd="false">
          <observation classCode="OBS" moodCode="EVN">
            <templateId root="2.16.840.1.113883.10.20.22.4.4"/>
            
            <!--Problem observation template - NOT episode template-->
            <id root="950d0980-e0c0-012f-f752-406c8fb8a271"/>
            <code code="64572001" displayName="Condition" codeSystem="2.16.840.1.113883.6.96" codeSystemName="SNOMED-CT"/>
            <text>
              <reference value="#conditions-desc-3"/>
            </text>
            <statusCode code="completed"/>
            <effectiveTime>
              <low value='20100206050000'/>
            </effectiveTime>
            <value code="105629000" codeSystem="2.16.840.1.113883.6.96" xsi:type="CD"><originalText>Diagnosis, Active: Chlamydia (Code List: 2.16.840.1.113883.3.464.0003.20.02.0003)</originalText><translation code="A74.9" codeSystem="2.16.840.1.113883.6.90"/>
<translation code="079.88" codeSystem="2.16.840.1.113883.6.104"/>
</value>
            <entryRelationship typeCode="REFR">
              <observation classCode="OBS" moodCode="EVN">
                <templateId root="2.16.840.1.113883.10.20.22.4.6"/>
                <!-- Problem status observation template -->
                <code code="33999-4" codeSystem="2.16.840.1.113883.6.1" displayName="Status"/>
                <statusCode code="completed"/>
                <value xsi:type="CE" code="55561003" codeSystem="2.16.840.1.113883.6.96"/>
              </observation>
            </entryRelationship>
          </observation>
        </entryRelationship>
      </act>
    </entry>
    <entry typeCode="DRIV">
      <act classCode="ACT" moodCode="EVN">
        <templateId root="2.16.840.1.113883.10.20.22.4.3"/>
        <!-- Problem act template -->
        <id root="950d0f90-e0c0-012f-f752-406c8fb8a271"/>
        <code nullFlavor="NA"/>
        <statusCode code="active"/>
        <effectiveTime>
          <low value='20091108050000'/>
        </effectiveTime>
        <entryRelationship typeCode="SUBJ" inversionInd="false">
          <observation classCode="OBS" moodCode="EVN">
            <templateId root="2.16.840.1.113883.10.20.22.4.4"/>
            
            <!--Problem observation template - NOT episode template-->
            <id root="950d1190-e0c0-012f-f752-406c8fb8a271"/>
            <code code="64572001" displayName="Condition" codeSystem="2.16.840.1.113883.6.96" codeSystemName="SNOMED-CT"/>
            <text>
              <reference value="#conditions-desc-4"/>
            </text>
            <statusCode code="completed"/>
            <effectiveTime>
              <low value='20091108050000'/>
            </effectiveTime>
            <value code="192008" codeSystem="2.16.840.1.113883.6.96" xsi:type="CD"><originalText>Diagnosis, Active: Syphilis (Code List: 2.16.840.1.113883.3.464.0003.20.02.0002)</originalText><translation code="096" codeSystem="2.16.840.1.113883.6.104"/>
<translation code="A50.09" codeSystem="2.16.840.1.113883.6.90"/>
</value>
            <entryRelationship typeCode="REFR">
              <observation classCode="OBS" moodCode="EVN">
                <templateId root="2.16.840.1.113883.10.20.22.4.6"/>
                <!-- Problem status observation template -->
                <code code="33999-4" codeSystem="2.16.840.1.113883.6.1" displayName="Status"/>
                <statusCode code="completed"/>
                <value xsi:type="CE" code="55561003" codeSystem="2.16.840.1.113883.6.96"/>
              </observation>
            </entryRelationship>
          </observation>
        </entryRelationship>
      </act>
    </entry>
    <entry typeCode="DRIV">
      <act classCode="ACT" moodCode="EVN">
        <templateId root="2.16.840.1.113883.10.20.22.4.3"/>
        <!-- Problem act template -->
        <id root="950d1750-e0c0-012f-f752-406c8fb8a271"/>
        <code nullFlavor="NA"/>
        <statusCode code="active"/>
        <effectiveTime>
          <low value='20090115050000'/>
        </effectiveTime>
        <entryRelationship typeCode="SUBJ" inversionInd="false">
          <observation classCode="OBS" moodCode="EVN">
            <templateId root="2.16.840.1.113883.10.20.22.4.4"/>
            
            <!--Problem observation template - NOT episode template-->
            <id root="950d1910-e0c0-012f-f752-406c8fb8a271"/>
            <code code="64572001" displayName="Condition" codeSystem="2.16.840.1.113883.6.96" codeSystemName="SNOMED-CT"/>
            <text>
              <reference value="#conditions-desc-5"/>
            </text>
            <statusCode code="completed"/>
            <effectiveTime>
              <low value='20090115050000'/>
            </effectiveTime>
            <value code="151004" codeSystem="2.16.840.1.113883.6.96" xsi:type="CD"><originalText>Diagnosis, Active: Gonococcal Infections and Venereal Diseases (Code List: 2.16.840.1.113883.3.464.0003.20.02.0001)</originalText><translation code="098.0" codeSystem="2.16.840.1.113883.6.104"/>
<translation code="A54.09" codeSystem="2.16.840.1.113883.6.90"/>
</value>
            <entryRelationship typeCode="REFR">
              <observation classCode="OBS" moodCode="EVN">
                <templateId root="2.16.840.1.113883.10.20.22.4.6"/>
                <!-- Problem status observation template -->
                <code code="33999-4" codeSystem="2.16.840.1.113883.6.1" displayName="Status"/>
                <statusCode code="completed"/>
                <value xsi:type="CE" code="55561003" codeSystem="2.16.840.1.113883.6.96"/>
              </observation>
            </entryRelationship>
          </observation>
        </entryRelationship>
      </act>
    </entry>
    <entry typeCode="DRIV">
      <act classCode="ACT" moodCode="EVN">
        <templateId root="2.16.840.1.113883.10.20.22.4.3"/>
        <!-- Problem act template -->
        <id root="950d1ed0-e0c0-012f-f752-406c8fb8a271"/>
        <code nullFlavor="NA"/>
        <statusCode code="active"/>
        <effectiveTime>
          <low value='20100410040000'/>
        </effectiveTime>
        <entryRelationship typeCode="SUBJ" inversionInd="false">
          <observation classCode="OBS" moodCode="EVN">
            <templateId root="2.16.840.1.113883.10.20.22.4.4"/>
            
            <!--Problem observation template - NOT episode template-->
            <id root="950d20a0-e0c0-012f-f752-406c8fb8a271"/>
            <code code="64572001" displayName="Condition" codeSystem="2.16.840.1.113883.6.96" codeSystemName="SNOMED-CT"/>
            <text>
              <reference value="#conditions-desc-6"/>
            </text>
            <statusCode code="completed"/>
            <effectiveTime>
              <low value='20100410040000'/>
            </effectiveTime>
            <value code="682004" codeSystem="2.16.840.1.113883.6.96" xsi:type="CD"><originalText>Diagnosis, Active: Complications of Pregnancy, Childbirth and the Puerperium (Code List: 2.16.840.1.113883.3.464.0003.11.02.0012)</originalText><translation code="630" codeSystem="2.16.840.1.113883.6.104"/>
<translation code="O00.1" codeSystem="2.16.840.1.113883.6.90"/>
</value>
            <entryRelationship typeCode="REFR">
              <observation classCode="OBS" moodCode="EVN">
                <templateId root="2.16.840.1.113883.10.20.22.4.6"/>
                <!-- Problem status observation template -->
                <code code="33999-4" codeSystem="2.16.840.1.113883.6.1" displayName="Status"/>
                <statusCode code="completed"/>
                <value xsi:type="CE" code="55561003" codeSystem="2.16.840.1.113883.6.96"/>
              </observation>
            </entryRelationship>
          </observation>
        </entryRelationship>
      </act>
    </entry>
    <entry typeCode="DRIV">
      <act classCode="ACT" moodCode="EVN">
        <templateId root="2.16.840.1.113883.10.20.22.4.3"/>
        <!-- Problem act template -->
        <id root="950d2680-e0c0-012f-f752-406c8fb8a271"/>
        <code nullFlavor="NA"/>
        <statusCode code="active"/>
        <effectiveTime>
          <low value='20110408040000'/>
        </effectiveTime>
        <entryRelationship typeCode="SUBJ" inversionInd="false">
          <observation classCode="OBS" moodCode="EVN">
            <templateId root="2.16.840.1.113883.10.20.22.4.4"/>
            
            <!--Problem observation template - NOT episode template-->
            <id root="950d2830-e0c0-012f-f752-406c8fb8a271"/>
            <code code="64572001" displayName="Condition" codeSystem="2.16.840.1.113883.6.96" codeSystemName="SNOMED-CT"/>
            <text>
              <reference value="#conditions-desc-7"/>
            </text>
            <statusCode code="completed"/>
            <effectiveTime>
              <low value='20110408040000'/>
            </effectiveTime>
            <value code="5810003" codeSystem="2.16.840.1.113883.6.96" xsi:type="CD"><originalText>Diagnosis, Active: HIV (Code List: 2.16.840.1.113883.3.526.03.465)</originalText><translation code="042" codeSystem="2.16.840.1.113883.6.104"/>
<translation code="B20" codeSystem="2.16.840.1.113883.6.90"/>
</value>
            <entryRelationship typeCode="REFR">
              <observation classCode="OBS" moodCode="EVN">
                <templateId root="2.16.840.1.113883.10.20.22.4.6"/>
                <!-- Problem status observation template -->
                <code code="33999-4" codeSystem="2.16.840.1.113883.6.1" displayName="Status"/>
                <statusCode code="completed"/>
                <value xsi:type="CE" code="55561003" codeSystem="2.16.840.1.113883.6.96"/>
              </observation>
            </entryRelationship>
          </observation>
        </entryRelationship>
      </act>
    </entry>
  </section>
</component>

        <component>
  <!--Surgeries-->
  <section>
    <templateId root="2.16.840.1.113883.10.20.22.2.7"/>
    <!--Surgeries section template-->
    <code code="47519-4" codeSystem="2.16.840.1.113883.6.1" codeSystemName="LOINC" displayName="List of surgeries"/>
    <title>Surgeries</title>
    <text>
  <table border="1" width="100%">
    <thead>
      <tr>
        <th>Description</th>
        <th>Codes</th>
        <th>Time</th>
        
      </tr>
    </thead>
    <tbody>
        <tr>
          <td ID="procedures-desc-0">Diagnostic Study, Performed: X-Ray Study (all inclusive) (Code List: 2.16.840.1.113883.3.464.0003.98.02.0034)</td>
          <td ID="procedures-code-0">LOINC: 24533-2<br/><i></i></td>
          <td>September 4th, 2000 04:00 - March 2nd, 2006 05:00</td>
           
        </tr>
        <tr>
          <td ID="procedures-desc-1">Diagnostic Study, Performed: Diagnostic Studies During Pregnancy (Code List: 2.16.840.1.113883.3.464.0003.11.02.0008)</td>
          <td ID="procedures-code-1">LOINC: 11615-2<br/><i></i></td>
          <td>November 2nd, 2008 04:00 - April 4th, 2012 04:00</td>
           
        </tr>
        <tr>
          <td ID="procedures-desc-2">Procedure, Performed: Procedures During Pregnancy (Code List: 2.16.840.1.113883.3.464.0003.11.02.0009)</td>
          <td ID="procedures-code-2">CPT: 58970 SNOMED-CT: 5048009<br/><i></i></td>
          <td>August 12th, 2010 04:00 - May 7th, 2011 04:00</td>
           
        </tr>
        <tr>
          <td ID="procedures-desc-3">Procedure, Performed: Procedures Involving Contraceptive Devices (Code List: 2.16.840.1.113883.3.464.0003.11.02.0010)</td>
          <td ID="procedures-code-3">SNOMED-CT: 46706006 CPT: 11975 HCPCS: S4981<br/><i></i></td>
          <td>November 6th, 2009 05:00 - August 23rd, 2010 04:00</td>
           
        </tr>
        <tr>
          <td ID="procedures-desc-4">Procedure, Performed: Delivery Live Births (Code List: 2.16.840.1.113883.3.526.03.393)</td>
          <td ID="procedures-code-4">SNOMED-CT: 1807002 CPT: 59400<br/><i></i></td>
          <td>November 7th, 2010 04:00 - May 4th, 2012 04:00</td>
           
        </tr>
    </tbody>
  </table>
</text>
    <entry typeCode="DRIV">
      <procedure classCode="PROC" moodCode="EVN">
        <templateId root="2.16.840.1.113883.10.20.22.4.14"/>
        <!-- Procedure activity template -->
        <id root="950d68c0-e0c0-012f-f752-406c8fb8a271"/>
        <code nullFlavor="UNK">
  <originalText><reference value="#procedures-desc-0"/></originalText>
  <translation code="24533-2" codeSystem="2.16.840.1.113883.6.1" />
</code>

        <text>
          <reference value="#procedures-desc-0"/>
        </text>
        <statusCode code="completed"/>
        <effectiveTime value='20000904040000'/>
      </procedure>
    </entry>
    <entry typeCode="DRIV">
      <procedure classCode="PROC" moodCode="EVN">
        <templateId root="2.16.840.1.113883.10.20.22.4.14"/>
        <!-- Procedure activity template -->
        <id root="950d7e90-e0c0-012f-f752-406c8fb8a271"/>
        <code nullFlavor="UNK">
  <originalText><reference value="#procedures-desc-1"/></originalText>
  <translation code="11615-2" codeSystem="2.16.840.1.113883.6.1" />
</code>

        <text>
          <reference value="#procedures-desc-1"/>
        </text>
        <statusCode code="completed"/>
        <effectiveTime value='20081102040000'/>
      </procedure>
    </entry>
    <entry typeCode="DRIV">
      <procedure classCode="PROC" moodCode="EVN">
        <templateId root="2.16.840.1.113883.10.20.22.4.14"/>
        <!-- Procedure activity template -->
        <id root="950d9480-e0c0-012f-f752-406c8fb8a271"/>
        <code code="58970" codeSystem="2.16.840.1.113883.6.12" displayName="Procedure, Performed: Procedures During Pregnancy (Code List: 2.16.840.1.113883.3.464.0003.11.02.0009)">
  <originalText><reference value="#procedures-desc-2"/></originalText>
  <translation code="5048009" codeSystem="2.16.840.1.113883.6.96" />
</code>

        <text>
          <reference value="#procedures-desc-2"/>
        </text>
        <statusCode code="completed"/>
        <effectiveTime value='20100812040000'/>
      </procedure>
    </entry>
    <entry typeCode="DRIV">
      <procedure classCode="PROC" moodCode="EVN">
        <templateId root="2.16.840.1.113883.10.20.22.4.14"/>
        <!-- Procedure activity template -->
        <id root="950dac60-e0c0-012f-f752-406c8fb8a271"/>
        <code code="11975" codeSystem="2.16.840.1.113883.6.12" displayName="Procedure, Performed: Procedures Involving Contraceptive Devices (Code List: 2.16.840.1.113883.3.464.0003.11.02.0010)">
  <originalText><reference value="#procedures-desc-3"/></originalText>
  <translation code="46706006" codeSystem="2.16.840.1.113883.6.96" />
  <translation code="S4981" codeSystem="2.16.840.1.113883.6.14" />
</code>

        <text>
          <reference value="#procedures-desc-3"/>
        </text>
        <statusCode code="completed"/>
        <effectiveTime value='20091106050000'/>
      </procedure>
    </entry>
    <entry typeCode="DRIV">
      <procedure classCode="PROC" moodCode="EVN">
        <templateId root="2.16.840.1.113883.10.20.22.4.14"/>
        <!-- Procedure activity template -->
        <id root="950dc430-e0c0-012f-f752-406c8fb8a271"/>
        <code code="59400" codeSystem="2.16.840.1.113883.6.12" displayName="Procedure, Performed: Delivery Live Births (Code List: 2.16.840.1.113883.3.526.03.393)">
  <originalText><reference value="#procedures-desc-4"/></originalText>
  <translation code="1807002" codeSystem="2.16.840.1.113883.6.96" />
</code>

        <text>
          <reference value="#procedures-desc-4"/>
        </text>
        <statusCode code="completed"/>
        <effectiveTime value='20101107040000'/>
      </procedure>
    </entry>
  </section>
</component>
        <component>
  <!--Vital Signs-->
  <section>
    <templateId root="2.16.840.1.113883.10.20.22.2.4"/>
    <!--Vital Signs section template-->
    <code code="8716-3" codeSystem="2.16.840.1.113883.6.1" codeSystemName="LOINC" displayName="Vital signs"/>
    <title>Vital Signs</title>
    <text>
  <table border="1" width="100%">
    <thead>
      <tr>
        <th>Description</th>
        <th>Codes</th>
        <th>Time</th>
        
          <th>Value</th>
      </tr>
    </thead>
    <tbody>
        <tr>
          <td ID="vitals-desc-0">Pregnancy Test (Code List: 2.16.840.1.113883.3.464.0003.11.02.0011)</td>
          <td ID="vitals-code-0">LOINC: 19080-1<br/><i></i></td>
          <td>December 13th, 2005 05:00 - August 15th, 2011 04:00</td>
           
              <td>
              </td>
        </tr>
        <tr>
          <td ID="vitals-desc-1">Laboratory Test, Result: Chlamydia Screening (Code List: 2.16.840.1.113883.3.464.0003.10.02.0052)</td>
          <td ID="vitals-code-1">LOINC: 13217-5<br/><i></i></td>
          <td>August 16th, 2007 04:00 - October 10th, 2008 04:00</td>
           
              <td>
              </td>
        </tr>
        <tr>
          <td ID="vitals-desc-2">Laboratory Test, Performed: Pap Test (Code List: 2.16.840.1.113883.3.464.0003.08.02.0017)</td>
          <td ID="vitals-code-2">LOINC: 10524-7<br/><i></i></td>
          <td>January 15th, 2011 05:00 - July 12th, 2011 04:00</td>
           
              <td>
              </td>
        </tr>
        <tr>
          <td ID="vitals-desc-3">Laboratory Test, Performed: Lab Tests During Pregnancy (Code List: 2.16.840.1.113883.3.464.0003.11.02.0007)</td>
          <td ID="vitals-code-3">LOINC: 14335-4<br/><i></i></td>
          <td>January 12th, 2011 05:00 - March 21st, 2011 04:00</td>
           
              <td>
              </td>
        </tr>
        <tr>
          <td ID="vitals-desc-4">Laboratory Test, Performed: Lab Tests for Sexually Transmitted Infections (Code List: 2.16.840.1.113883.3.464.0003.10.02.0051)</td>
          <td ID="vitals-code-4">LOINC: 10705-2<br/><i></i></td>
          <td>December 9th, 2009 05:00 - August 15th, 2011 04:00</td>
           
              <td>
              </td>
        </tr>
    </tbody>
  </table>
</text>
    <entry typeCode="DRIV">
      <organizer classCode="CLUSTER" moodCode="EVN">
        <templateId root="2.16.840.1.113883.10.20.22.4.26"/>
        <!-- Vital signs organizer template -->
        <id root="950e20f0-e0c0-012f-f752-406c8fb8a271"/>
        <code code="46680005" codeSystem="2.16.840.1.113883.6.96" displayName="Vital signs" codeSystemName="SNOMED CT"/>
        <statusCode code="completed"/>
        <effectiveTime value="19991114"/>
        <component>
          <observation classCode="OBS" moodCode="EVN">
            <templateId root="2.16.840.1.113883.10.20.22.4.27"/>
            <!-- Result observation template -->
            <id root="950e2220-e0c0-012f-f752-406c8fb8a271"/>
            <code code="19080-1" codeSystem="2.16.840.1.113883.6.1" ><originalText>Pregnancy Test (Code List: 2.16.840.1.113883.3.464.0003.11.02.0011)</originalText></code>
            <text>
              <reference value="vitals-desc-0"/>
            </text>
            <statusCode code="completed"/>
            <effectiveTime value='20051213050000'/>
              <value xsi:type="PQ" nullFlavor="UNK"/>
          </observation>
        </component>
        <component>
          <observation classCode="OBS" moodCode="EVN">
            <templateId root="2.16.840.1.113883.10.20.22.4.27"/>
            <!-- Result observation template -->
            <id root="950e2820-e0c0-012f-f752-406c8fb8a271"/>
            <code code="13217-5" codeSystem="2.16.840.1.113883.6.1" ><originalText>Laboratory Test, Result: Chlamydia Screening (Code List: 2.16.840.1.113883.3.464.0003.10.02.0052)</originalText></code>
            <text>
              <reference value="vitals-desc-1"/>
            </text>
            <statusCode code="completed"/>
            <effectiveTime value='20070816040000'/>
              <value xsi:type="PQ" nullFlavor="UNK"/>
          </observation>
        </component>
        <component>
          <observation classCode="OBS" moodCode="EVN">
            <templateId root="2.16.840.1.113883.10.20.22.4.27"/>
            <!-- Result observation template -->
            <id root="950e2d00-e0c0-012f-f752-406c8fb8a271"/>
            <code code="10524-7" codeSystem="2.16.840.1.113883.6.1" ><originalText>Laboratory Test, Performed: Pap Test (Code List: 2.16.840.1.113883.3.464.0003.08.02.0017)</originalText></code>
            <text>
              <reference value="vitals-desc-2"/>
            </text>
            <statusCode code="completed"/>
            <effectiveTime value='20110115050000'/>
              <value xsi:type="PQ" nullFlavor="UNK"/>
          </observation>
        </component>
        <component>
          <observation classCode="OBS" moodCode="EVN">
            <templateId root="2.16.840.1.113883.10.20.22.4.27"/>
            <!-- Result observation template -->
            <id root="950e31d0-e0c0-012f-f752-406c8fb8a271"/>
            <code code="14335-4" codeSystem="2.16.840.1.113883.6.1" ><originalText>Laboratory Test, Performed: Lab Tests During Pregnancy (Code List: 2.16.840.1.113883.3.464.0003.11.02.0007)</originalText></code>
            <text>
              <reference value="vitals-desc-3"/>
            </text>
            <statusCode code="completed"/>
            <effectiveTime value='20110112050000'/>
              <value xsi:type="PQ" nullFlavor="UNK"/>
          </observation>
        </component>
        <component>
          <observation classCode="OBS" moodCode="EVN">
            <templateId root="2.16.840.1.113883.10.20.22.4.27"/>
            <!-- Result observation template -->
            <id root="950e36a0-e0c0-012f-f752-406c8fb8a271"/>
            <code code="10705-2" codeSystem="2.16.840.1.113883.6.1" ><originalText>Laboratory Test, Performed: Lab Tests for Sexually Transmitted Infections (Code List: 2.16.840.1.113883.3.464.0003.10.02.0051)</originalText></code>
            <text>
              <reference value="vitals-desc-4"/>
            </text>
            <statusCode code="completed"/>
            <effectiveTime value='20091209050000'/>
              <value xsi:type="PQ" nullFlavor="UNK"/>
          </observation>
        </component>
      </organizer>
    </entry>
  </section>
</component>
    </structuredBody>
  </component>
</ClinicalDocument>