<?xml version="1.0" encoding="UTF-8"?>
<ClinicalDocument xmlns="urn:hl7-org:v3" xmlns:sdtc="urn:hl7-org:sdtc" xmlns:xsi="http://www.w3.org/2001/XMLSchema-instance" xsi:schemaLocation="urn:hl7-org:v3 http://xreg2.nist.gov:8080/hitspValidation/schema/cdar2c32/infrastructure/cda/C32_CDA.xsd">
  <realmCode code="US"/>
  <typeId root="2.16.840.1.113883.1.3" extension="POCD_HD000040"/>
  <templateId root="2.16.840.1.113883.10.20.22.1.1" />
  <templateId root='2.16.840.1.113883.10.20.22.1.2'/> 
  <id root="2.16.840.1.113883.3.72" extension="50536a6c709357c7fa0003d0" assigningAuthorityName="NIST Healthcare Project"/>
  <code code="34133-9" displayName="Summarization of episode note" codeSystem="2.16.840.1.113883.6.1" codeSystemName="LOINC"/>
  <title>Cypress C32 Patient Test Record: Ethel Farmer</title>
  <effectiveTime value="20120914173609"/>
  <confidentialityCode code="N"/>
  <languageCode code="en-US"/>
  <recordTarget>
    <patientRole>
      <id root="Cypress" extension="50536a6c709357c7fa0003d0"/>
      <addr use="HP">
        <streetAddressLine>202 Burlington Rd.</streetAddressLine>
        <city>Bedford</city>
        <state>MA</state>
        <postalCode>01730</postalCode>
      </addr>
      <telecom value="tel:+1-781-271-3000"/>
      <patient>
        <name>
          <given>Ethel</given>
          <family>Farmer</family>
        </name>
        <administrativeGenderCode code="F" codeSystem="2.16.840.1.113883.5.1" codeSystemName="HL7 AdministrativeGender"/>
        <birthTime value="20020418040000"/>
          <raceCode code=""  codeSystemName="CDC Race and Ethnicity" codeSystem="2.16.840.1.113883.6.238"/>
          <ethnicGroupCode code=""  codeSystemName="CDC Race and Ethnicity" codeSystem="2.16.840.1.113883.6.238"/>
          <languageCommunication>
            <languageCode code="es-US"/>
          </languageCommunication>
      </patient>
    </patientRole>
  </recordTarget>
  <author>
    <time value="20120914173609"/>
    <assignedAuthor>
      <id/>
      <addr/>
      <telecom value="tel:+1-781-271-3000"/>
      <assignedPerson>
        <name>Auto Generated</name>
      </assignedPerson>
    </assignedAuthor>
  </author>
  <custodian>
    <assignedCustodian>
      <representedCustodianOrganization>
        <id/>
        <name>Cypress</name>
        <telecom value="tel:+1-781-271-3000"/>
        <addr>
          <streetAddressLine>202 Burlington Rd.</streetAddressLine>
          <city>Bedford</city>
          <state>MA</state>
          <postalCode>01730</postalCode>
        </addr>
      </representedCustodianOrganization>
    </assignedCustodian>
  </custodian>
  <component>
    <structuredBody>
        <component>
          <!-- Allergies: patient has no allergies -->
            <section>
             <templateId root="2.16.840.1.113883.10.20.22.2.6"/>
              <code code="11450-4" codeSystem="2.16.840.1.113883.6.1" codeSystemName="LOINC" displayName="Problem List"/>
              <title>Allergies and Adverse Reactions</title>                
               <text>
                <table border="1" width="100%">
                  <thead>
                    <tr>
                      <th>Description</th>                      
                      <th>Code</th>                      
                      <th>Time</th>
                    </tr>
                  </thead>
                  <tbody>
                    <tr ID="noallergies_summary">                                           
                      <td ID="noallergies">No Known allergies</td>
                      <td>160244002</td>                                         
                      <td>20120914173609</td>
                    </tr>                   
                 </tbody>
               </table>                             
             </text>
             <entry typeCode="DRIV">
              <act classCode="ACT" moodCode="EVN">
                <templateId root="2.16.840.1.113883.10.20.22.4.30"/>
                <id root="f6fd6f86-4265-4dcb-95cf-7799100b54ad"/>
                <code nullFlavor="NA"/>
                  <statusCode code="active"/>
                    <effectiveTime>
                      <low nullFlavor="NA"/>
                    </effectiveTime>					
                <entryRelationship typeCode="SUBJ" inversionInd="false">
                  <observation classCode="OBS" moodCode="EVN">
                    <templateId root="2.16.840.1.113883.10.20.22.4.7"/>
                    <id root="2b37be6b-9b1c-4069-bbca-1caf5fe1937d"/>
                    <code code="420134006" codeSystem="2.16.840.1.113883.6.96" displayName="Propensity to adverse reactions (disorder)" codeSystemName="SNOMED CT"/>
                    <statusCode code="completed"/>
                    <effectiveTime>
                      <low nullFlavor="UNK"/>
                    </effectiveTime>
                    <value xsi:type="CD" code="160244002" codeSystem="2.16.840.1.113883.6.96" displayName="No Known allergies" codeSystemName="SNOMED CT">
                      <originalText>
                        <reference value="#noallergies"/>
                      </originalText>
                    </value>
                  </observation>
              </entryRelationship>
            </act>
          </entry>
        </section>
      </component>

        <component>
  <!--Medications-->
  <section>
	<templateId root="2.16.840.1.113883.10.20.22.2.1" />
    <code code="10160-0" displayName="History of medication use" codeSystem="2.16.840.1.113883.6.1" codeSystemName="LOINC"/>
    <title>Medications</title>
    <text>
  <table border="1" width="100%">
    <thead>
      <tr>
        <th>Description</th>
        <th>Codes</th>
        <th>Time</th>
        
      </tr>
    </thead>
    <tbody>
        <tr>
          <td ID="medications-desc-0">Medication, Order: Anti-Hypertensive Pharmacologic Therapy (Code List: 2.16.840.1.113883.3.600.1476)</td>
          <td ID="medications-code-0">RxNorm: 7417<br/><i></i></td>
          <td>November 10th, 2000 05:00 - December 24th, 2011 05:00</td>
           
        </tr>
    </tbody>
  </table>
</text>
    <entry>
      <!--CCD Medication activity - Required-->
      <substanceAdministration classCode="SBADM" moodCode="EVN">
        <templateId root='2.16.840.1.113883.10.20.22.4.16'/>
        <id root="98525100-e0c0-012f-f752-406c8fb8a271"/>
        <statusCode code="completed"/>
        <effectiveTime xsi:type="IVL_TS">
          <low value='20001110050000'/>
          <high nullFlavor="UNK"/>
        </effectiveTime>
        <consumable>
          <!--CCD Product - Required-->
          <manufacturedProduct classCode="MANU">
			    <templateId root='2.16.840.1.113883.10.20.22.4.23'/>
            <manufacturedMaterial>
              <code code="7417" codeSystem="2.16.840.1.113883.6.88" displayName="Medication, Order: Anti-Hypertensive Pharmacologic Therapy (Code List: 2.16.840.1.113883.3.600.1476)">
  <originalText><reference value="#medications-desc-0"/></originalText>
</code>

              <name>Medication, Order: Anti-Hypertensive Pharmacologic Therapy (Code List: 2.16.840.1.113883.3.600.1476)</name>
            </manufacturedMaterial>
          </manufacturedProduct>
        </consumable>
      </substanceAdministration>
    </entry>
  </section>
</component>
        <component>
  <!--Diagnostic Results-->
  <section>
    <templateId root="2.16.840.1.113883.10.20.22.2.3.1"/>
    <!--Diagnostic Results section template-->
    <code code="30954-2" codeSystem="2.16.840.1.113883.6.1" codeSystemName="LOINC" displayName="Results"/>
    <title>Diagnostic Results</title>
    <text>
  <table border="1" width="100%">
    <thead>
      <tr>
        <th>Description</th>
        <th>Codes</th>
        <th>Time</th>
        
          <th>Value</th>
      </tr>
    </thead>
    <tbody>
        <tr>
          <td ID="results-desc-0">Physical Exam, Performed: Diastolic Blood Pressure (Code List: 2.16.840.1.113883.3.526.03.1033)</td>
          <td ID="results-code-0">LOINC: 8462-4<br/><i></i></td>
          <td>June 4th, 2011 04:00 - November 22nd, 2011 05:00</td>
           
              <td>
              </td>
        </tr>
        <tr>
          <td ID="results-desc-1">Physical Exam, Performed: Diastolic Blood Pressure (Code List: 2.16.840.1.113883.3.526.03.1033)</td>
          <td ID="results-code-1">LOINC: 8462-4<br/><i></i></td>
          <td>March 9th, 1995 05:00 - March 24th, 2001 05:00</td>
           
              <td>
              </td>
        </tr>
        <tr>
          <td ID="results-desc-2">Physical Exam, Performed: Systolic Blood Pressure (Code List: 2.16.840.1.113883.3.526.03.1032)</td>
          <td ID="results-code-2">LOINC: 8480-6 <br/><i></i></td>
          <td>May 31st, 1998 04:00 - December 19th, 2001 05:00</td>
           
              <td>
              </td>
        </tr>
        <tr>
          <td ID="results-desc-3">Physical Exam, Performed: Systolic Blood Pressure (Code List: 2.16.840.1.113883.3.526.03.1032)</td>
          <td ID="results-code-3">LOINC: 8480-6 <br/><i></i></td>
          <td>November 5th, 2011 04:00 - December 11th, 2011 05:00</td>
           
              <td>
              </td>
        </tr>
        <tr>
          <td ID="results-desc-4">Physical Exam, Finding: Systolic Blood Pressure (Code List: 2.16.840.1.113883.3.526.03.1032)</td>
          <td ID="results-code-4">LOINC: 8480-6 <br/><i></i></td>
          <td>August 15th, 2012 04:00 - August 21st, 2012 04:00</td>
           
              <td>
	                120<br/>
              </td>
        </tr>
        <tr>
          <td ID="results-desc-5">Physical Exam, Finding: Diastolic Blood Pressure (Code List: 2.16.840.1.113883.3.526.03.1033)</td>
          <td ID="results-code-5">LOINC: 8462-4<br/><i></i></td>
          <td>March 13th, 1996 05:00 - April 28th, 2001 04:00</td>
           
              <td>
	                80<br/>
              </td>
        </tr>
    </tbody>
  </table>
</text>
    <entry typeCode="DRIV">
      <organizer classCode="BATTERY" moodCode="EVN">
        <templateId root="2.16.840.1.113883.10.20.22.4.1"/>
        <!--Result organizer template -->
        <id root="9852b470-e0c0-012f-f752-406c8fb8a271"/>
        <code nullFlavor="NA"/>
        <statusCode code="completed"/>
        <effectiveTime value="20120914173609"/>
          <component>
           <observation classCode="OBS" moodCode="EVN">
            <templateId root="2.16.840.1.113883.10.20.22.4.2"/>
              <id root="9852b600-e0c0-012f-f752-406c8fb8a271"/>
              <code nullFlavor="UNK">
                <originalText><reference value="Unknown"/></originalText>
              </code>
              <text>
                <reference value="Unknown"/>
              </text>
              <statusCode code="completed"/>
              <effectiveTime nullFlavor="UNK"/>
            </observation>
          </component>
        <component>
          <observation classCode="OBS" moodCode="EVN">
            <templateId root="2.16.840.1.113883.10.20.22.4.2"/>
            <!-- Result observation template -->
            <id root="9852b6e0-e0c0-012f-f752-406c8fb8a271"/>
            <code code="8462-4" codeSystem="2.16.840.1.113883.6.1" ><originalText>Physical Exam, Performed: Diastolic Blood Pressure (Code List: 2.16.840.1.113883.3.526.03.1033)</originalText></code>
            <text>
              <reference value="#results-desc-0"/>
            </text>
            <statusCode code="completed"/>
            <effectiveTime value='20110604040000'/>
              <value xsi:type="PQ" nullFlavor="UNK"/>
          </observation>
        </component>
        <component>
          <observation classCode="OBS" moodCode="EVN">
            <templateId root="2.16.840.1.113883.10.20.22.4.2"/>
            <!-- Result observation template -->
            <id root="9852bcb0-e0c0-012f-f752-406c8fb8a271"/>
            <code code="8462-4" codeSystem="2.16.840.1.113883.6.1" ><originalText>Physical Exam, Performed: Diastolic Blood Pressure (Code List: 2.16.840.1.113883.3.526.03.1033)</originalText></code>
            <text>
              <reference value="#results-desc-1"/>
            </text>
            <statusCode code="completed"/>
            <effectiveTime value='19950309050000'/>
              <value xsi:type="PQ" nullFlavor="UNK"/>
          </observation>
        </component>
        <component>
          <observation classCode="OBS" moodCode="EVN">
            <templateId root="2.16.840.1.113883.10.20.22.4.2"/>
            <!-- Result observation template -->
            <id root="9852c1a0-e0c0-012f-f752-406c8fb8a271"/>
            <code code="8480-6 " codeSystem="2.16.840.1.113883.6.1" ><originalText>Physical Exam, Performed: Systolic Blood Pressure (Code List: 2.16.840.1.113883.3.526.03.1032)</originalText></code>
            <text>
              <reference value="#results-desc-2"/>
            </text>
            <statusCode code="completed"/>
            <effectiveTime value='19980531040000'/>
              <value xsi:type="PQ" nullFlavor="UNK"/>
          </observation>
        </component>
        <component>
          <observation classCode="OBS" moodCode="EVN">
            <templateId root="2.16.840.1.113883.10.20.22.4.2"/>
            <!-- Result observation template -->
            <id root="9852c660-e0c0-012f-f752-406c8fb8a271"/>
            <code code="8480-6 " codeSystem="2.16.840.1.113883.6.1" ><originalText>Physical Exam, Performed: Systolic Blood Pressure (Code List: 2.16.840.1.113883.3.526.03.1032)</originalText></code>
            <text>
              <reference value="#results-desc-3"/>
            </text>
            <statusCode code="completed"/>
            <effectiveTime value='20111105040000'/>
              <value xsi:type="PQ" nullFlavor="UNK"/>
          </observation>
        </component>
        <component>
          <observation classCode="OBS" moodCode="EVN">
            <templateId root="2.16.840.1.113883.10.20.22.4.2"/>
            <!-- Result observation template -->
            <id root="9852cb30-e0c0-012f-f752-406c8fb8a271"/>
            <code code="8480-6 " codeSystem="2.16.840.1.113883.6.1" ><originalText>Physical Exam, Finding: Systolic Blood Pressure (Code List: 2.16.840.1.113883.3.526.03.1032)</originalText></code>
            <text>
              <reference value="#results-desc-4"/>
            </text>
            <statusCode code="completed"/>
            <effectiveTime value='20120815040000'/>
                <value xsi:type="PQ" value="120" unit="mm[Hg]"/>
          </observation>
        </component>
        <component>
          <observation classCode="OBS" moodCode="EVN">
            <templateId root="2.16.840.1.113883.10.20.22.4.2"/>
            <!-- Result observation template -->
            <id root="9852d1b0-e0c0-012f-f752-406c8fb8a271"/>
            <code code="8462-4" codeSystem="2.16.840.1.113883.6.1" ><originalText>Physical Exam, Finding: Diastolic Blood Pressure (Code List: 2.16.840.1.113883.3.526.03.1033)</originalText></code>
            <text>
              <reference value="#results-desc-5"/>
            </text>
            <statusCode code="completed"/>
            <effectiveTime value='19960313050000'/>
                <value xsi:type="PQ" value="80" unit="mm[Hg]"/>
          </observation>
        </component>
      </organizer>
    </entry>
  </section>
</component>
        <component>
  <!--Problems-->
  <section>
    <templateId root="2.16.840.1.113883.10.20.22.2.5.1"/>
    <!--Problems section template-->
    <code code="11450-4" codeSystem="2.16.840.1.113883.6.1" codeSystemName="LOINC" displayName="Problem list"/>
    <title>Problems</title>
    <text>
  <table border="1" width="100%">
    <thead>
      <tr>
        <th>Description</th>
        <th>Codes</th>
        <th>Time</th>
          <th>Status</th>
        
      </tr>
    </thead>
    <tbody>
        <tr>
          <td ID="conditions-desc-0">Diagnosis, Active: Diagnosis of hypertension grouped (Code List: 2.16.840.1.113883.3.600.263)</td>
          <td ID="conditions-code-0">SNOMED-CT: 2164904016 ICD-9-CM: 401 ICD-10-CM: H35.039<br/><i></i></td>
          <td>October 23rd, 1994 04:00 - December 17th, 2010 05:00</td>
            <td>active</td>
           
        </tr>
    </tbody>
  </table>
</text>
    <entry typeCode="DRIV">
      <act classCode="ACT" moodCode="EVN">
        <templateId root="2.16.840.1.113883.10.20.22.4.3"/>
        <!-- Problem act template -->
        <id root="98531a40-e0c0-012f-f752-406c8fb8a271"/>
        <code nullFlavor="NA"/>
        <statusCode code="active"/>
        <effectiveTime>
          <low value='19941023040000'/>
        </effectiveTime>
        <entryRelationship typeCode="SUBJ" inversionInd="false">
          <observation classCode="OBS" moodCode="EVN">
            <templateId root="2.16.840.1.113883.10.20.22.4.4"/>
            
            <!--Problem observation template - NOT episode template-->
            <id root="98531cc0-e0c0-012f-f752-406c8fb8a271"/>
            <code code="64572001" displayName="Condition" codeSystem="2.16.840.1.113883.6.96" codeSystemName="SNOMED-CT"/>
            <text>
              <reference value="#conditions-desc-0"/>
            </text>
            <statusCode code="completed"/>
            <effectiveTime>
              <low value='19941023040000'/>
            </effectiveTime>
            <value code="2164904016" codeSystem="2.16.840.1.113883.6.96" xsi:type="CD"><originalText>Diagnosis, Active: Diagnosis of hypertension grouped (Code List: 2.16.840.1.113883.3.600.263)</originalText><translation code="401" codeSystem="2.16.840.1.113883.6.104"/>
<translation code="H35.039" codeSystem="2.16.840.1.113883.6.90"/>
</value>
            <entryRelationship typeCode="REFR">
              <observation classCode="OBS" moodCode="EVN">
                <templateId root="2.16.840.1.113883.10.20.22.4.6"/>
                <!-- Problem status observation template -->
                <code code="33999-4" codeSystem="2.16.840.1.113883.6.1" displayName="Status"/>
                <statusCode code="completed"/>
                <value xsi:type="CE" code="55561003" codeSystem="2.16.840.1.113883.6.96"/>
              </observation>
            </entryRelationship>
          </observation>
        </entryRelationship>
      </act>
    </entry>
  </section>
</component>

        <component>
  <!--Surgeries-->
  <section>
    <templateId root="2.16.840.1.113883.10.20.22.2.7"/>
    <!--Surgeries section template-->
    <code code="47519-4" codeSystem="2.16.840.1.113883.6.1" codeSystemName="LOINC" displayName="List of surgeries"/>
    <title>Surgeries</title>
    <text>
  <table border="1" width="100%">
    <thead>
      <tr>
        <th>Description</th>
        <th>Codes</th>
        <th>Time</th>
        
      </tr>
    </thead>
    <tbody>
        <tr>
          <td ID="procedures-desc-0">Intervention, Order: Referral to Alternative Provider / Primary Care Provider (Code List: 2.16.840.1.113883.3.600.1475)</td>
          <td ID="procedures-code-0">SNOMED-CT: 216209013<br/><i></i></td>
          <td>June 25th, 1997 04:00 - December 18th, 2005 05:00</td>
           
        </tr>
        <tr>
          <td ID="procedures-desc-1">Intervention, Order: Rescreen BP Within 1 Year (Code List: 2.16.840.1.113883.3.600.1474)</td>
          <td ID="procedures-code-1">SNOMED-CT: 61342007<br/><i></i></td>
          <td>June 30th, 2011 04:00 - December 23rd, 2011 05:00</td>
           
        </tr>
        <tr>
          <td ID="procedures-desc-2">Intervention, Order: Lifestyle Recommendation (Code List: 2.16.840.1.113883.3.600.1508)</td>
          <td ID="procedures-code-2">SNOMED-CT: 2647648015<br/><i></i></td>
          <td>December 24th, 1997 05:00 - March 11th, 2005 05:00</td>
           
        </tr>
        <tr>
          <td ID="procedures-desc-3">Intervention, Order: Weight Reduction Recommended (Code List: 2.16.840.1.113883.3.600.1510)</td>
          <td ID="procedures-code-3">SNOMED-CT: 170795002 HCPCS: S9449<br/><i></i></td>
          <td>September 9th, 1997 04:00 - October 16th, 2005 04:00</td>
           
        </tr>
        <tr>
          <td ID="procedures-desc-4">Intervention, Order: Dietary Recommendations (Code List: 2.16.840.1.113883.3.600.1515)</td>
          <td ID="procedures-code-4">SNOMED-CT: 11816003 HCPCS: G8417 ICD-9-CM: V65.3 ICD-10-CM: Z71.3<br/><i></i></td>
          <td>April 7th, 2006 04:00 - October 30th, 2010 04:00</td>
           
        </tr>
        <tr>
          <td ID="procedures-desc-5">Intervention, Order: Physical Activity Recommendation (Code List: 2.16.840.1.113883.3.600.1518)</td>
          <td ID="procedures-code-5">SNOMED-CT: 281090004 HCPCS: S9451 ICD-9-CM: V65.41<br/><i></i></td>
          <td>June 7th, 2005 04:00 - April 19th, 2007 04:00</td>
           
        </tr>
        <tr>
          <td ID="procedures-desc-6">Intervention, Order: Moderation of ETOH Consumption Recommendation (Code List: 2.16.840.1.113883.3.600.823)</td>
          <td ID="procedures-code-6">SNOMED-CT: 2768649019<br/><i></i></td>
          <td>June 21st, 2010 04:00 - September 3rd, 2011 04:00</td>
           
        </tr>
        <tr>
          <td ID="procedures-desc-7">Intervention, Order: Rescreen BP &gt;= 1 Day and &lt;= 4 Weeks (Code List: 2.16.840.1.113883.3.600.842)</td>
          <td ID="procedures-code-7">SNOMED-CT: <br/><i></i></td>
          <td>June 25th, 2012 04:00 - July 26th, 2012 04:00</td>
           
        </tr>
    </tbody>
  </table>
</text>
    <entry typeCode="DRIV">
      <procedure classCode="PROC" moodCode="EVN">
        <templateId root="2.16.840.1.113883.10.20.22.4.14"/>
        <!-- Procedure activity template -->
        <id root="98536530-e0c0-012f-f752-406c8fb8a271"/>
        <code code="216209013" codeSystem="2.16.840.1.113883.6.96" displayName="Intervention, Order: Referral to Alternative Provider / Primary Care Provider (Code List: 2.16.840.1.113883.3.600.1475)">
  <originalText><reference value="#procedures-desc-0"/></originalText>
</code>

        <text>
          <reference value="#procedures-desc-0"/>
        </text>
        <statusCode code="completed"/>
        <effectiveTime value='19970625040000'/>
      </procedure>
    </entry>
    <entry typeCode="DRIV">
      <procedure classCode="PROC" moodCode="EVN">
        <templateId root="2.16.840.1.113883.10.20.22.4.14"/>
        <!-- Procedure activity template -->
        <id root="98537b70-e0c0-012f-f752-406c8fb8a271"/>
        <code code="61342007" codeSystem="2.16.840.1.113883.6.96" displayName="Intervention, Order: Rescreen BP Within 1 Year (Code List: 2.16.840.1.113883.3.600.1474)">
  <originalText><reference value="#procedures-desc-1"/></originalText>
</code>

        <text>
          <reference value="#procedures-desc-1"/>
        </text>
        <statusCode code="completed"/>
        <effectiveTime value='20110630040000'/>
      </procedure>
    </entry>
    <entry typeCode="DRIV">
      <procedure classCode="PROC" moodCode="EVN">
        <templateId root="2.16.840.1.113883.10.20.22.4.14"/>
        <!-- Procedure activity template -->
        <id root="98539170-e0c0-012f-f752-406c8fb8a271"/>
        <code code="2647648015" codeSystem="2.16.840.1.113883.6.96" displayName="Intervention, Order: Lifestyle Recommendation (Code List: 2.16.840.1.113883.3.600.1508)">
  <originalText><reference value="#procedures-desc-2"/></originalText>
</code>

        <text>
          <reference value="#procedures-desc-2"/>
        </text>
        <statusCode code="completed"/>
        <effectiveTime value='19971224050000'/>
      </procedure>
    </entry>
    <entry typeCode="DRIV">
      <procedure classCode="PROC" moodCode="EVN">
        <templateId root="2.16.840.1.113883.10.20.22.4.14"/>
        <!-- Procedure activity template -->
        <id root="9853a770-e0c0-012f-f752-406c8fb8a271"/>
        <code code="S9449" codeSystem="2.16.840.1.113883.6.14" displayName="Intervention, Order: Weight Reduction Recommended (Code List: 2.16.840.1.113883.3.600.1510)">
  <originalText><reference value="#procedures-desc-3"/></originalText>
  <translation code="170795002" codeSystem="2.16.840.1.113883.6.96" />
</code>

        <text>
          <reference value="#procedures-desc-3"/>
        </text>
        <statusCode code="completed"/>
        <effectiveTime value='19970909040000'/>
      </procedure>
    </entry>
    <entry typeCode="DRIV">
      <procedure classCode="PROC" moodCode="EVN">
        <templateId root="2.16.840.1.113883.10.20.22.4.14"/>
        <!-- Procedure activity template -->
        <id root="9853be30-e0c0-012f-f752-406c8fb8a271"/>
        <code code="V65.3" codeSystem="2.16.840.1.113883.6.104" displayName="Intervention, Order: Dietary Recommendations (Code List: 2.16.840.1.113883.3.600.1515)">
  <originalText><reference value="#procedures-desc-4"/></originalText>
  <translation code="11816003" codeSystem="2.16.840.1.113883.6.96" />
  <translation code="G8417" codeSystem="2.16.840.1.113883.6.14" />
  <translation code="Z71.3" codeSystem="2.16.840.1.113883.6.90" />
</code>

        <text>
          <reference value="#procedures-desc-4"/>
        </text>
        <statusCode code="completed"/>
        <effectiveTime value='20060407040000'/>
      </procedure>
    </entry>
    <entry typeCode="DRIV">
      <procedure classCode="PROC" moodCode="EVN">
        <templateId root="2.16.840.1.113883.10.20.22.4.14"/>
        <!-- Procedure activity template -->
        <id root="9853d690-e0c0-012f-f752-406c8fb8a271"/>
        <code code="V65.41" codeSystem="2.16.840.1.113883.6.104" displayName="Intervention, Order: Physical Activity Recommendation (Code List: 2.16.840.1.113883.3.600.1518)">
  <originalText><reference value="#procedures-desc-5"/></originalText>
  <translation code="281090004" codeSystem="2.16.840.1.113883.6.96" />
  <translation code="S9451" codeSystem="2.16.840.1.113883.6.14" />
</code>

        <text>
          <reference value="#procedures-desc-5"/>
        </text>
        <statusCode code="completed"/>
        <effectiveTime value='20050607040000'/>
      </procedure>
    </entry>
    <entry typeCode="DRIV">
      <procedure classCode="PROC" moodCode="EVN">
        <templateId root="2.16.840.1.113883.10.20.22.4.14"/>
        <!-- Procedure activity template -->
        <id root="9853ee30-e0c0-012f-f752-406c8fb8a271"/>
        <code code="2768649019" codeSystem="2.16.840.1.113883.6.96" displayName="Intervention, Order: Moderation of ETOH Consumption Recommendation (Code List: 2.16.840.1.113883.3.600.823)">
  <originalText><reference value="#procedures-desc-6"/></originalText>
</code>

        <text>
          <reference value="#procedures-desc-6"/>
        </text>
        <statusCode code="completed"/>
        <effectiveTime value='20100621040000'/>
      </procedure>
    </entry>
    <entry typeCode="DRIV">
      <procedure classCode="PROC" moodCode="EVN">
        <templateId root="2.16.840.1.113883.10.20.22.4.14"/>
        <!-- Procedure activity template -->
        <id root="98540460-e0c0-012f-f752-406c8fb8a271"/>
        <code code="" codeSystem="2.16.840.1.113883.6.96" displayName="Intervention, Order: Rescreen BP &gt;= 1 Day and &lt;= 4 Weeks (Code List: 2.16.840.1.113883.3.600.842)">
  <originalText><reference value="#procedures-desc-7"/></originalText>
</code>

        <text>
          <reference value="#procedures-desc-7"/>
        </text>
        <statusCode code="completed"/>
        <effectiveTime value='20120625040000'/>
      </procedure>
    </entry>
  </section>
</component>
        <component>
  <!--Encounters-->
  <section>
    <templateId root="2.16.840.1.113883.10.20.22.2.22" /> <!-- CCDA Template id -->
    <!--Encounters section template-->
    <code code="46240-8" codeSystem="2.16.840.1.113883.6.1" codeSystemName="LOINC" displayName="History of encounters"/>
    <title>Encounters</title>
    <text>
  <table border="1" width="100%">
    <thead>
      <tr>
        <th>Description</th>
        <th>Codes</th>
        <th>Time</th>
        
      </tr>
    </thead>
    <tbody>
        <tr>
          <td ID="encounters-desc-0">BP Screening Denominator Encounter Codes Grouped New (Code List: 2.16.840.1.113883.3.600.1920)</td>
          <td ID="encounters-code-0">CPT: 99201 HCPCS: G0101 SNOMED-CT: 4525004<br/><i></i></td>
          <td>January 13th, 2005 05:00 - May 10th, 2010 04:00</td>
           
        </tr>
    </tbody>
  </table>
</text>
    <entry typeCode="DRIV">
      <encounter classCode="ENC" moodCode="EVN">
		    <templateId root="2.16.840.1.113883.10.20.22.4.49"/>
        <!-- Encounter activity template -->
        <id root="98544a50-e0c0-012f-f752-406c8fb8a271"/>
        <code code="99201" codeSystem="2.16.840.1.113883.6.12" displayName="BP Screening Denominator Encounter Codes Grouped New (Code List: 2.16.840.1.113883.3.600.1920)">
  <originalText><reference value="#encounters-desc-0"/></originalText>
  <translation code="G0101" codeSystem="2.16.840.1.113883.6.14" />
  <translation code="4525004" codeSystem="2.16.840.1.113883.6.96" />
</code>

        <text>
          <reference value="#encounters-desc-0"/>
        </text>
        <effectiveTime value='20050113050000'/>
      </encounter>
    </entry>
  </section>
</component>
        <component>
  <!--Vital Signs-->
  <section>
    <templateId root="2.16.840.1.113883.10.20.22.2.4"/>
    <!--Vital Signs section template-->
    <code code="8716-3" codeSystem="2.16.840.1.113883.6.1" codeSystemName="LOINC" displayName="Vital signs"/>
    <title>Vital Signs</title>
    <text>
  <table border="1" width="100%">
    <thead>
      <tr>
        <th>Description</th>
        <th>Codes</th>
        <th>Time</th>
        
          <th>Value</th>
      </tr>
    </thead>
    <tbody>
        <tr>
          <td ID="vitals-desc-0">Laboratory Test, Order: Laboratory Tests for Hypertension (Code List: 2.16.840.1.113883.3.600.1482)</td>
          <td ID="vitals-code-0">LOINC: 80047 SNOMED-CT: 2578617017<br/><i></i></td>
          <td>August 28th, 2010 04:00 - November 2nd, 2010 04:00</td>
           
              <td>
              </td>
        </tr>
        <tr>
          <td ID="vitals-desc-1">Laboratory Test, Order: Electrocardiogram (ECG) (Code List: 2.16.840.1.113883.3.600.1483)</td>
          <td ID="vitals-code-1">SNOMED-CT: 164846002<br/><i></i></td>
          <td>December 11th, 1996 05:00 - December 1st, 2008 05:00</td>
           
              <td>
              </td>
        </tr>
    </tbody>
  </table>
</text>
    <entry typeCode="DRIV">
      <organizer classCode="CLUSTER" moodCode="EVN">
        <templateId root="2.16.840.1.113883.10.20.22.4.26"/>
        <!-- Vital signs organizer template -->
        <id root="98549eb0-e0c0-012f-f752-406c8fb8a271"/>
        <code code="46680005" codeSystem="2.16.840.1.113883.6.96" displayName="Vital signs" codeSystemName="SNOMED CT"/>
        <statusCode code="completed"/>
        <effectiveTime value="19991114"/>
        <component>
          <observation classCode="OBS" moodCode="EVN">
            <templateId root="2.16.840.1.113883.10.20.22.4.27"/>
            <!-- Result observation template -->
            <id root="98549fd0-e0c0-012f-f752-406c8fb8a271"/>
            <code code="80047" codeSystem="2.16.840.1.113883.6.1" ><originalText>Laboratory Test, Order: Laboratory Tests for Hypertension (Code List: 2.16.840.1.113883.3.600.1482)</originalText><translation code="2578617017" codeSystem="2.16.840.1.113883.6.96"/>
</code>
            <text>
              <reference value="vitals-desc-0"/>
            </text>
            <statusCode code="completed"/>
            <effectiveTime value='20100828040000'/>
              <value xsi:type="PQ" nullFlavor="UNK"/>
          </observation>
        </component>
        <component>
          <observation classCode="OBS" moodCode="EVN">
            <templateId root="2.16.840.1.113883.10.20.22.4.27"/>
            <!-- Result observation template -->
            <id root="9854a650-e0c0-012f-f752-406c8fb8a271"/>
            <code nullFlavor="UNK" ><originalText>Laboratory Test, Order: Electrocardiogram (ECG) (Code List: 2.16.840.1.113883.3.600.1483)</originalText><translation code="164846002" codeSystem="2.16.840.1.113883.6.96"/>
</code>
            <text>
              <reference value="vitals-desc-1"/>
            </text>
            <statusCode code="completed"/>
            <effectiveTime value='19961211050000'/>
              <value xsi:type="PQ" nullFlavor="UNK"/>
          </observation>
        </component>
      </organizer>
    </entry>
  </section>
</component>
    </structuredBody>
  </component>
</ClinicalDocument>