<?xml version="1.0" encoding="UTF-8"?>
<ClinicalDocument xmlns="urn:hl7-org:v3" xmlns:sdtc="urn:hl7-org:sdtc" xmlns:xsi="http://www.w3.org/2001/XMLSchema-instance" xsi:schemaLocation="urn:hl7-org:v3 http://xreg2.nist.gov:8080/hitspValidation/schema/cdar2c32/infrastructure/cda/C32_CDA.xsd">
  <realmCode code="US"/>
  <typeId root="2.16.840.1.113883.1.3" extension="POCD_HD000040"/>
  <templateId root="2.16.840.1.113883.10.20.22.1.1" />
  <templateId root='2.16.840.1.113883.10.20.22.1.2'/> 
  <id root="2.16.840.1.113883.3.72" extension="50536a6b709357c7fa000123" assigningAuthorityName="NIST Healthcare Project"/>
  <code code="34133-9" displayName="Summarization of episode note" codeSystem="2.16.840.1.113883.6.1" codeSystemName="LOINC"/>
  <title>Cypress C32 Patient Test Record: Jenny Hunter</title>
  <effectiveTime value="20120914173605"/>
  <confidentialityCode code="N"/>
  <languageCode code="en-US"/>
  <recordTarget>
    <patientRole>
      <id root="Cypress" extension="50536a6b709357c7fa000123"/>
      <addr use="HP">
        <streetAddressLine>202 Burlington Rd.</streetAddressLine>
        <city>Bedford</city>
        <state>MA</state>
        <postalCode>01730</postalCode>
      </addr>
      <telecom value="tel:+1-781-271-3000"/>
      <patient>
        <name>
          <given>Jenny</given>
          <family>Hunter</family>
        </name>
        <administrativeGenderCode code="F" codeSystem="2.16.840.1.113883.5.1" codeSystemName="HL7 AdministrativeGender"/>
        <birthTime value="19960621040000"/>
          <raceCode code=""  codeSystemName="CDC Race and Ethnicity" codeSystem="2.16.840.1.113883.6.238"/>
          <ethnicGroupCode code=""  codeSystemName="CDC Race and Ethnicity" codeSystem="2.16.840.1.113883.6.238"/>
          <languageCommunication>
            <languageCode code="en-US"/>
          </languageCommunication>
      </patient>
    </patientRole>
  </recordTarget>
  <author>
    <time value="20120914173605"/>
    <assignedAuthor>
      <id/>
      <addr/>
      <telecom value="tel:+1-781-271-3000"/>
      <assignedPerson>
        <name>Auto Generated</name>
      </assignedPerson>
    </assignedAuthor>
  </author>
  <custodian>
    <assignedCustodian>
      <representedCustodianOrganization>
        <id/>
        <name>Cypress</name>
        <telecom value="tel:+1-781-271-3000"/>
        <addr>
          <streetAddressLine>202 Burlington Rd.</streetAddressLine>
          <city>Bedford</city>
          <state>MA</state>
          <postalCode>01730</postalCode>
        </addr>
      </representedCustodianOrganization>
    </assignedCustodian>
  </custodian>
  <component>
    <structuredBody>
        <component>
          <!-- Allergies: patient has no allergies -->
            <section>
             <templateId root="2.16.840.1.113883.10.20.22.2.6"/>
              <code code="11450-4" codeSystem="2.16.840.1.113883.6.1" codeSystemName="LOINC" displayName="Problem List"/>
              <title>Allergies and Adverse Reactions</title>                
               <text>
                <table border="1" width="100%">
                  <thead>
                    <tr>
                      <th>Description</th>                      
                      <th>Code</th>                      
                      <th>Time</th>
                    </tr>
                  </thead>
                  <tbody>
                    <tr ID="noallergies_summary">                                           
                      <td ID="noallergies">No Known allergies</td>
                      <td>160244002</td>                                         
                      <td>20120914173605</td>
                    </tr>                   
                 </tbody>
               </table>                             
             </text>
             <entry typeCode="DRIV">
              <act classCode="ACT" moodCode="EVN">
                <templateId root="2.16.840.1.113883.10.20.22.4.30"/>
                <id root="f6fd6f86-4265-4dcb-95cf-7799100b54ad"/>
                <code nullFlavor="NA"/>
                  <statusCode code="active"/>
                    <effectiveTime>
                      <low nullFlavor="NA"/>
                    </effectiveTime>					
                <entryRelationship typeCode="SUBJ" inversionInd="false">
                  <observation classCode="OBS" moodCode="EVN">
                    <templateId root="2.16.840.1.113883.10.20.22.4.7"/>
                    <id root="2b37be6b-9b1c-4069-bbca-1caf5fe1937d"/>
                    <code code="420134006" codeSystem="2.16.840.1.113883.6.96" displayName="Propensity to adverse reactions (disorder)" codeSystemName="SNOMED CT"/>
                    <statusCode code="completed"/>
                    <effectiveTime>
                      <low nullFlavor="UNK"/>
                    </effectiveTime>
                    <value xsi:type="CD" code="160244002" codeSystem="2.16.840.1.113883.6.96" displayName="No Known allergies" codeSystemName="SNOMED CT">
                      <originalText>
                        <reference value="#noallergies"/>
                      </originalText>
                    </value>
                  </observation>
              </entryRelationship>
            </act>
          </entry>
        </section>
      </component>

        <component>
          <!-- Medications: patient has no medications -->
        <section>
		      <templateId root="2.16.840.1.113883.10.20.22.2.1" />
          <code code="10160-0" codeSystem="2.16.840.1.113883.6.1" codeSystemName="LOINC" displayName="History of medication use"/>
          <title>Medications</title>                       
              <text>
                <table border="1" width="100%">
                  <thead>
                    <tr>
                      <th>Description</th>                      
                      <th>Code</th>                      
                      <th>Time</th>
                    </tr>
                  </thead>
                  <tbody>
                    <tr ID="nomeds_summary">                                           
                      <td ID="nomeds_kind">Patient not on any medication</td>
                      <td>182849000</td>                                         
                      <td>20120914173605</td>
                    </tr>                   
                 </tbody>
               </table>                             
             </text>
              <entry typeCode="DRIV">
                <substanceAdministration classCode="SBADM" moodCode="EVN">
                <templateId root='2.16.840.1.113883.10.20.22.4.16'/>
                <id root="4edd8de0-66e3-4ca6-b287-f0736022f2b3"/>
                <code code="182849000" codeSystem="2.16.840.1.113883.6.96" displayName="No Drug Therapy Prescribed" codeSystemName="SNOMED CT" />
                <statusCode code="completed"/>							
                  <consumable>
                    <manufacturedProduct>
                      <templateId root='2.16.840.1.113883.10.20.22.4.23'/>
                       <manufacturedMaterial>
                        <code>
                         <originalText>
                           <reference value="#nomeds_kind"/>
                         </originalText>
                        </code>						
                      </manufacturedMaterial>
                    </manufacturedProduct>
                  </consumable>
              </substanceAdministration>
            </entry>
         </section>         
</component>

        
        
        <component>
  <!--Surgeries-->
  <section>
    <templateId root="2.16.840.1.113883.10.20.22.2.7"/>
    <!--Surgeries section template-->
    <code code="47519-4" codeSystem="2.16.840.1.113883.6.1" codeSystemName="LOINC" displayName="List of surgeries"/>
    <title>Surgeries</title>
    <text>
  <table border="1" width="100%">
    <thead>
      <tr>
        <th>Description</th>
        <th>Codes</th>
        <th>Time</th>
        
      </tr>
    </thead>
    <tbody>
        <tr>
          <td ID="procedures-desc-0">Risk Category Assessment: Patient not ambulatory (Code List: 2.16.840.1.113883.3.464.0003.18.02.0009)</td>
          <td ID="procedures-code-0">SNOMED-CT: 160685001<br/><i></i></td>
          <td>May 23rd, 2003 04:00 - June 21st, 2009 04:00</td>
           
        </tr>
        <tr>
          <td ID="procedures-desc-1">Risk Category Assessment: Falls Screening (Code List: 2.16.840.1.113883.3.464.0003.18.02.0028)</td>
          <td ID="procedures-code-1">SNOMED-CT: 408422004<br/><i></i></td>
          <td>November 8th, 2002 05:00 - August 22nd, 2010 04:00</td>
           
        </tr>
        <tr>
          <td ID="procedures-desc-2">Risk Category Assessment: Falls Screening (Code List: 2.16.840.1.113883.3.464.0003.18.02.0028)</td>
          <td ID="procedures-code-2">SNOMED-CT: 408422004<br/><i></i></td>
          <td>June 1st, 1996 04:00 - June 3rd, 2006 04:00</td>
           
        </tr>
    </tbody>
  </table>
</text>
    <entry typeCode="DRIV">
      <procedure classCode="PROC" moodCode="EVN">
        <templateId root="2.16.840.1.113883.10.20.22.4.14"/>
        <!-- Procedure activity template -->
        <id root="95f91bb0-e0c0-012f-f752-406c8fb8a271"/>
        <code code="160685001" codeSystem="2.16.840.1.113883.6.96" displayName="Risk Category Assessment: Patient not ambulatory (Code List: 2.16.840.1.113883.3.464.0003.18.02.0009)">
  <originalText><reference value="#procedures-desc-0"/></originalText>
</code>

        <text>
          <reference value="#procedures-desc-0"/>
        </text>
        <statusCode code="completed"/>
        <effectiveTime value='20030523040000'/>
      </procedure>
    </entry>
    <entry typeCode="DRIV">
      <procedure classCode="PROC" moodCode="EVN">
        <templateId root="2.16.840.1.113883.10.20.22.4.14"/>
        <!-- Procedure activity template -->
        <id root="95f93570-e0c0-012f-f752-406c8fb8a271"/>
        <code code="408422004" codeSystem="2.16.840.1.113883.6.96" displayName="Risk Category Assessment: Falls Screening (Code List: 2.16.840.1.113883.3.464.0003.18.02.0028)">
  <originalText><reference value="#procedures-desc-1"/></originalText>
</code>

        <text>
          <reference value="#procedures-desc-1"/>
        </text>
        <statusCode code="completed"/>
        <effectiveTime value='20021108050000'/>
      </procedure>
    </entry>
    <entry typeCode="DRIV">
      <procedure classCode="PROC" moodCode="EVN">
        <templateId root="2.16.840.1.113883.10.20.22.4.14"/>
        <!-- Procedure activity template -->
        <id root="95f94dc0-e0c0-012f-f752-406c8fb8a271"/>
        <code code="408422004" codeSystem="2.16.840.1.113883.6.96" displayName="Risk Category Assessment: Falls Screening (Code List: 2.16.840.1.113883.3.464.0003.18.02.0028)">
  <originalText><reference value="#procedures-desc-2"/></originalText>
</code>

        <text>
          <reference value="#procedures-desc-2"/>
        </text>
        <statusCode code="completed"/>
        <effectiveTime value='19960601040000'/>
      </procedure>
    </entry>
  </section>
</component>
        <component>
  <!--Encounters-->
  <section>
    <templateId root="2.16.840.1.113883.10.20.22.2.22" /> <!-- CCDA Template id -->
    <!--Encounters section template-->
    <code code="46240-8" codeSystem="2.16.840.1.113883.6.1" codeSystemName="LOINC" displayName="History of encounters"/>
    <title>Encounters</title>
    <text>
  <table border="1" width="100%">
    <thead>
      <tr>
        <th>Description</th>
        <th>Codes</th>
        <th>Time</th>
        
      </tr>
    </thead>
    <tbody>
        <tr>
          <td ID="encounters-desc-0">Encounter, Performed: Face-to-Face Interaction (Code List: 2.16.840.1.113883.3.464.0003.01.02.0048)</td>
          <td ID="encounters-code-0">SNOMED-CT: 4525004<br/><i></i></td>
          <td>October 6th, 1998 04:00 - April 9th, 2012 04:00</td>
           
        </tr>
        <tr>
          <td ID="encounters-desc-1">Encounter, Performed: Office Visit (Code List: 2.16.840.1.113883.3.464.0003.01.02.0001)</td>
          <td ID="encounters-code-1">CPT: 99201<br/><i></i></td>
          <td>March 6th, 2004 05:00 - April 15th, 2005 04:00</td>
           
        </tr>
        <tr>
          <td ID="encounters-desc-2">Encounter, Performed: Physical Therapy Evaluation (Code List: 2.16.840.1.113883.3.464.0003.01.02.0042)</td>
          <td ID="encounters-code-2">CPT: 97001<br/><i></i></td>
          <td>July 15th, 2012 04:00 - September 6th, 2012 04:00</td>
           
        </tr>
        <tr>
          <td ID="encounters-desc-3">Encounter, Performed: Occupational Therapy Evaluation (Code List: 2.16.840.1.113883.3.526.03.1011)</td>
          <td ID="encounters-code-3">CPT: 97003<br/><i></i></td>
          <td>July 28th, 1996 04:00 - May 26th, 2012 04:00</td>
           
        </tr>
        <tr>
          <td ID="encounters-desc-4">Encounter, Performed: Preventive Care Services-Individual Counseling (Code List: 2.16.840.1.113883.3.464.0003.01.02.0026)</td>
          <td ID="encounters-code-4">CPT: 99401<br/><i></i></td>
          <td>December 10th, 2011 05:00 - July 12th, 2012 04:00</td>
           
        </tr>
        <tr>
          <td ID="encounters-desc-5">Encounter, Performed: Outpatient Consultation (Code List: 2.16.840.1.113883.3.464.0003.01.02.0008)</td>
          <td ID="encounters-code-5">CPT: 99241<br/><i></i></td>
          <td>July 6th, 2008 04:00 - July 24th, 2009 04:00</td>
           
        </tr>
        <tr>
          <td ID="encounters-desc-6">Encounter, Performed: Nursing Facility Visit (Code List: 2.16.840.1.113883.3.464.0003.01.02.0012)</td>
          <td ID="encounters-code-6">CPT: 99304<br/><i></i></td>
          <td>May 17th, 2006 04:00 - January 27th, 2012 05:00</td>
           
        </tr>
        <tr>
          <td ID="encounters-desc-7">Encounter, Performed: Care Services in Long-Term Residential Facility (Code List: 2.16.840.1.113883.3.464.0003.01.02.0014)</td>
          <td ID="encounters-code-7">CPT: 99324<br/><i></i></td>
          <td>October 20th, 1999 04:00 - July 21st, 2012 04:00</td>
           
        </tr>
        <tr>
          <td ID="encounters-desc-8">Encounter, Performed: Home Healthcare Services (Code List: 2.16.840.1.113883.3.464.0003.01.02.0016)</td>
          <td ID="encounters-code-8">CPT: 99341<br/><i></i></td>
          <td>November 25th, 2011 05:00 - May 22nd, 2012 04:00</td>
           
        </tr>
        <tr>
          <td ID="encounters-desc-9">Encounter, Performed: Preventive Care Services-Initial Office Visit, 18 and Up (Code List: 2.16.840.1.113883.3.464.0003.01.02.0023)</td>
          <td ID="encounters-code-9">CPT: 99385<br/><i></i></td>
          <td>December 5th, 2002 05:00 - April 8th, 2005 04:00</td>
           
        </tr>
        <tr>
          <td ID="encounters-desc-10">Encounter, Performed: Preventive Care Services - Established Office Visit, 18 and Up (Code List: 2.16.840.1.113883.3.464.0003.01.02.0025)</td>
          <td ID="encounters-code-10">CPT: 99395<br/><i></i></td>
          <td>May 11th, 2005 04:00 - July 1st, 2006 04:00</td>
           
        </tr>
    </tbody>
  </table>
</text>
    <entry typeCode="DRIV">
      <encounter classCode="ENC" moodCode="EVN">
		    <templateId root="2.16.840.1.113883.10.20.22.4.49"/>
        <!-- Encounter activity template -->
        <id root="95f9b330-e0c0-012f-f752-406c8fb8a271"/>
        <code nullFlavor="UNK">
  <originalText><reference value="#encounters-desc-0"/></originalText>
  <translation code="4525004" codeSystem="2.16.840.1.113883.6.96" />
</code>

        <text>
          <reference value="#encounters-desc-0"/>
        </text>
        <effectiveTime value='19981006040000'/>
      </encounter>
    </entry>
    <entry typeCode="DRIV">
      <encounter classCode="ENC" moodCode="EVN">
		    <templateId root="2.16.840.1.113883.10.20.22.4.49"/>
        <!-- Encounter activity template -->
        <id root="95f9c980-e0c0-012f-f752-406c8fb8a271"/>
        <code code="99201" codeSystem="2.16.840.1.113883.6.12" displayName="Encounter, Performed: Office Visit (Code List: 2.16.840.1.113883.3.464.0003.01.02.0001)">
  <originalText><reference value="#encounters-desc-1"/></originalText>
</code>

        <text>
          <reference value="#encounters-desc-1"/>
        </text>
        <effectiveTime value='20040306050000'/>
      </encounter>
    </entry>
    <entry typeCode="DRIV">
      <encounter classCode="ENC" moodCode="EVN">
		    <templateId root="2.16.840.1.113883.10.20.22.4.49"/>
        <!-- Encounter activity template -->
        <id root="95f9e050-e0c0-012f-f752-406c8fb8a271"/>
        <code code="97001" codeSystem="2.16.840.1.113883.6.12" displayName="Encounter, Performed: Physical Therapy Evaluation (Code List: 2.16.840.1.113883.3.464.0003.01.02.0042)">
  <originalText><reference value="#encounters-desc-2"/></originalText>
</code>

        <text>
          <reference value="#encounters-desc-2"/>
        </text>
        <effectiveTime value='20120715040000'/>
      </encounter>
    </entry>
    <entry typeCode="DRIV">
      <encounter classCode="ENC" moodCode="EVN">
		    <templateId root="2.16.840.1.113883.10.20.22.4.49"/>
        <!-- Encounter activity template -->
        <id root="95f9f690-e0c0-012f-f752-406c8fb8a271"/>
        <code code="97003" codeSystem="2.16.840.1.113883.6.12" displayName="Encounter, Performed: Occupational Therapy Evaluation (Code List: 2.16.840.1.113883.3.526.03.1011)">
  <originalText><reference value="#encounters-desc-3"/></originalText>
</code>

        <text>
          <reference value="#encounters-desc-3"/>
        </text>
        <effectiveTime value='19960728040000'/>
      </encounter>
    </entry>
    <entry typeCode="DRIV">
      <encounter classCode="ENC" moodCode="EVN">
		    <templateId root="2.16.840.1.113883.10.20.22.4.49"/>
        <!-- Encounter activity template -->
        <id root="95fa0d60-e0c0-012f-f752-406c8fb8a271"/>
        <code code="99401" codeSystem="2.16.840.1.113883.6.12" displayName="Encounter, Performed: Preventive Care Services-Individual Counseling (Code List: 2.16.840.1.113883.3.464.0003.01.02.0026)">
  <originalText><reference value="#encounters-desc-4"/></originalText>
</code>

        <text>
          <reference value="#encounters-desc-4"/>
        </text>
        <effectiveTime value='20111210050000'/>
      </encounter>
    </entry>
    <entry typeCode="DRIV">
      <encounter classCode="ENC" moodCode="EVN">
		    <templateId root="2.16.840.1.113883.10.20.22.4.49"/>
        <!-- Encounter activity template -->
        <id root="95fa2430-e0c0-012f-f752-406c8fb8a271"/>
        <code code="99241" codeSystem="2.16.840.1.113883.6.12" displayName="Encounter, Performed: Outpatient Consultation (Code List: 2.16.840.1.113883.3.464.0003.01.02.0008)">
  <originalText><reference value="#encounters-desc-5"/></originalText>
</code>

        <text>
          <reference value="#encounters-desc-5"/>
        </text>
        <effectiveTime value='20080706040000'/>
      </encounter>
    </entry>
    <entry typeCode="DRIV">
      <encounter classCode="ENC" moodCode="EVN">
		    <templateId root="2.16.840.1.113883.10.20.22.4.49"/>
        <!-- Encounter activity template -->
        <id root="95fa3b00-e0c0-012f-f752-406c8fb8a271"/>
        <code code="99304" codeSystem="2.16.840.1.113883.6.12" displayName="Encounter, Performed: Nursing Facility Visit (Code List: 2.16.840.1.113883.3.464.0003.01.02.0012)">
  <originalText><reference value="#encounters-desc-6"/></originalText>
</code>

        <text>
          <reference value="#encounters-desc-6"/>
        </text>
        <effectiveTime value='20060517040000'/>
      </encounter>
    </entry>
    <entry typeCode="DRIV">
      <encounter classCode="ENC" moodCode="EVN">
		    <templateId root="2.16.840.1.113883.10.20.22.4.49"/>
        <!-- Encounter activity template -->
        <id root="95fa5270-e0c0-012f-f752-406c8fb8a271"/>
        <code code="99324" codeSystem="2.16.840.1.113883.6.12" displayName="Encounter, Performed: Care Services in Long-Term Residential Facility (Code List: 2.16.840.1.113883.3.464.0003.01.02.0014)">
  <originalText><reference value="#encounters-desc-7"/></originalText>
</code>

        <text>
          <reference value="#encounters-desc-7"/>
        </text>
        <effectiveTime value='19991020040000'/>
      </encounter>
    </entry>
    <entry typeCode="DRIV">
      <encounter classCode="ENC" moodCode="EVN">
		    <templateId root="2.16.840.1.113883.10.20.22.4.49"/>
        <!-- Encounter activity template -->
        <id root="95fa69e0-e0c0-012f-f752-406c8fb8a271"/>
        <code code="99341" codeSystem="2.16.840.1.113883.6.12" displayName="Encounter, Performed: Home Healthcare Services (Code List: 2.16.840.1.113883.3.464.0003.01.02.0016)">
  <originalText><reference value="#encounters-desc-8"/></originalText>
</code>

        <text>
          <reference value="#encounters-desc-8"/>
        </text>
        <effectiveTime value='20111125050000'/>
      </encounter>
    </entry>
    <entry typeCode="DRIV">
      <encounter classCode="ENC" moodCode="EVN">
		    <templateId root="2.16.840.1.113883.10.20.22.4.49"/>
        <!-- Encounter activity template -->
        <id root="95fa80e0-e0c0-012f-f752-406c8fb8a271"/>
        <code code="99385" codeSystem="2.16.840.1.113883.6.12" displayName="Encounter, Performed: Preventive Care Services-Initial Office Visit, 18 and Up (Code List: 2.16.840.1.113883.3.464.0003.01.02.0023)">
  <originalText><reference value="#encounters-desc-9"/></originalText>
</code>

        <text>
          <reference value="#encounters-desc-9"/>
        </text>
        <effectiveTime value='20021205050000'/>
      </encounter>
    </entry>
    <entry typeCode="DRIV">
      <encounter classCode="ENC" moodCode="EVN">
		    <templateId root="2.16.840.1.113883.10.20.22.4.49"/>
        <!-- Encounter activity template -->
        <id root="95fa9810-e0c0-012f-f752-406c8fb8a271"/>
        <code code="99395" codeSystem="2.16.840.1.113883.6.12" displayName="Encounter, Performed: Preventive Care Services - Established Office Visit, 18 and Up (Code List: 2.16.840.1.113883.3.464.0003.01.02.0025)">
  <originalText><reference value="#encounters-desc-10"/></originalText>
</code>

        <text>
          <reference value="#encounters-desc-10"/>
        </text>
        <effectiveTime value='20050511040000'/>
      </encounter>
    </entry>
  </section>
</component>
    </structuredBody>
  </component>
</ClinicalDocument>