<?xml version="1.0" encoding="UTF-8"?>
<ClinicalDocument xmlns="urn:hl7-org:v3" xmlns:sdtc="urn:hl7-org:sdtc" xmlns:xsi="http://www.w3.org/2001/XMLSchema-instance" xsi:schemaLocation="urn:hl7-org:v3 http://xreg2.nist.gov:8080/hitspValidation/schema/cdar2c32/infrastructure/cda/C32_CDA.xsd">
  <realmCode code="US"/>
  <typeId root="2.16.840.1.113883.1.3" extension="POCD_HD000040"/>
  <templateId root="2.16.840.1.113883.10.20.22.1.1" />
  <templateId root='2.16.840.1.113883.10.20.22.1.2'/> 
  <id root="2.16.840.1.113883.3.72" extension="50536a6a709357c7fa000019" assigningAuthorityName="NIST Healthcare Project"/>
  <code code="34133-9" displayName="Summarization of episode note" codeSystem="2.16.840.1.113883.6.1" codeSystemName="LOINC"/>
  <title>Cypress C32 Patient Test Record: Julie Curtis</title>
  <effectiveTime value="20120914173604"/>
  <confidentialityCode code="N"/>
  <languageCode code="en-US"/>
  <recordTarget>
    <patientRole>
      <id root="Cypress" extension="50536a6a709357c7fa000019"/>
      <addr use="HP">
        <streetAddressLine>202 Burlington Rd.</streetAddressLine>
        <city>Bedford</city>
        <state>MA</state>
        <postalCode>01730</postalCode>
      </addr>
      <telecom value="tel:+1-781-271-3000"/>
      <patient>
        <name>
          <given>Julie</given>
          <family>Curtis</family>
        </name>
        <administrativeGenderCode code="F" codeSystem="2.16.840.1.113883.5.1" codeSystemName="HL7 AdministrativeGender"/>
        <birthTime value="19970125050000"/>
          <raceCode code=""  codeSystemName="CDC Race and Ethnicity" codeSystem="2.16.840.1.113883.6.238"/>
          <ethnicGroupCode code=""  codeSystemName="CDC Race and Ethnicity" codeSystem="2.16.840.1.113883.6.238"/>
          <languageCommunication>
            <languageCode code="en-US"/>
          </languageCommunication>
      </patient>
    </patientRole>
  </recordTarget>
  <author>
    <time value="20120914173604"/>
    <assignedAuthor>
      <id/>
      <addr/>
      <telecom value="tel:+1-781-271-3000"/>
      <assignedPerson>
        <name>Auto Generated</name>
      </assignedPerson>
    </assignedAuthor>
  </author>
  <custodian>
    <assignedCustodian>
      <representedCustodianOrganization>
        <id/>
        <name>Cypress</name>
        <telecom value="tel:+1-781-271-3000"/>
        <addr>
          <streetAddressLine>202 Burlington Rd.</streetAddressLine>
          <city>Bedford</city>
          <state>MA</state>
          <postalCode>01730</postalCode>
        </addr>
      </representedCustodianOrganization>
    </assignedCustodian>
  </custodian>
  <component>
    <structuredBody>
        <component>
          <!-- Allergies: patient has no allergies -->
            <section>
             <templateId root="2.16.840.1.113883.10.20.22.2.6"/>
              <code code="11450-4" codeSystem="2.16.840.1.113883.6.1" codeSystemName="LOINC" displayName="Problem List"/>
              <title>Allergies and Adverse Reactions</title>                
               <text>
                <table border="1" width="100%">
                  <thead>
                    <tr>
                      <th>Description</th>                      
                      <th>Code</th>                      
                      <th>Time</th>
                    </tr>
                  </thead>
                  <tbody>
                    <tr ID="noallergies_summary">                                           
                      <td ID="noallergies">No Known allergies</td>
                      <td>160244002</td>                                         
                      <td>20120914173604</td>
                    </tr>                   
                 </tbody>
               </table>                             
             </text>
             <entry typeCode="DRIV">
              <act classCode="ACT" moodCode="EVN">
                <templateId root="2.16.840.1.113883.10.20.22.4.30"/>
                <id root="f6fd6f86-4265-4dcb-95cf-7799100b54ad"/>
                <code nullFlavor="NA"/>
                  <statusCode code="active"/>
                    <effectiveTime>
                      <low nullFlavor="NA"/>
                    </effectiveTime>					
                <entryRelationship typeCode="SUBJ" inversionInd="false">
                  <observation classCode="OBS" moodCode="EVN">
                    <templateId root="2.16.840.1.113883.10.20.22.4.7"/>
                    <id root="2b37be6b-9b1c-4069-bbca-1caf5fe1937d"/>
                    <code code="420134006" codeSystem="2.16.840.1.113883.6.96" displayName="Propensity to adverse reactions (disorder)" codeSystemName="SNOMED CT"/>
                    <statusCode code="completed"/>
                    <effectiveTime>
                      <low nullFlavor="UNK"/>
                    </effectiveTime>
                    <value xsi:type="CD" code="160244002" codeSystem="2.16.840.1.113883.6.96" displayName="No Known allergies" codeSystemName="SNOMED CT">
                      <originalText>
                        <reference value="#noallergies"/>
                      </originalText>
                    </value>
                  </observation>
              </entryRelationship>
            </act>
          </entry>
        </section>
      </component>

        <component>
  <!--Medications-->
  <section>
	<templateId root="2.16.840.1.113883.10.20.22.2.1" />
    <code code="10160-0" displayName="History of medication use" codeSystem="2.16.840.1.113883.6.1" codeSystemName="LOINC"/>
    <title>Medications</title>
    <text>
  <table border="1" width="100%">
    <thead>
      <tr>
        <th>Description</th>
        <th>Codes</th>
        <th>Time</th>
        
      </tr>
    </thead>
    <tbody>
        <tr>
          <td ID="medications-desc-0">Medication, Dispensed: Antibiotic Medications (Code List: 2.16.840.1.113883.3.464.0003.96.02.0001)</td>
          <td ID="medications-code-0">RxNorm: 102769<br/><i></i></td>
          <td>December 14th, 2000 05:00 - March 1st, 2001 05:00</td>
           
        </tr>
    </tbody>
  </table>
</text>
    <entry>
      <!--CCD Medication activity - Required-->
      <substanceAdministration classCode="SBADM" moodCode="EVN">
        <templateId root='2.16.840.1.113883.10.20.22.4.16'/>
        <id root="94e73460-e0c0-012f-f752-406c8fb8a271"/>
        <statusCode code="completed"/>
        <effectiveTime xsi:type="IVL_TS">
          <low value='20001214050000'/>
          <high nullFlavor="UNK"/>
        </effectiveTime>
        <consumable>
          <!--CCD Product - Required-->
          <manufacturedProduct classCode="MANU">
			    <templateId root='2.16.840.1.113883.10.20.22.4.23'/>
            <manufacturedMaterial>
              <code code="102769" codeSystem="2.16.840.1.113883.6.88" displayName="Medication, Dispensed: Antibiotic Medications (Code List: 2.16.840.1.113883.3.464.0003.96.02.0001)">
  <originalText><reference value="#medications-desc-0"/></originalText>
</code>

              <name>Medication, Dispensed: Antibiotic Medications (Code List: 2.16.840.1.113883.3.464.0003.96.02.0001)</name>
            </manufacturedMaterial>
          </manufacturedProduct>
        </consumable>
      </substanceAdministration>
    </entry>
  </section>
</component>
        
        <component>
  <!--Problems-->
  <section>
    <templateId root="2.16.840.1.113883.10.20.22.2.5.1"/>
    <!--Problems section template-->
    <code code="11450-4" codeSystem="2.16.840.1.113883.6.1" codeSystemName="LOINC" displayName="Problem list"/>
    <title>Problems</title>
    <text>
  <table border="1" width="100%">
    <thead>
      <tr>
        <th>Description</th>
        <th>Codes</th>
        <th>Time</th>
          <th>Status</th>
        
      </tr>
    </thead>
    <tbody>
        <tr>
          <td ID="conditions-desc-0">Diagnosis, Active: Competing Conditions for Respiratory Conditions (Code List: 2.16.840.1.113883.3.464.0003.02.02.0017)</td>
          <td ID="conditions-code-0">SNOMED-CT: 3038009 ICD-9-CM: 683 ICD-10-CM: L02.327<br/><i></i></td>
          <td>August 20th, 2012 04:00 - September 3rd, 2012 04:00</td>
            <td>active</td>
           
        </tr>
        <tr>
          <td ID="conditions-desc-1">Upper Respiratory Infection (Code List: 2.16.840.1.113883.3.464.0003.02.02.0022)</td>
          <td ID="conditions-code-1">ICD-10-CM: J00 SNOMED-CT: 54150009 ICD-9-CM: 460<br/><i></i></td>
          <td>March 17th, 2012 04:00 - July 31st, 2012 04:00</td>
            <td>active</td>
           
        </tr>
    </tbody>
  </table>
</text>
    <entry typeCode="DRIV">
      <act classCode="ACT" moodCode="EVN">
        <templateId root="2.16.840.1.113883.10.20.22.4.3"/>
        <!-- Problem act template -->
        <id root="94e78db0-e0c0-012f-f752-406c8fb8a271"/>
        <code nullFlavor="NA"/>
        <statusCode code="active"/>
        <effectiveTime>
          <low value='20120820040000'/>
        </effectiveTime>
        <entryRelationship typeCode="SUBJ" inversionInd="false">
          <observation classCode="OBS" moodCode="EVN">
            <templateId root="2.16.840.1.113883.10.20.22.4.4"/>
            
            <!--Problem observation template - NOT episode template-->
            <id root="94e79040-e0c0-012f-f752-406c8fb8a271"/>
            <code code="64572001" displayName="Condition" codeSystem="2.16.840.1.113883.6.96" codeSystemName="SNOMED-CT"/>
            <text>
              <reference value="#conditions-desc-0"/>
            </text>
            <statusCode code="completed"/>
            <effectiveTime>
              <low value='20120820040000'/>
            </effectiveTime>
            <value code="3038009" codeSystem="2.16.840.1.113883.6.96" xsi:type="CD"><originalText>Diagnosis, Active: Competing Conditions for Respiratory Conditions (Code List: 2.16.840.1.113883.3.464.0003.02.02.0017)</originalText><translation code="683" codeSystem="2.16.840.1.113883.6.104"/>
<translation code="L02.327" codeSystem="2.16.840.1.113883.6.90"/>
</value>
            <entryRelationship typeCode="REFR">
              <observation classCode="OBS" moodCode="EVN">
                <templateId root="2.16.840.1.113883.10.20.22.4.6"/>
                <!-- Problem status observation template -->
                <code code="33999-4" codeSystem="2.16.840.1.113883.6.1" displayName="Status"/>
                <statusCode code="completed"/>
                <value xsi:type="CE" code="55561003" codeSystem="2.16.840.1.113883.6.96"/>
              </observation>
            </entryRelationship>
          </observation>
        </entryRelationship>
      </act>
    </entry>
    <entry typeCode="DRIV">
      <act classCode="ACT" moodCode="EVN">
        <templateId root="2.16.840.1.113883.10.20.22.4.3"/>
        <!-- Problem act template -->
        <id root="94e79770-e0c0-012f-f752-406c8fb8a271"/>
        <code nullFlavor="NA"/>
        <statusCode code="active"/>
        <effectiveTime>
          <low value='20120317040000'/>
        </effectiveTime>
        <entryRelationship typeCode="SUBJ" inversionInd="false">
          <observation classCode="OBS" moodCode="EVN">
            <templateId root="2.16.840.1.113883.10.20.22.4.4"/>
            
            <!--Problem observation template - NOT episode template-->
            <id root="94e79950-e0c0-012f-f752-406c8fb8a271"/>
            <code code="64572001" displayName="Condition" codeSystem="2.16.840.1.113883.6.96" codeSystemName="SNOMED-CT"/>
            <text>
              <reference value="#conditions-desc-1"/>
            </text>
            <statusCode code="completed"/>
            <effectiveTime>
              <low value='20120317040000'/>
            </effectiveTime>
            <value code="54150009" codeSystem="2.16.840.1.113883.6.96" xsi:type="CD"><originalText>Upper Respiratory Infection (Code List: 2.16.840.1.113883.3.464.0003.02.02.0022)</originalText><translation code="J00" codeSystem="2.16.840.1.113883.6.90"/>
<translation code="460" codeSystem="2.16.840.1.113883.6.104"/>
</value>
            <entryRelationship typeCode="REFR">
              <observation classCode="OBS" moodCode="EVN">
                <templateId root="2.16.840.1.113883.10.20.22.4.6"/>
                <!-- Problem status observation template -->
                <code code="33999-4" codeSystem="2.16.840.1.113883.6.1" displayName="Status"/>
                <statusCode code="completed"/>
                <value xsi:type="CE" code="55561003" codeSystem="2.16.840.1.113883.6.96"/>
              </observation>
            </entryRelationship>
          </observation>
        </entryRelationship>
      </act>
    </entry>
  </section>
</component>

        
        <component>
  <!--Encounters-->
  <section>
    <templateId root="2.16.840.1.113883.10.20.22.2.22" /> <!-- CCDA Template id -->
    <!--Encounters section template-->
    <code code="46240-8" codeSystem="2.16.840.1.113883.6.1" codeSystemName="LOINC" displayName="History of encounters"/>
    <title>Encounters</title>
    <text>
  <table border="1" width="100%">
    <thead>
      <tr>
        <th>Description</th>
        <th>Codes</th>
        <th>Time</th>
        
      </tr>
    </thead>
    <tbody>
        <tr>
          <td ID="encounters-desc-0">Encounter, Performed: Office Visit (Code List: 2.16.840.1.113883.3.464.0003.01.02.0001)</td>
          <td ID="encounters-code-0">CPT: 99201<br/><i></i></td>
          <td>October 4th, 2006 04:00 - January 7th, 2007 05:00</td>
           
        </tr>
        <tr>
          <td ID="encounters-desc-1">Encounter, Performed: Outpatient Consultation (Code List: 2.16.840.1.113883.3.464.0003.01.02.0008)</td>
          <td ID="encounters-code-1">CPT: 99241<br/><i></i></td>
          <td>September 26th, 2008 04:00 - December 2nd, 2008 05:00</td>
           
        </tr>
        <tr>
          <td ID="encounters-desc-2">Encounter, Performed: Emergency Department Visit (Code List: 2.16.840.1.113883.3.464.0003.01.02.0010)</td>
          <td ID="encounters-code-2">CPT: 99281<br/><i></i></td>
          <td>May 14th, 2007 04:00 - March 27th, 2008 04:00</td>
           
        </tr>
        <tr>
          <td ID="encounters-desc-3">Encounter, Performed: Preventive Care- Initial Office Visit, 0 to 17 (Code List: 2.16.840.1.113883.3.464.0003.01.02.0022)</td>
          <td ID="encounters-code-3">CPT: 99381<br/><i></i></td>
          <td>April 24th, 1999 04:00 - August 10th, 2008 04:00</td>
           
        </tr>
        <tr>
          <td ID="encounters-desc-4">Encounter, Performed: Preventive Care Services-Individual Counseling (Code List: 2.16.840.1.113883.3.464.0003.01.02.0026)</td>
          <td ID="encounters-code-4">CPT: 99401<br/><i></i></td>
          <td>March 3rd, 2000 05:00 - September 13th, 2011 04:00</td>
           
        </tr>
        <tr>
          <td ID="encounters-desc-5">Encounter, Performed: Preventive Care Services - Group Counseling (Code List: 2.16.840.1.113883.3.464.0003.01.02.0027)</td>
          <td ID="encounters-code-5">CPT: 99411<br/><i></i></td>
          <td>September 3rd, 2005 04:00 - September 2nd, 2009 04:00</td>
           
        </tr>
        <tr>
          <td ID="encounters-desc-6">Encounter, Performed: Preventive Care - Established Office Visit, 0 to 17 (Code List: 2.16.840.1.113883.3.464.0003.01.02.0024)</td>
          <td ID="encounters-code-6">CPT: 99391<br/><i></i></td>
          <td>August 10th, 2009 04:00 - May 24th, 2011 04:00</td>
           
        </tr>
        <tr>
          <td ID="encounters-desc-7">Encounter, Performed: Hospital Observation Care - Initial (Code List: 2.16.840.1.113883.3.464.0003.01.02.0002)</td>
          <td ID="encounters-code-7">CPT: 99218<br/><i></i></td>
          <td>January 14th, 2006 05:00 - November 14th, 2007 05:00</td>
           
        </tr>
        <tr>
          <td ID="encounters-desc-8">Encounter, Performed: Face-to-Face Interaction (Code List: 2.16.840.1.113883.3.464.0003.01.02.0048)</td>
          <td ID="encounters-code-8">SNOMED-CT: 4525004<br/><i></i></td>
          <td>September 12th, 2002 04:00 - January 24th, 2012 05:00</td>
           
        </tr>
    </tbody>
  </table>
</text>
    <entry typeCode="DRIV">
      <encounter classCode="ENC" moodCode="EVN">
		    <templateId root="2.16.840.1.113883.10.20.22.4.49"/>
        <!-- Encounter activity template -->
        <id root="94e7e900-e0c0-012f-f752-406c8fb8a271"/>
        <code code="99201" codeSystem="2.16.840.1.113883.6.12" displayName="Encounter, Performed: Office Visit (Code List: 2.16.840.1.113883.3.464.0003.01.02.0001)">
  <originalText><reference value="#encounters-desc-0"/></originalText>
</code>

        <text>
          <reference value="#encounters-desc-0"/>
        </text>
        <effectiveTime value='20061004040000'/>
      </encounter>
    </entry>
    <entry typeCode="DRIV">
      <encounter classCode="ENC" moodCode="EVN">
		    <templateId root="2.16.840.1.113883.10.20.22.4.49"/>
        <!-- Encounter activity template -->
        <id root="94e80220-e0c0-012f-f752-406c8fb8a271"/>
        <code code="99241" codeSystem="2.16.840.1.113883.6.12" displayName="Encounter, Performed: Outpatient Consultation (Code List: 2.16.840.1.113883.3.464.0003.01.02.0008)">
  <originalText><reference value="#encounters-desc-1"/></originalText>
</code>

        <text>
          <reference value="#encounters-desc-1"/>
        </text>
        <effectiveTime value='20080926040000'/>
      </encounter>
    </entry>
    <entry typeCode="DRIV">
      <encounter classCode="ENC" moodCode="EVN">
		    <templateId root="2.16.840.1.113883.10.20.22.4.49"/>
        <!-- Encounter activity template -->
        <id root="94e819b0-e0c0-012f-f752-406c8fb8a271"/>
        <code code="99281" codeSystem="2.16.840.1.113883.6.12" displayName="Encounter, Performed: Emergency Department Visit (Code List: 2.16.840.1.113883.3.464.0003.01.02.0010)">
  <originalText><reference value="#encounters-desc-2"/></originalText>
</code>

        <text>
          <reference value="#encounters-desc-2"/>
        </text>
        <effectiveTime value='20070514040000'/>
      </encounter>
    </entry>
    <entry typeCode="DRIV">
      <encounter classCode="ENC" moodCode="EVN">
		    <templateId root="2.16.840.1.113883.10.20.22.4.49"/>
        <!-- Encounter activity template -->
        <id root="94e83100-e0c0-012f-f752-406c8fb8a271"/>
        <code code="99381" codeSystem="2.16.840.1.113883.6.12" displayName="Encounter, Performed: Preventive Care- Initial Office Visit, 0 to 17 (Code List: 2.16.840.1.113883.3.464.0003.01.02.0022)">
  <originalText><reference value="#encounters-desc-3"/></originalText>
</code>

        <text>
          <reference value="#encounters-desc-3"/>
        </text>
        <effectiveTime value='19990424040000'/>
      </encounter>
    </entry>
    <entry typeCode="DRIV">
      <encounter classCode="ENC" moodCode="EVN">
		    <templateId root="2.16.840.1.113883.10.20.22.4.49"/>
        <!-- Encounter activity template -->
        <id root="94e847c0-e0c0-012f-f752-406c8fb8a271"/>
        <code code="99401" codeSystem="2.16.840.1.113883.6.12" displayName="Encounter, Performed: Preventive Care Services-Individual Counseling (Code List: 2.16.840.1.113883.3.464.0003.01.02.0026)">
  <originalText><reference value="#encounters-desc-4"/></originalText>
</code>

        <text>
          <reference value="#encounters-desc-4"/>
        </text>
        <effectiveTime value='20000303050000'/>
      </encounter>
    </entry>
    <entry typeCode="DRIV">
      <encounter classCode="ENC" moodCode="EVN">
		    <templateId root="2.16.840.1.113883.10.20.22.4.49"/>
        <!-- Encounter activity template -->
        <id root="94e85f20-e0c0-012f-f752-406c8fb8a271"/>
        <code code="99411" codeSystem="2.16.840.1.113883.6.12" displayName="Encounter, Performed: Preventive Care Services - Group Counseling (Code List: 2.16.840.1.113883.3.464.0003.01.02.0027)">
  <originalText><reference value="#encounters-desc-5"/></originalText>
</code>

        <text>
          <reference value="#encounters-desc-5"/>
        </text>
        <effectiveTime value='20050903040000'/>
      </encounter>
    </entry>
    <entry typeCode="DRIV">
      <encounter classCode="ENC" moodCode="EVN">
		    <templateId root="2.16.840.1.113883.10.20.22.4.49"/>
        <!-- Encounter activity template -->
        <id root="94e87550-e0c0-012f-f752-406c8fb8a271"/>
        <code code="99391" codeSystem="2.16.840.1.113883.6.12" displayName="Encounter, Performed: Preventive Care - Established Office Visit, 0 to 17 (Code List: 2.16.840.1.113883.3.464.0003.01.02.0024)">
  <originalText><reference value="#encounters-desc-6"/></originalText>
</code>

        <text>
          <reference value="#encounters-desc-6"/>
        </text>
        <effectiveTime value='20090810040000'/>
      </encounter>
    </entry>
    <entry typeCode="DRIV">
      <encounter classCode="ENC" moodCode="EVN">
		    <templateId root="2.16.840.1.113883.10.20.22.4.49"/>
        <!-- Encounter activity template -->
        <id root="94e88b80-e0c0-012f-f752-406c8fb8a271"/>
        <code code="99218" codeSystem="2.16.840.1.113883.6.12" displayName="Encounter, Performed: Hospital Observation Care - Initial (Code List: 2.16.840.1.113883.3.464.0003.01.02.0002)">
  <originalText><reference value="#encounters-desc-7"/></originalText>
</code>

        <text>
          <reference value="#encounters-desc-7"/>
        </text>
        <effectiveTime value='20060114050000'/>
      </encounter>
    </entry>
    <entry typeCode="DRIV">
      <encounter classCode="ENC" moodCode="EVN">
		    <templateId root="2.16.840.1.113883.10.20.22.4.49"/>
        <!-- Encounter activity template -->
        <id root="94e8a1c0-e0c0-012f-f752-406c8fb8a271"/>
        <code nullFlavor="UNK">
  <originalText><reference value="#encounters-desc-8"/></originalText>
  <translation code="4525004" codeSystem="2.16.840.1.113883.6.96" />
</code>

        <text>
          <reference value="#encounters-desc-8"/>
        </text>
        <effectiveTime value='20020912040000'/>
      </encounter>
    </entry>
  </section>
</component>
    </structuredBody>
  </component>
</ClinicalDocument>