<?xml version="1.0" encoding="UTF-8"?>
<ClinicalDocument xmlns="urn:hl7-org:v3" xmlns:sdtc="urn:hl7-org:sdtc" xmlns:xsi="http://www.w3.org/2001/XMLSchema-instance" xsi:schemaLocation="urn:hl7-org:v3 http://xreg2.nist.gov:8080/hitspValidation/schema/cdar2c32/infrastructure/cda/C32_CDA.xsd">
  <realmCode code="US"/>
  <typeId root="2.16.840.1.113883.1.3" extension="POCD_HD000040"/>
  <templateId root="2.16.840.1.113883.10.20.22.1.1" />
  <templateId root='2.16.840.1.113883.10.20.22.1.2'/> 
  <id root="2.16.840.1.113883.3.72" extension="50536a6c709357c7fa00040b" assigningAuthorityName="NIST Healthcare Project"/>
  <code code="34133-9" displayName="Summarization of episode note" codeSystem="2.16.840.1.113883.6.1" codeSystemName="LOINC"/>
  <title>Cypress C32 Patient Test Record: Lucy Young</title>
  <effectiveTime value="20120914173610"/>
  <confidentialityCode code="N"/>
  <languageCode code="en-US"/>
  <recordTarget>
    <patientRole>
      <id root="Cypress" extension="50536a6c709357c7fa00040b"/>
      <addr use="HP">
        <streetAddressLine>202 Burlington Rd.</streetAddressLine>
        <city>Bedford</city>
        <state>MA</state>
        <postalCode>01730</postalCode>
      </addr>
      <telecom value="tel:+1-781-271-3000"/>
      <patient>
        <name>
          <given>Lucy</given>
          <family>Young</family>
        </name>
        <administrativeGenderCode code="F" codeSystem="2.16.840.1.113883.5.1" codeSystemName="HL7 AdministrativeGender"/>
        <birthTime value="20040325050000"/>
          <raceCode code=""  codeSystemName="CDC Race and Ethnicity" codeSystem="2.16.840.1.113883.6.238"/>
          <ethnicGroupCode code=""  codeSystemName="CDC Race and Ethnicity" codeSystem="2.16.840.1.113883.6.238"/>
          <languageCommunication>
            <languageCode code="en-US"/>
          </languageCommunication>
      </patient>
    </patientRole>
  </recordTarget>
  <author>
    <time value="20120914173610"/>
    <assignedAuthor>
      <id/>
      <addr/>
      <telecom value="tel:+1-781-271-3000"/>
      <assignedPerson>
        <name>Auto Generated</name>
      </assignedPerson>
    </assignedAuthor>
  </author>
  <custodian>
    <assignedCustodian>
      <representedCustodianOrganization>
        <id/>
        <name>Cypress</name>
        <telecom value="tel:+1-781-271-3000"/>
        <addr>
          <streetAddressLine>202 Burlington Rd.</streetAddressLine>
          <city>Bedford</city>
          <state>MA</state>
          <postalCode>01730</postalCode>
        </addr>
      </representedCustodianOrganization>
    </assignedCustodian>
  </custodian>
  <component>
    <structuredBody>
        <component>
          <!-- Allergies: patient has no allergies -->
            <section>
             <templateId root="2.16.840.1.113883.10.20.22.2.6"/>
              <code code="11450-4" codeSystem="2.16.840.1.113883.6.1" codeSystemName="LOINC" displayName="Problem List"/>
              <title>Allergies and Adverse Reactions</title>                
               <text>
                <table border="1" width="100%">
                  <thead>
                    <tr>
                      <th>Description</th>                      
                      <th>Code</th>                      
                      <th>Time</th>
                    </tr>
                  </thead>
                  <tbody>
                    <tr ID="noallergies_summary">                                           
                      <td ID="noallergies">No Known allergies</td>
                      <td>160244002</td>                                         
                      <td>20120914173610</td>
                    </tr>                   
                 </tbody>
               </table>                             
             </text>
             <entry typeCode="DRIV">
              <act classCode="ACT" moodCode="EVN">
                <templateId root="2.16.840.1.113883.10.20.22.4.30"/>
                <id root="f6fd6f86-4265-4dcb-95cf-7799100b54ad"/>
                <code nullFlavor="NA"/>
                  <statusCode code="active"/>
                    <effectiveTime>
                      <low nullFlavor="NA"/>
                    </effectiveTime>					
                <entryRelationship typeCode="SUBJ" inversionInd="false">
                  <observation classCode="OBS" moodCode="EVN">
                    <templateId root="2.16.840.1.113883.10.20.22.4.7"/>
                    <id root="2b37be6b-9b1c-4069-bbca-1caf5fe1937d"/>
                    <code code="420134006" codeSystem="2.16.840.1.113883.6.96" displayName="Propensity to adverse reactions (disorder)" codeSystemName="SNOMED CT"/>
                    <statusCode code="completed"/>
                    <effectiveTime>
                      <low nullFlavor="UNK"/>
                    </effectiveTime>
                    <value xsi:type="CD" code="160244002" codeSystem="2.16.840.1.113883.6.96" displayName="No Known allergies" codeSystemName="SNOMED CT">
                      <originalText>
                        <reference value="#noallergies"/>
                      </originalText>
                    </value>
                  </observation>
              </entryRelationship>
            </act>
          </entry>
        </section>
      </component>

        <component>
  <!--Medications-->
  <section>
	<templateId root="2.16.840.1.113883.10.20.22.2.1" />
    <code code="10160-0" displayName="History of medication use" codeSystem="2.16.840.1.113883.6.1" codeSystemName="LOINC"/>
    <title>Medications</title>
    <text>
  <table border="1" width="100%">
    <thead>
      <tr>
        <th>Description</th>
        <th>Codes</th>
        <th>Time</th>
        
      </tr>
    </thead>
    <tbody>
        <tr>
          <td ID="medications-desc-0">Medication, Active: Anti-Hypertensive Pharmacologic Therapy (Code List: 2.16.840.1.113883.3.600.1476)</td>
          <td ID="medications-code-0">RxNorm: 7417<br/><i></i></td>
          <td>August 20th, 2012 04:00 - August 26th, 2012 04:00</td>
           
        </tr>
    </tbody>
  </table>
</text>
    <entry>
      <!--CCD Medication activity - Required-->
      <substanceAdministration classCode="SBADM" moodCode="EVN">
        <templateId root='2.16.840.1.113883.10.20.22.4.16'/>
        <id root="98915be0-e0c0-012f-f752-406c8fb8a271"/>
        <statusCode code="completed"/>
        <effectiveTime xsi:type="IVL_TS">
          <low value='20120820040000'/>
          <high nullFlavor="UNK"/>
        </effectiveTime>
        <consumable>
          <!--CCD Product - Required-->
          <manufacturedProduct classCode="MANU">
			    <templateId root='2.16.840.1.113883.10.20.22.4.23'/>
            <manufacturedMaterial>
              <code code="7417" codeSystem="2.16.840.1.113883.6.88" displayName="Medication, Active: Anti-Hypertensive Pharmacologic Therapy (Code List: 2.16.840.1.113883.3.600.1476)">
  <originalText><reference value="#medications-desc-0"/></originalText>
</code>

              <name>Medication, Active: Anti-Hypertensive Pharmacologic Therapy (Code List: 2.16.840.1.113883.3.600.1476)</name>
            </manufacturedMaterial>
          </manufacturedProduct>
        </consumable>
      </substanceAdministration>
    </entry>
  </section>
</component>
        <component>
  <!--Diagnostic Results-->
  <section>
    <templateId root="2.16.840.1.113883.10.20.22.2.3.1"/>
    <!--Diagnostic Results section template-->
    <code code="30954-2" codeSystem="2.16.840.1.113883.6.1" codeSystemName="LOINC" displayName="Results"/>
    <title>Diagnostic Results</title>
    <text>
  <table border="1" width="100%">
    <thead>
      <tr>
        <th>Description</th>
        <th>Codes</th>
        <th>Time</th>
        
          <th>Value</th>
      </tr>
    </thead>
    <tbody>
        <tr>
          <td ID="results-desc-0">Physical Exam, Finding: Systolic Blood Pressure (Code List: 2.16.840.1.113883.3.526.03.1032)</td>
          <td ID="results-code-0">LOINC: 8480-6 <br/><i></i></td>
          <td>January 3rd, 2005 05:00 - June 8th, 2005 04:00</td>
           
              <td>
	                140<br/>
              </td>
        </tr>
        <tr>
          <td ID="results-desc-1">Physical Exam, Finding: Diastolic Blood Pressure (Code List: 2.16.840.1.113883.3.526.03.1033)</td>
          <td ID="results-code-1">LOINC: 8462-4<br/><i></i></td>
          <td>November 18th, 2007 05:00 - May 27th, 2010 04:00</td>
           
              <td>
	                90<br/>
              </td>
        </tr>
    </tbody>
  </table>
</text>
    <entry typeCode="DRIV">
      <organizer classCode="BATTERY" moodCode="EVN">
        <templateId root="2.16.840.1.113883.10.20.22.4.1"/>
        <!--Result organizer template -->
        <id root="9891ba40-e0c0-012f-f752-406c8fb8a271"/>
        <code nullFlavor="NA"/>
        <statusCode code="completed"/>
        <effectiveTime value="20120914173610"/>
          <component>
           <observation classCode="OBS" moodCode="EVN">
            <templateId root="2.16.840.1.113883.10.20.22.4.2"/>
              <id root="9891bbd0-e0c0-012f-f752-406c8fb8a271"/>
              <code nullFlavor="UNK">
                <originalText><reference value="Unknown"/></originalText>
              </code>
              <text>
                <reference value="Unknown"/>
              </text>
              <statusCode code="completed"/>
              <effectiveTime nullFlavor="UNK"/>
            </observation>
          </component>
        <component>
          <observation classCode="OBS" moodCode="EVN">
            <templateId root="2.16.840.1.113883.10.20.22.4.2"/>
            <!-- Result observation template -->
            <id root="9891bca0-e0c0-012f-f752-406c8fb8a271"/>
            <code code="8480-6 " codeSystem="2.16.840.1.113883.6.1" ><originalText>Physical Exam, Finding: Systolic Blood Pressure (Code List: 2.16.840.1.113883.3.526.03.1032)</originalText></code>
            <text>
              <reference value="#results-desc-0"/>
            </text>
            <statusCode code="completed"/>
            <effectiveTime value='20050103050000'/>
                <value xsi:type="PQ" value="140" unit="mm[Hg]"/>
          </observation>
        </component>
        <component>
          <observation classCode="OBS" moodCode="EVN">
            <templateId root="2.16.840.1.113883.10.20.22.4.2"/>
            <!-- Result observation template -->
            <id root="9891c470-e0c0-012f-f752-406c8fb8a271"/>
            <code code="8462-4" codeSystem="2.16.840.1.113883.6.1" ><originalText>Physical Exam, Finding: Diastolic Blood Pressure (Code List: 2.16.840.1.113883.3.526.03.1033)</originalText></code>
            <text>
              <reference value="#results-desc-1"/>
            </text>
            <statusCode code="completed"/>
            <effectiveTime value='20071118050000'/>
                <value xsi:type="PQ" value="90" unit="mm[Hg]"/>
          </observation>
        </component>
      </organizer>
    </entry>
  </section>
</component>
        <component>
  <!--Problems-->
  <section>
    <templateId root="2.16.840.1.113883.10.20.22.2.5.1"/>
    <!--Problems section template-->
    <code code="11450-4" codeSystem="2.16.840.1.113883.6.1" codeSystemName="LOINC" displayName="Problem list"/>
    <title>Problems</title>
    <text>
  <table border="1" width="100%">
    <thead>
      <tr>
        <th>Description</th>
        <th>Codes</th>
        <th>Time</th>
          <th>Status</th>
        
      </tr>
    </thead>
    <tbody>
        <tr>
          <td ID="conditions-desc-0">Diagnosis, Active: Pregnancy (Code List: 2.16.840.1.113883.3.600.1622)</td>
          <td ID="conditions-code-0">ICD-9-CM: 630 ICD-10-CM: A34 SNOMED-CT: 9279009<br/><i></i></td>
          <td>September 1st, 2005 04:00 - December 14th, 2005 05:00</td>
            <td>active</td>
           
        </tr>
        <tr>
          <td ID="conditions-desc-1">Diagnosis, Active: CHD or CHD Risk Equivalent (Code List: 2.16.840.1.113883.3.600.863)</td>
          <td ID="conditions-code-1">ICD-9-CM: 093.0 ICD-10-CM: <br/><i></i></td>
          <td>April 27th, 2000 04:00 - August 19th, 2005 04:00</td>
            <td>active</td>
           
        </tr>
        <tr>
          <td ID="conditions-desc-2">Diagnosis, Active: Smoking (Code List: 2.16.840.1.113883.3.600.1559)</td>
          <td ID="conditions-code-2">SNOMED-CT: 56578002<br/><i></i></td>
          <td>October 30th, 1995 05:00 - January 2nd, 2009 05:00</td>
            <td>active</td>
           
        </tr>
        <tr>
          <td ID="conditions-desc-3">Diagnosis, Family History: Family History CHD (Code List: 2.16.840.1.113883.3.600.1557)</td>
          <td ID="conditions-code-3">SNOMED-CT: 2664552011<br/><i></i></td>
          <td>October 5th, 2007 04:00 - May 18th, 2009 04:00</td>
            <td></td>
           
        </tr>
        <tr>
          <td ID="conditions-desc-4">Diagnosis, Active: Diagnosis of hypertension grouped (Code List: 2.16.840.1.113883.3.600.263)</td>
          <td ID="conditions-code-4">SNOMED-CT: 2164904016 ICD-9-CM: 401 ICD-10-CM: H35.039<br/><i></i></td>
          <td>February 1st, 2005 05:00 - October 7th, 2010 04:00</td>
            <td>active</td>
           
        </tr>
    </tbody>
  </table>
</text>
    <entry typeCode="DRIV">
      <act classCode="ACT" moodCode="EVN">
        <templateId root="2.16.840.1.113883.10.20.22.4.3"/>
        <!-- Problem act template -->
        <id root="989214e0-e0c0-012f-f752-406c8fb8a271"/>
        <code nullFlavor="NA"/>
        <statusCode code="active"/>
        <effectiveTime>
          <low value='20050901040000'/>
        </effectiveTime>
        <entryRelationship typeCode="SUBJ" inversionInd="false">
          <observation classCode="OBS" moodCode="EVN">
            <templateId root="2.16.840.1.113883.10.20.22.4.4"/>
            
            <!--Problem observation template - NOT episode template-->
            <id root="98921770-e0c0-012f-f752-406c8fb8a271"/>
            <code code="64572001" displayName="Condition" codeSystem="2.16.840.1.113883.6.96" codeSystemName="SNOMED-CT"/>
            <text>
              <reference value="#conditions-desc-0"/>
            </text>
            <statusCode code="completed"/>
            <effectiveTime>
              <low value='20050901040000'/>
            </effectiveTime>
            <value code="9279009" codeSystem="2.16.840.1.113883.6.96" xsi:type="CD"><originalText>Diagnosis, Active: Pregnancy (Code List: 2.16.840.1.113883.3.600.1622)</originalText><translation code="630" codeSystem="2.16.840.1.113883.6.104"/>
<translation code="A34" codeSystem="2.16.840.1.113883.6.90"/>
</value>
            <entryRelationship typeCode="REFR">
              <observation classCode="OBS" moodCode="EVN">
                <templateId root="2.16.840.1.113883.10.20.22.4.6"/>
                <!-- Problem status observation template -->
                <code code="33999-4" codeSystem="2.16.840.1.113883.6.1" displayName="Status"/>
                <statusCode code="completed"/>
                <value xsi:type="CE" code="55561003" codeSystem="2.16.840.1.113883.6.96"/>
              </observation>
            </entryRelationship>
          </observation>
        </entryRelationship>
      </act>
    </entry>
    <entry typeCode="DRIV">
      <act classCode="ACT" moodCode="EVN">
        <templateId root="2.16.840.1.113883.10.20.22.4.3"/>
        <!-- Problem act template -->
        <id root="98921ec0-e0c0-012f-f752-406c8fb8a271"/>
        <code nullFlavor="NA"/>
        <statusCode code="active"/>
        <effectiveTime>
          <low value='20000427040000'/>
        </effectiveTime>
        <entryRelationship typeCode="SUBJ" inversionInd="false">
          <observation classCode="OBS" moodCode="EVN">
            <templateId root="2.16.840.1.113883.10.20.22.4.4"/>
            
            <!--Problem observation template - NOT episode template-->
            <id root="989220a0-e0c0-012f-f752-406c8fb8a271"/>
            <code code="64572001" displayName="Condition" codeSystem="2.16.840.1.113883.6.96" codeSystemName="SNOMED-CT"/>
            <text>
              <reference value="#conditions-desc-1"/>
            </text>
            <statusCode code="completed"/>
            <effectiveTime>
              <low value='20000427040000'/>
            </effectiveTime>
            <value nullFlavor="UNK" xsi:type="CD"><originalText>Diagnosis, Active: CHD or CHD Risk Equivalent (Code List: 2.16.840.1.113883.3.600.863)</originalText><translation code="093.0" codeSystem="2.16.840.1.113883.6.104"/>
<translation code="" codeSystem="2.16.840.1.113883.6.90"/>
</value>
            <entryRelationship typeCode="REFR">
              <observation classCode="OBS" moodCode="EVN">
                <templateId root="2.16.840.1.113883.10.20.22.4.6"/>
                <!-- Problem status observation template -->
                <code code="33999-4" codeSystem="2.16.840.1.113883.6.1" displayName="Status"/>
                <statusCode code="completed"/>
                <value xsi:type="CE" code="55561003" codeSystem="2.16.840.1.113883.6.96"/>
              </observation>
            </entryRelationship>
          </observation>
        </entryRelationship>
      </act>
    </entry>
    <entry typeCode="DRIV">
      <act classCode="ACT" moodCode="EVN">
        <templateId root="2.16.840.1.113883.10.20.22.4.3"/>
        <!-- Problem act template -->
        <id root="98922610-e0c0-012f-f752-406c8fb8a271"/>
        <code nullFlavor="NA"/>
        <statusCode code="active"/>
        <effectiveTime>
          <low value='19951030050000'/>
        </effectiveTime>
        <entryRelationship typeCode="SUBJ" inversionInd="false">
          <observation classCode="OBS" moodCode="EVN">
            <templateId root="2.16.840.1.113883.10.20.22.4.4"/>
            
            <!--Problem observation template - NOT episode template-->
            <id root="989227f0-e0c0-012f-f752-406c8fb8a271"/>
            <code code="64572001" displayName="Condition" codeSystem="2.16.840.1.113883.6.96" codeSystemName="SNOMED-CT"/>
            <text>
              <reference value="#conditions-desc-2"/>
            </text>
            <statusCode code="completed"/>
            <effectiveTime>
              <low value='19951030050000'/>
            </effectiveTime>
            <value code="56578002" codeSystem="2.16.840.1.113883.6.96" xsi:type="CD"><originalText>Diagnosis, Active: Smoking (Code List: 2.16.840.1.113883.3.600.1559)</originalText></value>
            <entryRelationship typeCode="REFR">
              <observation classCode="OBS" moodCode="EVN">
                <templateId root="2.16.840.1.113883.10.20.22.4.6"/>
                <!-- Problem status observation template -->
                <code code="33999-4" codeSystem="2.16.840.1.113883.6.1" displayName="Status"/>
                <statusCode code="completed"/>
                <value xsi:type="CE" code="55561003" codeSystem="2.16.840.1.113883.6.96"/>
              </observation>
            </entryRelationship>
          </observation>
        </entryRelationship>
      </act>
    </entry>
    <entry typeCode="DRIV">
      <act classCode="ACT" moodCode="EVN">
        <templateId root="2.16.840.1.113883.10.20.22.4.3"/>
        <!-- Problem act template -->
        <id root="98922d50-e0c0-012f-f752-406c8fb8a271"/>
        <code nullFlavor="NA"/>
        <statusCode code="active"/>
        <effectiveTime>
          <low value='20071005040000'/>
        </effectiveTime>
        <entryRelationship typeCode="SUBJ" inversionInd="false">
          <observation classCode="OBS" moodCode="EVN">
            <templateId root="2.16.840.1.113883.10.20.22.4.4"/>
            
            <!--Problem observation template - NOT episode template-->
            <id root="98922f10-e0c0-012f-f752-406c8fb8a271"/>
            <code code="64572001" displayName="Condition" codeSystem="2.16.840.1.113883.6.96" codeSystemName="SNOMED-CT"/>
            <text>
              <reference value="#conditions-desc-3"/>
            </text>
            <statusCode code="completed"/>
            <effectiveTime>
              <low value='20071005040000'/>
            </effectiveTime>
            <value code="2664552011" codeSystem="2.16.840.1.113883.6.96" xsi:type="CD"><originalText>Diagnosis, Family History: Family History CHD (Code List: 2.16.840.1.113883.3.600.1557)</originalText></value>
          </observation>
        </entryRelationship>
      </act>
    </entry>
    <entry typeCode="DRIV">
      <act classCode="ACT" moodCode="EVN">
        <templateId root="2.16.840.1.113883.10.20.22.4.3"/>
        <!-- Problem act template -->
        <id root="989233f0-e0c0-012f-f752-406c8fb8a271"/>
        <code nullFlavor="NA"/>
        <statusCode code="active"/>
        <effectiveTime>
          <low value='20050201050000'/>
        </effectiveTime>
        <entryRelationship typeCode="SUBJ" inversionInd="false">
          <observation classCode="OBS" moodCode="EVN">
            <templateId root="2.16.840.1.113883.10.20.22.4.4"/>
            
            <!--Problem observation template - NOT episode template-->
            <id root="989235e0-e0c0-012f-f752-406c8fb8a271"/>
            <code code="64572001" displayName="Condition" codeSystem="2.16.840.1.113883.6.96" codeSystemName="SNOMED-CT"/>
            <text>
              <reference value="#conditions-desc-4"/>
            </text>
            <statusCode code="completed"/>
            <effectiveTime>
              <low value='20050201050000'/>
            </effectiveTime>
            <value code="2164904016" codeSystem="2.16.840.1.113883.6.96" xsi:type="CD"><originalText>Diagnosis, Active: Diagnosis of hypertension grouped (Code List: 2.16.840.1.113883.3.600.263)</originalText><translation code="401" codeSystem="2.16.840.1.113883.6.104"/>
<translation code="H35.039" codeSystem="2.16.840.1.113883.6.90"/>
</value>
            <entryRelationship typeCode="REFR">
              <observation classCode="OBS" moodCode="EVN">
                <templateId root="2.16.840.1.113883.10.20.22.4.6"/>
                <!-- Problem status observation template -->
                <code code="33999-4" codeSystem="2.16.840.1.113883.6.1" displayName="Status"/>
                <statusCode code="completed"/>
                <value xsi:type="CE" code="55561003" codeSystem="2.16.840.1.113883.6.96"/>
              </observation>
            </entryRelationship>
          </observation>
        </entryRelationship>
      </act>
    </entry>
  </section>
</component>

        <component>
  <!--Surgeries-->
  <section>
    <templateId root="2.16.840.1.113883.10.20.22.2.7"/>
    <!--Surgeries section template-->
    <code code="47519-4" codeSystem="2.16.840.1.113883.6.1" codeSystemName="LOINC" displayName="List of surgeries"/>
    <title>Surgeries</title>
    <text>
  <table border="1" width="100%">
    <thead>
      <tr>
        <th>Description</th>
        <th>Codes</th>
        <th>Time</th>
        
      </tr>
    </thead>
    <tbody>
        <tr>
          <td ID="procedures-desc-0">Procedure, Performed: Palliative Care (Code List: 2.16.840.1.113883.3.600.0001.1579)</td>
          <td ID="procedures-code-0">ICD-9-CM: V66.5 ICD-10-CM: Z51.4 SNOMED-CT: 2817906016<br/><i></i></td>
          <td>June 29th, 2010 04:00 - April 27th, 2011 04:00</td>
           
        </tr>
        <tr>
          <td ID="procedures-desc-1">Risk Category Assessment: Framingham coronary heart disease 10 year risk (Code List: 2.16.840.1.113883.3.600.1561)</td>
          <td ID="procedures-code-1">SNOMED-CT: 315039001 LOINC: 65853-4<br/><i></i></td>
          <td>June 19th, 2010 04:00 - August 26th, 2011 04:00</td>
           
        </tr>
    </tbody>
  </table>
</text>
    <entry typeCode="DRIV">
      <procedure classCode="PROC" moodCode="EVN">
        <templateId root="2.16.840.1.113883.10.20.22.4.14"/>
        <!-- Procedure activity template -->
        <id root="98927100-e0c0-012f-f752-406c8fb8a271"/>
        <code code="V66.5" codeSystem="2.16.840.1.113883.6.104" displayName="Procedure, Performed: Palliative Care (Code List: 2.16.840.1.113883.3.600.0001.1579)">
  <originalText><reference value="#procedures-desc-0"/></originalText>
  <translation code="Z51.4" codeSystem="2.16.840.1.113883.6.90" />
  <translation code="2817906016" codeSystem="2.16.840.1.113883.6.96" />
</code>

        <text>
          <reference value="#procedures-desc-0"/>
        </text>
        <statusCode code="completed"/>
        <effectiveTime value='20100629040000'/>
      </procedure>
    </entry>
    <entry typeCode="DRIV">
      <procedure classCode="PROC" moodCode="EVN">
        <templateId root="2.16.840.1.113883.10.20.22.4.14"/>
        <!-- Procedure activity template -->
        <id root="989289a0-e0c0-012f-f752-406c8fb8a271"/>
        <code code="315039001" codeSystem="2.16.840.1.113883.6.96" displayName="Risk Category Assessment: Framingham coronary heart disease 10 year risk (Code List: 2.16.840.1.113883.3.600.1561)">
  <originalText><reference value="#procedures-desc-1"/></originalText>
  <translation code="65853-4" codeSystem="2.16.840.1.113883.6.1" />
</code>

        <text>
          <reference value="#procedures-desc-1"/>
        </text>
        <statusCode code="completed"/>
        <effectiveTime value='20100619040000'/>
      </procedure>
    </entry>
  </section>
</component>
        <component>
  <!--Encounters-->
  <section>
    <templateId root="2.16.840.1.113883.10.20.22.2.22" /> <!-- CCDA Template id -->
    <!--Encounters section template-->
    <code code="46240-8" codeSystem="2.16.840.1.113883.6.1" codeSystemName="LOINC" displayName="History of encounters"/>
    <title>Encounters</title>
    <text>
  <table border="1" width="100%">
    <thead>
      <tr>
        <th>Description</th>
        <th>Codes</th>
        <th>Time</th>
        
      </tr>
    </thead>
    <tbody>
        <tr>
          <td ID="encounters-desc-0">Cholesterol Measure Encounter Codes (Code List: 2.16.840.1.113883.3.600.1951)</td>
          <td ID="encounters-code-0">SNOMED-CT: 13607009 HCPCS: G0101 CPT: 99201<br/><i></i></td>
          <td>May 19th, 1996 04:00 - June 27th, 2010 04:00</td>
           
        </tr>
    </tbody>
  </table>
</text>
    <entry typeCode="DRIV">
      <encounter classCode="ENC" moodCode="EVN">
		    <templateId root="2.16.840.1.113883.10.20.22.4.49"/>
        <!-- Encounter activity template -->
        <id root="9892d230-e0c0-012f-f752-406c8fb8a271"/>
        <code code="99201" codeSystem="2.16.840.1.113883.6.12" displayName="Cholesterol Measure Encounter Codes (Code List: 2.16.840.1.113883.3.600.1951)">
  <originalText><reference value="#encounters-desc-0"/></originalText>
  <translation code="13607009" codeSystem="2.16.840.1.113883.6.96" />
  <translation code="G0101" codeSystem="2.16.840.1.113883.6.14" />
</code>

        <text>
          <reference value="#encounters-desc-0"/>
        </text>
        <effectiveTime value='19960519040000'/>
      </encounter>
    </entry>
  </section>
</component>
        <component>
  <!--Vital Signs-->
  <section>
    <templateId root="2.16.840.1.113883.10.20.22.2.4"/>
    <!--Vital Signs section template-->
    <code code="8716-3" codeSystem="2.16.840.1.113883.6.1" codeSystemName="LOINC" displayName="Vital signs"/>
    <title>Vital Signs</title>
    <text>
  <table border="1" width="100%">
    <thead>
      <tr>
        <th>Description</th>
        <th>Codes</th>
        <th>Time</th>
        
          <th>Value</th>
      </tr>
    </thead>
    <tbody>
        <tr>
          <td ID="vitals-desc-0">Laboratory Test, Performed: LDL Test (Code List: 2.16.840.1.113883.3.464.0003.98.02.0016)</td>
          <td ID="vitals-code-0">LOINC: 12773-8<br/><i></i></td>
          <td>January 7th, 2003 05:00 - March 27th, 2003 05:00</td>
           
              <td>
              </td>
        </tr>
        <tr>
          <td ID="vitals-desc-1">Laboratory Test, Performed: LDL Test (Code List: 2.16.840.1.113883.3.464.0003.98.02.0016)</td>
          <td ID="vitals-code-1">LOINC: 12773-8<br/><i></i></td>
          <td>February 12th, 1996 05:00 - August 28th, 1996 04:00</td>
           
              <td>
              </td>
        </tr>
        <tr>
          <td ID="vitals-desc-2">Laboratory Test, Result: LDL Code (Code List: 2.16.840.1.113883.3.600.872)</td>
          <td ID="vitals-code-2">LOINC: 12773-8 CPT: 80061 SNOMED-CT: 113079009<br/><i></i></td>
          <td>November 22nd, 1999 05:00 - January 25th, 2002 05:00</td>
           
              <td>
	                100<br/>
              </td>
        </tr>
        <tr>
          <td ID="vitals-desc-3">Laboratory Test, Result: Triglycerides (Code List: 2.16.840.1.113883.3.600.883)</td>
          <td ID="vitals-code-3">CPT: 84478 LOINC: 12951-0 SNOMED-CT: 14740000<br/><i></i></td>
          <td>October 4th, 2008 04:00 - March 10th, 2012 05:00</td>
           
              <td>
	                400<br/>
              </td>
        </tr>
        <tr>
          <td ID="vitals-desc-4">Laboratory Test, Performed: LDL Test (Code List: 2.16.840.1.113883.3.464.0003.98.02.0016)</td>
          <td ID="vitals-code-4">LOINC: 12773-8<br/><i></i></td>
          <td>June 16th, 2001 04:00 - February 19th, 2006 05:00</td>
           
              <td>
              </td>
        </tr>
        <tr>
          <td ID="vitals-desc-5">Laboratory Test, Performed: Total Cholesterol (Code List: 2.16.840.1.113883.3.600.879)</td>
          <td ID="vitals-code-5">CPT: 82465 LOINC: 14647-2 SNOMED-CT: 77068002<br/><i></i></td>
          <td>January 1st, 1998 05:00 - August 6th, 2011 04:00</td>
           
              <td>
              </td>
        </tr>
        <tr>
          <td ID="vitals-desc-6">Laboratory Test, Performed: High Density Lipoprotein (HDL) (Code List: 2.16.840.1.113883.3.600.875)</td>
          <td ID="vitals-code-6">LOINC: 14646-4 SNOMED-CT: 17888004<br/><i></i></td>
          <td>August 3rd, 2010 04:00 - December 2nd, 2010 05:00</td>
           
              <td>
              </td>
        </tr>
        <tr>
          <td ID="vitals-desc-7">Laboratory Test, Performed: Triglycerides (Code List: 2.16.840.1.113883.3.600.883)</td>
          <td ID="vitals-code-7">CPT: 84478 LOINC: 12951-0 SNOMED-CT: 14740000<br/><i></i></td>
          <td>April 2nd, 2008 04:00 - September 4th, 2008 04:00</td>
           
              <td>
              </td>
        </tr>
        <tr>
          <td ID="vitals-desc-8">Laboratory Test, Result: High Density Lipoprotein (HDL) (Code List: 2.16.840.1.113883.3.600.875)</td>
          <td ID="vitals-code-8">LOINC: 14646-4 SNOMED-CT: 17888004<br/><i></i></td>
          <td>September 18th, 2008 04:00 - June 16th, 2012 04:00</td>
           
              <td>
	                40<br/>
              </td>
        </tr>
        <tr>
          <td ID="vitals-desc-9">Laboratory Test, Result: HDL-C Laboratory Test (Code List: 2.16.840.1.113883.3.464.0003.04.02.0012)</td>
          <td ID="vitals-code-9">LOINC: 2085-9<br/><i></i></td>
          <td>May 24th, 2005 04:00 - February 5th, 2009 05:00</td>
           
              <td>
	                60<br/>
              </td>
        </tr>
    </tbody>
  </table>
</text>
    <entry typeCode="DRIV">
      <organizer classCode="CLUSTER" moodCode="EVN">
        <templateId root="2.16.840.1.113883.10.20.22.4.26"/>
        <!-- Vital signs organizer template -->
        <id root="98934340-e0c0-012f-f752-406c8fb8a271"/>
        <code code="46680005" codeSystem="2.16.840.1.113883.6.96" displayName="Vital signs" codeSystemName="SNOMED CT"/>
        <statusCode code="completed"/>
        <effectiveTime value="19991114"/>
        <component>
          <observation classCode="OBS" moodCode="EVN">
            <templateId root="2.16.840.1.113883.10.20.22.4.27"/>
            <!-- Result observation template -->
            <id root="98934430-e0c0-012f-f752-406c8fb8a271"/>
            <code code="12773-8" codeSystem="2.16.840.1.113883.6.1" ><originalText>Laboratory Test, Performed: LDL Test (Code List: 2.16.840.1.113883.3.464.0003.98.02.0016)</originalText></code>
            <text>
              <reference value="vitals-desc-0"/>
            </text>
            <statusCode code="completed"/>
            <effectiveTime value='20030107050000'/>
              <value xsi:type="PQ" nullFlavor="UNK"/>
          </observation>
        </component>
        <component>
          <observation classCode="OBS" moodCode="EVN">
            <templateId root="2.16.840.1.113883.10.20.22.4.27"/>
            <!-- Result observation template -->
            <id root="98934a10-e0c0-012f-f752-406c8fb8a271"/>
            <code code="12773-8" codeSystem="2.16.840.1.113883.6.1" ><originalText>Laboratory Test, Performed: LDL Test (Code List: 2.16.840.1.113883.3.464.0003.98.02.0016)</originalText></code>
            <text>
              <reference value="vitals-desc-1"/>
            </text>
            <statusCode code="completed"/>
            <effectiveTime value='19960212050000'/>
              <value xsi:type="PQ" nullFlavor="UNK"/>
          </observation>
        </component>
        <component>
          <observation classCode="OBS" moodCode="EVN">
            <templateId root="2.16.840.1.113883.10.20.22.4.27"/>
            <!-- Result observation template -->
            <id root="98934f00-e0c0-012f-f752-406c8fb8a271"/>
            <code code="12773-8" codeSystem="2.16.840.1.113883.6.1" ><originalText>Laboratory Test, Result: LDL Code (Code List: 2.16.840.1.113883.3.600.872)</originalText><translation code="80061" codeSystem="2.16.840.1.113883.6.12"/>
<translation code="113079009" codeSystem="2.16.840.1.113883.6.96"/>
</code>
            <text>
              <reference value="vitals-desc-2"/>
            </text>
            <statusCode code="completed"/>
            <effectiveTime value='19991122050000'/>
                <value xsi:type="PQ" value="100" unit="mg/dL"/>
          </observation>
        </component>
        <component>
          <observation classCode="OBS" moodCode="EVN">
            <templateId root="2.16.840.1.113883.10.20.22.4.27"/>
            <!-- Result observation template -->
            <id root="989356a0-e0c0-012f-f752-406c8fb8a271"/>
            <code code="12951-0" codeSystem="2.16.840.1.113883.6.1" ><originalText>Laboratory Test, Result: Triglycerides (Code List: 2.16.840.1.113883.3.600.883)</originalText><translation code="84478" codeSystem="2.16.840.1.113883.6.12"/>
<translation code="14740000" codeSystem="2.16.840.1.113883.6.96"/>
</code>
            <text>
              <reference value="vitals-desc-3"/>
            </text>
            <statusCode code="completed"/>
            <effectiveTime value='20081004040000'/>
                <value xsi:type="PQ" value="400" unit="mg/dL"/>
          </observation>
        </component>
        <component>
          <observation classCode="OBS" moodCode="EVN">
            <templateId root="2.16.840.1.113883.10.20.22.4.27"/>
            <!-- Result observation template -->
            <id root="98935d20-e0c0-012f-f752-406c8fb8a271"/>
            <code code="12773-8" codeSystem="2.16.840.1.113883.6.1" ><originalText>Laboratory Test, Performed: LDL Test (Code List: 2.16.840.1.113883.3.464.0003.98.02.0016)</originalText></code>
            <text>
              <reference value="vitals-desc-4"/>
            </text>
            <statusCode code="completed"/>
            <effectiveTime value='20010616040000'/>
              <value xsi:type="PQ" nullFlavor="UNK"/>
          </observation>
        </component>
        <component>
          <observation classCode="OBS" moodCode="EVN">
            <templateId root="2.16.840.1.113883.10.20.22.4.27"/>
            <!-- Result observation template -->
            <id root="989361d0-e0c0-012f-f752-406c8fb8a271"/>
            <code code="14647-2" codeSystem="2.16.840.1.113883.6.1" ><originalText>Laboratory Test, Performed: Total Cholesterol (Code List: 2.16.840.1.113883.3.600.879)</originalText><translation code="82465" codeSystem="2.16.840.1.113883.6.12"/>
<translation code="77068002" codeSystem="2.16.840.1.113883.6.96"/>
</code>
            <text>
              <reference value="vitals-desc-5"/>
            </text>
            <statusCode code="completed"/>
            <effectiveTime value='19980101050000'/>
              <value xsi:type="PQ" nullFlavor="UNK"/>
          </observation>
        </component>
        <component>
          <observation classCode="OBS" moodCode="EVN">
            <templateId root="2.16.840.1.113883.10.20.22.4.27"/>
            <!-- Result observation template -->
            <id root="989367a0-e0c0-012f-f752-406c8fb8a271"/>
            <code code="14646-4" codeSystem="2.16.840.1.113883.6.1" ><originalText>Laboratory Test, Performed: High Density Lipoprotein (HDL) (Code List: 2.16.840.1.113883.3.600.875)</originalText><translation code="17888004" codeSystem="2.16.840.1.113883.6.96"/>
</code>
            <text>
              <reference value="vitals-desc-6"/>
            </text>
            <statusCode code="completed"/>
            <effectiveTime value='20100803040000'/>
              <value xsi:type="PQ" nullFlavor="UNK"/>
          </observation>
        </component>
        <component>
          <observation classCode="OBS" moodCode="EVN">
            <templateId root="2.16.840.1.113883.10.20.22.4.27"/>
            <!-- Result observation template -->
            <id root="98936cd0-e0c0-012f-f752-406c8fb8a271"/>
            <code code="12951-0" codeSystem="2.16.840.1.113883.6.1" ><originalText>Laboratory Test, Performed: Triglycerides (Code List: 2.16.840.1.113883.3.600.883)</originalText><translation code="84478" codeSystem="2.16.840.1.113883.6.12"/>
<translation code="14740000" codeSystem="2.16.840.1.113883.6.96"/>
</code>
            <text>
              <reference value="vitals-desc-7"/>
            </text>
            <statusCode code="completed"/>
            <effectiveTime value='20080402040000'/>
              <value xsi:type="PQ" nullFlavor="UNK"/>
          </observation>
        </component>
        <component>
          <observation classCode="OBS" moodCode="EVN">
            <templateId root="2.16.840.1.113883.10.20.22.4.27"/>
            <!-- Result observation template -->
            <id root="98937280-e0c0-012f-f752-406c8fb8a271"/>
            <code code="14646-4" codeSystem="2.16.840.1.113883.6.1" ><originalText>Laboratory Test, Result: High Density Lipoprotein (HDL) (Code List: 2.16.840.1.113883.3.600.875)</originalText><translation code="17888004" codeSystem="2.16.840.1.113883.6.96"/>
</code>
            <text>
              <reference value="vitals-desc-8"/>
            </text>
            <statusCode code="completed"/>
            <effectiveTime value='20080918040000'/>
                <value xsi:type="PQ" value="40" unit="mg/dL"/>
          </observation>
        </component>
        <component>
          <observation classCode="OBS" moodCode="EVN">
            <templateId root="2.16.840.1.113883.10.20.22.4.27"/>
            <!-- Result observation template -->
            <id root="989378b0-e0c0-012f-f752-406c8fb8a271"/>
            <code code="2085-9" codeSystem="2.16.840.1.113883.6.1" ><originalText>Laboratory Test, Result: HDL-C Laboratory Test (Code List: 2.16.840.1.113883.3.464.0003.04.02.0012)</originalText></code>
            <text>
              <reference value="vitals-desc-9"/>
            </text>
            <statusCode code="completed"/>
            <effectiveTime value='20050524040000'/>
                <value xsi:type="PQ" value="60" unit="mg/dL"/>
          </observation>
        </component>
      </organizer>
    </entry>
  </section>
</component>
    </structuredBody>
  </component>
</ClinicalDocument>