<?xml version="1.0" encoding="UTF-8"?>
<ClinicalDocument xmlns="urn:hl7-org:v3" xmlns:sdtc="urn:hl7-org:sdtc" xmlns:xsi="http://www.w3.org/2001/XMLSchema-instance" xsi:schemaLocation="urn:hl7-org:v3 http://xreg2.nist.gov:8080/hitspValidation/schema/cdar2c32/infrastructure/cda/C32_CDA.xsd">
  <realmCode code="US"/>
  <typeId root="2.16.840.1.113883.1.3" extension="POCD_HD000040"/>
  <templateId root="2.16.840.1.113883.10.20.22.1.1" />
  <templateId root='2.16.840.1.113883.10.20.22.1.2'/> 
  <id root="2.16.840.1.113883.3.72" extension="50536a6c709357c7fa0003e6" assigningAuthorityName="NIST Healthcare Project"/>
  <code code="34133-9" displayName="Summarization of episode note" codeSystem="2.16.840.1.113883.6.1" codeSystemName="LOINC"/>
  <title>Cypress C32 Patient Test Record: Rosemary Walton</title>
  <effectiveTime value="20120914173610"/>
  <confidentialityCode code="N"/>
  <languageCode code="en-US"/>
  <recordTarget>
    <patientRole>
      <id root="Cypress" extension="50536a6c709357c7fa0003e6"/>
      <addr use="HP">
        <streetAddressLine>202 Burlington Rd.</streetAddressLine>
        <city>Bedford</city>
        <state>MA</state>
        <postalCode>01730</postalCode>
      </addr>
      <telecom value="tel:+1-781-271-3000"/>
      <patient>
        <name>
          <given>Rosemary</given>
          <family>Walton</family>
        </name>
        <administrativeGenderCode code="F" codeSystem="2.16.840.1.113883.5.1" codeSystemName="HL7 AdministrativeGender"/>
        <birthTime value="20010524040000"/>
          <raceCode code=""  codeSystemName="CDC Race and Ethnicity" codeSystem="2.16.840.1.113883.6.238"/>
          <ethnicGroupCode code=""  codeSystemName="CDC Race and Ethnicity" codeSystem="2.16.840.1.113883.6.238"/>
          <languageCommunication>
            <languageCode code="en-US"/>
          </languageCommunication>
      </patient>
    </patientRole>
  </recordTarget>
  <author>
    <time value="20120914173610"/>
    <assignedAuthor>
      <id/>
      <addr/>
      <telecom value="tel:+1-781-271-3000"/>
      <assignedPerson>
        <name>Auto Generated</name>
      </assignedPerson>
    </assignedAuthor>
  </author>
  <custodian>
    <assignedCustodian>
      <representedCustodianOrganization>
        <id/>
        <name>Cypress</name>
        <telecom value="tel:+1-781-271-3000"/>
        <addr>
          <streetAddressLine>202 Burlington Rd.</streetAddressLine>
          <city>Bedford</city>
          <state>MA</state>
          <postalCode>01730</postalCode>
        </addr>
      </representedCustodianOrganization>
    </assignedCustodian>
  </custodian>
  <component>
    <structuredBody>
        
<component>
  <!--Allergies/Reactions-->
  <section>
    <templateId root="2.16.840.1.113883.10.20.22.2.6"/>
    <!--Allergies/Reactions section template-->
    <code code="48765-2" codeSystem="2.16.840.1.113883.6.1" codeSystemName="LOINC" displayName="Allergies"/>
    <title>Allergies and Adverse Reactions</title>
    <text>
  <table border="1" width="100%">
    <thead>
      <tr>
        <th>Description</th>
        <th>Codes</th>
        <th>Time</th>
        
      </tr>
    </thead>
    <tbody>
        <tr>
          <td ID="allergies-desc-0">Medication, Allergy: Beta Blocker Therapy (Code List: 2.16.840.1.113883.3.526.03.1174)</td>
          <td ID="allergies-code-0">RxNorm: 152916<br/><i></i></td>
          <td>May 24th, 1997 04:00 - March 21st, 2010 04:00</td>
           
        </tr>
    </tbody>
  </table>
</text>
    <entry typeCode="DRIV">
      <act classCode="ACT" moodCode="EVN">
        <templateId root="2.16.840.1.113883.10.20.22.4.30"/>
        <!--Allergy act template -->
        <id root="986f2840-e0c0-012f-f752-406c8fb8a271"/>
        <code nullFlavor="NA"/>
        <statusCode code="active"/>
        <effectiveTime>
          <low value='19970524040000'/>
        </effectiveTime>
        <entryRelationship typeCode="SUBJ" inversionInd="false">
          <observation classCode="OBS" moodCode="EVN">
            <templateId root="2.16.840.1.113883.10.20.22.4.7"/>
            <id root="986f2a70-e0c0-012f-f752-406c8fb8a271"/>
            <code code="416098002" codeSystem="2.16.840.1.113883.6.96" displayName="drug allergy" codeSystemName="SNOMED CT">
              <originalText><reference value="#allergies-desc-0"/></originalText>
            </code>
            <text>
              <reference value="#allergies-desc-0"/>
            </text>
            <statusCode code="completed"/>
            <effectiveTime>
              <low value='19970524040000'/>
            </effectiveTime>
            <value xsi:type="CD" nullFlavor="UNK"/>
            <participant typeCode="CSM">
              <participantRole classCode="MANU">
                <playingEntity classCode="MMAT">
                  <code code="152916" codeSystem="2.16.840.1.113883.6.88" displayName="Medication, Allergy: Beta Blocker Therapy (Code List: 2.16.840.1.113883.3.526.03.1174)">
  <originalText><reference value="#allergies-desc-0"/></originalText>
</code>

                  <name>Medication, Allergy: Beta Blocker Therapy (Code List: 2.16.840.1.113883.3.526.03.1174)</name>
                </playingEntity>
              </participantRole>
            </participant>
          </observation>
        </entryRelationship>
      </act>
    </entry>
  </section>
</component>

        <component>
  <!--Medications-->
  <section>
	<templateId root="2.16.840.1.113883.10.20.22.2.1" />
    <code code="10160-0" displayName="History of medication use" codeSystem="2.16.840.1.113883.6.1" codeSystemName="LOINC"/>
    <title>Medications</title>
    <text>
  <table border="1" width="100%">
    <thead>
      <tr>
        <th>Description</th>
        <th>Codes</th>
        <th>Time</th>
        
      </tr>
    </thead>
    <tbody>
        <tr>
          <td ID="medications-desc-0">Medication, Active: Beta Blocker Therapy for LVSD (Code List: 2.16.840.1.113883.3.526.03.1184)</td>
          <td ID="medications-code-0">RxNorm: 200031<br/><i></i></td>
          <td>June 19th, 2012 04:00 - September 9th, 2012 04:00</td>
           
        </tr>
        <tr>
          <td ID="medications-desc-1">Medication, Active: Beta Blocker Therapy for LVSD (Code List: 2.16.840.1.113883.3.526.03.1184)</td>
          <td ID="medications-code-1">RxNorm: 200031<br/><i></i></td>
          <td>December 20th, 1999 05:00 - June 26th, 2011 04:00</td>
           
        </tr>
        <tr>
          <td ID="medications-desc-2">Medication, Active: Beta Blocker Therapy for LVSD (Code List: 2.16.840.1.113883.3.526.03.1184)</td>
          <td ID="medications-code-2">RxNorm: 200031<br/><i></i></td>
          <td>March 9th, 2008 05:00 - August 21st, 2011 04:00</td>
           
        </tr>
        <tr>
          <td ID="medications-desc-3">Medication, Order: Beta Blocker Therapy for LVSD (Code List: 2.16.840.1.113883.3.526.03.1184)</td>
          <td ID="medications-code-3">RxNorm: 200031<br/><i></i></td>
          <td>January 4th, 2007 05:00 - September 12th, 2012 04:00</td>
           
        </tr>
        <tr>
          <td ID="medications-desc-4">Medication, Order: Beta Blocker Therapy for LVSD (Code List: 2.16.840.1.113883.3.526.03.1184)</td>
          <td ID="medications-code-4">RxNorm: 200031<br/><i></i></td>
          <td>August 3rd, 2006 04:00 - December 15th, 2007 05:00</td>
           
        </tr>
        <tr>
          <td ID="medications-desc-5">Medication, Order: Beta Blocker Therapy for LVSD (Code List: 2.16.840.1.113883.3.526.03.1184)</td>
          <td ID="medications-code-5">RxNorm: 200031<br/><i></i></td>
          <td>April 23rd, 2005 04:00 - August 3rd, 2005 04:00</td>
           
        </tr>
        <tr>
          <td ID="medications-desc-6">Medication, Order: Beta Blocker Therapy for LVSD (Code List: 2.16.840.1.113883.3.526.03.1184)</td>
          <td ID="medications-code-6">RxNorm: 200031<br/><i></i></td>
          <td>July 17th, 1995 04:00 - September 28th, 2009 04:00</td>
           
        </tr>
        <tr>
          <td ID="medications-desc-7">Beta Blocker Therapy for LVSD (Code List: 2.16.840.1.113883.3.526.03.1184)</td>
          <td ID="medications-code-7">RxNorm: 200031<br/><i></i></td>
          <td>May 3rd, 2003 04:00 - January 25th, 2009 05:00</td>
           
        </tr>
    </tbody>
  </table>
</text>
    <entry>
      <!--CCD Medication activity - Required-->
      <substanceAdministration classCode="SBADM" moodCode="EVN">
        <templateId root='2.16.840.1.113883.10.20.22.4.16'/>
        <id root="986f8560-e0c0-012f-f752-406c8fb8a271"/>
        <statusCode code="completed"/>
        <effectiveTime xsi:type="IVL_TS">
          <low value='20120619040000'/>
          <high nullFlavor="UNK"/>
        </effectiveTime>
        <consumable>
          <!--CCD Product - Required-->
          <manufacturedProduct classCode="MANU">
			    <templateId root='2.16.840.1.113883.10.20.22.4.23'/>
            <manufacturedMaterial>
              <code code="200031" codeSystem="2.16.840.1.113883.6.88" displayName="Medication, Active: Beta Blocker Therapy for LVSD (Code List: 2.16.840.1.113883.3.526.03.1184)">
  <originalText><reference value="#medications-desc-0"/></originalText>
</code>

              <name>Medication, Active: Beta Blocker Therapy for LVSD (Code List: 2.16.840.1.113883.3.526.03.1184)</name>
            </manufacturedMaterial>
          </manufacturedProduct>
        </consumable>
      </substanceAdministration>
    </entry>
    <entry>
      <!--CCD Medication activity - Required-->
      <substanceAdministration classCode="SBADM" moodCode="EVN">
        <templateId root='2.16.840.1.113883.10.20.22.4.16'/>
        <id root="986f9ca0-e0c0-012f-f752-406c8fb8a271"/>
        <statusCode code="completed"/>
        <effectiveTime xsi:type="IVL_TS">
          <low value='19991220050000'/>
          <high nullFlavor="UNK"/>
        </effectiveTime>
        <consumable>
          <!--CCD Product - Required-->
          <manufacturedProduct classCode="MANU">
			    <templateId root='2.16.840.1.113883.10.20.22.4.23'/>
            <manufacturedMaterial>
              <code code="200031" codeSystem="2.16.840.1.113883.6.88" displayName="Medication, Active: Beta Blocker Therapy for LVSD (Code List: 2.16.840.1.113883.3.526.03.1184)">
  <originalText><reference value="#medications-desc-1"/></originalText>
</code>

              <name>Medication, Active: Beta Blocker Therapy for LVSD (Code List: 2.16.840.1.113883.3.526.03.1184)</name>
            </manufacturedMaterial>
          </manufacturedProduct>
        </consumable>
      </substanceAdministration>
    </entry>
    <entry>
      <!--CCD Medication activity - Required-->
      <substanceAdministration classCode="SBADM" moodCode="EVN">
        <templateId root='2.16.840.1.113883.10.20.22.4.16'/>
        <id root="986fb3d0-e0c0-012f-f752-406c8fb8a271"/>
        <statusCode code="completed"/>
        <effectiveTime xsi:type="IVL_TS">
          <low value='20080309050000'/>
          <high nullFlavor="UNK"/>
        </effectiveTime>
        <consumable>
          <!--CCD Product - Required-->
          <manufacturedProduct classCode="MANU">
			    <templateId root='2.16.840.1.113883.10.20.22.4.23'/>
            <manufacturedMaterial>
              <code code="200031" codeSystem="2.16.840.1.113883.6.88" displayName="Medication, Active: Beta Blocker Therapy for LVSD (Code List: 2.16.840.1.113883.3.526.03.1184)">
  <originalText><reference value="#medications-desc-2"/></originalText>
</code>

              <name>Medication, Active: Beta Blocker Therapy for LVSD (Code List: 2.16.840.1.113883.3.526.03.1184)</name>
            </manufacturedMaterial>
          </manufacturedProduct>
        </consumable>
      </substanceAdministration>
    </entry>
    <entry>
      <!--CCD Medication activity - Required-->
      <substanceAdministration classCode="SBADM" moodCode="EVN">
        <templateId root='2.16.840.1.113883.10.20.22.4.16'/>
        <id root="986fcb90-e0c0-012f-f752-406c8fb8a271"/>
        <statusCode code="completed"/>
        <effectiveTime xsi:type="IVL_TS">
          <low value='20070104050000'/>
          <high nullFlavor="UNK"/>
        </effectiveTime>
        <consumable>
          <!--CCD Product - Required-->
          <manufacturedProduct classCode="MANU">
			    <templateId root='2.16.840.1.113883.10.20.22.4.23'/>
            <manufacturedMaterial>
              <code code="200031" codeSystem="2.16.840.1.113883.6.88" displayName="Medication, Order: Beta Blocker Therapy for LVSD (Code List: 2.16.840.1.113883.3.526.03.1184)">
  <originalText><reference value="#medications-desc-3"/></originalText>
</code>

              <name>Medication, Order: Beta Blocker Therapy for LVSD (Code List: 2.16.840.1.113883.3.526.03.1184)</name>
            </manufacturedMaterial>
          </manufacturedProduct>
        </consumable>
      </substanceAdministration>
    </entry>
    <entry>
      <!--CCD Medication activity - Required-->
      <substanceAdministration classCode="SBADM" moodCode="EVN">
        <templateId root='2.16.840.1.113883.10.20.22.4.16'/>
        <id root="986fe280-e0c0-012f-f752-406c8fb8a271"/>
        <statusCode code="completed"/>
        <effectiveTime xsi:type="IVL_TS">
          <low value='20060803040000'/>
          <high nullFlavor="UNK"/>
        </effectiveTime>
        <consumable>
          <!--CCD Product - Required-->
          <manufacturedProduct classCode="MANU">
			    <templateId root='2.16.840.1.113883.10.20.22.4.23'/>
            <manufacturedMaterial>
              <code code="200031" codeSystem="2.16.840.1.113883.6.88" displayName="Medication, Order: Beta Blocker Therapy for LVSD (Code List: 2.16.840.1.113883.3.526.03.1184)">
  <originalText><reference value="#medications-desc-4"/></originalText>
</code>

              <name>Medication, Order: Beta Blocker Therapy for LVSD (Code List: 2.16.840.1.113883.3.526.03.1184)</name>
            </manufacturedMaterial>
          </manufacturedProduct>
        </consumable>
      </substanceAdministration>
    </entry>
    <entry>
      <!--CCD Medication activity - Required-->
      <substanceAdministration classCode="SBADM" moodCode="EVN">
        <templateId root='2.16.840.1.113883.10.20.22.4.16'/>
        <id root="986ff950-e0c0-012f-f752-406c8fb8a271"/>
        <statusCode code="completed"/>
        <effectiveTime xsi:type="IVL_TS">
          <low value='20050423040000'/>
          <high nullFlavor="UNK"/>
        </effectiveTime>
        <consumable>
          <!--CCD Product - Required-->
          <manufacturedProduct classCode="MANU">
			    <templateId root='2.16.840.1.113883.10.20.22.4.23'/>
            <manufacturedMaterial>
              <code code="200031" codeSystem="2.16.840.1.113883.6.88" displayName="Medication, Order: Beta Blocker Therapy for LVSD (Code List: 2.16.840.1.113883.3.526.03.1184)">
  <originalText><reference value="#medications-desc-5"/></originalText>
</code>

              <name>Medication, Order: Beta Blocker Therapy for LVSD (Code List: 2.16.840.1.113883.3.526.03.1184)</name>
            </manufacturedMaterial>
          </manufacturedProduct>
        </consumable>
      </substanceAdministration>
    </entry>
    <entry>
      <!--CCD Medication activity - Required-->
      <substanceAdministration classCode="SBADM" moodCode="EVN">
        <templateId root='2.16.840.1.113883.10.20.22.4.16'/>
        <id root="98701020-e0c0-012f-f752-406c8fb8a271"/>
        <statusCode code="completed"/>
        <effectiveTime xsi:type="IVL_TS">
          <low value='19950717040000'/>
          <high nullFlavor="UNK"/>
        </effectiveTime>
        <consumable>
          <!--CCD Product - Required-->
          <manufacturedProduct classCode="MANU">
			    <templateId root='2.16.840.1.113883.10.20.22.4.23'/>
            <manufacturedMaterial>
              <code code="200031" codeSystem="2.16.840.1.113883.6.88" displayName="Medication, Order: Beta Blocker Therapy for LVSD (Code List: 2.16.840.1.113883.3.526.03.1184)">
  <originalText><reference value="#medications-desc-6"/></originalText>
</code>

              <name>Medication, Order: Beta Blocker Therapy for LVSD (Code List: 2.16.840.1.113883.3.526.03.1184)</name>
            </manufacturedMaterial>
          </manufacturedProduct>
        </consumable>
      </substanceAdministration>
    </entry>
    <entry>
      <!--CCD Medication activity - Required-->
      <substanceAdministration classCode="SBADM" moodCode="EVN">
        <templateId root='2.16.840.1.113883.10.20.22.4.16'/>
        <id root="98702710-e0c0-012f-f752-406c8fb8a271"/>
        <statusCode code="completed"/>
        <effectiveTime xsi:type="IVL_TS">
          <low value='20030503040000'/>
          <high nullFlavor="UNK"/>
        </effectiveTime>
        <consumable>
          <!--CCD Product - Required-->
          <manufacturedProduct classCode="MANU">
			    <templateId root='2.16.840.1.113883.10.20.22.4.23'/>
            <manufacturedMaterial>
              <code code="200031" codeSystem="2.16.840.1.113883.6.88" displayName="Beta Blocker Therapy for LVSD (Code List: 2.16.840.1.113883.3.526.03.1184)">
  <originalText><reference value="#medications-desc-7"/></originalText>
</code>

              <name>Beta Blocker Therapy for LVSD (Code List: 2.16.840.1.113883.3.526.03.1184)</name>
            </manufacturedMaterial>
          </manufacturedProduct>
        </consumable>
      </substanceAdministration>
    </entry>
  </section>
</component>
        <component>
  <!--Diagnostic Results-->
  <section>
    <templateId root="2.16.840.1.113883.10.20.22.2.3.1"/>
    <!--Diagnostic Results section template-->
    <code code="30954-2" codeSystem="2.16.840.1.113883.6.1" codeSystemName="LOINC" displayName="Results"/>
    <title>Diagnostic Results</title>
    <text>
  <table border="1" width="100%">
    <thead>
      <tr>
        <th>Description</th>
        <th>Codes</th>
        <th>Time</th>
        
          <th>Value</th>
      </tr>
    </thead>
    <tbody>
        <tr>
          <td ID="results-desc-0">Physical Exam, Finding: Heart Rate (Code List: 2.16.840.1.113883.3.526.03.1176)</td>
          <td ID="results-code-0">LOINC: 8867-4<br/><i></i></td>
          <td>February 16th, 2003 05:00 - October 17th, 2007 04:00</td>
           
              <td>
	                50<br/>
              </td>
        </tr>
        <tr>
          <td ID="results-desc-1">Diagnostic Study, Result: Ejection Fraction (Code List: 2.16.840.1.113883.3.526.03.1134)</td>
          <td ID="results-code-1">LOINC: 10230-1<br/><i></i></td>
          <td>June 11th, 2008 04:00 - July 1st, 2012 04:00</td>
           
              <td>
	                40<br/>
              </td>
        </tr>
    </tbody>
  </table>
</text>
    <entry typeCode="DRIV">
      <organizer classCode="BATTERY" moodCode="EVN">
        <templateId root="2.16.840.1.113883.10.20.22.4.1"/>
        <!--Result organizer template -->
        <id root="98708060-e0c0-012f-f752-406c8fb8a271"/>
        <code nullFlavor="NA"/>
        <statusCode code="completed"/>
        <effectiveTime value="20120914173610"/>
          <component>
           <observation classCode="OBS" moodCode="EVN">
            <templateId root="2.16.840.1.113883.10.20.22.4.2"/>
              <id root="98708200-e0c0-012f-f752-406c8fb8a271"/>
              <code nullFlavor="UNK">
                <originalText><reference value="Unknown"/></originalText>
              </code>
              <text>
                <reference value="Unknown"/>
              </text>
              <statusCode code="completed"/>
              <effectiveTime nullFlavor="UNK"/>
            </observation>
          </component>
        <component>
          <observation classCode="OBS" moodCode="EVN">
            <templateId root="2.16.840.1.113883.10.20.22.4.2"/>
            <!-- Result observation template -->
            <id root="98708300-e0c0-012f-f752-406c8fb8a271"/>
            <code code="8867-4" codeSystem="2.16.840.1.113883.6.1" ><originalText>Physical Exam, Finding: Heart Rate (Code List: 2.16.840.1.113883.3.526.03.1176)</originalText></code>
            <text>
              <reference value="#results-desc-0"/>
            </text>
            <statusCode code="completed"/>
            <effectiveTime value='20030216050000'/>
                <value xsi:type="PQ" value="50" unit="{H.B}/min"/>
          </observation>
        </component>
        <component>
          <observation classCode="OBS" moodCode="EVN">
            <templateId root="2.16.840.1.113883.10.20.22.4.2"/>
            <!-- Result observation template -->
            <id root="98708b40-e0c0-012f-f752-406c8fb8a271"/>
            <code code="10230-1" codeSystem="2.16.840.1.113883.6.1" ><originalText>Diagnostic Study, Result: Ejection Fraction (Code List: 2.16.840.1.113883.3.526.03.1134)</originalText></code>
            <text>
              <reference value="#results-desc-1"/>
            </text>
            <statusCode code="completed"/>
            <effectiveTime value='20080611040000'/>
                <value xsi:type="PQ" value="40" unit="%"/>
          </observation>
        </component>
      </organizer>
    </entry>
  </section>
</component>
        <component>
  <!--Problems-->
  <section>
    <templateId root="2.16.840.1.113883.10.20.22.2.5.1"/>
    <!--Problems section template-->
    <code code="11450-4" codeSystem="2.16.840.1.113883.6.1" codeSystemName="LOINC" displayName="Problem list"/>
    <title>Problems</title>
    <text>
  <table border="1" width="100%">
    <thead>
      <tr>
        <th>Description</th>
        <th>Codes</th>
        <th>Time</th>
          <th>Status</th>
        
      </tr>
    </thead>
    <tbody>
        <tr>
          <td ID="conditions-desc-0">Diagnosis, Active: Arrhythmia (Code List: 2.16.840.1.113883.3.526.03.366)</td>
          <td ID="conditions-code-0">ICD-9-CM: 427.9 ICD-10-CM: I49.8 SNOMED-CT: 184004<br/><i></i></td>
          <td>July 7th, 1999 04:00 - July 2nd, 2000 04:00</td>
            <td>active</td>
           
        </tr>
        <tr>
          <td ID="conditions-desc-1">Diagnosis, Active: Hypotension (Code List: 2.16.840.1.113883.3.526.03.370)</td>
          <td ID="conditions-code-1">ICD-9-CM: 458.0 ICD-10-CM: I95.0 SNOMED-CT: 45007003<br/><i></i></td>
          <td>June 7th, 2007 04:00 - July 27th, 2009 04:00</td>
            <td>active</td>
           
        </tr>
        <tr>
          <td ID="conditions-desc-2">Diagnosis, Active: Asthma (Code List: 2.16.840.1.113883.3.526.03.362)</td>
          <td ID="conditions-code-2">ICD-9-CM: 493.00 ICD-10-CM: J45.20 SNOMED-CT: 11641008<br/><i></i></td>
          <td>December 9th, 2011 05:00 - March 7th, 2012 05:00</td>
            <td>active</td>
           
        </tr>
        <tr>
          <td ID="conditions-desc-3">Diagnosis, Active: Allergy to Beta Blocker Therapy (Code List: 2.16.840.1.113883.3.526.03.1177)</td>
          <td ID="conditions-code-3">SNOMED-CT: 293962009<br/><i></i></td>
          <td>June 6th, 1996 04:00 - July 24th, 2009 04:00</td>
            <td>active</td>
           
        </tr>
        <tr>
          <td ID="conditions-desc-4">Diagnosis, Active: Intolerance to Beta Blocker Therapy (Code List: 2.16.840.1.113883.3.526.03.1178)</td>
          <td ID="conditions-code-4">SNOMED-CT: 292419005<br/><i></i></td>
          <td>March 27th, 2005 05:00 - May 25th, 2008 04:00</td>
            <td>active</td>
           
        </tr>
        <tr>
          <td ID="conditions-desc-5">Diagnosis, Active: Bradycardia (Code List: 2.16.840.1.113883.3.526.03.412)</td>
          <td ID="conditions-code-5">SNOMED-CT: 29894000 ICD-9-CM: 427.81 ICD-10-CM: I49.5<br/><i></i></td>
          <td>June 6th, 2005 04:00 - June 20th, 2010 04:00</td>
            <td>active</td>
           
        </tr>
        <tr>
          <td ID="conditions-desc-6">Diagnosis, Active: Atrioventricular Block (Code List: 2.16.840.1.113883.3.526.03.367)</td>
          <td ID="conditions-code-6">ICD-9-CM: 426.0 SNOMED-CT: 27885002 ICD-10-CM: I44.1<br/><i></i></td>
          <td>July 25th, 2004 04:00 - February 5th, 2006 05:00</td>
            <td>active</td>
           
        </tr>
        <tr>
          <td ID="conditions-desc-7">Diagnosis, Active: Cardiac Pacer in Situ (Code List: 2.16.840.1.113883.3.526.03.368)</td>
          <td ID="conditions-code-7">ICD-9-CM: V45.01 ICD-10-CM: Z95.0<br/><i></i></td>
          <td>March 19th, 2008 04:00 - March 30th, 2010 04:00</td>
            <td>active</td>
           
        </tr>
        <tr>
          <td ID="conditions-desc-8">Diagnosis, Active: Moderate or Severe LVSD (Code List: 2.16.840.1.113883.3.526.03.1090)</td>
          <td ID="conditions-code-8">SNOMED-CT: 981000124106<br/><i></i></td>
          <td>February 11th, 2002 05:00 - January 13th, 2011 05:00</td>
            <td>active</td>
           
        </tr>
        <tr>
          <td ID="conditions-desc-9">Diagnosis, Active: Left ventricular systolic dysfunction (Code List: 2.16.840.1.113883.3.526.03.1091)</td>
          <td ID="conditions-code-9">SNOMED-CT: 134401001<br/><i></i></td>
          <td>January 24th, 2008 05:00 - October 17th, 2011 04:00</td>
            <td>active</td>
           
        </tr>
        <tr>
          <td ID="conditions-desc-10">Diagnosis, Active: Heart Failure (Code List: 2.16.840.1.113883.3.526.03.376)</td>
          <td ID="conditions-code-10">ICD-9-CM: 402.01 ICD-10-CM: I11.0 SNOMED-CT: 364006<br/><i></i></td>
          <td>August 26th, 2001 04:00 - February 16th, 2009 05:00</td>
            <td>active</td>
           
        </tr>
    </tbody>
  </table>
</text>
    <entry typeCode="DRIV">
      <act classCode="ACT" moodCode="EVN">
        <templateId root="2.16.840.1.113883.10.20.22.4.3"/>
        <!-- Problem act template -->
        <id root="9870eb70-e0c0-012f-f752-406c8fb8a271"/>
        <code nullFlavor="NA"/>
        <statusCode code="active"/>
        <effectiveTime>
          <low value='19990707040000'/>
        </effectiveTime>
        <entryRelationship typeCode="SUBJ" inversionInd="false">
          <observation classCode="OBS" moodCode="EVN">
            <templateId root="2.16.840.1.113883.10.20.22.4.4"/>
            
            <!--Problem observation template - NOT episode template-->
            <id root="9870ee00-e0c0-012f-f752-406c8fb8a271"/>
            <code code="64572001" displayName="Condition" codeSystem="2.16.840.1.113883.6.96" codeSystemName="SNOMED-CT"/>
            <text>
              <reference value="#conditions-desc-0"/>
            </text>
            <statusCode code="completed"/>
            <effectiveTime>
              <low value='19990707040000'/>
            </effectiveTime>
            <value code="184004" codeSystem="2.16.840.1.113883.6.96" xsi:type="CD"><originalText>Diagnosis, Active: Arrhythmia (Code List: 2.16.840.1.113883.3.526.03.366)</originalText><translation code="427.9" codeSystem="2.16.840.1.113883.6.104"/>
<translation code="I49.8" codeSystem="2.16.840.1.113883.6.90"/>
</value>
            <entryRelationship typeCode="REFR">
              <observation classCode="OBS" moodCode="EVN">
                <templateId root="2.16.840.1.113883.10.20.22.4.6"/>
                <!-- Problem status observation template -->
                <code code="33999-4" codeSystem="2.16.840.1.113883.6.1" displayName="Status"/>
                <statusCode code="completed"/>
                <value xsi:type="CE" code="55561003" codeSystem="2.16.840.1.113883.6.96"/>
              </observation>
            </entryRelationship>
          </observation>
        </entryRelationship>
      </act>
    </entry>
    <entry typeCode="DRIV">
      <act classCode="ACT" moodCode="EVN">
        <templateId root="2.16.840.1.113883.10.20.22.4.3"/>
        <!-- Problem act template -->
        <id root="9870f510-e0c0-012f-f752-406c8fb8a271"/>
        <code nullFlavor="NA"/>
        <statusCode code="active"/>
        <effectiveTime>
          <low value='20070607040000'/>
        </effectiveTime>
        <entryRelationship typeCode="SUBJ" inversionInd="false">
          <observation classCode="OBS" moodCode="EVN">
            <templateId root="2.16.840.1.113883.10.20.22.4.4"/>
            
            <!--Problem observation template - NOT episode template-->
            <id root="9870f700-e0c0-012f-f752-406c8fb8a271"/>
            <code code="64572001" displayName="Condition" codeSystem="2.16.840.1.113883.6.96" codeSystemName="SNOMED-CT"/>
            <text>
              <reference value="#conditions-desc-1"/>
            </text>
            <statusCode code="completed"/>
            <effectiveTime>
              <low value='20070607040000'/>
            </effectiveTime>
            <value code="45007003" codeSystem="2.16.840.1.113883.6.96" xsi:type="CD"><originalText>Diagnosis, Active: Hypotension (Code List: 2.16.840.1.113883.3.526.03.370)</originalText><translation code="458.0" codeSystem="2.16.840.1.113883.6.104"/>
<translation code="I95.0" codeSystem="2.16.840.1.113883.6.90"/>
</value>
            <entryRelationship typeCode="REFR">
              <observation classCode="OBS" moodCode="EVN">
                <templateId root="2.16.840.1.113883.10.20.22.4.6"/>
                <!-- Problem status observation template -->
                <code code="33999-4" codeSystem="2.16.840.1.113883.6.1" displayName="Status"/>
                <statusCode code="completed"/>
                <value xsi:type="CE" code="55561003" codeSystem="2.16.840.1.113883.6.96"/>
              </observation>
            </entryRelationship>
          </observation>
        </entryRelationship>
      </act>
    </entry>
    <entry typeCode="DRIV">
      <act classCode="ACT" moodCode="EVN">
        <templateId root="2.16.840.1.113883.10.20.22.4.3"/>
        <!-- Problem act template -->
        <id root="9870fcc0-e0c0-012f-f752-406c8fb8a271"/>
        <code nullFlavor="NA"/>
        <statusCode code="active"/>
        <effectiveTime>
          <low value='20111209050000'/>
        </effectiveTime>
        <entryRelationship typeCode="SUBJ" inversionInd="false">
          <observation classCode="OBS" moodCode="EVN">
            <templateId root="2.16.840.1.113883.10.20.22.4.4"/>
            
            <!--Problem observation template - NOT episode template-->
            <id root="9870fe90-e0c0-012f-f752-406c8fb8a271"/>
            <code code="64572001" displayName="Condition" codeSystem="2.16.840.1.113883.6.96" codeSystemName="SNOMED-CT"/>
            <text>
              <reference value="#conditions-desc-2"/>
            </text>
            <statusCode code="completed"/>
            <effectiveTime>
              <low value='20111209050000'/>
            </effectiveTime>
            <value code="11641008" codeSystem="2.16.840.1.113883.6.96" xsi:type="CD"><originalText>Diagnosis, Active: Asthma (Code List: 2.16.840.1.113883.3.526.03.362)</originalText><translation code="493.00" codeSystem="2.16.840.1.113883.6.104"/>
<translation code="J45.20" codeSystem="2.16.840.1.113883.6.90"/>
</value>
            <entryRelationship typeCode="REFR">
              <observation classCode="OBS" moodCode="EVN">
                <templateId root="2.16.840.1.113883.10.20.22.4.6"/>
                <!-- Problem status observation template -->
                <code code="33999-4" codeSystem="2.16.840.1.113883.6.1" displayName="Status"/>
                <statusCode code="completed"/>
                <value xsi:type="CE" code="55561003" codeSystem="2.16.840.1.113883.6.96"/>
              </observation>
            </entryRelationship>
          </observation>
        </entryRelationship>
      </act>
    </entry>
    <entry typeCode="DRIV">
      <act classCode="ACT" moodCode="EVN">
        <templateId root="2.16.840.1.113883.10.20.22.4.3"/>
        <!-- Problem act template -->
        <id root="98710420-e0c0-012f-f752-406c8fb8a271"/>
        <code nullFlavor="NA"/>
        <statusCode code="active"/>
        <effectiveTime>
          <low value='19960606040000'/>
        </effectiveTime>
        <entryRelationship typeCode="SUBJ" inversionInd="false">
          <observation classCode="OBS" moodCode="EVN">
            <templateId root="2.16.840.1.113883.10.20.22.4.4"/>
            
            <!--Problem observation template - NOT episode template-->
            <id root="987105f0-e0c0-012f-f752-406c8fb8a271"/>
            <code code="64572001" displayName="Condition" codeSystem="2.16.840.1.113883.6.96" codeSystemName="SNOMED-CT"/>
            <text>
              <reference value="#conditions-desc-3"/>
            </text>
            <statusCode code="completed"/>
            <effectiveTime>
              <low value='19960606040000'/>
            </effectiveTime>
            <value code="293962009" codeSystem="2.16.840.1.113883.6.96" xsi:type="CD"><originalText>Diagnosis, Active: Allergy to Beta Blocker Therapy (Code List: 2.16.840.1.113883.3.526.03.1177)</originalText></value>
            <entryRelationship typeCode="REFR">
              <observation classCode="OBS" moodCode="EVN">
                <templateId root="2.16.840.1.113883.10.20.22.4.6"/>
                <!-- Problem status observation template -->
                <code code="33999-4" codeSystem="2.16.840.1.113883.6.1" displayName="Status"/>
                <statusCode code="completed"/>
                <value xsi:type="CE" code="55561003" codeSystem="2.16.840.1.113883.6.96"/>
              </observation>
            </entryRelationship>
          </observation>
        </entryRelationship>
      </act>
    </entry>
    <entry typeCode="DRIV">
      <act classCode="ACT" moodCode="EVN">
        <templateId root="2.16.840.1.113883.10.20.22.4.3"/>
        <!-- Problem act template -->
        <id root="98710ac0-e0c0-012f-f752-406c8fb8a271"/>
        <code nullFlavor="NA"/>
        <statusCode code="active"/>
        <effectiveTime>
          <low value='20050327050000'/>
        </effectiveTime>
        <entryRelationship typeCode="SUBJ" inversionInd="false">
          <observation classCode="OBS" moodCode="EVN">
            <templateId root="2.16.840.1.113883.10.20.22.4.4"/>
            
            <!--Problem observation template - NOT episode template-->
            <id root="98710c80-e0c0-012f-f752-406c8fb8a271"/>
            <code code="64572001" displayName="Condition" codeSystem="2.16.840.1.113883.6.96" codeSystemName="SNOMED-CT"/>
            <text>
              <reference value="#conditions-desc-4"/>
            </text>
            <statusCode code="completed"/>
            <effectiveTime>
              <low value='20050327050000'/>
            </effectiveTime>
            <value code="292419005" codeSystem="2.16.840.1.113883.6.96" xsi:type="CD"><originalText>Diagnosis, Active: Intolerance to Beta Blocker Therapy (Code List: 2.16.840.1.113883.3.526.03.1178)</originalText></value>
            <entryRelationship typeCode="REFR">
              <observation classCode="OBS" moodCode="EVN">
                <templateId root="2.16.840.1.113883.10.20.22.4.6"/>
                <!-- Problem status observation template -->
                <code code="33999-4" codeSystem="2.16.840.1.113883.6.1" displayName="Status"/>
                <statusCode code="completed"/>
                <value xsi:type="CE" code="55561003" codeSystem="2.16.840.1.113883.6.96"/>
              </observation>
            </entryRelationship>
          </observation>
        </entryRelationship>
      </act>
    </entry>
    <entry typeCode="DRIV">
      <act classCode="ACT" moodCode="EVN">
        <templateId root="2.16.840.1.113883.10.20.22.4.3"/>
        <!-- Problem act template -->
        <id root="98711180-e0c0-012f-f752-406c8fb8a271"/>
        <code nullFlavor="NA"/>
        <statusCode code="active"/>
        <effectiveTime>
          <low value='20050606040000'/>
        </effectiveTime>
        <entryRelationship typeCode="SUBJ" inversionInd="false">
          <observation classCode="OBS" moodCode="EVN">
            <templateId root="2.16.840.1.113883.10.20.22.4.4"/>
            
            <!--Problem observation template - NOT episode template-->
            <id root="98711340-e0c0-012f-f752-406c8fb8a271"/>
            <code code="64572001" displayName="Condition" codeSystem="2.16.840.1.113883.6.96" codeSystemName="SNOMED-CT"/>
            <text>
              <reference value="#conditions-desc-5"/>
            </text>
            <statusCode code="completed"/>
            <effectiveTime>
              <low value='20050606040000'/>
            </effectiveTime>
            <value code="29894000" codeSystem="2.16.840.1.113883.6.96" xsi:type="CD"><originalText>Diagnosis, Active: Bradycardia (Code List: 2.16.840.1.113883.3.526.03.412)</originalText><translation code="427.81" codeSystem="2.16.840.1.113883.6.104"/>
<translation code="I49.5" codeSystem="2.16.840.1.113883.6.90"/>
</value>
            <entryRelationship typeCode="REFR">
              <observation classCode="OBS" moodCode="EVN">
                <templateId root="2.16.840.1.113883.10.20.22.4.6"/>
                <!-- Problem status observation template -->
                <code code="33999-4" codeSystem="2.16.840.1.113883.6.1" displayName="Status"/>
                <statusCode code="completed"/>
                <value xsi:type="CE" code="55561003" codeSystem="2.16.840.1.113883.6.96"/>
              </observation>
            </entryRelationship>
          </observation>
        </entryRelationship>
      </act>
    </entry>
    <entry typeCode="DRIV">
      <act classCode="ACT" moodCode="EVN">
        <templateId root="2.16.840.1.113883.10.20.22.4.3"/>
        <!-- Problem act template -->
        <id root="98711900-e0c0-012f-f752-406c8fb8a271"/>
        <code nullFlavor="NA"/>
        <statusCode code="active"/>
        <effectiveTime>
          <low value='20040725040000'/>
        </effectiveTime>
        <entryRelationship typeCode="SUBJ" inversionInd="false">
          <observation classCode="OBS" moodCode="EVN">
            <templateId root="2.16.840.1.113883.10.20.22.4.4"/>
            
            <!--Problem observation template - NOT episode template-->
            <id root="98711ac0-e0c0-012f-f752-406c8fb8a271"/>
            <code code="64572001" displayName="Condition" codeSystem="2.16.840.1.113883.6.96" codeSystemName="SNOMED-CT"/>
            <text>
              <reference value="#conditions-desc-6"/>
            </text>
            <statusCode code="completed"/>
            <effectiveTime>
              <low value='20040725040000'/>
            </effectiveTime>
            <value code="27885002" codeSystem="2.16.840.1.113883.6.96" xsi:type="CD"><originalText>Diagnosis, Active: Atrioventricular Block (Code List: 2.16.840.1.113883.3.526.03.367)</originalText><translation code="426.0" codeSystem="2.16.840.1.113883.6.104"/>
<translation code="I44.1" codeSystem="2.16.840.1.113883.6.90"/>
</value>
            <entryRelationship typeCode="REFR">
              <observation classCode="OBS" moodCode="EVN">
                <templateId root="2.16.840.1.113883.10.20.22.4.6"/>
                <!-- Problem status observation template -->
                <code code="33999-4" codeSystem="2.16.840.1.113883.6.1" displayName="Status"/>
                <statusCode code="completed"/>
                <value xsi:type="CE" code="55561003" codeSystem="2.16.840.1.113883.6.96"/>
              </observation>
            </entryRelationship>
          </observation>
        </entryRelationship>
      </act>
    </entry>
    <entry typeCode="DRIV">
      <act classCode="ACT" moodCode="EVN">
        <templateId root="2.16.840.1.113883.10.20.22.4.3"/>
        <!-- Problem act template -->
        <id root="98712080-e0c0-012f-f752-406c8fb8a271"/>
        <code nullFlavor="NA"/>
        <statusCode code="active"/>
        <effectiveTime>
          <low value='20080319040000'/>
        </effectiveTime>
        <entryRelationship typeCode="SUBJ" inversionInd="false">
          <observation classCode="OBS" moodCode="EVN">
            <templateId root="2.16.840.1.113883.10.20.22.4.4"/>
            
            <!--Problem observation template - NOT episode template-->
            <id root="98712260-e0c0-012f-f752-406c8fb8a271"/>
            <code code="64572001" displayName="Condition" codeSystem="2.16.840.1.113883.6.96" codeSystemName="SNOMED-CT"/>
            <text>
              <reference value="#conditions-desc-7"/>
            </text>
            <statusCode code="completed"/>
            <effectiveTime>
              <low value='20080319040000'/>
            </effectiveTime>
            <value nullFlavor="UNK" xsi:type="CD"><originalText>Diagnosis, Active: Cardiac Pacer in Situ (Code List: 2.16.840.1.113883.3.526.03.368)</originalText><translation code="V45.01" codeSystem="2.16.840.1.113883.6.104"/>
<translation code="Z95.0" codeSystem="2.16.840.1.113883.6.90"/>
</value>
            <entryRelationship typeCode="REFR">
              <observation classCode="OBS" moodCode="EVN">
                <templateId root="2.16.840.1.113883.10.20.22.4.6"/>
                <!-- Problem status observation template -->
                <code code="33999-4" codeSystem="2.16.840.1.113883.6.1" displayName="Status"/>
                <statusCode code="completed"/>
                <value xsi:type="CE" code="55561003" codeSystem="2.16.840.1.113883.6.96"/>
              </observation>
            </entryRelationship>
          </observation>
        </entryRelationship>
      </act>
    </entry>
    <entry typeCode="DRIV">
      <act classCode="ACT" moodCode="EVN">
        <templateId root="2.16.840.1.113883.10.20.22.4.3"/>
        <!-- Problem act template -->
        <id root="987127a0-e0c0-012f-f752-406c8fb8a271"/>
        <code nullFlavor="NA"/>
        <statusCode code="active"/>
        <effectiveTime>
          <low value='20020211050000'/>
        </effectiveTime>
        <entryRelationship typeCode="SUBJ" inversionInd="false">
          <observation classCode="OBS" moodCode="EVN">
            <templateId root="2.16.840.1.113883.10.20.22.4.4"/>
            
            <!--Problem observation template - NOT episode template-->
            <id root="98712970-e0c0-012f-f752-406c8fb8a271"/>
            <code code="64572001" displayName="Condition" codeSystem="2.16.840.1.113883.6.96" codeSystemName="SNOMED-CT"/>
            <text>
              <reference value="#conditions-desc-8"/>
            </text>
            <statusCode code="completed"/>
            <effectiveTime>
              <low value='20020211050000'/>
            </effectiveTime>
            <value code="981000124106" codeSystem="2.16.840.1.113883.6.96" xsi:type="CD"><originalText>Diagnosis, Active: Moderate or Severe LVSD (Code List: 2.16.840.1.113883.3.526.03.1090)</originalText></value>
            <entryRelationship typeCode="REFR">
              <observation classCode="OBS" moodCode="EVN">
                <templateId root="2.16.840.1.113883.10.20.22.4.6"/>
                <!-- Problem status observation template -->
                <code code="33999-4" codeSystem="2.16.840.1.113883.6.1" displayName="Status"/>
                <statusCode code="completed"/>
                <value xsi:type="CE" code="55561003" codeSystem="2.16.840.1.113883.6.96"/>
              </observation>
            </entryRelationship>
          </observation>
        </entryRelationship>
      </act>
    </entry>
    <entry typeCode="DRIV">
      <act classCode="ACT" moodCode="EVN">
        <templateId root="2.16.840.1.113883.10.20.22.4.3"/>
        <!-- Problem act template -->
        <id root="98712ec0-e0c0-012f-f752-406c8fb8a271"/>
        <code nullFlavor="NA"/>
        <statusCode code="active"/>
        <effectiveTime>
          <low value='20080124050000'/>
        </effectiveTime>
        <entryRelationship typeCode="SUBJ" inversionInd="false">
          <observation classCode="OBS" moodCode="EVN">
            <templateId root="2.16.840.1.113883.10.20.22.4.4"/>
            
            <!--Problem observation template - NOT episode template-->
            <id root="987130a0-e0c0-012f-f752-406c8fb8a271"/>
            <code code="64572001" displayName="Condition" codeSystem="2.16.840.1.113883.6.96" codeSystemName="SNOMED-CT"/>
            <text>
              <reference value="#conditions-desc-9"/>
            </text>
            <statusCode code="completed"/>
            <effectiveTime>
              <low value='20080124050000'/>
            </effectiveTime>
            <value code="134401001" codeSystem="2.16.840.1.113883.6.96" xsi:type="CD"><originalText>Diagnosis, Active: Left ventricular systolic dysfunction (Code List: 2.16.840.1.113883.3.526.03.1091)</originalText></value>
            <entryRelationship typeCode="REFR">
              <observation classCode="OBS" moodCode="EVN">
                <templateId root="2.16.840.1.113883.10.20.22.4.6"/>
                <!-- Problem status observation template -->
                <code code="33999-4" codeSystem="2.16.840.1.113883.6.1" displayName="Status"/>
                <statusCode code="completed"/>
                <value xsi:type="CE" code="55561003" codeSystem="2.16.840.1.113883.6.96"/>
              </observation>
            </entryRelationship>
          </observation>
        </entryRelationship>
      </act>
    </entry>
    <entry typeCode="DRIV">
      <act classCode="ACT" moodCode="EVN">
        <templateId root="2.16.840.1.113883.10.20.22.4.3"/>
        <!-- Problem act template -->
        <id root="98713580-e0c0-012f-f752-406c8fb8a271"/>
        <code nullFlavor="NA"/>
        <statusCode code="active"/>
        <effectiveTime>
          <low value='20010826040000'/>
        </effectiveTime>
        <entryRelationship typeCode="SUBJ" inversionInd="false">
          <observation classCode="OBS" moodCode="EVN">
            <templateId root="2.16.840.1.113883.10.20.22.4.4"/>
            
            <!--Problem observation template - NOT episode template-->
            <id root="98713750-e0c0-012f-f752-406c8fb8a271"/>
            <code code="64572001" displayName="Condition" codeSystem="2.16.840.1.113883.6.96" codeSystemName="SNOMED-CT"/>
            <text>
              <reference value="#conditions-desc-10"/>
            </text>
            <statusCode code="completed"/>
            <effectiveTime>
              <low value='20010826040000'/>
            </effectiveTime>
            <value code="364006" codeSystem="2.16.840.1.113883.6.96" xsi:type="CD"><originalText>Diagnosis, Active: Heart Failure (Code List: 2.16.840.1.113883.3.526.03.376)</originalText><translation code="402.01" codeSystem="2.16.840.1.113883.6.104"/>
<translation code="I11.0" codeSystem="2.16.840.1.113883.6.90"/>
</value>
            <entryRelationship typeCode="REFR">
              <observation classCode="OBS" moodCode="EVN">
                <templateId root="2.16.840.1.113883.10.20.22.4.6"/>
                <!-- Problem status observation template -->
                <code code="33999-4" codeSystem="2.16.840.1.113883.6.1" displayName="Status"/>
                <statusCode code="completed"/>
                <value xsi:type="CE" code="55561003" codeSystem="2.16.840.1.113883.6.96"/>
              </observation>
            </entryRelationship>
          </observation>
        </entryRelationship>
      </act>
    </entry>
  </section>
</component>

        
        <component>
  <!--Encounters-->
  <section>
    <templateId root="2.16.840.1.113883.10.20.22.2.22" /> <!-- CCDA Template id -->
    <!--Encounters section template-->
    <code code="46240-8" codeSystem="2.16.840.1.113883.6.1" codeSystemName="LOINC" displayName="History of encounters"/>
    <title>Encounters</title>
    <text>
  <table border="1" width="100%">
    <thead>
      <tr>
        <th>Description</th>
        <th>Codes</th>
        <th>Time</th>
        
      </tr>
    </thead>
    <tbody>
        <tr>
          <td ID="encounters-desc-0">Care Services in Long-Term Residential Facility (Code List: 2.16.840.1.113883.3.464.0003.01.02.0014)</td>
          <td ID="encounters-code-0">CPT: 99324<br/><i></i></td>
          <td>February 27th, 2007 05:00 - August 21st, 2009 04:00</td>
           
        </tr>
        <tr>
          <td ID="encounters-desc-1">Discharge Services - Hospital Inpatient (Code List: 2.16.840.1.113883.3.464.0003.01.02.0007)</td>
          <td ID="encounters-code-1">CPT: 99238<br/><i></i></td>
          <td>February 5th, 2009 05:00 - September 25th, 2011 04:00</td>
           
        </tr>
        <tr>
          <td ID="encounters-desc-2">Face-to-Face Interaction (Code List: 2.16.840.1.113883.3.464.0003.01.02.0048)</td>
          <td ID="encounters-code-2">SNOMED-CT: 4525004<br/><i></i></td>
          <td>December 15th, 2000 05:00 - October 30th, 2008 04:00</td>
           
        </tr>
        <tr>
          <td ID="encounters-desc-3">Home Healthcare Services (Code List: 2.16.840.1.113883.3.464.0003.01.02.0016)</td>
          <td ID="encounters-code-3">CPT: 99341<br/><i></i></td>
          <td>June 10th, 1998 04:00 - December 26th, 2002 05:00</td>
           
        </tr>
        <tr>
          <td ID="encounters-desc-4">Nursing Facility Visit (Code List: 2.16.840.1.113883.3.464.0003.01.02.0012)</td>
          <td ID="encounters-code-4">CPT: 99304<br/><i></i></td>
          <td>May 24th, 2011 04:00 - January 9th, 2012 05:00</td>
           
        </tr>
        <tr>
          <td ID="encounters-desc-5">Outpatient Consultation (Code List: 2.16.840.1.113883.3.464.0003.01.02.0008)</td>
          <td ID="encounters-code-5">CPT: 99241<br/><i></i></td>
          <td>September 23rd, 2008 04:00 - April 29th, 2009 04:00</td>
           
        </tr>
        <tr>
          <td ID="encounters-desc-6">Office Visit (Code List: 2.16.840.1.113883.3.464.0003.01.02.0001)</td>
          <td ID="encounters-code-6">CPT: 99201<br/><i></i></td>
          <td>July 27th, 1996 04:00 - April 17th, 2011 04:00</td>
           
        </tr>
        <tr>
          <td ID="encounters-desc-7">Encounter, Performed: Patient Provider Interaction (Code List: 2.16.840.1.113883.3.526.03.1012)</td>
          <td ID="encounters-code-7">SNOMED-CT: 4525004<br/><i></i></td>
          <td>January 27th, 2012 05:00 - March 14th, 2012 04:00</td>
           
        </tr>
    </tbody>
  </table>
</text>
    <entry typeCode="DRIV">
      <encounter classCode="ENC" moodCode="EVN">
		    <templateId root="2.16.840.1.113883.10.20.22.4.49"/>
        <!-- Encounter activity template -->
        <id root="98718690-e0c0-012f-f752-406c8fb8a271"/>
        <code code="99324" codeSystem="2.16.840.1.113883.6.12" displayName="Care Services in Long-Term Residential Facility (Code List: 2.16.840.1.113883.3.464.0003.01.02.0014)">
  <originalText><reference value="#encounters-desc-0"/></originalText>
</code>

        <text>
          <reference value="#encounters-desc-0"/>
        </text>
        <effectiveTime value='20070227050000'/>
      </encounter>
    </entry>
    <entry typeCode="DRIV">
      <encounter classCode="ENC" moodCode="EVN">
		    <templateId root="2.16.840.1.113883.10.20.22.4.49"/>
        <!-- Encounter activity template -->
        <id root="98719dd0-e0c0-012f-f752-406c8fb8a271"/>
        <code code="99238" codeSystem="2.16.840.1.113883.6.12" displayName="Discharge Services - Hospital Inpatient (Code List: 2.16.840.1.113883.3.464.0003.01.02.0007)">
  <originalText><reference value="#encounters-desc-1"/></originalText>
</code>

        <text>
          <reference value="#encounters-desc-1"/>
        </text>
        <effectiveTime value='20090205050000'/>
      </encounter>
    </entry>
    <entry typeCode="DRIV">
      <encounter classCode="ENC" moodCode="EVN">
		    <templateId root="2.16.840.1.113883.10.20.22.4.49"/>
        <!-- Encounter activity template -->
        <id root="9871b4d0-e0c0-012f-f752-406c8fb8a271"/>
        <code nullFlavor="UNK">
  <originalText><reference value="#encounters-desc-2"/></originalText>
  <translation code="4525004" codeSystem="2.16.840.1.113883.6.96" />
</code>

        <text>
          <reference value="#encounters-desc-2"/>
        </text>
        <effectiveTime value='20001215050000'/>
      </encounter>
    </entry>
    <entry typeCode="DRIV">
      <encounter classCode="ENC" moodCode="EVN">
		    <templateId root="2.16.840.1.113883.10.20.22.4.49"/>
        <!-- Encounter activity template -->
        <id root="9871caa0-e0c0-012f-f752-406c8fb8a271"/>
        <code code="99341" codeSystem="2.16.840.1.113883.6.12" displayName="Home Healthcare Services (Code List: 2.16.840.1.113883.3.464.0003.01.02.0016)">
  <originalText><reference value="#encounters-desc-3"/></originalText>
</code>

        <text>
          <reference value="#encounters-desc-3"/>
        </text>
        <effectiveTime value='19980610040000'/>
      </encounter>
    </entry>
    <entry typeCode="DRIV">
      <encounter classCode="ENC" moodCode="EVN">
		    <templateId root="2.16.840.1.113883.10.20.22.4.49"/>
        <!-- Encounter activity template -->
        <id root="9871e0e0-e0c0-012f-f752-406c8fb8a271"/>
        <code code="99304" codeSystem="2.16.840.1.113883.6.12" displayName="Nursing Facility Visit (Code List: 2.16.840.1.113883.3.464.0003.01.02.0012)">
  <originalText><reference value="#encounters-desc-4"/></originalText>
</code>

        <text>
          <reference value="#encounters-desc-4"/>
        </text>
        <effectiveTime value='20110524040000'/>
      </encounter>
    </entry>
    <entry typeCode="DRIV">
      <encounter classCode="ENC" moodCode="EVN">
		    <templateId root="2.16.840.1.113883.10.20.22.4.49"/>
        <!-- Encounter activity template -->
        <id root="9871f720-e0c0-012f-f752-406c8fb8a271"/>
        <code code="99241" codeSystem="2.16.840.1.113883.6.12" displayName="Outpatient Consultation (Code List: 2.16.840.1.113883.3.464.0003.01.02.0008)">
  <originalText><reference value="#encounters-desc-5"/></originalText>
</code>

        <text>
          <reference value="#encounters-desc-5"/>
        </text>
        <effectiveTime value='20080923040000'/>
      </encounter>
    </entry>
    <entry typeCode="DRIV">
      <encounter classCode="ENC" moodCode="EVN">
		    <templateId root="2.16.840.1.113883.10.20.22.4.49"/>
        <!-- Encounter activity template -->
        <id root="98720e10-e0c0-012f-f752-406c8fb8a271"/>
        <code code="99201" codeSystem="2.16.840.1.113883.6.12" displayName="Office Visit (Code List: 2.16.840.1.113883.3.464.0003.01.02.0001)">
  <originalText><reference value="#encounters-desc-6"/></originalText>
</code>

        <text>
          <reference value="#encounters-desc-6"/>
        </text>
        <effectiveTime value='19960727040000'/>
      </encounter>
    </entry>
    <entry typeCode="DRIV">
      <encounter classCode="ENC" moodCode="EVN">
		    <templateId root="2.16.840.1.113883.10.20.22.4.49"/>
        <!-- Encounter activity template -->
        <id root="98722460-e0c0-012f-f752-406c8fb8a271"/>
        <code nullFlavor="UNK">
  <originalText><reference value="#encounters-desc-7"/></originalText>
  <translation code="4525004" codeSystem="2.16.840.1.113883.6.96" />
</code>

        <text>
          <reference value="#encounters-desc-7"/>
        </text>
        <effectiveTime value='20120127050000'/>
      </encounter>
    </entry>
  </section>
</component>
        <component>
  <!--Medical Equipment - Not C32-->
  <section>
    <templateId root="2.16.840.1.113883.10.20.22.2.23" />
    <!-- Medical equipment section template -->
    <code code="46264-8" codeSystem="2.16.840.1.113883.6.1"/>
    <title>Medical Equipment</title>
    <text>
  <table border="1" width="100%">
    <thead>
      <tr>
        <th>Description</th>
        <th>Codes</th>
        <th>Time</th>
        
      </tr>
    </thead>
    <tbody>
        <tr>
          <td ID="medical_equipment-desc-0">Device, Applied: Cardiac Pacer (Code List: 2.16.840.1.113883.3.526.03.1193)</td>
          <td ID="medical_equipment-code-0">SNOMED-CT: 14106009<br/><i></i></td>
          <td>May 31st, 2003 04:00 - May 5th, 2007 04:00</td>
           
        </tr>
    </tbody>
  </table>
</text>
    <entry typeCode="DRIV">
      <supply classCode="SPLY" moodCode="EVN">
        <templateId root="2.16.840.1.113883.10.20.22.4.50"/>
        <!-- Supply activity template -->
        <id root="98727010-e0c0-012f-f752-406c8fb8a271"/>
        <statusCode code="completed"/>
        <effectiveTime value='20030531040000'/>
        <participant typeCode="DEV">
          <participantRole classCode="MANU">
            <templateId root="2.16.840.1.113883.10.20.22.4.37"/>
            <!-- Product instance template -->
            <addr/>
            <telecom/>
            <playingDevice>
              <code nullFlavor="UNK" ><originalText>Device, Applied: Cardiac Pacer (Code List: 2.16.840.1.113883.3.526.03.1193)</originalText><translation code="14106009" codeSystem="2.16.840.1.113883.6.96"/>
</code>
            </playingDevice>
          </participantRole>
        </participant>
      </supply>
    </entry>
  </section>
</component>
    </structuredBody>
  </component>
</ClinicalDocument>