<?xml version="1.0" encoding="UTF-8"?>
<ClinicalDocument xmlns="urn:hl7-org:v3" xmlns:sdtc="urn:hl7-org:sdtc" xmlns:xsi="http://www.w3.org/2001/XMLSchema-instance" xsi:schemaLocation="urn:hl7-org:v3 http://xreg2.nist.gov:8080/hitspValidation/schema/cdar2c32/infrastructure/cda/C32_CDA.xsd">
  <realmCode code="US"/>
  <typeId root="2.16.840.1.113883.1.3" extension="POCD_HD000040"/>
  <templateId root="2.16.840.1.113883.10.20.22.1.1" />
  <templateId root='2.16.840.1.113883.10.20.22.1.2'/> 
  <id root="2.16.840.1.113883.3.72" extension="50536a6b709357c7fa000132" assigningAuthorityName="NIST Healthcare Project"/>
  <code code="34133-9" displayName="Summarization of episode note" codeSystem="2.16.840.1.113883.6.1" codeSystemName="LOINC"/>
  <title>Cypress C32 Patient Test Record: Sue Terry</title>
  <effectiveTime value="20120914173606"/>
  <confidentialityCode code="N"/>
  <languageCode code="en-US"/>
  <recordTarget>
    <patientRole>
      <id root="Cypress" extension="50536a6b709357c7fa000132"/>
      <addr use="HP">
        <streetAddressLine>202 Burlington Rd.</streetAddressLine>
        <city>Bedford</city>
        <state>MA</state>
        <postalCode>01730</postalCode>
      </addr>
      <telecom value="tel:+1-781-271-3000"/>
      <patient>
        <name>
          <given>Sue</given>
          <family>Terry</family>
        </name>
        <administrativeGenderCode code="F" codeSystem="2.16.840.1.113883.5.1" codeSystemName="HL7 AdministrativeGender"/>
        <birthTime value="20080313040000"/>
          <raceCode code=""  codeSystemName="CDC Race and Ethnicity" codeSystem="2.16.840.1.113883.6.238"/>
          <ethnicGroupCode code=""  codeSystemName="CDC Race and Ethnicity" codeSystem="2.16.840.1.113883.6.238"/>
          <languageCommunication>
            <languageCode code="en-US"/>
          </languageCommunication>
      </patient>
    </patientRole>
  </recordTarget>
  <author>
    <time value="20120914173606"/>
    <assignedAuthor>
      <id/>
      <addr/>
      <telecom value="tel:+1-781-271-3000"/>
      <assignedPerson>
        <name>Auto Generated</name>
      </assignedPerson>
    </assignedAuthor>
  </author>
  <custodian>
    <assignedCustodian>
      <representedCustodianOrganization>
        <id/>
        <name>Cypress</name>
        <telecom value="tel:+1-781-271-3000"/>
        <addr>
          <streetAddressLine>202 Burlington Rd.</streetAddressLine>
          <city>Bedford</city>
          <state>MA</state>
          <postalCode>01730</postalCode>
        </addr>
      </representedCustodianOrganization>
    </assignedCustodian>
  </custodian>
  <component>
    <structuredBody>
        <component>
          <!-- Allergies: patient has no allergies -->
            <section>
             <templateId root="2.16.840.1.113883.10.20.22.2.6"/>
              <code code="11450-4" codeSystem="2.16.840.1.113883.6.1" codeSystemName="LOINC" displayName="Problem List"/>
              <title>Allergies and Adverse Reactions</title>                
               <text>
                <table border="1" width="100%">
                  <thead>
                    <tr>
                      <th>Description</th>                      
                      <th>Code</th>                      
                      <th>Time</th>
                    </tr>
                  </thead>
                  <tbody>
                    <tr ID="noallergies_summary">                                           
                      <td ID="noallergies">No Known allergies</td>
                      <td>160244002</td>                                         
                      <td>20120914173606</td>
                    </tr>                   
                 </tbody>
               </table>                             
             </text>
             <entry typeCode="DRIV">
              <act classCode="ACT" moodCode="EVN">
                <templateId root="2.16.840.1.113883.10.20.22.4.30"/>
                <id root="f6fd6f86-4265-4dcb-95cf-7799100b54ad"/>
                <code nullFlavor="NA"/>
                  <statusCode code="active"/>
                    <effectiveTime>
                      <low nullFlavor="NA"/>
                    </effectiveTime>					
                <entryRelationship typeCode="SUBJ" inversionInd="false">
                  <observation classCode="OBS" moodCode="EVN">
                    <templateId root="2.16.840.1.113883.10.20.22.4.7"/>
                    <id root="2b37be6b-9b1c-4069-bbca-1caf5fe1937d"/>
                    <code code="420134006" codeSystem="2.16.840.1.113883.6.96" displayName="Propensity to adverse reactions (disorder)" codeSystemName="SNOMED CT"/>
                    <statusCode code="completed"/>
                    <effectiveTime>
                      <low nullFlavor="UNK"/>
                    </effectiveTime>
                    <value xsi:type="CD" code="160244002" codeSystem="2.16.840.1.113883.6.96" displayName="No Known allergies" codeSystemName="SNOMED CT">
                      <originalText>
                        <reference value="#noallergies"/>
                      </originalText>
                    </value>
                  </observation>
              </entryRelationship>
            </act>
          </entry>
        </section>
      </component>

        <component>
  <!--Medications-->
  <section>
	<templateId root="2.16.840.1.113883.10.20.22.2.1" />
    <code code="10160-0" displayName="History of medication use" codeSystem="2.16.840.1.113883.6.1" codeSystemName="LOINC"/>
    <title>Medications</title>
    <text>
  <table border="1" width="100%">
    <thead>
      <tr>
        <th>Description</th>
        <th>Codes</th>
        <th>Time</th>
        
      </tr>
    </thead>
    <tbody>
        <tr>
          <td ID="medications-desc-0">Medication, Active: Tobacco Use Cessation Pharmacotherapy (Code List: 2.16.840.1.113883.3.526.03.1190)</td>
          <td ID="medications-code-0">RxNorm: 151226<br/><i></i></td>
          <td>May 24th, 2004 04:00 - May 22nd, 2012 04:00</td>
           
        </tr>
        <tr>
          <td ID="medications-desc-1">Medication, Order: Tobacco Use Cessation Pharmacotherapy (Code List: 2.16.840.1.113883.3.526.03.1190)</td>
          <td ID="medications-code-1">RxNorm: 151226<br/><i></i></td>
          <td>May 19th, 2006 04:00 - July 16th, 2007 04:00</td>
           
        </tr>
        <tr>
          <td ID="medications-desc-2">Medication, Active: Tobacco Use Cessation Pharmacotherapy (Code List: 2.16.840.1.113883.3.526.03.1190)</td>
          <td ID="medications-code-2">RxNorm: 151226<br/><i></i></td>
          <td>October 28th, 2003 05:00 - June 4th, 2007 04:00</td>
           
        </tr>
        <tr>
          <td ID="medications-desc-3">Medication, Order: Tobacco Use Cessation Pharmacotherapy (Code List: 2.16.840.1.113883.3.526.03.1190)</td>
          <td ID="medications-code-3">RxNorm: 151226<br/><i></i></td>
          <td>September 4th, 1995 04:00 - July 18th, 2002 04:00</td>
           
        </tr>
    </tbody>
  </table>
</text>
    <entry>
      <!--CCD Medication activity - Required-->
      <substanceAdministration classCode="SBADM" moodCode="EVN">
        <templateId root='2.16.840.1.113883.10.20.22.4.16'/>
        <id root="96019bd0-e0c0-012f-f752-406c8fb8a271"/>
        <statusCode code="completed"/>
        <effectiveTime xsi:type="IVL_TS">
          <low value='20040524040000'/>
          <high nullFlavor="UNK"/>
        </effectiveTime>
        <consumable>
          <!--CCD Product - Required-->
          <manufacturedProduct classCode="MANU">
			    <templateId root='2.16.840.1.113883.10.20.22.4.23'/>
            <manufacturedMaterial>
              <code code="151226" codeSystem="2.16.840.1.113883.6.88" displayName="Medication, Active: Tobacco Use Cessation Pharmacotherapy (Code List: 2.16.840.1.113883.3.526.03.1190)">
  <originalText><reference value="#medications-desc-0"/></originalText>
</code>

              <name>Medication, Active: Tobacco Use Cessation Pharmacotherapy (Code List: 2.16.840.1.113883.3.526.03.1190)</name>
            </manufacturedMaterial>
          </manufacturedProduct>
        </consumable>
      </substanceAdministration>
    </entry>
    <entry>
      <!--CCD Medication activity - Required-->
      <substanceAdministration classCode="SBADM" moodCode="EVN">
        <templateId root='2.16.840.1.113883.10.20.22.4.16'/>
        <id root="9601b270-e0c0-012f-f752-406c8fb8a271"/>
        <statusCode code="completed"/>
        <effectiveTime xsi:type="IVL_TS">
          <low value='20060519040000'/>
          <high nullFlavor="UNK"/>
        </effectiveTime>
        <consumable>
          <!--CCD Product - Required-->
          <manufacturedProduct classCode="MANU">
			    <templateId root='2.16.840.1.113883.10.20.22.4.23'/>
            <manufacturedMaterial>
              <code code="151226" codeSystem="2.16.840.1.113883.6.88" displayName="Medication, Order: Tobacco Use Cessation Pharmacotherapy (Code List: 2.16.840.1.113883.3.526.03.1190)">
  <originalText><reference value="#medications-desc-1"/></originalText>
</code>

              <name>Medication, Order: Tobacco Use Cessation Pharmacotherapy (Code List: 2.16.840.1.113883.3.526.03.1190)</name>
            </manufacturedMaterial>
          </manufacturedProduct>
        </consumable>
      </substanceAdministration>
    </entry>
    <entry>
      <!--CCD Medication activity - Required-->
      <substanceAdministration classCode="SBADM" moodCode="EVN">
        <templateId root='2.16.840.1.113883.10.20.22.4.16'/>
        <id root="9601d330-e0c0-012f-f752-406c8fb8a271"/>
        <statusCode code="completed"/>
        <effectiveTime xsi:type="IVL_TS">
          <low value='20031028050000'/>
          <high nullFlavor="UNK"/>
        </effectiveTime>
        <consumable>
          <!--CCD Product - Required-->
          <manufacturedProduct classCode="MANU">
			    <templateId root='2.16.840.1.113883.10.20.22.4.23'/>
            <manufacturedMaterial>
              <code code="151226" codeSystem="2.16.840.1.113883.6.88" displayName="Medication, Active: Tobacco Use Cessation Pharmacotherapy (Code List: 2.16.840.1.113883.3.526.03.1190)">
  <originalText><reference value="#medications-desc-2"/></originalText>
</code>

              <name>Medication, Active: Tobacco Use Cessation Pharmacotherapy (Code List: 2.16.840.1.113883.3.526.03.1190)</name>
            </manufacturedMaterial>
          </manufacturedProduct>
        </consumable>
      </substanceAdministration>
    </entry>
    <entry>
      <!--CCD Medication activity - Required-->
      <substanceAdministration classCode="SBADM" moodCode="EVN">
        <templateId root='2.16.840.1.113883.10.20.22.4.16'/>
        <id root="9601ea00-e0c0-012f-f752-406c8fb8a271"/>
        <statusCode code="completed"/>
        <effectiveTime xsi:type="IVL_TS">
          <low value='19950904040000'/>
          <high nullFlavor="UNK"/>
        </effectiveTime>
        <consumable>
          <!--CCD Product - Required-->
          <manufacturedProduct classCode="MANU">
			    <templateId root='2.16.840.1.113883.10.20.22.4.23'/>
            <manufacturedMaterial>
              <code code="151226" codeSystem="2.16.840.1.113883.6.88" displayName="Medication, Order: Tobacco Use Cessation Pharmacotherapy (Code List: 2.16.840.1.113883.3.526.03.1190)">
  <originalText><reference value="#medications-desc-3"/></originalText>
</code>

              <name>Medication, Order: Tobacco Use Cessation Pharmacotherapy (Code List: 2.16.840.1.113883.3.526.03.1190)</name>
            </manufacturedMaterial>
          </manufacturedProduct>
        </consumable>
      </substanceAdministration>
    </entry>
  </section>
</component>
        
        <component>
  <!--Problems-->
  <section>
    <templateId root="2.16.840.1.113883.10.20.22.2.5.1"/>
    <!--Problems section template-->
    <code code="11450-4" codeSystem="2.16.840.1.113883.6.1" codeSystemName="LOINC" displayName="Problem list"/>
    <title>Problems</title>
    <text>
  <table border="1" width="100%">
    <thead>
      <tr>
        <th>Description</th>
        <th>Codes</th>
        <th>Time</th>
          <th>Status</th>
        
      </tr>
    </thead>
    <tbody>
        <tr>
          <td ID="conditions-desc-0">Diagnosis, Active: Limited Life Expectancy (Code List: 2.16.840.1.113883.3.526.03.1259)</td>
          <td ID="conditions-code-0">SNOMED-CT: 27143004<br/><i></i></td>
          <td>June 1st, 2010 04:00 - September 12th, 2011 04:00</td>
            <td>active</td>
           
        </tr>
    </tbody>
  </table>
</text>
    <entry typeCode="DRIV">
      <act classCode="ACT" moodCode="EVN">
        <templateId root="2.16.840.1.113883.10.20.22.4.3"/>
        <!-- Problem act template -->
        <id root="96023f10-e0c0-012f-f752-406c8fb8a271"/>
        <code nullFlavor="NA"/>
        <statusCode code="active"/>
        <effectiveTime>
          <low value='20100601040000'/>
        </effectiveTime>
        <entryRelationship typeCode="SUBJ" inversionInd="false">
          <observation classCode="OBS" moodCode="EVN">
            <templateId root="2.16.840.1.113883.10.20.22.4.4"/>
            
            <!--Problem observation template - NOT episode template-->
            <id root="960241a0-e0c0-012f-f752-406c8fb8a271"/>
            <code code="64572001" displayName="Condition" codeSystem="2.16.840.1.113883.6.96" codeSystemName="SNOMED-CT"/>
            <text>
              <reference value="#conditions-desc-0"/>
            </text>
            <statusCode code="completed"/>
            <effectiveTime>
              <low value='20100601040000'/>
            </effectiveTime>
            <value code="27143004" codeSystem="2.16.840.1.113883.6.96" xsi:type="CD"><originalText>Diagnosis, Active: Limited Life Expectancy (Code List: 2.16.840.1.113883.3.526.03.1259)</originalText></value>
            <entryRelationship typeCode="REFR">
              <observation classCode="OBS" moodCode="EVN">
                <templateId root="2.16.840.1.113883.10.20.22.4.6"/>
                <!-- Problem status observation template -->
                <code code="33999-4" codeSystem="2.16.840.1.113883.6.1" displayName="Status"/>
                <statusCode code="completed"/>
                <value xsi:type="CE" code="55561003" codeSystem="2.16.840.1.113883.6.96"/>
              </observation>
            </entryRelationship>
          </observation>
        </entryRelationship>
      </act>
    </entry>
  </section>
</component>

        <component>
  <!--Surgeries-->
  <section>
    <templateId root="2.16.840.1.113883.10.20.22.2.7"/>
    <!--Surgeries section template-->
    <code code="47519-4" codeSystem="2.16.840.1.113883.6.1" codeSystemName="LOINC" displayName="List of surgeries"/>
    <title>Surgeries</title>
    <text>
  <table border="1" width="100%">
    <thead>
      <tr>
        <th>Description</th>
        <th>Codes</th>
        <th>Time</th>
        
      </tr>
    </thead>
    <tbody>
        <tr>
          <td ID="procedures-desc-0">Intervention, Performed: Tobacco Use Screening (Code List: 2.16.840.1.113883.3.526.03.1278)</td>
          <td ID="procedures-code-0">LOINC: 11366-2<br/><i></i></td>
          <td>November 21st, 2003 05:00 - August 16th, 2004 04:00</td>
           
        </tr>
        <tr>
          <td ID="procedures-desc-1">Intervention, Performed: Tobacco Use Cessation Counseling (Code List: 2.16.840.1.113883.3.526.03.509)</td>
          <td ID="procedures-code-1">CPT: 99406 SNOMED-CT: 171055003<br/><i></i></td>
          <td>August 21st, 2004 04:00 - March 14th, 2009 04:00</td>
           
        </tr>
        <tr>
          <td ID="procedures-desc-2">Intervention, Performed: Tobacco Use Cessation Counseling (Code List: 2.16.840.1.113883.3.526.03.509)</td>
          <td ID="procedures-code-2">CPT: 99406 SNOMED-CT: 171055003<br/><i></i></td>
          <td>February 10th, 2011 05:00 - July 26th, 2011 04:00</td>
           
        </tr>
    </tbody>
  </table>
</text>
    <entry typeCode="DRIV">
      <procedure classCode="PROC" moodCode="EVN">
        <templateId root="2.16.840.1.113883.10.20.22.4.14"/>
        <!-- Procedure activity template -->
        <id root="96027d30-e0c0-012f-f752-406c8fb8a271"/>
        <code nullFlavor="UNK">
  <originalText><reference value="#procedures-desc-0"/></originalText>
  <translation code="11366-2" codeSystem="2.16.840.1.113883.6.1" />
</code>

        <text>
          <reference value="#procedures-desc-0"/>
        </text>
        <statusCode code="completed"/>
        <effectiveTime value='20031121050000'/>
      </procedure>
    </entry>
    <entry typeCode="DRIV">
      <procedure classCode="PROC" moodCode="EVN">
        <templateId root="2.16.840.1.113883.10.20.22.4.14"/>
        <!-- Procedure activity template -->
        <id root="96029330-e0c0-012f-f752-406c8fb8a271"/>
        <code code="99406" codeSystem="2.16.840.1.113883.6.12" displayName="Intervention, Performed: Tobacco Use Cessation Counseling (Code List: 2.16.840.1.113883.3.526.03.509)">
  <originalText><reference value="#procedures-desc-1"/></originalText>
  <translation code="171055003" codeSystem="2.16.840.1.113883.6.96" />
</code>

        <text>
          <reference value="#procedures-desc-1"/>
        </text>
        <statusCode code="completed"/>
        <effectiveTime value='20040821040000'/>
      </procedure>
    </entry>
    <entry typeCode="DRIV">
      <procedure classCode="PROC" moodCode="EVN">
        <templateId root="2.16.840.1.113883.10.20.22.4.14"/>
        <!-- Procedure activity template -->
        <id root="9602aa50-e0c0-012f-f752-406c8fb8a271"/>
        <code code="99406" codeSystem="2.16.840.1.113883.6.12" displayName="Intervention, Performed: Tobacco Use Cessation Counseling (Code List: 2.16.840.1.113883.3.526.03.509)">
  <originalText><reference value="#procedures-desc-2"/></originalText>
  <translation code="171055003" codeSystem="2.16.840.1.113883.6.96" />
</code>

        <text>
          <reference value="#procedures-desc-2"/>
        </text>
        <statusCode code="completed"/>
        <effectiveTime value='20110210050000'/>
      </procedure>
    </entry>
  </section>
</component>
        <component>
  <!--Encounters-->
  <section>
    <templateId root="2.16.840.1.113883.10.20.22.2.22" /> <!-- CCDA Template id -->
    <!--Encounters section template-->
    <code code="46240-8" codeSystem="2.16.840.1.113883.6.1" codeSystemName="LOINC" displayName="History of encounters"/>
    <title>Encounters</title>
    <text>
  <table border="1" width="100%">
    <thead>
      <tr>
        <th>Description</th>
        <th>Codes</th>
        <th>Time</th>
        
      </tr>
    </thead>
    <tbody>
        <tr>
          <td ID="encounters-desc-0">Encounter, Performed: Psych Visit - Medication Management (Code List: 2.16.840.1.113883.3.526.03.1019)</td>
          <td ID="encounters-code-0">CPT: 90862<br/><i></i></td>
          <td>October 19th, 2008 04:00 - August 23rd, 2010 04:00</td>
           
        </tr>
        <tr>
          <td ID="encounters-desc-1">Encounter, Performed: Health and Behavioral Assessment - Initial (Code List: 2.16.840.1.113883.3.526.03.1245)</td>
          <td ID="encounters-code-1">CPT: 96150<br/><i></i></td>
          <td>February 26th, 2009 05:00 - April 18th, 2012 04:00</td>
           
        </tr>
        <tr>
          <td ID="encounters-desc-2">Encounter, Performed: Health &amp; Behavioral Assessment - Individual (Code List: 2.16.840.1.113883.3.526.03.1020)</td>
          <td ID="encounters-code-2">CPT: 96152<br/><i></i></td>
          <td>April 7th, 2010 04:00 - December 2nd, 2011 05:00</td>
           
        </tr>
        <tr>
          <td ID="encounters-desc-3">Encounter, Performed: Occupational Therapy Evaluation (Code List: 2.16.840.1.113883.3.526.03.1011)</td>
          <td ID="encounters-code-3">CPT: 97003<br/><i></i></td>
          <td>June 16th, 2012 04:00 - August 15th, 2012 04:00</td>
           
        </tr>
        <tr>
          <td ID="encounters-desc-4">Encounter, Performed: Office Visit (Code List: 2.16.840.1.113883.3.464.0003.01.02.0001)</td>
          <td ID="encounters-code-4">CPT: 99201<br/><i></i></td>
          <td>July 13th, 2008 04:00 - July 29th, 2010 04:00</td>
           
        </tr>
        <tr>
          <td ID="encounters-desc-5">Encounter, Performed: Psych Visit - Diagnostic or Evaluative Interview (Code List: 2.16.840.1.113883.3.526.03.1013)</td>
          <td ID="encounters-code-5">CPT: 90801<br/><i></i></td>
          <td>October 19th, 2010 04:00 - August 27th, 2012 04:00</td>
           
        </tr>
        <tr>
          <td ID="encounters-desc-6">Encounter, Performed: Psych Visit - Individual Outpatient Psychotherapy (Code List: 2.16.840.1.113883.3.526.03.1014)</td>
          <td ID="encounters-code-6">CPT: 90804<br/><i></i></td>
          <td>May 18th, 2009 04:00 - September 14th, 2012 04:00</td>
           
        </tr>
        <tr>
          <td ID="encounters-desc-7">Encounter, Performed: Psych Visit - Individual Outpatient Interactive Psychotherapy (Code List: 2.16.840.1.113883.3.526.03.1015)</td>
          <td ID="encounters-code-7">CPT: 90810<br/><i></i></td>
          <td>February 28th, 2009 05:00 - April 23rd, 2010 04:00</td>
           
        </tr>
        <tr>
          <td ID="encounters-desc-8">Encounter, Performed: Psychoanalysis (Code List: 2.16.840.1.113883.3.526.03.1141)</td>
          <td ID="encounters-code-8">CPT: 90845<br/><i></i></td>
          <td>October 18th, 2008 04:00 - July 19th, 2011 04:00</td>
           
        </tr>
        <tr>
          <td ID="encounters-desc-9">Encounter, Performed: Preventive Care Services - Group Counseling (Code List: 2.16.840.1.113883.3.464.0003.01.02.0027)</td>
          <td ID="encounters-code-9">CPT: 99411<br/><i></i></td>
          <td>April 15th, 2011 04:00 - May 28th, 2011 04:00</td>
           
        </tr>
        <tr>
          <td ID="encounters-desc-10">Encounter, Performed: Preventive Care Services - Other (Code List: 2.16.840.1.113883.3.464.0003.01.02.0030)</td>
          <td ID="encounters-code-10">CPT: 99420<br/><i></i></td>
          <td>September 14th, 2009 04:00 - June 3rd, 2012 04:00</td>
           
        </tr>
        <tr>
          <td ID="encounters-desc-11">Encounter, Performed: Preventive Care Services-Initial Office Visit, 18 and Up (Code List: 2.16.840.1.113883.3.464.0003.01.02.0023)</td>
          <td ID="encounters-code-11">CPT: 99385<br/><i></i></td>
          <td>May 20th, 2011 04:00 - October 9th, 2011 04:00</td>
           
        </tr>
        <tr>
          <td ID="encounters-desc-12">Encounter, Performed: Preventive Care Services - Established Office Visit, 18 and Up (Code List: 2.16.840.1.113883.3.464.0003.01.02.0025)</td>
          <td ID="encounters-code-12">CPT: 99395<br/><i></i></td>
          <td>February 24th, 2009 05:00 - May 13th, 2012 04:00</td>
           
        </tr>
        <tr>
          <td ID="encounters-desc-13">Encounter, Performed: Preventive Care Services-Individual Counseling (Code List: 2.16.840.1.113883.3.464.0003.01.02.0026)</td>
          <td ID="encounters-code-13">CPT: 99401<br/><i></i></td>
          <td>January 27th, 2009 05:00 - April 22nd, 2011 04:00</td>
           
        </tr>
        <tr>
          <td ID="encounters-desc-14">Encounter, Performed: Face-to-Face Interaction (Code List: 2.16.840.1.113883.3.464.0003.01.02.0048)</td>
          <td ID="encounters-code-14">SNOMED-CT: 4525004<br/><i></i></td>
          <td>March 8th, 2010 05:00 - March 3rd, 2011 05:00</td>
           
        </tr>
    </tbody>
  </table>
</text>
    <entry typeCode="DRIV">
      <encounter classCode="ENC" moodCode="EVN">
		    <templateId root="2.16.840.1.113883.10.20.22.4.49"/>
        <!-- Encounter activity template -->
        <id root="96031740-e0c0-012f-f752-406c8fb8a271"/>
        <code code="90862" codeSystem="2.16.840.1.113883.6.12" displayName="Encounter, Performed: Psych Visit - Medication Management (Code List: 2.16.840.1.113883.3.526.03.1019)">
  <originalText><reference value="#encounters-desc-0"/></originalText>
</code>

        <text>
          <reference value="#encounters-desc-0"/>
        </text>
        <effectiveTime value='20081019040000'/>
      </encounter>
    </entry>
    <entry typeCode="DRIV">
      <encounter classCode="ENC" moodCode="EVN">
		    <templateId root="2.16.840.1.113883.10.20.22.4.49"/>
        <!-- Encounter activity template -->
        <id root="96032db0-e0c0-012f-f752-406c8fb8a271"/>
        <code code="96150" codeSystem="2.16.840.1.113883.6.12" displayName="Encounter, Performed: Health and Behavioral Assessment - Initial (Code List: 2.16.840.1.113883.3.526.03.1245)">
  <originalText><reference value="#encounters-desc-1"/></originalText>
</code>

        <text>
          <reference value="#encounters-desc-1"/>
        </text>
        <effectiveTime value='20090226050000'/>
      </encounter>
    </entry>
    <entry typeCode="DRIV">
      <encounter classCode="ENC" moodCode="EVN">
		    <templateId root="2.16.840.1.113883.10.20.22.4.49"/>
        <!-- Encounter activity template -->
        <id root="96034440-e0c0-012f-f752-406c8fb8a271"/>
        <code code="96152" codeSystem="2.16.840.1.113883.6.12" displayName="Encounter, Performed: Health &amp; Behavioral Assessment - Individual (Code List: 2.16.840.1.113883.3.526.03.1020)">
  <originalText><reference value="#encounters-desc-2"/></originalText>
</code>

        <text>
          <reference value="#encounters-desc-2"/>
        </text>
        <effectiveTime value='20100407040000'/>
      </encounter>
    </entry>
    <entry typeCode="DRIV">
      <encounter classCode="ENC" moodCode="EVN">
		    <templateId root="2.16.840.1.113883.10.20.22.4.49"/>
        <!-- Encounter activity template -->
        <id root="96035b20-e0c0-012f-f752-406c8fb8a271"/>
        <code code="97003" codeSystem="2.16.840.1.113883.6.12" displayName="Encounter, Performed: Occupational Therapy Evaluation (Code List: 2.16.840.1.113883.3.526.03.1011)">
  <originalText><reference value="#encounters-desc-3"/></originalText>
</code>

        <text>
          <reference value="#encounters-desc-3"/>
        </text>
        <effectiveTime value='20120616040000'/>
      </encounter>
    </entry>
    <entry typeCode="DRIV">
      <encounter classCode="ENC" moodCode="EVN">
		    <templateId root="2.16.840.1.113883.10.20.22.4.49"/>
        <!-- Encounter activity template -->
        <id root="96037150-e0c0-012f-f752-406c8fb8a271"/>
        <code code="99201" codeSystem="2.16.840.1.113883.6.12" displayName="Encounter, Performed: Office Visit (Code List: 2.16.840.1.113883.3.464.0003.01.02.0001)">
  <originalText><reference value="#encounters-desc-4"/></originalText>
</code>

        <text>
          <reference value="#encounters-desc-4"/>
        </text>
        <effectiveTime value='20080713040000'/>
      </encounter>
    </entry>
    <entry typeCode="DRIV">
      <encounter classCode="ENC" moodCode="EVN">
		    <templateId root="2.16.840.1.113883.10.20.22.4.49"/>
        <!-- Encounter activity template -->
        <id root="960387d0-e0c0-012f-f752-406c8fb8a271"/>
        <code code="90801" codeSystem="2.16.840.1.113883.6.12" displayName="Encounter, Performed: Psych Visit - Diagnostic or Evaluative Interview (Code List: 2.16.840.1.113883.3.526.03.1013)">
  <originalText><reference value="#encounters-desc-5"/></originalText>
</code>

        <text>
          <reference value="#encounters-desc-5"/>
        </text>
        <effectiveTime value='20101019040000'/>
      </encounter>
    </entry>
    <entry typeCode="DRIV">
      <encounter classCode="ENC" moodCode="EVN">
		    <templateId root="2.16.840.1.113883.10.20.22.4.49"/>
        <!-- Encounter activity template -->
        <id root="96039e20-e0c0-012f-f752-406c8fb8a271"/>
        <code code="90804" codeSystem="2.16.840.1.113883.6.12" displayName="Encounter, Performed: Psych Visit - Individual Outpatient Psychotherapy (Code List: 2.16.840.1.113883.3.526.03.1014)">
  <originalText><reference value="#encounters-desc-6"/></originalText>
</code>

        <text>
          <reference value="#encounters-desc-6"/>
        </text>
        <effectiveTime value='20090518040000'/>
      </encounter>
    </entry>
    <entry typeCode="DRIV">
      <encounter classCode="ENC" moodCode="EVN">
		    <templateId root="2.16.840.1.113883.10.20.22.4.49"/>
        <!-- Encounter activity template -->
        <id root="9603b470-e0c0-012f-f752-406c8fb8a271"/>
        <code code="90810" codeSystem="2.16.840.1.113883.6.12" displayName="Encounter, Performed: Psych Visit - Individual Outpatient Interactive Psychotherapy (Code List: 2.16.840.1.113883.3.526.03.1015)">
  <originalText><reference value="#encounters-desc-7"/></originalText>
</code>

        <text>
          <reference value="#encounters-desc-7"/>
        </text>
        <effectiveTime value='20090228050000'/>
      </encounter>
    </entry>
    <entry typeCode="DRIV">
      <encounter classCode="ENC" moodCode="EVN">
		    <templateId root="2.16.840.1.113883.10.20.22.4.49"/>
        <!-- Encounter activity template -->
        <id root="9603cad0-e0c0-012f-f752-406c8fb8a271"/>
        <code code="90845" codeSystem="2.16.840.1.113883.6.12" displayName="Encounter, Performed: Psychoanalysis (Code List: 2.16.840.1.113883.3.526.03.1141)">
  <originalText><reference value="#encounters-desc-8"/></originalText>
</code>

        <text>
          <reference value="#encounters-desc-8"/>
        </text>
        <effectiveTime value='20081018040000'/>
      </encounter>
    </entry>
    <entry typeCode="DRIV">
      <encounter classCode="ENC" moodCode="EVN">
		    <templateId root="2.16.840.1.113883.10.20.22.4.49"/>
        <!-- Encounter activity template -->
        <id root="9603e110-e0c0-012f-f752-406c8fb8a271"/>
        <code code="99411" codeSystem="2.16.840.1.113883.6.12" displayName="Encounter, Performed: Preventive Care Services - Group Counseling (Code List: 2.16.840.1.113883.3.464.0003.01.02.0027)">
  <originalText><reference value="#encounters-desc-9"/></originalText>
</code>

        <text>
          <reference value="#encounters-desc-9"/>
        </text>
        <effectiveTime value='20110415040000'/>
      </encounter>
    </entry>
    <entry typeCode="DRIV">
      <encounter classCode="ENC" moodCode="EVN">
		    <templateId root="2.16.840.1.113883.10.20.22.4.49"/>
        <!-- Encounter activity template -->
        <id root="9603f730-e0c0-012f-f752-406c8fb8a271"/>
        <code code="99420" codeSystem="2.16.840.1.113883.6.12" displayName="Encounter, Performed: Preventive Care Services - Other (Code List: 2.16.840.1.113883.3.464.0003.01.02.0030)">
  <originalText><reference value="#encounters-desc-10"/></originalText>
</code>

        <text>
          <reference value="#encounters-desc-10"/>
        </text>
        <effectiveTime value='20090914040000'/>
      </encounter>
    </entry>
    <entry typeCode="DRIV">
      <encounter classCode="ENC" moodCode="EVN">
		    <templateId root="2.16.840.1.113883.10.20.22.4.49"/>
        <!-- Encounter activity template -->
        <id root="96040d90-e0c0-012f-f752-406c8fb8a271"/>
        <code code="99385" codeSystem="2.16.840.1.113883.6.12" displayName="Encounter, Performed: Preventive Care Services-Initial Office Visit, 18 and Up (Code List: 2.16.840.1.113883.3.464.0003.01.02.0023)">
  <originalText><reference value="#encounters-desc-11"/></originalText>
</code>

        <text>
          <reference value="#encounters-desc-11"/>
        </text>
        <effectiveTime value='20110520040000'/>
      </encounter>
    </entry>
    <entry typeCode="DRIV">
      <encounter classCode="ENC" moodCode="EVN">
		    <templateId root="2.16.840.1.113883.10.20.22.4.49"/>
        <!-- Encounter activity template -->
        <id root="960423e0-e0c0-012f-f752-406c8fb8a271"/>
        <code code="99395" codeSystem="2.16.840.1.113883.6.12" displayName="Encounter, Performed: Preventive Care Services - Established Office Visit, 18 and Up (Code List: 2.16.840.1.113883.3.464.0003.01.02.0025)">
  <originalText><reference value="#encounters-desc-12"/></originalText>
</code>

        <text>
          <reference value="#encounters-desc-12"/>
        </text>
        <effectiveTime value='20090224050000'/>
      </encounter>
    </entry>
    <entry typeCode="DRIV">
      <encounter classCode="ENC" moodCode="EVN">
		    <templateId root="2.16.840.1.113883.10.20.22.4.49"/>
        <!-- Encounter activity template -->
        <id root="96043a20-e0c0-012f-f752-406c8fb8a271"/>
        <code code="99401" codeSystem="2.16.840.1.113883.6.12" displayName="Encounter, Performed: Preventive Care Services-Individual Counseling (Code List: 2.16.840.1.113883.3.464.0003.01.02.0026)">
  <originalText><reference value="#encounters-desc-13"/></originalText>
</code>

        <text>
          <reference value="#encounters-desc-13"/>
        </text>
        <effectiveTime value='20090127050000'/>
      </encounter>
    </entry>
    <entry typeCode="DRIV">
      <encounter classCode="ENC" moodCode="EVN">
		    <templateId root="2.16.840.1.113883.10.20.22.4.49"/>
        <!-- Encounter activity template -->
        <id root="96045040-e0c0-012f-f752-406c8fb8a271"/>
        <code nullFlavor="UNK">
  <originalText><reference value="#encounters-desc-14"/></originalText>
  <translation code="4525004" codeSystem="2.16.840.1.113883.6.96" />
</code>

        <text>
          <reference value="#encounters-desc-14"/>
        </text>
        <effectiveTime value='20100308050000'/>
      </encounter>
    </entry>
  </section>
</component>
    </structuredBody>
  </component>
</ClinicalDocument>