<?xml version="1.0" encoding="UTF-8"?>
<ClinicalDocument xmlns="urn:hl7-org:v3" xmlns:sdtc="urn:hl7-org:sdtc" xmlns:xsi="http://www.w3.org/2001/XMLSchema-instance" xsi:schemaLocation="urn:hl7-org:v3 http://xreg2.nist.gov:8080/hitspValidation/schema/cdar2c32/infrastructure/cda/C32_CDA.xsd">
  <realmCode code="US"/>
  <typeId root="2.16.840.1.113883.1.3" extension="POCD_HD000040"/>
  <templateId root="2.16.840.1.113883.10.20.22.1.1" />
  <templateId root='2.16.840.1.113883.10.20.22.1.2'/> 
  <id root="2.16.840.1.113883.3.72" extension="50536a6a709357c7fa000012" assigningAuthorityName="NIST Healthcare Project"/>
  <code code="34133-9" displayName="Summarization of episode note" codeSystem="2.16.840.1.113883.6.1" codeSystemName="LOINC"/>
  <title>Cypress C32 Patient Test Record: Suzanne Lane</title>
  <effectiveTime value="20120914173604"/>
  <confidentialityCode code="N"/>
  <languageCode code="en-US"/>
  <recordTarget>
    <patientRole>
      <id root="Cypress" extension="50536a6a709357c7fa000012"/>
      <addr use="HP">
        <streetAddressLine>202 Burlington Rd.</streetAddressLine>
        <city>Bedford</city>
        <state>MA</state>
        <postalCode>01730</postalCode>
      </addr>
      <telecom value="tel:+1-781-271-3000"/>
      <patient>
        <name>
          <given>Suzanne</given>
          <family>Lane</family>
        </name>
        <administrativeGenderCode code="F" codeSystem="2.16.840.1.113883.5.1" codeSystemName="HL7 AdministrativeGender"/>
        <birthTime value="20120914173330"/>
          <raceCode code=""  codeSystemName="CDC Race and Ethnicity" codeSystem="2.16.840.1.113883.6.238"/>
          <ethnicGroupCode code=""  codeSystemName="CDC Race and Ethnicity" codeSystem="2.16.840.1.113883.6.238"/>
          <languageCommunication>
            <languageCode code="en-US"/>
          </languageCommunication>
      </patient>
    </patientRole>
  </recordTarget>
  <author>
    <time value="20120914173604"/>
    <assignedAuthor>
      <id/>
      <addr/>
      <telecom value="tel:+1-781-271-3000"/>
      <assignedPerson>
        <name>Auto Generated</name>
      </assignedPerson>
    </assignedAuthor>
  </author>
  <custodian>
    <assignedCustodian>
      <representedCustodianOrganization>
        <id/>
        <name>Cypress</name>
        <telecom value="tel:+1-781-271-3000"/>
        <addr>
          <streetAddressLine>202 Burlington Rd.</streetAddressLine>
          <city>Bedford</city>
          <state>MA</state>
          <postalCode>01730</postalCode>
        </addr>
      </representedCustodianOrganization>
    </assignedCustodian>
  </custodian>
  <component>
    <structuredBody>
        <component>
          <!-- Allergies: patient has no allergies -->
            <section>
             <templateId root="2.16.840.1.113883.10.20.22.2.6"/>
              <code code="11450-4" codeSystem="2.16.840.1.113883.6.1" codeSystemName="LOINC" displayName="Problem List"/>
              <title>Allergies and Adverse Reactions</title>                
               <text>
                <table border="1" width="100%">
                  <thead>
                    <tr>
                      <th>Description</th>                      
                      <th>Code</th>                      
                      <th>Time</th>
                    </tr>
                  </thead>
                  <tbody>
                    <tr ID="noallergies_summary">                                           
                      <td ID="noallergies">No Known allergies</td>
                      <td>160244002</td>                                         
                      <td>20120914173604</td>
                    </tr>                   
                 </tbody>
               </table>                             
             </text>
             <entry typeCode="DRIV">
              <act classCode="ACT" moodCode="EVN">
                <templateId root="2.16.840.1.113883.10.20.22.4.30"/>
                <id root="f6fd6f86-4265-4dcb-95cf-7799100b54ad"/>
                <code nullFlavor="NA"/>
                  <statusCode code="active"/>
                    <effectiveTime>
                      <low nullFlavor="NA"/>
                    </effectiveTime>					
                <entryRelationship typeCode="SUBJ" inversionInd="false">
                  <observation classCode="OBS" moodCode="EVN">
                    <templateId root="2.16.840.1.113883.10.20.22.4.7"/>
                    <id root="2b37be6b-9b1c-4069-bbca-1caf5fe1937d"/>
                    <code code="420134006" codeSystem="2.16.840.1.113883.6.96" displayName="Propensity to adverse reactions (disorder)" codeSystemName="SNOMED CT"/>
                    <statusCode code="completed"/>
                    <effectiveTime>
                      <low nullFlavor="UNK"/>
                    </effectiveTime>
                    <value xsi:type="CD" code="160244002" codeSystem="2.16.840.1.113883.6.96" displayName="No Known allergies" codeSystemName="SNOMED CT">
                      <originalText>
                        <reference value="#noallergies"/>
                      </originalText>
                    </value>
                  </observation>
              </entryRelationship>
            </act>
          </entry>
        </section>
      </component>

        <component>
          <!-- Medications: patient has no medications -->
        <section>
		      <templateId root="2.16.840.1.113883.10.20.22.2.1" />
          <code code="10160-0" codeSystem="2.16.840.1.113883.6.1" codeSystemName="LOINC" displayName="History of medication use"/>
          <title>Medications</title>                       
              <text>
                <table border="1" width="100%">
                  <thead>
                    <tr>
                      <th>Description</th>                      
                      <th>Code</th>                      
                      <th>Time</th>
                    </tr>
                  </thead>
                  <tbody>
                    <tr ID="nomeds_summary">                                           
                      <td ID="nomeds_kind">Patient not on any medication</td>
                      <td>182849000</td>                                         
                      <td>20120914173604</td>
                    </tr>                   
                 </tbody>
               </table>                             
             </text>
              <entry typeCode="DRIV">
                <substanceAdministration classCode="SBADM" moodCode="EVN">
                <templateId root='2.16.840.1.113883.10.20.22.4.16'/>
                <id root="4edd8de0-66e3-4ca6-b287-f0736022f2b3"/>
                <code code="182849000" codeSystem="2.16.840.1.113883.6.96" displayName="No Drug Therapy Prescribed" codeSystemName="SNOMED CT" />
                <statusCode code="completed"/>							
                  <consumable>
                    <manufacturedProduct>
                      <templateId root='2.16.840.1.113883.10.20.22.4.23'/>
                       <manufacturedMaterial>
                        <code>
                         <originalText>
                           <reference value="#nomeds_kind"/>
                         </originalText>
                        </code>						
                      </manufacturedMaterial>
                    </manufacturedProduct>
                  </consumable>
              </substanceAdministration>
            </entry>
         </section>         
</component>

        
        
        <component>
  <!--Surgeries-->
  <section>
    <templateId root="2.16.840.1.113883.10.20.22.2.7"/>
    <!--Surgeries section template-->
    <code code="47519-4" codeSystem="2.16.840.1.113883.6.1" codeSystemName="LOINC" displayName="List of surgeries"/>
    <title>Surgeries</title>
    <text>
  <table border="1" width="100%">
    <thead>
      <tr>
        <th>Description</th>
        <th>Codes</th>
        <th>Time</th>
        
      </tr>
    </thead>
    <tbody>
        <tr>
          <td ID="procedures-desc-0">Consultant Report (Code List: 2.16.840.1.113883.3.464.0003.21.02.0006)</td>
          <td ID="procedures-code-0">SNOMED-CT: 371530004<br/><i></i></td>
          <td>March 26th, 2002 05:00 - January 3rd, 2009 05:00</td>
           
        </tr>
        <tr>
          <td ID="procedures-desc-1">Referral (Code List: 2.16.840.1.113883.3.464.0003.01.02.0046)</td>
          <td ID="procedures-code-1">SNOMED-CT: 54395008<br/><i></i></td>
          <td>December 15th, 2010 05:00 - June 4th, 2011 04:00</td>
           
        </tr>
    </tbody>
  </table>
</text>
    <entry typeCode="DRIV">
      <procedure classCode="PROC" moodCode="EVN">
        <templateId root="2.16.840.1.113883.10.20.22.4.14"/>
        <!-- Procedure activity template -->
        <id root="94cefa10-e0c0-012f-f752-406c8fb8a271"/>
        <code code="371530004" codeSystem="2.16.840.1.113883.6.96" displayName="Consultant Report (Code List: 2.16.840.1.113883.3.464.0003.21.02.0006)">
  <originalText><reference value="#procedures-desc-0"/></originalText>
</code>

        <text>
          <reference value="#procedures-desc-0"/>
        </text>
        <statusCode code="completed"/>
        <effectiveTime value='20020326050000'/>
      </procedure>
    </entry>
    <entry typeCode="DRIV">
      <procedure classCode="PROC" moodCode="EVN">
        <templateId root="2.16.840.1.113883.10.20.22.4.14"/>
        <!-- Procedure activity template -->
        <id root="94cf1080-e0c0-012f-f752-406c8fb8a271"/>
        <code code="54395008" codeSystem="2.16.840.1.113883.6.96" displayName="Referral (Code List: 2.16.840.1.113883.3.464.0003.01.02.0046)">
  <originalText><reference value="#procedures-desc-1"/></originalText>
</code>

        <text>
          <reference value="#procedures-desc-1"/>
        </text>
        <statusCode code="completed"/>
        <effectiveTime value='20101215050000'/>
      </procedure>
    </entry>
  </section>
</component>
    </structuredBody>
  </component>
</ClinicalDocument>