<?xml version="1.0" encoding="UTF-8"?>
<ClinicalDocument xmlns="urn:hl7-org:v3" xmlns:sdtc="urn:hl7-org:sdtc" xmlns:xsi="http://www.w3.org/2001/XMLSchema-instance" xsi:schemaLocation="urn:hl7-org:v3 http://xreg2.nist.gov:8080/hitspValidation/schema/cdar2c32/infrastructure/cda/C32_CDA.xsd">
  <realmCode code="US"/>
  <typeId root="2.16.840.1.113883.1.3" extension="POCD_HD000040"/>
  <templateId root="2.16.840.1.113883.10.20.22.1.1" />
  <templateId root='2.16.840.1.113883.10.20.22.1.2'/> 
  <id root="2.16.840.1.113883.3.72" extension="50536a6c709357c7fa0002ef" assigningAuthorityName="NIST Healthcare Project"/>
  <code code="34133-9" displayName="Summarization of episode note" codeSystem="2.16.840.1.113883.6.1" codeSystemName="LOINC"/>
  <title>Cypress C32 Patient Test Record: Victoria Wagner</title>
  <effectiveTime value="20120914173608"/>
  <confidentialityCode code="N"/>
  <languageCode code="en-US"/>
  <recordTarget>
    <patientRole>
      <id root="Cypress" extension="50536a6c709357c7fa0002ef"/>
      <addr use="HP">
        <streetAddressLine>202 Burlington Rd.</streetAddressLine>
        <city>Bedford</city>
        <state>MA</state>
        <postalCode>01730</postalCode>
      </addr>
      <telecom value="tel:+1-781-271-3000"/>
      <patient>
        <name>
          <given>Victoria</given>
          <family>Wagner</family>
        </name>
        <administrativeGenderCode code="F" codeSystem="2.16.840.1.113883.5.1" codeSystemName="HL7 AdministrativeGender"/>
        <birthTime value="19971022040000"/>
          <raceCode code=""  codeSystemName="CDC Race and Ethnicity" codeSystem="2.16.840.1.113883.6.238"/>
          <ethnicGroupCode code=""  codeSystemName="CDC Race and Ethnicity" codeSystem="2.16.840.1.113883.6.238"/>
          <languageCommunication>
            <languageCode code="es-US"/>
          </languageCommunication>
      </patient>
    </patientRole>
  </recordTarget>
  <author>
    <time value="20120914173608"/>
    <assignedAuthor>
      <id/>
      <addr/>
      <telecom value="tel:+1-781-271-3000"/>
      <assignedPerson>
        <name>Auto Generated</name>
      </assignedPerson>
    </assignedAuthor>
  </author>
  <custodian>
    <assignedCustodian>
      <representedCustodianOrganization>
        <id/>
        <name>Cypress</name>
        <telecom value="tel:+1-781-271-3000"/>
        <addr>
          <streetAddressLine>202 Burlington Rd.</streetAddressLine>
          <city>Bedford</city>
          <state>MA</state>
          <postalCode>01730</postalCode>
        </addr>
      </representedCustodianOrganization>
    </assignedCustodian>
  </custodian>
  <component>
    <structuredBody>
        <component>
          <!-- Allergies: patient has no allergies -->
            <section>
             <templateId root="2.16.840.1.113883.10.20.22.2.6"/>
              <code code="11450-4" codeSystem="2.16.840.1.113883.6.1" codeSystemName="LOINC" displayName="Problem List"/>
              <title>Allergies and Adverse Reactions</title>                
               <text>
                <table border="1" width="100%">
                  <thead>
                    <tr>
                      <th>Description</th>                      
                      <th>Code</th>                      
                      <th>Time</th>
                    </tr>
                  </thead>
                  <tbody>
                    <tr ID="noallergies_summary">                                           
                      <td ID="noallergies">No Known allergies</td>
                      <td>160244002</td>                                         
                      <td>20120914173608</td>
                    </tr>                   
                 </tbody>
               </table>                             
             </text>
             <entry typeCode="DRIV">
              <act classCode="ACT" moodCode="EVN">
                <templateId root="2.16.840.1.113883.10.20.22.4.30"/>
                <id root="f6fd6f86-4265-4dcb-95cf-7799100b54ad"/>
                <code nullFlavor="NA"/>
                  <statusCode code="active"/>
                    <effectiveTime>
                      <low nullFlavor="NA"/>
                    </effectiveTime>					
                <entryRelationship typeCode="SUBJ" inversionInd="false">
                  <observation classCode="OBS" moodCode="EVN">
                    <templateId root="2.16.840.1.113883.10.20.22.4.7"/>
                    <id root="2b37be6b-9b1c-4069-bbca-1caf5fe1937d"/>
                    <code code="420134006" codeSystem="2.16.840.1.113883.6.96" displayName="Propensity to adverse reactions (disorder)" codeSystemName="SNOMED CT"/>
                    <statusCode code="completed"/>
                    <effectiveTime>
                      <low nullFlavor="UNK"/>
                    </effectiveTime>
                    <value xsi:type="CD" code="160244002" codeSystem="2.16.840.1.113883.6.96" displayName="No Known allergies" codeSystemName="SNOMED CT">
                      <originalText>
                        <reference value="#noallergies"/>
                      </originalText>
                    </value>
                  </observation>
              </entryRelationship>
            </act>
          </entry>
        </section>
      </component>

        <component>
  <!--Medications-->
  <section>
	<templateId root="2.16.840.1.113883.10.20.22.2.1" />
    <code code="10160-0" displayName="History of medication use" codeSystem="2.16.840.1.113883.6.1" codeSystemName="LOINC"/>
    <title>Medications</title>
    <text>
  <table border="1" width="100%">
    <thead>
      <tr>
        <th>Description</th>
        <th>Codes</th>
        <th>Time</th>
        
      </tr>
    </thead>
    <tbody>
        <tr>
          <td ID="medications-desc-0">Medication, Active: Antibiotic Medications (Code List: 2.16.840.1.113883.3.464.0003.96.02.0001)</td>
          <td ID="medications-code-0">RxNorm: 102769<br/><i></i></td>
          <td>January 23rd, 2004 05:00 - February 24th, 2011 05:00</td>
           
        </tr>
        <tr>
          <td ID="medications-desc-1">Medication, Order: Antibiotic Medications (Code List: 2.16.840.1.113883.3.464.0003.96.02.0001)</td>
          <td ID="medications-code-1">RxNorm: 102769<br/><i></i></td>
          <td>September 19th, 2005 04:00 - December 21st, 2009 05:00</td>
           
        </tr>
    </tbody>
  </table>
</text>
    <entry>
      <!--CCD Medication activity - Required-->
      <substanceAdministration classCode="SBADM" moodCode="EVN">
        <templateId root='2.16.840.1.113883.10.20.22.4.16'/>
        <id root="97b385c0-e0c0-012f-f752-406c8fb8a271"/>
        <statusCode code="completed"/>
        <effectiveTime xsi:type="IVL_TS">
          <low value='20040123050000'/>
          <high nullFlavor="UNK"/>
        </effectiveTime>
        <consumable>
          <!--CCD Product - Required-->
          <manufacturedProduct classCode="MANU">
			    <templateId root='2.16.840.1.113883.10.20.22.4.23'/>
            <manufacturedMaterial>
              <code code="102769" codeSystem="2.16.840.1.113883.6.88" displayName="Medication, Active: Antibiotic Medications (Code List: 2.16.840.1.113883.3.464.0003.96.02.0001)">
  <originalText><reference value="#medications-desc-0"/></originalText>
</code>

              <name>Medication, Active: Antibiotic Medications (Code List: 2.16.840.1.113883.3.464.0003.96.02.0001)</name>
            </manufacturedMaterial>
          </manufacturedProduct>
        </consumable>
      </substanceAdministration>
    </entry>
    <entry>
      <!--CCD Medication activity - Required-->
      <substanceAdministration classCode="SBADM" moodCode="EVN">
        <templateId root='2.16.840.1.113883.10.20.22.4.16'/>
        <id root="97b39db0-e0c0-012f-f752-406c8fb8a271"/>
        <statusCode code="completed"/>
        <effectiveTime xsi:type="IVL_TS">
          <low value='20050919040000'/>
          <high nullFlavor="UNK"/>
        </effectiveTime>
        <consumable>
          <!--CCD Product - Required-->
          <manufacturedProduct classCode="MANU">
			    <templateId root='2.16.840.1.113883.10.20.22.4.23'/>
            <manufacturedMaterial>
              <code code="102769" codeSystem="2.16.840.1.113883.6.88" displayName="Medication, Order: Antibiotic Medications (Code List: 2.16.840.1.113883.3.464.0003.96.02.0001)">
  <originalText><reference value="#medications-desc-1"/></originalText>
</code>

              <name>Medication, Order: Antibiotic Medications (Code List: 2.16.840.1.113883.3.464.0003.96.02.0001)</name>
            </manufacturedMaterial>
          </manufacturedProduct>
        </consumable>
      </substanceAdministration>
    </entry>
  </section>
</component>
        
        <component>
  <!--Problems-->
  <section>
    <templateId root="2.16.840.1.113883.10.20.22.2.5.1"/>
    <!--Problems section template-->
    <code code="11450-4" codeSystem="2.16.840.1.113883.6.1" codeSystemName="LOINC" displayName="Problem list"/>
    <title>Problems</title>
    <text>
  <table border="1" width="100%">
    <thead>
      <tr>
        <th>Description</th>
        <th>Codes</th>
        <th>Time</th>
          <th>Status</th>
        
      </tr>
    </thead>
    <tbody>
        <tr>
          <td ID="conditions-desc-0">Acute Pharyngitis (Code List: 2.16.840.1.113883.3.464.0003.02.02.0011)</td>
          <td ID="conditions-code-0">SNOMED-CT: 1532007 ICD-9-CM: 034.0 ICD-10-CM: J02.8<br/><i></i></td>
          <td>July 29th, 2001 04:00 - December 30th, 2008 05:00</td>
            <td>active</td>
           
        </tr>
        <tr>
          <td ID="conditions-desc-1">Acute Tonsillitis (Code List: 2.16.840.1.113883.3.464.0003.02.02.0012)</td>
          <td ID="conditions-code-1">SNOMED-CT: 17741008 ICD-9-CM: 463 ICD-10-CM: J03.80<br/><i></i></td>
          <td>September 20th, 2009 04:00 - December 27th, 2009 05:00</td>
            <td>active</td>
           
        </tr>
    </tbody>
  </table>
</text>
    <entry typeCode="DRIV">
      <act classCode="ACT" moodCode="EVN">
        <templateId root="2.16.840.1.113883.10.20.22.4.3"/>
        <!-- Problem act template -->
        <id root="97b3f890-e0c0-012f-f752-406c8fb8a271"/>
        <code nullFlavor="NA"/>
        <statusCode code="active"/>
        <effectiveTime>
          <low value='20010729040000'/>
        </effectiveTime>
        <entryRelationship typeCode="SUBJ" inversionInd="false">
          <observation classCode="OBS" moodCode="EVN">
            <templateId root="2.16.840.1.113883.10.20.22.4.4"/>
            
            <!--Problem observation template - NOT episode template-->
            <id root="97b3fb30-e0c0-012f-f752-406c8fb8a271"/>
            <code code="64572001" displayName="Condition" codeSystem="2.16.840.1.113883.6.96" codeSystemName="SNOMED-CT"/>
            <text>
              <reference value="#conditions-desc-0"/>
            </text>
            <statusCode code="completed"/>
            <effectiveTime>
              <low value='20010729040000'/>
            </effectiveTime>
            <value code="1532007" codeSystem="2.16.840.1.113883.6.96" xsi:type="CD"><originalText>Acute Pharyngitis (Code List: 2.16.840.1.113883.3.464.0003.02.02.0011)</originalText><translation code="034.0" codeSystem="2.16.840.1.113883.6.104"/>
<translation code="J02.8" codeSystem="2.16.840.1.113883.6.90"/>
</value>
            <entryRelationship typeCode="REFR">
              <observation classCode="OBS" moodCode="EVN">
                <templateId root="2.16.840.1.113883.10.20.22.4.6"/>
                <!-- Problem status observation template -->
                <code code="33999-4" codeSystem="2.16.840.1.113883.6.1" displayName="Status"/>
                <statusCode code="completed"/>
                <value xsi:type="CE" code="55561003" codeSystem="2.16.840.1.113883.6.96"/>
              </observation>
            </entryRelationship>
          </observation>
        </entryRelationship>
      </act>
    </entry>
    <entry typeCode="DRIV">
      <act classCode="ACT" moodCode="EVN">
        <templateId root="2.16.840.1.113883.10.20.22.4.3"/>
        <!-- Problem act template -->
        <id root="97b40250-e0c0-012f-f752-406c8fb8a271"/>
        <code nullFlavor="NA"/>
        <statusCode code="active"/>
        <effectiveTime>
          <low value='20090920040000'/>
        </effectiveTime>
        <entryRelationship typeCode="SUBJ" inversionInd="false">
          <observation classCode="OBS" moodCode="EVN">
            <templateId root="2.16.840.1.113883.10.20.22.4.4"/>
            
            <!--Problem observation template - NOT episode template-->
            <id root="97b40440-e0c0-012f-f752-406c8fb8a271"/>
            <code code="64572001" displayName="Condition" codeSystem="2.16.840.1.113883.6.96" codeSystemName="SNOMED-CT"/>
            <text>
              <reference value="#conditions-desc-1"/>
            </text>
            <statusCode code="completed"/>
            <effectiveTime>
              <low value='20090920040000'/>
            </effectiveTime>
            <value code="17741008" codeSystem="2.16.840.1.113883.6.96" xsi:type="CD"><originalText>Acute Tonsillitis (Code List: 2.16.840.1.113883.3.464.0003.02.02.0012)</originalText><translation code="463" codeSystem="2.16.840.1.113883.6.104"/>
<translation code="J03.80" codeSystem="2.16.840.1.113883.6.90"/>
</value>
            <entryRelationship typeCode="REFR">
              <observation classCode="OBS" moodCode="EVN">
                <templateId root="2.16.840.1.113883.10.20.22.4.6"/>
                <!-- Problem status observation template -->
                <code code="33999-4" codeSystem="2.16.840.1.113883.6.1" displayName="Status"/>
                <statusCode code="completed"/>
                <value xsi:type="CE" code="55561003" codeSystem="2.16.840.1.113883.6.96"/>
              </observation>
            </entryRelationship>
          </observation>
        </entryRelationship>
      </act>
    </entry>
  </section>
</component>

        
        <component>
  <!--Encounters-->
  <section>
    <templateId root="2.16.840.1.113883.10.20.22.2.22" /> <!-- CCDA Template id -->
    <!--Encounters section template-->
    <code code="46240-8" codeSystem="2.16.840.1.113883.6.1" codeSystemName="LOINC" displayName="History of encounters"/>
    <title>Encounters</title>
    <text>
  <table border="1" width="100%">
    <thead>
      <tr>
        <th>Description</th>
        <th>Codes</th>
        <th>Time</th>
        
      </tr>
    </thead>
    <tbody>
        <tr>
          <td ID="encounters-desc-0">Emergency Department Visit (Code List: 2.16.840.1.113883.3.464.0003.01.02.0010)</td>
          <td ID="encounters-code-0">CPT: 99281<br/><i></i></td>
          <td>March 18th, 2009 04:00 - August 25th, 2010 04:00</td>
           
        </tr>
        <tr>
          <td ID="encounters-desc-1">Face-to-Face Interaction (Code List: 2.16.840.1.113883.3.464.0003.01.02.0048)</td>
          <td ID="encounters-code-1">SNOMED-CT: 4525004<br/><i></i></td>
          <td>January 8th, 2006 05:00 - September 10th, 2007 04:00</td>
           
        </tr>
        <tr>
          <td ID="encounters-desc-2">Hospital Observation Care - Initial (Code List: 2.16.840.1.113883.3.464.0003.01.02.0002)</td>
          <td ID="encounters-code-2">CPT: 99218<br/><i></i></td>
          <td>September 6th, 1997 04:00 - February 27th, 2005 05:00</td>
           
        </tr>
        <tr>
          <td ID="encounters-desc-3">Office Visit (Code List: 2.16.840.1.113883.3.464.0003.01.02.0001)</td>
          <td ID="encounters-code-3">CPT: 99201<br/><i></i></td>
          <td>January 29th, 2007 05:00 - April 20th, 2009 04:00</td>
           
        </tr>
        <tr>
          <td ID="encounters-desc-4">Outpatient Consultation (Code List: 2.16.840.1.113883.3.464.0003.01.02.0008)</td>
          <td ID="encounters-code-4">CPT: 99241<br/><i></i></td>
          <td>April 6th, 2000 04:00 - May 2nd, 2002 04:00</td>
           
        </tr>
        <tr>
          <td ID="encounters-desc-5">Preventive Care - Established Office Visit, 0 to 17 (Code List: 2.16.840.1.113883.3.464.0003.01.02.0024)</td>
          <td ID="encounters-code-5">CPT: 99391<br/><i></i></td>
          <td>December 17th, 2003 05:00 - May 20th, 2005 04:00</td>
           
        </tr>
        <tr>
          <td ID="encounters-desc-6">Preventive Care Services-Initial Office Visit, 18 and Up (Code List: 2.16.840.1.113883.3.464.0003.01.02.0023)</td>
          <td ID="encounters-code-6">CPT: 99385<br/><i></i></td>
          <td>December 1st, 2005 05:00 - March 25th, 2006 05:00</td>
           
        </tr>
        <tr>
          <td ID="encounters-desc-7">Preventive Care- Initial Office Visit, 0 to 17 (Code List: 2.16.840.1.113883.3.464.0003.01.02.0022)</td>
          <td ID="encounters-code-7">CPT: 99381<br/><i></i></td>
          <td>January 28th, 2012 05:00 - August 14th, 2012 04:00</td>
           
        </tr>
        <tr>
          <td ID="encounters-desc-8">Preventive Care Services - Established Office Visit, 18 and Up (Code List: 2.16.840.1.113883.3.464.0003.01.02.0025)</td>
          <td ID="encounters-code-8">CPT: 99395<br/><i></i></td>
          <td>August 1st, 2012 04:00 - August 6th, 2012 04:00</td>
           
        </tr>
    </tbody>
  </table>
</text>
    <entry typeCode="DRIV">
      <encounter classCode="ENC" moodCode="EVN">
		    <templateId root="2.16.840.1.113883.10.20.22.4.49"/>
        <!-- Encounter activity template -->
        <id root="97b45420-e0c0-012f-f752-406c8fb8a271"/>
        <code code="99281" codeSystem="2.16.840.1.113883.6.12" displayName="Emergency Department Visit (Code List: 2.16.840.1.113883.3.464.0003.01.02.0010)">
  <originalText><reference value="#encounters-desc-0"/></originalText>
</code>

        <text>
          <reference value="#encounters-desc-0"/>
        </text>
        <effectiveTime value='20090318040000'/>
      </encounter>
    </entry>
    <entry typeCode="DRIV">
      <encounter classCode="ENC" moodCode="EVN">
		    <templateId root="2.16.840.1.113883.10.20.22.4.49"/>
        <!-- Encounter activity template -->
        <id root="97b46a80-e0c0-012f-f752-406c8fb8a271"/>
        <code nullFlavor="UNK">
  <originalText><reference value="#encounters-desc-1"/></originalText>
  <translation code="4525004" codeSystem="2.16.840.1.113883.6.96" />
</code>

        <text>
          <reference value="#encounters-desc-1"/>
        </text>
        <effectiveTime value='20060108050000'/>
      </encounter>
    </entry>
    <entry typeCode="DRIV">
      <encounter classCode="ENC" moodCode="EVN">
		    <templateId root="2.16.840.1.113883.10.20.22.4.49"/>
        <!-- Encounter activity template -->
        <id root="97b48010-e0c0-012f-f752-406c8fb8a271"/>
        <code code="99218" codeSystem="2.16.840.1.113883.6.12" displayName="Hospital Observation Care - Initial (Code List: 2.16.840.1.113883.3.464.0003.01.02.0002)">
  <originalText><reference value="#encounters-desc-2"/></originalText>
</code>

        <text>
          <reference value="#encounters-desc-2"/>
        </text>
        <effectiveTime value='19970906040000'/>
      </encounter>
    </entry>
    <entry typeCode="DRIV">
      <encounter classCode="ENC" moodCode="EVN">
		    <templateId root="2.16.840.1.113883.10.20.22.4.49"/>
        <!-- Encounter activity template -->
        <id root="97b49640-e0c0-012f-f752-406c8fb8a271"/>
        <code code="99201" codeSystem="2.16.840.1.113883.6.12" displayName="Office Visit (Code List: 2.16.840.1.113883.3.464.0003.01.02.0001)">
  <originalText><reference value="#encounters-desc-3"/></originalText>
</code>

        <text>
          <reference value="#encounters-desc-3"/>
        </text>
        <effectiveTime value='20070129050000'/>
      </encounter>
    </entry>
    <entry typeCode="DRIV">
      <encounter classCode="ENC" moodCode="EVN">
		    <templateId root="2.16.840.1.113883.10.20.22.4.49"/>
        <!-- Encounter activity template -->
        <id root="97b4ac80-e0c0-012f-f752-406c8fb8a271"/>
        <code code="99241" codeSystem="2.16.840.1.113883.6.12" displayName="Outpatient Consultation (Code List: 2.16.840.1.113883.3.464.0003.01.02.0008)">
  <originalText><reference value="#encounters-desc-4"/></originalText>
</code>

        <text>
          <reference value="#encounters-desc-4"/>
        </text>
        <effectiveTime value='20000406040000'/>
      </encounter>
    </entry>
    <entry typeCode="DRIV">
      <encounter classCode="ENC" moodCode="EVN">
		    <templateId root="2.16.840.1.113883.10.20.22.4.49"/>
        <!-- Encounter activity template -->
        <id root="97b4c360-e0c0-012f-f752-406c8fb8a271"/>
        <code code="99391" codeSystem="2.16.840.1.113883.6.12" displayName="Preventive Care - Established Office Visit, 0 to 17 (Code List: 2.16.840.1.113883.3.464.0003.01.02.0024)">
  <originalText><reference value="#encounters-desc-5"/></originalText>
</code>

        <text>
          <reference value="#encounters-desc-5"/>
        </text>
        <effectiveTime value='20031217050000'/>
      </encounter>
    </entry>
    <entry typeCode="DRIV">
      <encounter classCode="ENC" moodCode="EVN">
		    <templateId root="2.16.840.1.113883.10.20.22.4.49"/>
        <!-- Encounter activity template -->
        <id root="97b4d9a0-e0c0-012f-f752-406c8fb8a271"/>
        <code code="99385" codeSystem="2.16.840.1.113883.6.12" displayName="Preventive Care Services-Initial Office Visit, 18 and Up (Code List: 2.16.840.1.113883.3.464.0003.01.02.0023)">
  <originalText><reference value="#encounters-desc-6"/></originalText>
</code>

        <text>
          <reference value="#encounters-desc-6"/>
        </text>
        <effectiveTime value='20051201050000'/>
      </encounter>
    </entry>
    <entry typeCode="DRIV">
      <encounter classCode="ENC" moodCode="EVN">
		    <templateId root="2.16.840.1.113883.10.20.22.4.49"/>
        <!-- Encounter activity template -->
        <id root="97b4efd0-e0c0-012f-f752-406c8fb8a271"/>
        <code code="99381" codeSystem="2.16.840.1.113883.6.12" displayName="Preventive Care- Initial Office Visit, 0 to 17 (Code List: 2.16.840.1.113883.3.464.0003.01.02.0022)">
  <originalText><reference value="#encounters-desc-7"/></originalText>
</code>

        <text>
          <reference value="#encounters-desc-7"/>
        </text>
        <effectiveTime value='20120128050000'/>
      </encounter>
    </entry>
    <entry typeCode="DRIV">
      <encounter classCode="ENC" moodCode="EVN">
		    <templateId root="2.16.840.1.113883.10.20.22.4.49"/>
        <!-- Encounter activity template -->
        <id root="97b50620-e0c0-012f-f752-406c8fb8a271"/>
        <code code="99395" codeSystem="2.16.840.1.113883.6.12" displayName="Preventive Care Services - Established Office Visit, 18 and Up (Code List: 2.16.840.1.113883.3.464.0003.01.02.0025)">
  <originalText><reference value="#encounters-desc-8"/></originalText>
</code>

        <text>
          <reference value="#encounters-desc-8"/>
        </text>
        <effectiveTime value='20120801040000'/>
      </encounter>
    </entry>
  </section>
</component>
        <component>
  <!--Vital Signs-->
  <section>
    <templateId root="2.16.840.1.113883.10.20.22.2.4"/>
    <!--Vital Signs section template-->
    <code code="8716-3" codeSystem="2.16.840.1.113883.6.1" codeSystemName="LOINC" displayName="Vital signs"/>
    <title>Vital Signs</title>
    <text>
  <table border="1" width="100%">
    <thead>
      <tr>
        <th>Description</th>
        <th>Codes</th>
        <th>Time</th>
        
          <th>Value</th>
      </tr>
    </thead>
    <tbody>
        <tr>
          <td ID="vitals-desc-0">Laboratory Test, Performed: Group A Streptococcus Test (Code List: 2.16.840.1.113883.3.464.0003.98.02.0012)</td>
          <td ID="vitals-code-0">LOINC: 11268-0<br/><i></i></td>
          <td>July 2nd, 2008 04:00 - January 4th, 2009 05:00</td>
           
              <td>
              </td>
        </tr>
    </tbody>
  </table>
</text>
    <entry typeCode="DRIV">
      <organizer classCode="CLUSTER" moodCode="EVN">
        <templateId root="2.16.840.1.113883.10.20.22.4.26"/>
        <!-- Vital signs organizer template -->
        <id root="97b556f0-e0c0-012f-f752-406c8fb8a271"/>
        <code code="46680005" codeSystem="2.16.840.1.113883.6.96" displayName="Vital signs" codeSystemName="SNOMED CT"/>
        <statusCode code="completed"/>
        <effectiveTime value="19991114"/>
        <component>
          <observation classCode="OBS" moodCode="EVN">
            <templateId root="2.16.840.1.113883.10.20.22.4.27"/>
            <!-- Result observation template -->
            <id root="97b55820-e0c0-012f-f752-406c8fb8a271"/>
            <code code="11268-0" codeSystem="2.16.840.1.113883.6.1" ><originalText>Laboratory Test, Performed: Group A Streptococcus Test (Code List: 2.16.840.1.113883.3.464.0003.98.02.0012)</originalText></code>
            <text>
              <reference value="vitals-desc-0"/>
            </text>
            <statusCode code="completed"/>
            <effectiveTime value='20080702040000'/>
              <value xsi:type="PQ" nullFlavor="UNK"/>
          </observation>
        </component>
      </organizer>
    </entry>
  </section>
</component>
    </structuredBody>
  </component>
</ClinicalDocument>