{
  "_id": "50536a6b709357c7fa000188",
  "birthdate": 783925200,
  "clinicalTrialParticipant": null,
  "conditions": [
    {
      "_id": "50536a6b709357c7fa000193",
      "causeOfDeath": null,
      "codes": {
        "SNOMED-CT": [
          "832007"
        ],
        "ICD-9-CM": [
          "296.20"
        ],
        "ICD-10-CM": [
          "F32.0"
        ]
      },
      "description": "Diagnosis, Active: BH Unipolar depression (Code List: 2.16.840.1.113883.3.1257.1.133)",
      "end_time": 1346904000,
      "free_text": null,
      "mood_code": "EVN",
      "name": null,
      "negationInd": null,
      "negationReason": null,
      "ordinality": null,
      "priority": null,
      "severity": null,
      "specifics": null,
      "start_time": 1345953600,
      "status_code": {
        "SNOMED-CT": [
          "55561003"
        ],
        "HL7 ActStatus": [
          "active"
        ]
      },
      "time": null,
      "type": null
    },
    {
      "_id": "50536a6b709357c7fa000194",
      "causeOfDeath": null,
      "codes": {
      },
      "description": "Diagnosis, Active: Bipolar Depression (Code List: 2.16.840.1.113883.3.1257.1.134)",
      "end_time": 1322024400,
      "free_text": null,
      "mood_code": "EVN",
      "name": null,
      "negationInd": null,
      "negationReason": null,
      "ordinality": null,
      "priority": null,
      "severity": null,
      "specifics": null,
      "start_time": 1231736400,
      "status_code": {
        "SNOMED-CT": [
          "55561003"
        ],
        "HL7 ActStatus": [
          "active"
        ]
      },
      "time": null,
      "type": null
    },
    {
      "_id": "50536a6b709357c7fa000195",
      "causeOfDeath": null,
      "codes": {
        "SNOMED-CT": [
          "162004"
        ],
        "ICD-10-CM": [
          "F30.2"
        ],
        "ICD-9-CM": [
          "296.00"
        ]
      },
      "description": "Diagnosis, Active: BH Condition involving bipolar disorder (Code List: 2.16.840.1.113883.3.1257.1.1504)",
      "end_time": 1343016000,
      "free_text": null,
      "mood_code": "EVN",
      "name": null,
      "negationInd": null,
      "negationReason": null,
      "ordinality": null,
      "priority": null,
      "severity": null,
      "specifics": null,
      "start_time": 1331870400,
      "status_code": {
        "SNOMED-CT": [
          "55561003"
        ],
        "HL7 ActStatus": [
          "active"
        ]
      },
      "time": null,
      "type": null
    },
    {
      "_id": "50536a6b709357c7fa000196",
      "causeOfDeath": null,
      "codes": {
        "ICD-9-CM": [
          "296.20"
        ],
        "ICD-10-CM": [
          "F32.0"
        ],
        "SNOMED-CT": [
          "832007"
        ]
      },
      "description": "Diagnosis, Active: BH Condition involving unipolar depression (Code List: 2.16.840.1.113883.3.1257.1.1505)",
      "end_time": 1156392000,
      "free_text": null,
      "mood_code": "EVN",
      "name": null,
      "negationInd": null,
      "negationReason": null,
      "ordinality": null,
      "priority": null,
      "severity": null,
      "specifics": null,
      "start_time": 834897600,
      "status_code": {
        "SNOMED-CT": [
          "55561003"
        ],
        "HL7 ActStatus": [
          "active"
        ]
      },
      "time": null,
      "type": null
    }
  ],
  "deathdate": null,
  "effective_time": null,
  "elimination_population": null,
  "elimination_reason": null,
  "encounters": [
    {
      "_id": "50536a6b709357c7fa00018a",
      "admitType": null,
      "admit_time": null,
      "codes": {
        "CPT": [
          "99201"
        ],
        "ICD-9-CM": [
          "89.09"
        ],
        "SNOMED-CT": [
          "17436001"
        ],
        "ICD-10-CM": [
          "GZ50ZZZ"
        ]
      },
      "description": "BH Outpatient encounter (Code List: 2.16.840.1.113883.3.464.0001.49)",
      "dischargeDisposition": null,
      "discharge_time": null,
      "end_time": 1341892800,
      "free_text": null,
      "mood_code": "EVN",
      "negationInd": null,
      "negationReason": null,
      "performer_id": null,
      "specifics": null,
      "start_time": 1234501200,
      "status_code": null,
      "time": null
    },
    {
      "_id": "50536a6b709357c7fa000191",
      "admitType": null,
      "admit_time": null,
      "codes": {
        "CPT": [
          "90804"
        ],
        "ICD-9-CM": [
          "94.31"
        ],
        "SNOMED-CT": [
          "75516001"
        ],
        "ICD-10-CM": [
          "GZ50ZZZ"
        ]
      },
      "description": "Encounter, Order: BH Outpatient psychotherapy (Code List: 2.16.840.1.113883.3.1257.1.973)",
      "dischargeDisposition": null,
      "discharge_time": null,
      "end_time": 1296363600,
      "free_text": null,
      "mood_code": "EVN",
      "negationInd": null,
      "negationReason": null,
      "performer_id": null,
      "specifics": null,
      "start_time": 933912000,
      "status_code": null,
      "time": null
    },
    {
      "_id": "50536a6b709357c7fa000192",
      "admitType": null,
      "admit_time": null,
      "codes": {
        "CPT": [
          "90804"
        ],
        "ICD-9-CM": [
          "94.31"
        ],
        "SNOMED-CT": [
          "75516001"
        ],
        "ICD-10-CM": [
          "GZ50ZZZ"
        ]
      },
      "description": "Encounter, Performed: BH Outpatient psychotherapy (Code List: 2.16.840.1.113883.3.1257.1.973)",
      "dischargeDisposition": null,
      "discharge_time": null,
      "end_time": 973918800,
      "free_text": null,
      "mood_code": "EVN",
      "negationInd": null,
      "negationReason": null,
      "performer_id": null,
      "specifics": null,
      "start_time": 911538000,
      "status_code": null,
      "time": null
    }
  ],
  "ethnicity": "2186-5",
  "expired": null,
  "first": "Andrea",
  "gender": "F",
  "languages": [
    "en-US"
  ],
  "last": "Harvey",
  "marital_status": null,
  "measure_id": null,
  "measure_ids": null,
  "medical_record_number": "3377479270",
  "medications": [
    {
      "_id": "50536a6b709357c7fa00018d",
      "administrationTiming": null,
      "codes": {
        "RxNorm": [
          "106343"
        ]
      },
      "cumulativeMedicationDuration": null,
      "deliveryMethod": null,
      "description": "Medication, Order: BH Antidepressant medication (Code List: 2.16.840.1.113883.3.1257.1.972)",
      "dose": null,
      "doseIndicator": null,
      "doseRestriction": null,
      "end_time": 1270440000,
      "freeTextSig": null,
      "free_text": null,
      "fulfillmentInstructions": null,
      "indication": null,
      "mood_code": "EVN",
      "negationInd": null,
      "negationReason": null,
      "patientInstructions": null,
      "productForm": null,
      "reaction": null,
      "route": null,
      "site": null,
      "specifics": null,
      "start_time": 1184904000,
      "statusOfMedication": null,
      "status_code": null,
      "time": null,
      "typeOfMedication": null,
      "vehicle": null
    },
    {
      "_id": "50536a6b709357c7fa00018e",
      "administrationTiming": null,
      "codes": {
        "RxNorm": [
          "108874"
        ]
      },
      "cumulativeMedicationDuration": null,
      "deliveryMethod": null,
      "description": "Medication, Order: BH Mood stabilizer medication (Code List: 2.16.840.1.113883.3.1257.1.950)",
      "dose": null,
      "doseIndicator": null,
      "doseRestriction": null,
      "end_time": 1339300800,
      "freeTextSig": null,
      "free_text": null,
      "fulfillmentInstructions": null,
      "indication": null,
      "mood_code": "EVN",
      "negationInd": null,
      "negationReason": null,
      "patientInstructions": null,
      "productForm": null,
      "reaction": null,
      "route": null,
      "site": null,
      "specifics": null,
      "start_time": 1337659200,
      "statusOfMedication": null,
      "status_code": null,
      "time": null,
      "typeOfMedication": null,
      "vehicle": null
    },
    {
      "_id": "50536a6b709357c7fa000197",
      "administrationTiming": null,
      "codes": {
        "RxNorm": [
          "106343"
        ]
      },
      "cumulativeMedicationDuration": null,
      "deliveryMethod": null,
      "description": "Medication, Active: BH Antidepressant medication (Code List: 2.16.840.1.113883.3.1257.1.972)",
      "dose": null,
      "doseIndicator": null,
      "doseRestriction": null,
      "end_time": 1292821200,
      "freeTextSig": null,
      "free_text": null,
      "fulfillmentInstructions": null,
      "indication": null,
      "mood_code": "EVN",
      "negationInd": null,
      "negationReason": null,
      "patientInstructions": null,
      "productForm": null,
      "reaction": null,
      "route": null,
      "site": null,
      "specifics": null,
      "start_time": 1101099600,
      "statusOfMedication": null,
      "status_code": {
        "SNOMED-CT": [
          "55561003"
        ],
        "HL7 ActStatus": [
          "active"
        ]
      },
      "time": null,
      "typeOfMedication": null,
      "vehicle": null
    },
    {
      "_id": "50536a6b709357c7fa000198",
      "administrationTiming": null,
      "codes": {
        "RxNorm": [
          "108874"
        ]
      },
      "cumulativeMedicationDuration": null,
      "deliveryMethod": null,
      "description": "Medication, Active: BH Mood stabilizer medication (Code List: 2.16.840.1.113883.3.1257.1.950)",
      "dose": null,
      "doseIndicator": null,
      "doseRestriction": null,
      "end_time": 1329800400,
      "freeTextSig": null,
      "free_text": null,
      "fulfillmentInstructions": null,
      "indication": null,
      "mood_code": "EVN",
      "negationInd": null,
      "negationReason": null,
      "patientInstructions": null,
      "productForm": null,
      "reaction": null,
      "route": null,
      "site": null,
      "specifics": null,
      "start_time": 1281672000,
      "statusOfMedication": null,
      "status_code": {
        "SNOMED-CT": [
          "55561003"
        ],
        "HL7 ActStatus": [
          "active"
        ]
      },
      "time": null,
      "typeOfMedication": null,
      "vehicle": null
    }
  ],
  "procedures": [
    {
      "_id": "50536a6b709357c7fa000189",
      "codes": {
        "SNOMED-CT": [
          "105355005"
        ],
        "HCPCS": [
          "H0001"
        ],
        "CPT": [
          "99408"
        ]
      },
      "description": "BH Assessment for alcohol or other drugs (Code List: 2.16.840.1.113883.3.1257.1.1604)",
      "end_time": 1281758400,
      "free_text": null,
      "mood_code": "EVN",
      "negationInd": null,
      "negationReason": null,
      "performer_id": null,
      "site": null,
      "specifics": null,
      "start_time": 952837200,
      "status_code": null,
      "time": null
    },
    {
      "_id": "50536a6b709357c7fa00018b",
      "codes": {
        "ICD-9-CM": [
          "94.26"
        ],
        "CPT": [
          "90870"
        ],
        "ICD-10-CM": [
          "GZB0ZZZ"
        ],
        "SNOMED-CT": [
          "11075005"
        ]
      },
      "description": "Procedure, Performed: BH Electroconvulsive therapy (Code List: 2.16.840.1.113883.3.1257.1.1533)",
      "end_time": 1319342400,
      "free_text": null,
      "mood_code": "EVN",
      "negationInd": null,
      "negationReason": null,
      "performer_id": null,
      "site": null,
      "specifics": null,
      "start_time": 1187668800,
      "status_code": null,
      "time": null
    },
    {
      "_id": "50536a6b709357c7fa00018c",
      "codes": {
        "ICD-9-CM": [
          "94.26"
        ],
        "CPT": [
          "90870"
        ],
        "ICD-10-CM": [
          "GZB0ZZZ"
        ],
        "SNOMED-CT": [
          "11075005"
        ]
      },
      "description": "Procedure, Order: BH Electroconvulsive therapy (Code List: 2.16.840.1.113883.3.1257.1.1533)",
      "end_time": 1325912400,
      "free_text": null,
      "mood_code": "EVN",
      "negationInd": null,
      "negationReason": null,
      "performer_id": null,
      "site": null,
      "specifics": null,
      "start_time": 1242100800,
      "status_code": null,
      "time": null
    },
    {
      "_id": "50536a6b709357c7fa00018f",
      "codes": {
        "SNOMED-CT": [
          "428201000124103"
        ]
      },
      "description": "Procedure, Performed: BH Counseling for depression (Code List: 2.16.840.1.113883.3.1257.1.1616)",
      "end_time": 1034913600,
      "free_text": null,
      "mood_code": "EVN",
      "negationInd": null,
      "negationReason": null,
      "performer_id": null,
      "site": null,
      "specifics": null,
      "start_time": 966225600,
      "status_code": null,
      "time": null
    },
    {
      "_id": "50536a6b709357c7fa000190",
      "codes": {
        "SNOMED-CT": [
          "428201000124103"
        ]
      },
      "description": "Procedure, Order: BH Counseling for depression (Code List: 2.16.840.1.113883.3.1257.1.1616)",
      "end_time": 1295672400,
      "free_text": null,
      "mood_code": "EVN",
      "negationInd": null,
      "negationReason": null,
      "performer_id": null,
      "site": null,
      "specifics": null,
      "start_time": 1289365200,
      "status_code": null,
      "time": null
    }
  ],
  "race": "2106-3",
  "religious_affilication": null,
  "source_data_criteria": null,
  "test_id": null,
  "title": null
}