{
  "_id": "50536a6c709357c7fa000340",
  "birthdate": 976165200,
  "clinicalTrialParticipant": null,
  "conditions": [
    {
      "_id": "50536a6c709357c7fa000343",
      "causeOfDeath": null,
      "codes": {
        "SNOMED-CT": [
          "93109003"
        ]
      },
      "description": "Diagnosis, Active: Anaphylactic Reaction to DTaP Vaccine (Code List: 2.16.840.1.113883.3.464.0003.99.02.0031)",
      "end_time": 1329022800,
      "free_text": null,
      "mood_code": "EVN",
      "name": null,
      "negationInd": null,
      "negationReason": null,
      "ordinality": null,
      "priority": null,
      "severity": null,
      "specifics": null,
      "start_time": 1279944000,
      "status_code": {
        "SNOMED-CT": [
          "55561003"
        ],
        "HL7 ActStatus": [
          "active"
        ]
      },
      "time": null,
      "type": null
    },
    {
      "_id": "50536a6c709357c7fa000344",
      "causeOfDeath": null,
      "codes": {
        "SNOMED-CT": [
          "31367003"
        ],
        "ICD-9-CM": [
          "323.51"
        ],
        "ICD-10-CM": [
          "G04.01"
        ]
      },
      "description": "Diagnosis, Active: Encephalopathy (Code List: 2.16.840.1.113883.3.464.0003.14.02.0007)",
      "end_time": 1276228800,
      "free_text": null,
      "mood_code": "EVN",
      "name": null,
      "negationInd": null,
      "negationReason": null,
      "ordinality": null,
      "priority": null,
      "severity": null,
      "specifics": null,
      "start_time": 1187323200,
      "status_code": {
        "SNOMED-CT": [
          "55561003"
        ],
        "HL7 ActStatus": [
          "active"
        ]
      },
      "time": null,
      "type": null
    },
    {
      "_id": "50536a6c709357c7fa000345",
      "causeOfDeath": null,
      "codes": {
        "SNOMED-CT": [
          "31367003"
        ],
        "ICD-9-CM": [
          "323.51"
        ],
        "ICD-10-CM": [
          "G04.01"
        ]
      },
      "description": "Diagnosis, Resolved: Encephalopathy (Code List: 2.16.840.1.113883.3.464.0003.14.02.0007)",
      "end_time": 1312948800,
      "free_text": null,
      "mood_code": "EVN",
      "name": null,
      "negationInd": null,
      "negationReason": null,
      "ordinality": null,
      "priority": null,
      "severity": null,
      "specifics": null,
      "start_time": 1226811600,
      "status_code": {
        "SNOMED-CT": [
          "413322009"
        ]
      },
      "time": null,
      "type": null
    },
    {
      "_id": "50536a6c709357c7fa000348",
      "causeOfDeath": null,
      "codes": {
        "SNOMED-CT": [
          "293117006"
        ]
      },
      "description": "Diagnosis, Active: Anaphylactic Reaction to Inactivated Polio Vaccine (IPV) (Code List: 2.16.840.1.113883.3.464.0003.99.02.0023)",
      "end_time": 1298523600,
      "free_text": null,
      "mood_code": "EVN",
      "name": null,
      "negationInd": null,
      "negationReason": null,
      "ordinality": null,
      "priority": null,
      "severity": null,
      "specifics": null,
      "start_time": 1226466000,
      "status_code": {
        "SNOMED-CT": [
          "55561003"
        ],
        "HL7 ActStatus": [
          "active"
        ]
      },
      "time": null,
      "type": null
    },
    {
      "_id": "50536a6c709357c7fa000349",
      "causeOfDeath": null,
      "codes": {
        "SNOMED-CT": [
          "292925004"
        ]
      },
      "description": "Diagnosis, Active: Anaphylactic Reaction to Streptomycin (Code List: 2.16.840.1.113883.3.464.0003.99.02.0028)",
      "end_time": 1285300800,
      "free_text": null,
      "mood_code": "EVN",
      "name": null,
      "negationInd": null,
      "negationReason": null,
      "ordinality": null,
      "priority": null,
      "severity": null,
      "specifics": null,
      "start_time": 1072674000,
      "status_code": {
        "SNOMED-CT": [
          "55561003"
        ],
        "HL7 ActStatus": [
          "active"
        ]
      },
      "time": null,
      "type": null
    },
    {
      "_id": "50536a6c709357c7fa00034a",
      "causeOfDeath": null,
      "codes": {
        "SNOMED-CT": [
          "292992006"
        ]
      },
      "description": "Diagnosis, Active: Anaphylactic Reaction to Polymyxin (Code List: 2.16.840.1.113883.3.464.0003.99.02.0025)",
      "end_time": 1226293200,
      "free_text": null,
      "mood_code": "EVN",
      "name": null,
      "negationInd": null,
      "negationReason": null,
      "ordinality": null,
      "priority": null,
      "severity": null,
      "specifics": null,
      "start_time": 1173070800,
      "status_code": {
        "SNOMED-CT": [
          "55561003"
        ],
        "HL7 ActStatus": [
          "active"
        ]
      },
      "time": null,
      "type": null
    },
    {
      "_id": "50536a6c709357c7fa00034b",
      "causeOfDeath": null,
      "codes": {
        "SNOMED-CT": [
          "292927007"
        ]
      },
      "description": "Diagnosis, Active: Anaphylactic Reaction to Neomycin (Code List: 2.16.840.1.113883.3.464.0003.99.02.0024)",
      "end_time": 1265864400,
      "free_text": null,
      "mood_code": "EVN",
      "name": null,
      "negationInd": null,
      "negationReason": null,
      "ordinality": null,
      "priority": null,
      "severity": null,
      "specifics": null,
      "start_time": 1253851200,
      "status_code": {
        "SNOMED-CT": [
          "55561003"
        ],
        "HL7 ActStatus": [
          "active"
        ]
      },
      "time": null,
      "type": null
    },
    {
      "_id": "50536a6c709357c7fa00034e",
      "causeOfDeath": null,
      "codes": {
        "SNOMED-CT": [
          "3439009"
        ],
        "ICD-9-CM": [
          "279.09"
        ],
        "ICD-10-CM": [
          "D80.0"
        ]
      },
      "description": "Diagnosis, Active: Disorders of the Immune System (Code List: 2.16.840.1.113883.3.464.0003.12.02.0001)",
      "end_time": 1210824000,
      "free_text": null,
      "mood_code": "EVN",
      "name": null,
      "negationInd": null,
      "negationReason": null,
      "ordinality": null,
      "priority": null,
      "severity": null,
      "specifics": null,
      "start_time": 1172984400,
      "status_code": {
        "SNOMED-CT": [
          "55561003"
        ],
        "HL7 ActStatus": [
          "active"
        ]
      },
      "time": null,
      "type": null
    },
    {
      "_id": "50536a6c709357c7fa00034f",
      "causeOfDeath": null,
      "codes": {
        "SNOMED-CT": [
          "5810003"
        ],
        "ICD-9-CM": [
          "042"
        ],
        "ICD-10-CM": [
          "B20"
        ]
      },
      "description": "Diagnosis, Active: HIV (Code List: 2.16.840.1.113883.3.526.03.465)",
      "end_time": 1176436800,
      "free_text": null,
      "mood_code": "EVN",
      "name": null,
      "negationInd": null,
      "negationReason": null,
      "ordinality": null,
      "priority": null,
      "severity": null,
      "specifics": null,
      "start_time": 1099544400,
      "status_code": {
        "SNOMED-CT": [
          "55561003"
        ],
        "HL7 ActStatus": [
          "active"
        ]
      },
      "time": null,
      "type": null
    },
    {
      "_id": "50536a6c709357c7fa000350",
      "causeOfDeath": null,
      "codes": {
        "SNOMED-CT": [
          "13048006"
        ],
        "ICD-9-CM": [
          "200.08"
        ],
        "ICD-10-CM": [
          "C81.09"
        ]
      },
      "description": "Diagnosis, Active: Malignant Neoplasm of Lymphatic Tissue (Code List: 2.16.840.1.113883.3.464.0003.08.02.0021)",
      "end_time": 1279598400,
      "free_text": null,
      "mood_code": "EVN",
      "name": null,
      "negationInd": null,
      "negationReason": null,
      "ordinality": null,
      "priority": null,
      "severity": null,
      "specifics": null,
      "start_time": 983077200,
      "status_code": {
        "SNOMED-CT": [
          "55561003"
        ],
        "HL7 ActStatus": [
          "active"
        ]
      },
      "time": null,
      "type": null
    },
    {
      "_id": "50536a6c709357c7fa000351",
      "causeOfDeath": null,
      "codes": {
        "ICD-9-CM": [
          "055.0"
        ],
        "ICD-10-CM": [
          "B05.0"
        ],
        "SNOMED-CT": [
          "14189004"
        ]
      },
      "description": "Diagnosis, Active: Measles (Code List: 2.16.840.1.113883.3.464.0003.10.02.0053)",
      "end_time": 1271908800,
      "free_text": null,
      "mood_code": "EVN",
      "name": null,
      "negationInd": null,
      "negationReason": null,
      "ordinality": null,
      "priority": null,
      "severity": null,
      "specifics": null,
      "start_time": 1226206800,
      "status_code": {
        "SNOMED-CT": [
          "55561003"
        ],
        "HL7 ActStatus": [
          "active"
        ]
      },
      "time": null,
      "type": null
    },
    {
      "_id": "50536a6c709357c7fa000352",
      "causeOfDeath": null,
      "codes": {
        "ICD-9-CM": [
          "055.0"
        ],
        "ICD-10-CM": [
          "B05.0"
        ],
        "SNOMED-CT": [
          "14189004"
        ]
      },
      "description": "Diagnosis, Resolved: Measles (Code List: 2.16.840.1.113883.3.464.0003.10.02.0053)",
      "end_time": 1335412800,
      "free_text": null,
      "mood_code": "EVN",
      "name": null,
      "negationInd": null,
      "negationReason": null,
      "ordinality": null,
      "priority": null,
      "severity": null,
      "specifics": null,
      "start_time": 1243742400,
      "status_code": {
        "SNOMED-CT": [
          "413322009"
        ]
      },
      "time": null,
      "type": null
    },
    {
      "_id": "50536a6c709357c7fa000355",
      "causeOfDeath": null,
      "codes": {
        "SNOMED-CT": [
          "10665004"
        ],
        "ICD-9-CM": [
          "072.0"
        ],
        "ICD-10-CM": [
          "B26.0"
        ]
      },
      "description": "Diagnosis, Active: Mumps (Code List: 2.16.840.1.113883.3.464.0003.10.02.0032)",
      "end_time": 1309924800,
      "free_text": null,
      "mood_code": "EVN",
      "name": null,
      "negationInd": null,
      "negationReason": null,
      "ordinality": null,
      "priority": null,
      "severity": null,
      "specifics": null,
      "start_time": 1108098000,
      "status_code": {
        "SNOMED-CT": [
          "55561003"
        ],
        "HL7 ActStatus": [
          "active"
        ]
      },
      "time": null,
      "type": null
    },
    {
      "_id": "50536a6c709357c7fa000356",
      "causeOfDeath": null,
      "codes": {
        "SNOMED-CT": [
          "10665004"
        ],
        "ICD-9-CM": [
          "072.0"
        ],
        "ICD-10-CM": [
          "B26.0"
        ]
      },
      "description": "Diagnosis, Resolved: Mumps (Code List: 2.16.840.1.113883.3.464.0003.10.02.0032)",
      "end_time": 1289624400,
      "free_text": null,
      "mood_code": "EVN",
      "name": null,
      "negationInd": null,
      "negationReason": null,
      "ordinality": null,
      "priority": null,
      "severity": null,
      "specifics": null,
      "start_time": 1141448400,
      "status_code": {
        "SNOMED-CT": [
          "413322009"
        ]
      },
      "time": null,
      "type": null
    },
    {
      "_id": "50536a6c709357c7fa000359",
      "causeOfDeath": null,
      "codes": {
        "SNOMED-CT": [
          "1857005"
        ],
        "ICD-9-CM": [
          "056.00"
        ],
        "ICD-10-CM": [
          "B06.09"
        ]
      },
      "description": "Diagnosis, Active: Rubella (Code List: 2.16.840.1.113883.3.464.0003.10.02.0037)",
      "end_time": 1302148800,
      "free_text": null,
      "mood_code": "EVN",
      "name": null,
      "negationInd": null,
      "negationReason": null,
      "ordinality": null,
      "priority": null,
      "severity": null,
      "specifics": null,
      "start_time": 1162357200,
      "status_code": {
        "SNOMED-CT": [
          "55561003"
        ],
        "HL7 ActStatus": [
          "active"
        ]
      },
      "time": null,
      "type": null
    },
    {
      "_id": "50536a6c709357c7fa00035a",
      "causeOfDeath": null,
      "codes": {
        "SNOMED-CT": [
          "1857005"
        ],
        "ICD-9-CM": [
          "056.00"
        ],
        "ICD-10-CM": [
          "B06.09"
        ]
      },
      "description": "Diagnosis, Resolved: Rubella (Code List: 2.16.840.1.113883.3.464.0003.10.02.0037)",
      "end_time": 1184385600,
      "free_text": null,
      "mood_code": "EVN",
      "name": null,
      "negationInd": null,
      "negationReason": null,
      "ordinality": null,
      "priority": null,
      "severity": null,
      "specifics": null,
      "start_time": 1081310400,
      "status_code": {
        "SNOMED-CT": [
          "413322009"
        ]
      },
      "time": null,
      "type": null
    },
    {
      "_id": "50536a6c709357c7fa00035d",
      "causeOfDeath": null,
      "codes": {
        "SNOMED-CT": [
          "293127000"
        ]
      },
      "description": "Diagnosis, Active: Anaphylactic Reaction to Hemophilus Influenza B (HiB) Vaccine (Code List: 2.16.840.1.113883.3.464.0003.99.02.0030)",
      "end_time": 1331182800,
      "free_text": null,
      "mood_code": "EVN",
      "name": null,
      "negationInd": null,
      "negationReason": null,
      "ordinality": null,
      "priority": null,
      "severity": null,
      "specifics": null,
      "start_time": 1247284800,
      "status_code": {
        "SNOMED-CT": [
          "55561003"
        ],
        "HL7 ActStatus": [
          "active"
        ]
      },
      "time": null,
      "type": null
    },
    {
      "_id": "50536a6c709357c7fa000362",
      "causeOfDeath": null,
      "codes": {
        "SNOMED-CT": [
          "293110008"
        ]
      },
      "description": "Diagnosis, Active: Anaphylactic Reaction to Hepatitis B Vaccine (Code List: 2.16.840.1.113883.3.464.0003.99.02.0029)",
      "end_time": 1333857600,
      "free_text": null,
      "mood_code": "EVN",
      "name": null,
      "negationInd": null,
      "negationReason": null,
      "ordinality": null,
      "priority": null,
      "severity": null,
      "specifics": null,
      "start_time": 988171200,
      "status_code": {
        "SNOMED-CT": [
          "55561003"
        ],
        "HL7 ActStatus": [
          "active"
        ]
      },
      "time": null,
      "type": null
    },
    {
      "_id": "50536a6c709357c7fa000363",
      "causeOfDeath": null,
      "codes": {
        "SNOMED-CT": [
          "34015007"
        ]
      },
      "description": "Diagnosis, Active: Anaphylactic Reaction to Common Baker's Yeast (Code List: 2.16.840.1.113883.3.464.0003.99.02.0032)",
      "end_time": 1336968000,
      "free_text": null,
      "mood_code": "EVN",
      "name": null,
      "negationInd": null,
      "negationReason": null,
      "ordinality": null,
      "priority": null,
      "severity": null,
      "specifics": null,
      "start_time": 1326776400,
      "status_code": {
        "SNOMED-CT": [
          "55561003"
        ],
        "HL7 ActStatus": [
          "active"
        ]
      },
      "time": null,
      "type": null
    },
    {
      "_id": "50536a6c709357c7fa000364",
      "causeOfDeath": null,
      "codes": {
        "SNOMED-CT": [
          "1116000"
        ],
        "ICD-9-CM": [
          "070.20"
        ],
        "ICD-10-CM": [
          "B16.0"
        ]
      },
      "description": "Diagnosis, Active: Hepatitis B (Code List: 2.16.840.1.113883.3.464.0003.10.02.0025)",
      "end_time": 1343534400,
      "free_text": null,
      "mood_code": "EVN",
      "name": null,
      "negationInd": null,
      "negationReason": null,
      "ordinality": null,
      "priority": null,
      "severity": null,
      "specifics": null,
      "start_time": 1335758400,
      "status_code": {
        "SNOMED-CT": [
          "55561003"
        ],
        "HL7 ActStatus": [
          "active"
        ]
      },
      "time": null,
      "type": null
    },
    {
      "_id": "50536a6c709357c7fa000365",
      "causeOfDeath": null,
      "codes": {
        "SNOMED-CT": [
          "1116000"
        ],
        "ICD-9-CM": [
          "070.20"
        ],
        "ICD-10-CM": [
          "B16.0"
        ]
      },
      "description": "Diagnosis, Inactive: Hepatitis B (Code List: 2.16.840.1.113883.3.464.0003.10.02.0025)",
      "end_time": 1125288000,
      "free_text": null,
      "mood_code": "EVN",
      "name": null,
      "negationInd": null,
      "negationReason": null,
      "ordinality": null,
      "priority": null,
      "severity": null,
      "specifics": null,
      "start_time": 1014526800,
      "status_code": {
        "SNOMED-CT": [
          "73425007"
        ]
      },
      "time": null,
      "type": null
    },
    {
      "_id": "50536a6c709357c7fa00036a",
      "causeOfDeath": null,
      "codes": {
        "ICD-9-CM": [
          "052.0"
        ],
        "ICD-10-CM": [
          "B01.0"
        ],
        "SNOMED-CT": [
          "4740000"
        ]
      },
      "description": "Diagnosis, Active: Varicella Zoster (Code List: 2.16.840.1.113883.3.464.0003.10.02.0039)",
      "end_time": 1088481600,
      "free_text": null,
      "mood_code": "EVN",
      "name": null,
      "negationInd": null,
      "negationReason": null,
      "ordinality": null,
      "priority": null,
      "severity": null,
      "specifics": null,
      "start_time": 1063598400,
      "status_code": {
        "SNOMED-CT": [
          "55561003"
        ],
        "HL7 ActStatus": [
          "active"
        ]
      },
      "time": null,
      "type": null
    },
    {
      "_id": "50536a6c709357c7fa00036b",
      "causeOfDeath": null,
      "codes": {
        "ICD-9-CM": [
          "052.0"
        ],
        "ICD-10-CM": [
          "B01.0"
        ],
        "SNOMED-CT": [
          "4740000"
        ]
      },
      "description": "Diagnosis, Inactive: Varicella Zoster (Code List: 2.16.840.1.113883.3.464.0003.10.02.0039)",
      "end_time": 1252209600,
      "free_text": null,
      "mood_code": "EVN",
      "name": null,
      "negationInd": null,
      "negationReason": null,
      "ordinality": null,
      "priority": null,
      "severity": null,
      "specifics": null,
      "start_time": 1146888000,
      "status_code": {
        "SNOMED-CT": [
          "73425007"
        ]
      },
      "time": null,
      "type": null
    },
    {
      "_id": "50536a6c709357c7fa00036c",
      "causeOfDeath": null,
      "codes": {
        "ICD-9-CM": [
          "052.0"
        ],
        "ICD-10-CM": [
          "B01.0"
        ],
        "SNOMED-CT": [
          "4740000"
        ]
      },
      "description": "Diagnosis, Resolved: Varicella Zoster (Code List: 2.16.840.1.113883.3.464.0003.10.02.0039)",
      "end_time": 1146283200,
      "free_text": null,
      "mood_code": "EVN",
      "name": null,
      "negationInd": null,
      "negationReason": null,
      "ordinality": null,
      "priority": null,
      "severity": null,
      "specifics": null,
      "start_time": 1121918400,
      "status_code": {
        "SNOMED-CT": [
          "413322009"
        ]
      },
      "time": null,
      "type": null
    },
    {
      "_id": "50536a6c709357c7fa00036f",
      "causeOfDeath": null,
      "codes": {
        "SNOMED-CT": [
          "293116002"
        ]
      },
      "description": "Diagnosis, Active: Anaphylactic Reaction to Pneumococcal Conjugate Vaccine (Code List: 2.16.840.1.113883.3.464.0003.99.02.0027)",
      "end_time": 1289970000,
      "free_text": null,
      "mood_code": "EVN",
      "name": null,
      "negationInd": null,
      "negationReason": null,
      "ordinality": null,
      "priority": null,
      "severity": null,
      "specifics": null,
      "start_time": 1065672000,
      "status_code": {
        "SNOMED-CT": [
          "55561003"
        ],
        "HL7 ActStatus": [
          "active"
        ]
      },
      "time": null,
      "type": null
    },
    {
      "_id": "50536a6c709357c7fa000374",
      "causeOfDeath": null,
      "codes": {
        "SNOMED-CT": [
          "293126009"
        ]
      },
      "description": "Diagnosis, Active: Anaphylactic Reaction to Hepatitis A Vaccine (Code List: 2.16.840.1.113883.3.464.0003.99.02.0026)",
      "end_time": 1276315200,
      "free_text": null,
      "mood_code": "EVN",
      "name": null,
      "negationInd": null,
      "negationReason": null,
      "ordinality": null,
      "priority": null,
      "severity": null,
      "specifics": null,
      "start_time": 1114574400,
      "status_code": {
        "SNOMED-CT": [
          "55561003"
        ],
        "HL7 ActStatus": [
          "active"
        ]
      },
      "time": null,
      "type": null
    },
    {
      "_id": "50536a6c709357c7fa000375",
      "causeOfDeath": null,
      "codes": {
        "ICD-9-CM": [
          "070.0"
        ],
        "SNOMED-CT": [
          "16060001"
        ],
        "ICD-10-CM": [
          "B15.0"
        ]
      },
      "description": "Diagnosis, Active: Hepatitis A (Code List: 2.16.840.1.113883.3.464.0003.10.02.0024)",
      "end_time": 1293685200,
      "free_text": null,
      "mood_code": "EVN",
      "name": null,
      "negationInd": null,
      "negationReason": null,
      "ordinality": null,
      "priority": null,
      "severity": null,
      "specifics": null,
      "start_time": 1163307600,
      "status_code": {
        "SNOMED-CT": [
          "55561003"
        ],
        "HL7 ActStatus": [
          "active"
        ]
      },
      "time": null,
      "type": null
    },
    {
      "_id": "50536a6c709357c7fa000376",
      "causeOfDeath": null,
      "codes": {
        "ICD-9-CM": [
          "070.0"
        ],
        "SNOMED-CT": [
          "16060001"
        ],
        "ICD-10-CM": [
          "B15.0"
        ]
      },
      "description": "Diagnosis, Resolved: Hepatitis A (Code List: 2.16.840.1.113883.3.464.0003.10.02.0024)",
      "end_time": 1317960000,
      "free_text": null,
      "mood_code": "EVN",
      "name": null,
      "negationInd": null,
      "negationReason": null,
      "ordinality": null,
      "priority": null,
      "severity": null,
      "specifics": null,
      "start_time": 1052020800,
      "status_code": {
        "SNOMED-CT": [
          "413322009"
        ]
      },
      "time": null,
      "type": null
    },
    {
      "_id": "50536a6c709357c7fa000379",
      "causeOfDeath": null,
      "codes": {
        "SNOMED-CT": [
          "xxxxxxxxx"
        ]
      },
      "description": "Diagnosis, Active: Anaphylactic Reaction to Rotavirus Vaccine (Code List: 2.16.840.1.113883.3.464.0003.99.02.0021)",
      "end_time": 1249099200,
      "free_text": null,
      "mood_code": "EVN",
      "name": null,
      "negationInd": null,
      "negationReason": null,
      "ordinality": null,
      "priority": null,
      "severity": null,
      "specifics": null,
      "start_time": 1093320000,
      "status_code": {
        "SNOMED-CT": [
          "55561003"
        ],
        "HL7 ActStatus": [
          "active"
        ]
      },
      "time": null,
      "type": null
    },
    {
      "_id": "50536a6c709357c7fa000380",
      "causeOfDeath": null,
      "codes": {
        "SNOMED-CT": [
          "420113004"
        ]
      },
      "description": "Diagnosis, Active: Anaphylactic Reaction to Influenza Vaccine (Code List: 2.16.840.1.113883.3.464.0003.99.02.0022)",
      "end_time": 1256097600,
      "free_text": null,
      "mood_code": "EVN",
      "name": null,
      "negationInd": null,
      "negationReason": null,
      "ordinality": null,
      "priority": null,
      "severity": null,
      "specifics": null,
      "start_time": 991022400,
      "status_code": {
        "SNOMED-CT": [
          "55561003"
        ],
        "HL7 ActStatus": [
          "active"
        ]
      },
      "time": null,
      "type": null
    }
  ],
  "deathdate": null,
  "effective_time": null,
  "elimination_population": null,
  "elimination_reason": null,
  "ethnicity": "2186-5",
  "expired": null,
  "first": "Anita",
  "gender": "F",
  "languages": [
    "en-US"
  ],
  "last": "Fields",
  "marital_status": null,
  "measure_id": null,
  "measure_ids": null,
  "medical_record_number": "1144676428",
  "medications": [
    {
      "_id": "50536a6c709357c7fa000341",
      "administrationTiming": null,
      "codes": {
        "CVX": [
          "20"
        ]
      },
      "cumulativeMedicationDuration": null,
      "deliveryMethod": null,
      "description": "DTaP Vaccine (Code List: 2.16.840.1.113883.3.464.0003.96.02.0214)",
      "dose": null,
      "doseIndicator": null,
      "doseRestriction": null,
      "end_time": 955944000,
      "freeTextSig": null,
      "free_text": null,
      "fulfillmentInstructions": null,
      "indication": null,
      "mood_code": "EVN",
      "negationInd": null,
      "negationReason": null,
      "patientInstructions": null,
      "productForm": null,
      "reaction": null,
      "route": null,
      "site": null,
      "specifics": null,
      "start_time": 872568000,
      "statusOfMedication": null,
      "status_code": null,
      "time": null,
      "typeOfMedication": null,
      "vehicle": null
    },
    {
      "_id": "50536a6c709357c7fa000346",
      "administrationTiming": null,
      "codes": {
        "CVX": [
          "10"
        ]
      },
      "cumulativeMedicationDuration": null,
      "deliveryMethod": null,
      "description": "Inactivated Polio Vaccine (IPV) (Code List: 2.16.840.1.113883.3.464.0003.96.02.0219)",
      "dose": null,
      "doseIndicator": null,
      "doseRestriction": null,
      "end_time": 1268884800,
      "freeTextSig": null,
      "free_text": null,
      "fulfillmentInstructions": null,
      "indication": null,
      "mood_code": "EVN",
      "negationInd": null,
      "negationReason": null,
      "patientInstructions": null,
      "productForm": null,
      "reaction": null,
      "route": null,
      "site": null,
      "specifics": null,
      "start_time": 1259038800,
      "statusOfMedication": null,
      "status_code": null,
      "time": null,
      "typeOfMedication": null,
      "vehicle": null
    },
    {
      "_id": "50536a6c709357c7fa00034c",
      "administrationTiming": null,
      "codes": {
        "CVX": [
          "03"
        ]
      },
      "cumulativeMedicationDuration": null,
      "deliveryMethod": null,
      "description": "Medication, Administered: Measles, Mumps and Rubella (MMR) Vaccine (Code List: 2.16.840.1.113883.3.464.0003.96.02.0224)",
      "dose": null,
      "doseIndicator": null,
      "doseRestriction": null,
      "end_time": 1254974400,
      "freeTextSig": null,
      "free_text": null,
      "fulfillmentInstructions": null,
      "indication": null,
      "mood_code": "EVN",
      "negationInd": null,
      "negationReason": null,
      "patientInstructions": null,
      "productForm": null,
      "reaction": null,
      "route": null,
      "site": null,
      "specifics": null,
      "start_time": 1214020800,
      "statusOfMedication": null,
      "status_code": null,
      "time": null,
      "typeOfMedication": null,
      "vehicle": null
    },
    {
      "_id": "50536a6c709357c7fa00035e",
      "administrationTiming": null,
      "codes": {
        "CVX": [
          "48"
        ]
      },
      "cumulativeMedicationDuration": null,
      "deliveryMethod": null,
      "description": "Hemophilus Influenze B (HiB) Vaccine (Code List: 2.16.840.1.113883.3.464.0003.96.02.0217)",
      "dose": null,
      "doseIndicator": null,
      "doseRestriction": null,
      "end_time": 1307160000,
      "freeTextSig": null,
      "free_text": null,
      "fulfillmentInstructions": null,
      "indication": null,
      "mood_code": "EVN",
      "negationInd": null,
      "negationReason": null,
      "patientInstructions": null,
      "productForm": null,
      "reaction": null,
      "route": null,
      "site": null,
      "specifics": null,
      "start_time": 1242878400,
      "statusOfMedication": null,
      "status_code": null,
      "time": null,
      "typeOfMedication": null,
      "vehicle": null
    },
    {
      "_id": "50536a6c709357c7fa000360",
      "administrationTiming": null,
      "codes": {
        "CVX": [
          "08"
        ]
      },
      "cumulativeMedicationDuration": null,
      "deliveryMethod": null,
      "description": "Hepatitis B Vaccine (Code List: 2.16.840.1.113883.3.464.0003.96.02.0216)",
      "dose": null,
      "doseIndicator": null,
      "doseRestriction": null,
      "end_time": 1234760400,
      "freeTextSig": null,
      "free_text": null,
      "fulfillmentInstructions": null,
      "indication": null,
      "mood_code": "EVN",
      "negationInd": null,
      "negationReason": null,
      "patientInstructions": null,
      "productForm": null,
      "reaction": null,
      "route": null,
      "site": null,
      "specifics": null,
      "start_time": 1184385600,
      "statusOfMedication": null,
      "status_code": null,
      "time": null,
      "typeOfMedication": null,
      "vehicle": null
    },
    {
      "_id": "50536a6c709357c7fa000368",
      "administrationTiming": null,
      "codes": {
        "CVX": [
          "21"
        ]
      },
      "cumulativeMedicationDuration": null,
      "deliveryMethod": null,
      "description": "Medication, Administered: Varicella Zoster Vaccine (VZV) (Code List: 2.16.840.1.113883.3.464.0003.96.02.0170)",
      "dose": null,
      "doseIndicator": null,
      "doseRestriction": null,
      "end_time": 1166677200,
      "freeTextSig": null,
      "free_text": null,
      "fulfillmentInstructions": null,
      "indication": null,
      "mood_code": "EVN",
      "negationInd": null,
      "negationReason": null,
      "patientInstructions": null,
      "productForm": null,
      "reaction": null,
      "route": null,
      "site": null,
      "specifics": null,
      "start_time": 1096603200,
      "statusOfMedication": null,
      "status_code": null,
      "time": null,
      "typeOfMedication": null,
      "vehicle": null
    },
    {
      "_id": "50536a6c709357c7fa000370",
      "administrationTiming": null,
      "codes": {
        "CVX": [
          "33"
        ]
      },
      "cumulativeMedicationDuration": null,
      "deliveryMethod": null,
      "description": "Pneumococcal Conjugate Vaccine (Code List: 2.16.840.1.113883.3.464.0003.96.02.0221)",
      "dose": null,
      "doseIndicator": null,
      "doseRestriction": null,
      "end_time": 1323925200,
      "freeTextSig": null,
      "free_text": null,
      "fulfillmentInstructions": null,
      "indication": null,
      "mood_code": "EVN",
      "negationInd": null,
      "negationReason": null,
      "patientInstructions": null,
      "productForm": null,
      "reaction": null,
      "route": null,
      "site": null,
      "specifics": null,
      "start_time": 1249358400,
      "statusOfMedication": null,
      "status_code": null,
      "time": null,
      "typeOfMedication": null,
      "vehicle": null
    },
    {
      "_id": "50536a6c709357c7fa000372",
      "administrationTiming": null,
      "codes": {
        "CVX": [
          "83"
        ]
      },
      "cumulativeMedicationDuration": null,
      "deliveryMethod": null,
      "description": "Medication, Administered: Hepatitis A Vaccine (Code List: 2.16.840.1.113883.3.464.0003.96.02.0215)",
      "dose": null,
      "doseIndicator": null,
      "doseRestriction": null,
      "end_time": 1309406400,
      "freeTextSig": null,
      "free_text": null,
      "fulfillmentInstructions": null,
      "indication": null,
      "mood_code": "EVN",
      "negationInd": null,
      "negationReason": null,
      "patientInstructions": null,
      "productForm": null,
      "reaction": null,
      "route": null,
      "site": null,
      "specifics": null,
      "start_time": 1164085200,
      "statusOfMedication": null,
      "status_code": null,
      "time": null,
      "typeOfMedication": null,
      "vehicle": null
    },
    {
      "_id": "50536a6c709357c7fa00037a",
      "administrationTiming": null,
      "codes": {
        "CVX": [
          "119"
        ]
      },
      "cumulativeMedicationDuration": null,
      "deliveryMethod": null,
      "description": "Rotavirus Vaccine (2 dose schedule) (Code List: 2.16.840.1.113883.3.464.0003.96.02.0222)",
      "dose": null,
      "doseIndicator": null,
      "doseRestriction": null,
      "end_time": 1246766400,
      "freeTextSig": null,
      "free_text": null,
      "fulfillmentInstructions": null,
      "indication": null,
      "mood_code": "EVN",
      "negationInd": null,
      "negationReason": null,
      "patientInstructions": null,
      "productForm": null,
      "reaction": null,
      "route": null,
      "site": null,
      "specifics": null,
      "start_time": 1061870400,
      "statusOfMedication": null,
      "status_code": null,
      "time": null,
      "typeOfMedication": null,
      "vehicle": null
    },
    {
      "_id": "50536a6c709357c7fa00037c",
      "administrationTiming": null,
      "codes": {
        "CVX": [
          "116"
        ]
      },
      "cumulativeMedicationDuration": null,
      "deliveryMethod": null,
      "description": "Rotavirus Vaccine (3 dose schedule) (Code List: 2.16.840.1.113883.3.464.0003.96.02.0223)",
      "dose": null,
      "doseIndicator": null,
      "doseRestriction": null,
      "end_time": 1264654800,
      "freeTextSig": null,
      "free_text": null,
      "fulfillmentInstructions": null,
      "indication": null,
      "mood_code": "EVN",
      "negationInd": null,
      "negationReason": null,
      "patientInstructions": null,
      "productForm": null,
      "reaction": null,
      "route": null,
      "site": null,
      "specifics": null,
      "start_time": 1047099600,
      "statusOfMedication": null,
      "status_code": null,
      "time": null,
      "typeOfMedication": null,
      "vehicle": null
    },
    {
      "_id": "50536a6c709357c7fa00037e",
      "administrationTiming": null,
      "codes": {
        "CVX": [
          "111"
        ]
      },
      "cumulativeMedicationDuration": null,
      "deliveryMethod": null,
      "description": "Influenza Vaccine (Code List: 2.16.840.1.113883.3.464.0003.96.02.0218)",
      "dose": null,
      "doseIndicator": null,
      "doseRestriction": null,
      "end_time": 1338264000,
      "freeTextSig": null,
      "free_text": null,
      "fulfillmentInstructions": null,
      "indication": null,
      "mood_code": "EVN",
      "negationInd": null,
      "negationReason": null,
      "patientInstructions": null,
      "productForm": null,
      "reaction": null,
      "route": null,
      "site": null,
      "specifics": null,
      "start_time": 1281758400,
      "statusOfMedication": null,
      "status_code": null,
      "time": null,
      "typeOfMedication": null,
      "vehicle": null
    }
  ],
  "procedures": [
    {
      "_id": "50536a6c709357c7fa000342",
      "codes": {
        "CPT": [
          "90698"
        ],
        "SNOMED-CT": [
          "412755006"
        ]
      },
      "description": "DTaP Vaccine Administered (Code List: 2.16.840.1.113883.3.464.0003.10.02.0022)",
      "end_time": 1160107200,
      "free_text": null,
      "mood_code": "EVN",
      "negationInd": null,
      "negationReason": null,
      "performer_id": null,
      "site": null,
      "specifics": null,
      "start_time": 1042261200,
      "status_code": null,
      "time": null
    },
    {
      "_id": "50536a6c709357c7fa000347",
      "codes": {
        "SNOMED-CT": [
          "396456003"
        ],
        "CPT": [
          "90698"
        ]
      },
      "description": "Inactivated Polio Vaccine (IPV) Administered (Code List: 2.16.840.1.113883.3.464.0003.10.02.0045)",
      "end_time": 1308628800,
      "free_text": null,
      "mood_code": "EVN",
      "negationInd": null,
      "negationReason": null,
      "performer_id": null,
      "site": null,
      "specifics": null,
      "start_time": 1295586000,
      "status_code": null,
      "time": null
    },
    {
      "_id": "50536a6c709357c7fa00034d",
      "codes": {
        "CPT": [
          "90707"
        ],
        "SNOMED-CT": [
          "38598009"
        ]
      },
      "description": "Procedure, Performed: Measles, Mumps and Rubella (MMR) Vaccine Administered (Code List: 2.16.840.1.113883.3.464.0003.10.02.0031)",
      "end_time": 1344830400,
      "free_text": null,
      "mood_code": "EVN",
      "negationInd": null,
      "negationReason": null,
      "performer_id": null,
      "site": null,
      "specifics": null,
      "start_time": 1331182800,
      "status_code": null,
      "time": null
    },
    {
      "_id": "50536a6c709357c7fa00035f",
      "codes": {
        "CPT": [
          "90645"
        ],
        "SNOMED-CT": [
          "127787002"
        ]
      },
      "description": "Hemophilus Influenze B (HiB) Vaccine Administered (Code List: 2.16.840.1.113883.3.464.0003.10.02.0043)",
      "end_time": 1322629200,
      "free_text": null,
      "mood_code": "EVN",
      "negationInd": null,
      "negationReason": null,
      "performer_id": null,
      "site": null,
      "specifics": null,
      "start_time": 1189137600,
      "status_code": null,
      "time": null
    },
    {
      "_id": "50536a6c709357c7fa000361",
      "codes": {
        "CPT": [
          "90723"
        ],
        "SNOMED-CT": [
          "16584000"
        ]
      },
      "description": "Hepatitis B Vaccine Administered (Code List: 2.16.840.1.113883.3.464.0003.10.02.0042)",
      "end_time": 1116734400,
      "free_text": null,
      "mood_code": "EVN",
      "negationInd": null,
      "negationReason": null,
      "performer_id": null,
      "site": null,
      "specifics": null,
      "start_time": 985410000,
      "status_code": null,
      "time": null
    },
    {
      "_id": "50536a6c709357c7fa000369",
      "codes": {
        "CPT": [
          "90710"
        ],
        "SNOMED-CT": [
          "68525005"
        ]
      },
      "description": "Procedure, Performed: Varicella Zoster Vaccine (VZV) Administered (Code List: 2.16.840.1.113883.3.464.0003.10.02.0040)",
      "end_time": 1144728000,
      "free_text": null,
      "mood_code": "EVN",
      "negationInd": null,
      "negationReason": null,
      "performer_id": null,
      "site": null,
      "specifics": null,
      "start_time": 1135746000,
      "status_code": null,
      "time": null
    },
    {
      "_id": "50536a6c709357c7fa000371",
      "codes": {
        "CPT": [
          "90669"
        ]
      },
      "description": "Pneumococcal Conjugate Vaccine Administered (Code List: 2.16.840.1.113883.3.464.0003.10.02.0046)",
      "end_time": 1287460800,
      "free_text": null,
      "mood_code": "EVN",
      "negationInd": null,
      "negationReason": null,
      "performer_id": null,
      "site": null,
      "specifics": null,
      "start_time": 1260594000,
      "status_code": null,
      "time": null
    },
    {
      "_id": "50536a6c709357c7fa000373",
      "codes": {
        "CPT": [
          "90633"
        ],
        "SNOMED-CT": [
          "170378007"
        ]
      },
      "description": "Procedure, Performed: Hepatitis A Vaccine Administered (Code List: 2.16.840.1.113883.3.464.0003.10.02.0041)",
      "end_time": 1269662400,
      "free_text": null,
      "mood_code": "EVN",
      "negationInd": null,
      "negationReason": null,
      "performer_id": null,
      "site": null,
      "specifics": null,
      "start_time": 1264309200,
      "status_code": null,
      "time": null
    },
    {
      "_id": "50536a6c709357c7fa00037b",
      "codes": {
        "CPT": [
          "90681"
        ]
      },
      "description": "Rotavirus Vaccine (2 dose schedule) Administered (Code List: 2.16.840.1.113883.3.464.0003.10.02.0048)",
      "end_time": 1336017600,
      "free_text": null,
      "mood_code": "EVN",
      "negationInd": null,
      "negationReason": null,
      "performer_id": null,
      "site": null,
      "specifics": null,
      "start_time": 1316404800,
      "status_code": null,
      "time": null
    },
    {
      "_id": "50536a6c709357c7fa00037d",
      "codes": {
        "CPT": [
          "90680"
        ]
      },
      "description": "Rotavirus Vaccine (3 dose schedule) Administered (Code List: 2.16.840.1.113883.3.464.0003.10.02.0047)",
      "end_time": 1285560000,
      "free_text": null,
      "mood_code": "EVN",
      "negationInd": null,
      "negationReason": null,
      "performer_id": null,
      "site": null,
      "specifics": null,
      "start_time": 1162270800,
      "status_code": null,
      "time": null
    },
    {
      "_id": "50536a6c709357c7fa00037f",
      "codes": {
        "CPT": [
          "90655"
        ],
        "SNOMED-CT": [
          "86198006"
        ]
      },
      "description": "Influenza Vaccine Administered (Code List: 2.16.840.1.113883.3.464.0003.10.02.0044)",
      "end_time": 1331355600,
      "free_text": null,
      "mood_code": "EVN",
      "negationInd": null,
      "negationReason": null,
      "performer_id": null,
      "site": null,
      "specifics": null,
      "start_time": 1110430800,
      "status_code": null,
      "time": null
    }
  ],
  "race": "2106-3",
  "religious_affilication": null,
  "source_data_criteria": null,
  "test_id": null,
  "title": null,
  "vital_signs": [
    {
      "_id": "50536a6c709357c7fa000353",
      "codes": {
        "LOINC": [
          "21500-4"
        ]
      },
      "description": "Laboratory Test, Result: Measles Antigen Test (Code List: 2.16.840.1.113883.3.464.0003.98.02.0029)",
      "end_time": 1284004800,
      "free_text": null,
      "interpretation": null,
      "mood_code": "EVN",
      "negationInd": null,
      "negationReason": null,
      "referenceRange": null,
      "specifics": null,
      "start_time": 1057204800,
      "status_code": null,
      "time": null,
      "values": [
        {
          "_id": "50536a6c709357c7fa000354",
          "codes": {
            "SNOMED-CT": [
              "4879001"
            ]
          }
        }
      ]
    },
    {
      "_id": "50536a6c709357c7fa000357",
      "codes": {
        "LOINC": [
          "21401-5"
        ]
      },
      "description": "Laboratory Test, Result: Mumps Antigen Test (Code List: 2.16.840.1.113883.3.464.0003.98.02.0028)",
      "end_time": 1085284800,
      "free_text": null,
      "interpretation": null,
      "mood_code": "EVN",
      "negationInd": null,
      "negationReason": null,
      "referenceRange": null,
      "specifics": null,
      "start_time": 1055995200,
      "status_code": null,
      "time": null,
      "values": [
        {
          "_id": "50536a6c709357c7fa000358",
          "codes": {
            "SNOMED-CT": [
              "4879001"
            ]
          }
        }
      ]
    },
    {
      "_id": "50536a6c709357c7fa00035b",
      "codes": {
        "LOINC": [
          "22497-2"
        ]
      },
      "description": "Laboratory Test, Result: Rubella Antigen Test (Code List: 2.16.840.1.113883.3.464.0003.98.02.0030)",
      "end_time": 1325998800,
      "free_text": null,
      "interpretation": null,
      "mood_code": "EVN",
      "negationInd": null,
      "negationReason": null,
      "referenceRange": null,
      "specifics": null,
      "start_time": 1323493200,
      "status_code": null,
      "time": null,
      "values": [
        {
          "_id": "50536a6c709357c7fa00035c",
          "codes": {
            "SNOMED-CT": [
              "4879001"
            ]
          }
        }
      ]
    },
    {
      "_id": "50536a6c709357c7fa000366",
      "codes": {
        "LOINC": [
          "32019-2"
        ]
      },
      "description": "Laboratory Test, Result: Hepatitis B Antigen Test (Code List: 2.16.840.1.113883.3.464.0003.98.02.0031)",
      "end_time": 1305086400,
      "free_text": null,
      "interpretation": null,
      "mood_code": "EVN",
      "negationInd": null,
      "negationReason": null,
      "referenceRange": null,
      "specifics": null,
      "start_time": 1298091600,
      "status_code": null,
      "time": null,
      "values": [
        {
          "_id": "50536a6c709357c7fa000367",
          "codes": {
            "SNOMED-CT": [
              "4879001"
            ]
          }
        }
      ]
    },
    {
      "_id": "50536a6c709357c7fa00036d",
      "codes": {
        "LOINC": [
          "21592-1"
        ]
      },
      "description": "Laboratory Test, Result: Varicella Zoster Antigen Test (Code List: 2.16.840.1.113883.3.464.0003.98.02.0032)",
      "end_time": 1278129600,
      "free_text": null,
      "interpretation": null,
      "mood_code": "EVN",
      "negationInd": null,
      "negationReason": null,
      "referenceRange": null,
      "specifics": null,
      "start_time": 1273464000,
      "status_code": null,
      "time": null,
      "values": [
        {
          "_id": "50536a6c709357c7fa00036e",
          "codes": {
            "SNOMED-CT": [
              "4879001"
            ]
          }
        }
      ]
    },
    {
      "_id": "50536a6c709357c7fa000377",
      "codes": {
        "LOINC": [
          "22312-3"
        ]
      },
      "description": "Laboratory Test, Result: Hepatitis A Antigen Test (Code List: 2.16.840.1.113883.3.464.0003.98.02.0033)",
      "end_time": 1261890000,
      "free_text": null,
      "interpretation": null,
      "mood_code": "EVN",
      "negationInd": null,
      "negationReason": null,
      "referenceRange": null,
      "specifics": null,
      "start_time": 1008219600,
      "status_code": null,
      "time": null,
      "values": [
        {
          "_id": "50536a6c709357c7fa000378",
          "codes": {
            "SNOMED-CT": [
              "4879001"
            ]
          }
        }
      ]
    }
  ]
}