{
  "_id": "50536a6c709357c7fa000326",
  "birthdate": 972446400,
  "clinicalTrialParticipant": null,
  "conditions": [
    {
      "_id": "50536a6c709357c7fa000328",
      "causeOfDeath": null,
      "codes": {
        "ICD-9-CM": [
          "296.00"
        ],
        "SNOMED-CT": [
          "162004"
        ],
        "ICD-10-CM": [
          "F30.2"
        ]
      },
      "description": "Diagnosis, Active: Bipolar Disorder (Code List: 2.16.840.1.113883.3.67.1.101.1.128)",
      "end_time": 1126497600,
      "free_text": null,
      "mood_code": "EVN",
      "name": null,
      "negationInd": null,
      "negationReason": null,
      "ordinality": null,
      "priority": null,
      "severity": null,
      "specifics": null,
      "start_time": 810964800,
      "status_code": {
        "SNOMED-CT": [
          "55561003"
        ],
        "HL7 ActStatus": [
          "active"
        ]
      },
      "time": null,
      "type": null
    },
    {
      "_id": "50536a6c709357c7fa000329",
      "causeOfDeath": null,
      "codes": {
        "ICD-9-CM": [
          "300.14"
        ],
        "ICD-10-CM": [
          "F21"
        ],
        "SNOMED-CT": [
          "600009"
        ]
      },
      "description": "Diagnosis, Active: Personality Disorder (Code List: 2.16.840.1.113883.3.67.1.101.1.246)",
      "end_time": 1066017600,
      "free_text": null,
      "mood_code": "EVN",
      "name": null,
      "negationInd": null,
      "negationReason": null,
      "ordinality": null,
      "priority": null,
      "severity": null,
      "specifics": null,
      "start_time": 996379200,
      "status_code": {
        "SNOMED-CT": [
          "55561003"
        ],
        "HL7 ActStatus": [
          "active"
        ]
      },
      "time": null,
      "type": null
    },
    {
      "_id": "50536a6c709357c7fa00032e",
      "causeOfDeath": null,
      "codes": {
        "SNOMED-CT": [
          "832007"
        ],
        "ICD-9-CM": [
          "296.20"
        ],
        "ICD-10-CM": [
          "F32.0"
        ]
      },
      "description": "Diagnosis, Active: Major Depression (Code List: 2.16.840.1.113883.3.67.1.101.1.250)",
      "end_time": 1322974800,
      "free_text": null,
      "mood_code": "EVN",
      "name": null,
      "negationInd": null,
      "negationReason": null,
      "ordinality": null,
      "priority": null,
      "severity": null,
      "specifics": null,
      "start_time": 1289797200,
      "status_code": {
        "SNOMED-CT": [
          "55561003"
        ],
        "HL7 ActStatus": [
          "active"
        ]
      },
      "time": null,
      "type": null
    },
    {
      "_id": "50536a6c709357c7fa000330",
      "causeOfDeath": null,
      "codes": {
        "ICD-9-CM": [
          "300.4"
        ],
        "ICD-10-CM": [
          "F34.1"
        ],
        "SNOMED-CT": [
          "2506003"
        ]
      },
      "description": "Diagnosis, Active: Dysthymia (Code List: 2.16.840.1.113883.3.67.1.101.1.254)",
      "end_time": 1073019600,
      "free_text": null,
      "mood_code": "EVN",
      "name": null,
      "negationInd": null,
      "negationReason": null,
      "ordinality": null,
      "priority": null,
      "severity": null,
      "specifics": null,
      "start_time": 984459600,
      "status_code": {
        "SNOMED-CT": [
          "55561003"
        ],
        "HL7 ActStatus": [
          "active"
        ]
      },
      "time": null,
      "type": null
    },
    {
      "_id": "50536a6c709357c7fa000331",
      "causeOfDeath": null,
      "codes": {
        "SNOMED-CT": [
          "832007"
        ],
        "ICD-9-CM": [
          "296.20"
        ],
        "ICD-10-CM": [
          "F32.0"
        ]
      },
      "description": "Diagnosis, Active: Major Depression (Code List: 2.16.840.1.113883.3.67.1.101.1.250)",
      "end_time": 1337054400,
      "free_text": null,
      "mood_code": "EVN",
      "name": null,
      "negationInd": null,
      "negationReason": null,
      "ordinality": "{\"SNOMED-CT\"=>[\"8319008\"]}",
      "priority": null,
      "severity": null,
      "specifics": null,
      "start_time": 997329600,
      "status_code": {
        "SNOMED-CT": [
          "55561003"
        ],
        "HL7 ActStatus": [
          "active"
        ]
      },
      "time": null,
      "type": null
    },
    {
      "_id": "50536a6c709357c7fa000333",
      "causeOfDeath": null,
      "codes": {
        "ICD-9-CM": [
          "300.4"
        ],
        "ICD-10-CM": [
          "F34.1"
        ],
        "SNOMED-CT": [
          "2506003"
        ]
      },
      "description": "Diagnosis, Active: Dysthymia (Code List: 2.16.840.1.113883.3.67.1.101.1.254)",
      "end_time": 1325394000,
      "free_text": null,
      "mood_code": "EVN",
      "name": null,
      "negationInd": null,
      "negationReason": null,
      "ordinality": "{\"SNOMED-CT\"=>[\"8319008\"]}",
      "priority": null,
      "severity": null,
      "specifics": null,
      "start_time": 1064635200,
      "status_code": {
        "SNOMED-CT": [
          "55561003"
        ],
        "HL7 ActStatus": [
          "active"
        ]
      },
      "time": null,
      "type": null
    }
  ],
  "deathdate": null,
  "effective_time": null,
  "elimination_population": null,
  "elimination_reason": null,
  "encounters": [
    {
      "_id": "50536a6c709357c7fa00032a",
      "admitType": null,
      "admit_time": null,
      "codes": {
        "SNOMED-CT": [
          "20733006"
        ]
      },
      "description": "Encounter, Performed: Residence (Code List: 2.16.840.1.113883.3.67.1.101.11.725)",
      "dischargeDisposition": null,
      "discharge_time": null,
      "end_time": 1326517200,
      "facility": {
        "_id": "50536a6c709357c7fa00032b",
        "code": null,
        "codes": {
          "SNOMED-CT": [
            "160734000"
          ]
        },
        "name": "Nursing Home"
      },
      "free_text": null,
      "mood_code": "EVN",
      "negationInd": null,
      "negationReason": null,
      "performer_id": null,
      "specifics": null,
      "start_time": 1301544000,
      "status_code": null,
      "time": null
    },
    {
      "_id": "50536a6c709357c7fa00032c",
      "admitType": null,
      "admit_time": null,
      "codes": {
        "SNOMED-CT": [
          "20733006"
        ]
      },
      "description": "Residence (Code List: 2.16.840.1.113883.3.67.1.101.11.725)",
      "dischargeDisposition": null,
      "discharge_time": null,
      "end_time": 1124769600,
      "free_text": null,
      "mood_code": "EVN",
      "negationInd": null,
      "negationReason": null,
      "performer_id": null,
      "specifics": null,
      "start_time": 985582800,
      "status_code": null,
      "time": null
    },
    {
      "_id": "50536a6c709357c7fa00032f",
      "admitType": null,
      "admit_time": null,
      "codes": {
        "CPT": [
          "99201"
        ]
      },
      "description": "Encounter, Performed: Office Visit (Code List: 2.16.840.1.113883.3.464.1003.101.12.1001)",
      "dischargeDisposition": null,
      "discharge_time": null,
      "end_time": 1261285200,
      "free_text": null,
      "mood_code": "EVN",
      "negationInd": null,
      "negationReason": null,
      "performer_id": null,
      "specifics": null,
      "start_time": 993960000,
      "status_code": null,
      "time": null
    },
    {
      "_id": "50536a6c709357c7fa000332",
      "admitType": null,
      "admit_time": null,
      "codes": {
        "CPT": [
          "99395"
        ]
      },
      "description": "Encounter, Performed: Preventive Care Services - Established Office Visit, 18 and Up (Code List: 2.16.840.1.113883.3.464.1003.101.12.1025)",
      "dischargeDisposition": null,
      "discharge_time": null,
      "end_time": 1218513600,
      "free_text": null,
      "mood_code": "EVN",
      "negationInd": null,
      "negationReason": null,
      "performer_id": null,
      "specifics": null,
      "start_time": 1033185600,
      "status_code": null,
      "time": null
    },
    {
      "_id": "50536a6c709357c7fa000334",
      "admitType": null,
      "admit_time": null,
      "codes": {
        "CPT": [
          "99341"
        ]
      },
      "description": "Encounter, Performed: Home Healthcare Services (Code List: 2.16.840.1.113883.3.464.1003.101.12.1016)",
      "dischargeDisposition": null,
      "discharge_time": null,
      "end_time": 1160884800,
      "free_text": null,
      "mood_code": "EVN",
      "negationInd": null,
      "negationReason": null,
      "performer_id": null,
      "specifics": null,
      "start_time": 1130734800,
      "status_code": null,
      "time": null
    },
    {
      "_id": "50536a6c709357c7fa000335",
      "admitType": null,
      "admit_time": null,
      "codes": {
        "CPT": [
          "99218"
        ]
      },
      "description": "Encounter, Performed: Hospital Observation Care - Initial (Code List: 2.16.840.1.113883.3.464.1003.101.12.1002)",
      "dischargeDisposition": null,
      "discharge_time": null,
      "end_time": 1347076800,
      "free_text": null,
      "mood_code": "EVN",
      "negationInd": null,
      "negationReason": null,
      "performer_id": null,
      "specifics": null,
      "start_time": 1323234000,
      "status_code": null,
      "time": null
    },
    {
      "_id": "50536a6c709357c7fa000336",
      "admitType": null,
      "admit_time": null,
      "codes": {
        "CPT": [
          "99211"
        ]
      },
      "description": "Encounter, Performed: Office or Other Outpatient Visit for E/M of Established Patient (Code List: 2.16.840.1.113883.3.67.1.101.3.2014)",
      "dischargeDisposition": null,
      "discharge_time": null,
      "end_time": 1300161600,
      "free_text": null,
      "mood_code": "EVN",
      "negationInd": null,
      "negationReason": null,
      "performer_id": null,
      "specifics": null,
      "start_time": 1232254800,
      "status_code": null,
      "time": null
    },
    {
      "_id": "50536a6c709357c7fa000337",
      "admitType": null,
      "admit_time": null,
      "codes": {
        "CPT": [
          "99217"
        ]
      },
      "description": "Encounter, Performed: Observation Care Discharge Day Management (Code List: 2.16.840.1.113883.3.67.1.101.3.2015)",
      "dischargeDisposition": null,
      "discharge_time": null,
      "end_time": 1331697600,
      "free_text": null,
      "mood_code": "EVN",
      "negationInd": null,
      "negationReason": null,
      "performer_id": null,
      "specifics": null,
      "start_time": 1305086400,
      "status_code": null,
      "time": null
    },
    {
      "_id": "50536a6c709357c7fa000338",
      "admitType": null,
      "admit_time": null,
      "codes": {
        "CPT": [
          "99401"
        ]
      },
      "description": "Encounter, Performed: Preventive Care Services-Individual Counseling (Code List: 2.16.840.1.113883.3.464.1003.101.12.1026)",
      "dischargeDisposition": null,
      "discharge_time": null,
      "end_time": 1328418000,
      "free_text": null,
      "mood_code": "EVN",
      "negationInd": null,
      "negationReason": null,
      "performer_id": null,
      "specifics": null,
      "start_time": 1274328000,
      "status_code": null,
      "time": null
    },
    {
      "_id": "50536a6c709357c7fa000339",
      "admitType": null,
      "admit_time": null,
      "codes": {
        "CPT": [
          "90810"
        ]
      },
      "description": "Encounter, Performed: Psych Visit - Individual Outpatient Interactive Psychotherapy (Code List: 2.16.840.1.113883.3.526.3.1015)",
      "dischargeDisposition": null,
      "discharge_time": null,
      "end_time": 1336536000,
      "free_text": null,
      "mood_code": "EVN",
      "negationInd": null,
      "negationReason": null,
      "performer_id": null,
      "specifics": null,
      "start_time": 1301198400,
      "status_code": null,
      "time": null
    },
    {
      "_id": "50536a6c709357c7fa00033a",
      "admitType": null,
      "admit_time": null,
      "codes": {
        "CPT": [
          "90804"
        ]
      },
      "description": "Encounter, Performed: Psych Visit - Individual Outpatient Psychotherapy (Code List: 2.16.840.1.113883.3.526.3.1014)",
      "dischargeDisposition": null,
      "discharge_time": null,
      "end_time": 1175140800,
      "free_text": null,
      "mood_code": "EVN",
      "negationInd": null,
      "negationReason": null,
      "performer_id": null,
      "specifics": null,
      "start_time": 980139600,
      "status_code": null,
      "time": null
    },
    {
      "_id": "50536a6c709357c7fa00033b",
      "admitType": null,
      "admit_time": null,
      "codes": {
        "CPT": [
          "99385"
        ]
      },
      "description": "Encounter, Performed: Preventive Care Services-Initial Office Visit, 18 and Up (Code List: 2.16.840.1.113883.3.464.1003.101.12.1023)",
      "dischargeDisposition": null,
      "discharge_time": null,
      "end_time": 1301889600,
      "free_text": null,
      "mood_code": "EVN",
      "negationInd": null,
      "negationReason": null,
      "performer_id": null,
      "specifics": null,
      "start_time": 1289451600,
      "status_code": null,
      "time": null
    },
    {
      "_id": "50536a6c709357c7fa00033c",
      "admitType": null,
      "admit_time": null,
      "codes": {
        "CPT": [
          "99241"
        ]
      },
      "description": "Encounter, Performed: Outpatient Consultation (Code List: 2.16.840.1.113883.3.464.1003.101.12.1008)",
      "dischargeDisposition": null,
      "discharge_time": null,
      "end_time": 1201669200,
      "free_text": null,
      "mood_code": "EVN",
      "negationInd": null,
      "negationReason": null,
      "performer_id": null,
      "specifics": null,
      "start_time": 1087444800,
      "status_code": null,
      "time": null
    },
    {
      "_id": "50536a6c709357c7fa00033d",
      "admitType": null,
      "admit_time": null,
      "codes": {
        "CPT": [
          "97535"
        ],
        "SNOMED-CT": [
          "225967005"
        ]
      },
      "description": "Encounter, Performed: Self Care Training (Code List: 2.16.840.1.113883.3.464.1003.101.12.1044)",
      "dischargeDisposition": null,
      "discharge_time": null,
      "end_time": 1051675200,
      "free_text": null,
      "mood_code": "EVN",
      "negationInd": null,
      "negationReason": null,
      "performer_id": null,
      "specifics": null,
      "start_time": 1036386000,
      "status_code": null,
      "time": null
    },
    {
      "_id": "50536a6c709357c7fa00033e",
      "admitType": null,
      "admit_time": null,
      "codes": {
        "CPT": [
          "99411"
        ]
      },
      "description": "Encounter, Performed: Preventive Care Services - Group Counseling (Code List: 2.16.840.1.113883.3.464.1003.101.12.1027)",
      "dischargeDisposition": null,
      "discharge_time": null,
      "end_time": 1334376000,
      "free_text": null,
      "mood_code": "EVN",
      "negationInd": null,
      "negationReason": null,
      "performer_id": null,
      "specifics": null,
      "start_time": 1291093200,
      "status_code": null,
      "time": null
    },
    {
      "_id": "50536a6c709357c7fa00033f",
      "admitType": null,
      "admit_time": null,
      "codes": {
        "CPT": [
          "99078"
        ],
        "SNOMED-CT": [
          "386460002"
        ]
      },
      "description": "Encounter, Performed: Group Education Services (Code List: 2.16.840.1.113883.3.464.1003.101.12.1045)",
      "dischargeDisposition": null,
      "discharge_time": null,
      "end_time": 1256529600,
      "free_text": null,
      "mood_code": "EVN",
      "negationInd": null,
      "negationReason": null,
      "performer_id": null,
      "specifics": null,
      "start_time": 1006491600,
      "status_code": null,
      "time": null
    }
  ],
  "ethnicity": "2186-5",
  "expired": null,
  "first": "Anna",
  "gender": "F",
  "languages": [
    "en-US"
  ],
  "last": "Armstrong",
  "marital_status": null,
  "measure_id": null,
  "measure_ids": null,
  "medical_record_number": "6948671330",
  "procedures": [
    {
      "_id": "50536a6c709357c7fa000327",
      "codes": {
        "SNOMED-CT": [
          "103735009"
        ]
      },
      "description": "Intervention, Order: Palliative Care (Code List: 2.16.840.1.113883.3.526.3.1024)",
      "end_time": 1316577600,
      "free_text": null,
      "mood_code": "EVN",
      "negationInd": null,
      "negationReason": null,
      "performer_id": null,
      "site": null,
      "specifics": null,
      "start_time": 1154232000,
      "status_code": null,
      "time": null
    },
    {
      "_id": "50536a6c709357c7fa00032d",
      "codes": {
        "LOINC": [
          "44249-1"
        ]
      },
      "description": "Risk Category Assessment: PHQ-9 Tool (Code List: 2.16.840.1.113883.3.67.1.101.11.723)",
      "end_time": 1241323200,
      "free_text": null,
      "mood_code": "EVN",
      "negationInd": null,
      "negationReason": null,
      "performer_id": null,
      "site": null,
      "specifics": null,
      "start_time": 1156737600,
      "status_code": null,
      "time": null
    }
  ],
  "race": "2131-1",
  "religious_affilication": null,
  "source_data_criteria": null,
  "test_id": null,
  "title": null
}