{
  "_id": "50536a6b709357c7fa00015f",
  "birthdate": 1050379200,
  "clinicalTrialParticipant": null,
  "deathdate": null,
  "effective_time": null,
  "elimination_population": null,
  "elimination_reason": null,
  "ethnicity": "2186-5",
  "expired": null,
  "first": "Anne",
  "gender": "F",
  "languages": [
    "en-US"
  ],
  "last": "Bryan",
  "marital_status": null,
  "measure_id": null,
  "measure_ids": null,
  "medical_record_number": "9844584707",
  "medications": [
    {
      "_id": "50536a6b709357c7fa000160",
      "administrationTiming": null,
      "codes": {
        "CVX": [
          "33"
        ]
      },
      "cumulativeMedicationDuration": null,
      "deliveryMethod": null,
      "description": "Medication, Administered: Pneumococcal Vaccine (Code List: 2.16.840.1.113883.3.464.0003.10.02.0027)",
      "dose": null,
      "doseIndicator": null,
      "doseRestriction": null,
      "end_time": 1198126800,
      "freeTextSig": null,
      "free_text": null,
      "fulfillmentInstructions": null,
      "indication": null,
      "mood_code": "EVN",
      "negationInd": null,
      "negationReason": null,
      "patientInstructions": null,
      "productForm": null,
      "reaction": null,
      "route": null,
      "site": null,
      "specifics": null,
      "start_time": 1197176400,
      "statusOfMedication": null,
      "status_code": null,
      "time": null,
      "typeOfMedication": null,
      "vehicle": null
    }
  ],
  "procedures": [
    {
      "_id": "50536a6b709357c7fa000161",
      "codes": {
        "SNOMED-CT": [
          "12866006"
        ]
      },
      "description": "Procedure, Performed: Pneumococcal Vaccine Administered (Code List: 2.16.840.1.113883.3.464.0003.10.02.0034)",
      "end_time": 1198299600,
      "free_text": null,
      "mood_code": "EVN",
      "negationInd": null,
      "negationReason": null,
      "performer_id": null,
      "site": null,
      "specifics": null,
      "start_time": 1187064000,
      "status_code": null,
      "time": null
    },
    {
      "_id": "50536a6b709357c7fa000162",
      "codes": {
        "SNOMED-CT": [
          "310578008"
        ]
      },
      "description": "Risk Category Assessment: History of Pneumococcal Vaccine (Code List: 2.16.840.1.113883.3.464.0003.10.02.0028)",
      "end_time": 1062648000,
      "free_text": null,
      "mood_code": "EVN",
      "negationInd": null,
      "negationReason": null,
      "performer_id": null,
      "site": null,
      "specifics": null,
      "start_time": 792565200,
      "status_code": null,
      "time": null
    }
  ],
  "race": "2106-3",
  "religious_affilication": null,
  "source_data_criteria": null,
  "test_id": null,
  "title": null
}