{
  "_id": "50536a6b709357c7fa000255",
  "allergies": [
    {
      "_id": "50536a6b709357c7fa000262",
      "codes": {
        "RxNorm": [
          "200327"
        ]
      },
      "description": "Medication, Allergy: Chemotherapy for Colon Cancer - capecitabine (Code List: 2.16.840.1.113883.3.526.03.1288)",
      "end_time": 1331956800,
      "free_text": null,
      "mood_code": "EVN",
      "negationInd": null,
      "negationReason": null,
      "reaction": null,
      "severity": null,
      "specifics": null,
      "start_time": 1324443600,
      "status_code": null,
      "time": null,
      "type": null
    },
    {
      "_id": "50536a6b709357c7fa000269",
      "codes": {
        "RxNorm": [
          "105584"
        ]
      },
      "description": "Medication, Allergy: Chemotherapy for Colon Cancer - fluorouracil (Code List: 2.16.840.1.113883.3.526.03.1289)",
      "end_time": 1238817600,
      "free_text": null,
      "mood_code": "EVN",
      "negationInd": null,
      "negationReason": null,
      "reaction": null,
      "severity": null,
      "specifics": null,
      "start_time": 1187668800,
      "status_code": null,
      "time": null,
      "type": null
    },
    {
      "_id": "50536a6b709357c7fa000270",
      "codes": {
        "RxNorm": [
          "105691"
        ]
      },
      "description": "Medication, Allergy: Chemotherapy for Colon Cancer - leucovorin and levo-leucovorin (Code List: 2.16.840.1.113883.3.526.03.1290)",
      "end_time": 1329282000,
      "free_text": null,
      "mood_code": "EVN",
      "negationInd": null,
      "negationReason": null,
      "reaction": null,
      "severity": null,
      "specifics": null,
      "start_time": 1291525200,
      "status_code": null,
      "time": null,
      "type": null
    },
    {
      "_id": "50536a6b709357c7fa000277",
      "codes": {
        "RxNorm": [
          "351248"
        ]
      },
      "description": "Medication, Allergy: Chemotherapy for Colon Cancer - oxaliplatin (Code List: 2.16.840.1.113883.3.526.03.1291)",
      "end_time": 1308715200,
      "free_text": null,
      "mood_code": "EVN",
      "negationInd": null,
      "negationReason": null,
      "reaction": null,
      "severity": null,
      "specifics": null,
      "start_time": 1293944400,
      "status_code": null,
      "time": null,
      "type": null
    }
  ],
  "birthdate": 1075611600,
  "clinicalTrialParticipant": true,
  "conditions": [
    {
      "_id": "50536a6b709357c7fa000256",
      "causeOfDeath": null,
      "codes": {
        "SNOMED-CT": [
          "93683002"
        ],
        "ICD-9-CM": [
          "153.0"
        ],
        "ICD-10-CM": [
          "C18.0"
        ]
      },
      "description": "Colon Cancer (Code List: 2.16.840.1.113883.3.526.03.391)",
      "end_time": 1238212800,
      "free_text": null,
      "mood_code": "EVN",
      "name": null,
      "negationInd": null,
      "negationReason": null,
      "ordinality": null,
      "priority": null,
      "severity": null,
      "specifics": null,
      "start_time": 988689600,
      "status_code": {
        "SNOMED-CT": [
          "55561003"
        ],
        "HL7 ActStatus": [
          "active"
        ]
      },
      "time": null,
      "type": null
    },
    {
      "_id": "50536a6b709357c7fa000257",
      "causeOfDeath": null,
      "codes": {
        "ICD-9-CM": [
          "197.5"
        ],
        "ICD-10-CM": [
          "C78.5"
        ],
        "SNOMED-CT": [
          "94179005"
        ]
      },
      "description": "Diagnosis, Active: Metastatic Sites Common to Colon Cancer (Code List: 2.16.840.1.113883.3.526.03.490)",
      "end_time": 1205899200,
      "free_text": null,
      "mood_code": "EVN",
      "name": null,
      "negationInd": null,
      "negationReason": null,
      "ordinality": null,
      "priority": null,
      "severity": null,
      "specifics": null,
      "start_time": 1175054400,
      "status_code": {
        "SNOMED-CT": [
          "55561003"
        ],
        "HL7 ActStatus": [
          "active"
        ]
      },
      "time": null,
      "type": null
    },
    {
      "_id": "50536a6b709357c7fa00025a",
      "causeOfDeath": null,
      "codes": {
        "SNOMED-CT": [
          "293739003"
        ]
      },
      "description": "Diagnosis, Active: Allergy to Antineoplastic Therapy (Code List: 2.16.840.1.113883.3.526.03.1280)",
      "end_time": 1217995200,
      "free_text": null,
      "mood_code": "EVN",
      "name": null,
      "negationInd": null,
      "negationReason": null,
      "ordinality": null,
      "priority": null,
      "severity": null,
      "specifics": null,
      "start_time": 1133154000,
      "status_code": {
        "SNOMED-CT": [
          "55561003"
        ],
        "HL7 ActStatus": [
          "active"
        ]
      },
      "time": null,
      "type": null
    },
    {
      "_id": "50536a6b709357c7fa00025b",
      "causeOfDeath": null,
      "codes": {
        "SNOMED-CT": [
          "292196008"
        ]
      },
      "description": "Diagnosis, Active: Intolerance to Antineoplastic Therapy (Code List: 2.16.840.1.113883.3.526.03.1287)",
      "end_time": 1345608000,
      "free_text": null,
      "mood_code": "EVN",
      "name": null,
      "negationInd": null,
      "negationReason": null,
      "ordinality": null,
      "priority": null,
      "severity": null,
      "specifics": null,
      "start_time": 1107147600,
      "status_code": {
        "SNOMED-CT": [
          "55561003"
        ],
        "HL7 ActStatus": [
          "active"
        ]
      },
      "time": null,
      "type": null
    }
  ],
  "deathdate": null,
  "effective_time": null,
  "elimination_population": null,
  "elimination_reason": null,
  "encounters": [
    {
      "_id": "50536a6b709357c7fa000258",
      "admitType": null,
      "admit_time": null,
      "codes": {
        "CPT": [
          "99201"
        ]
      },
      "description": "Office Visit (Code List: 2.16.840.1.113883.3.464.0003.01.02.0001)",
      "dischargeDisposition": null,
      "discharge_time": null,
      "end_time": 1322542800,
      "free_text": null,
      "mood_code": "EVN",
      "negationInd": null,
      "negationReason": null,
      "performer_id": null,
      "specifics": null,
      "start_time": 1218427200,
      "status_code": null,
      "time": null
    },
    {
      "_id": "50536a6b709357c7fa000259",
      "admitType": null,
      "admit_time": null,
      "codes": {
        "SNOMED-CT": [
          "4525004"
        ]
      },
      "description": "Face-to-Face Interaction (Code List: 2.16.840.1.113883.3.464.0003.01.02.0048)",
      "dischargeDisposition": null,
      "discharge_time": null,
      "end_time": 1311307200,
      "free_text": null,
      "mood_code": "EVN",
      "negationInd": null,
      "negationReason": null,
      "performer_id": null,
      "specifics": null,
      "start_time": 1288670400,
      "status_code": null,
      "time": null
    },
    {
      "_id": "50536a6b709357c7fa000281",
      "admitType": null,
      "admit_time": null,
      "codes": {
        "SNOMED-CT": [
          "4525004"
        ]
      },
      "description": "Encounter, Performed: Patient Provider Interaction (Code List: 2.16.840.1.113883.3.526.03.1012)",
      "dischargeDisposition": null,
      "discharge_time": null,
      "end_time": 1325134800,
      "free_text": null,
      "mood_code": "EVN",
      "negationInd": null,
      "negationReason": null,
      "performer_id": null,
      "specifics": null,
      "start_time": 1124856000,
      "status_code": null,
      "time": null
    }
  ],
  "ethnicity": "2186-5",
  "expired": null,
  "first": "Audrey",
  "gender": "F",
  "languages": [
    "en-US"
  ],
  "last": "Newton",
  "marital_status": null,
  "measure_id": null,
  "measure_ids": null,
  "medical_record_number": "7826846843",
  "medications": [
    {
      "_id": "50536a6b709357c7fa00025c",
      "administrationTiming": null,
      "codes": {
        "RxNorm": [
          "200327"
        ]
      },
      "cumulativeMedicationDuration": null,
      "deliveryMethod": null,
      "description": "Medication, Administered: Chemotherapy for Colon Cancer - capecitabine (Code List: 2.16.840.1.113883.3.526.03.1288)",
      "dose": null,
      "doseIndicator": null,
      "doseRestriction": null,
      "end_time": 1323925200,
      "freeTextSig": null,
      "free_text": null,
      "fulfillmentInstructions": null,
      "indication": null,
      "mood_code": "EVN",
      "negationInd": true,
      "negationReason": {
        "SNOMED-CT": [
          "31438003"
        ]
      },
      "patientInstructions": null,
      "productForm": null,
      "reaction": null,
      "route": null,
      "site": null,
      "specifics": null,
      "start_time": 1277611200,
      "statusOfMedication": null,
      "status_code": null,
      "time": null,
      "typeOfMedication": null,
      "vehicle": null
    },
    {
      "_id": "50536a6b709357c7fa00025d",
      "administrationTiming": null,
      "codes": {
        "RxNorm": [
          "200327"
        ]
      },
      "cumulativeMedicationDuration": null,
      "deliveryMethod": null,
      "description": "Medication, Administered: Chemotherapy for Colon Cancer - capecitabine (Code List: 2.16.840.1.113883.3.526.03.1288)",
      "dose": null,
      "doseIndicator": null,
      "doseRestriction": null,
      "end_time": 1208923200,
      "freeTextSig": null,
      "free_text": null,
      "fulfillmentInstructions": null,
      "indication": null,
      "mood_code": "EVN",
      "negationInd": true,
      "negationReason": {
        "SNOMED-CT": [
          "5015009"
        ]
      },
      "patientInstructions": null,
      "productForm": null,
      "reaction": null,
      "route": null,
      "site": null,
      "specifics": null,
      "start_time": 1164949200,
      "statusOfMedication": null,
      "status_code": null,
      "time": null,
      "typeOfMedication": null,
      "vehicle": null
    },
    {
      "_id": "50536a6b709357c7fa00025e",
      "administrationTiming": null,
      "codes": {
        "RxNorm": [
          "200327"
        ]
      },
      "cumulativeMedicationDuration": null,
      "deliveryMethod": null,
      "description": "Medication, Administered: Chemotherapy for Colon Cancer - capecitabine (Code List: 2.16.840.1.113883.3.526.03.1288)",
      "dose": null,
      "doseIndicator": null,
      "doseRestriction": null,
      "end_time": 1322456400,
      "freeTextSig": null,
      "free_text": null,
      "fulfillmentInstructions": null,
      "indication": null,
      "mood_code": "EVN",
      "negationInd": true,
      "negationReason": {
        "SNOMED-CT": [
          "107724000"
        ]
      },
      "patientInstructions": null,
      "productForm": null,
      "reaction": null,
      "route": null,
      "site": null,
      "specifics": null,
      "start_time": 1293080400,
      "statusOfMedication": null,
      "status_code": null,
      "time": null,
      "typeOfMedication": null,
      "vehicle": null
    },
    {
      "_id": "50536a6b709357c7fa00025f",
      "administrationTiming": null,
      "codes": {
        "RxNorm": [
          "200327"
        ]
      },
      "cumulativeMedicationDuration": null,
      "deliveryMethod": null,
      "description": "Medication, Order: Chemotherapy for Colon Cancer - capecitabine (Code List: 2.16.840.1.113883.3.526.03.1288)",
      "dose": null,
      "doseIndicator": null,
      "doseRestriction": null,
      "end_time": 1241928000,
      "freeTextSig": null,
      "free_text": null,
      "fulfillmentInstructions": null,
      "indication": null,
      "mood_code": "EVN",
      "negationInd": true,
      "negationReason": {
        "SNOMED-CT": [
          "31438003"
        ]
      },
      "patientInstructions": null,
      "productForm": null,
      "reaction": null,
      "route": null,
      "site": null,
      "specifics": null,
      "start_time": 1231995600,
      "statusOfMedication": null,
      "status_code": null,
      "time": null,
      "typeOfMedication": null,
      "vehicle": null
    },
    {
      "_id": "50536a6b709357c7fa000260",
      "administrationTiming": null,
      "codes": {
        "RxNorm": [
          "200327"
        ]
      },
      "cumulativeMedicationDuration": null,
      "deliveryMethod": null,
      "description": "Medication, Order: Chemotherapy for Colon Cancer - capecitabine (Code List: 2.16.840.1.113883.3.526.03.1288)",
      "dose": null,
      "doseIndicator": null,
      "doseRestriction": null,
      "end_time": 1342411200,
      "freeTextSig": null,
      "free_text": null,
      "fulfillmentInstructions": null,
      "indication": null,
      "mood_code": "EVN",
      "negationInd": true,
      "negationReason": {
        "SNOMED-CT": [
          "5015009"
        ]
      },
      "patientInstructions": null,
      "productForm": null,
      "reaction": null,
      "route": null,
      "site": null,
      "specifics": null,
      "start_time": 1338436800,
      "statusOfMedication": null,
      "status_code": null,
      "time": null,
      "typeOfMedication": null,
      "vehicle": null
    },
    {
      "_id": "50536a6b709357c7fa000261",
      "administrationTiming": null,
      "codes": {
        "RxNorm": [
          "200327"
        ]
      },
      "cumulativeMedicationDuration": null,
      "deliveryMethod": null,
      "description": "Medication, Order: Chemotherapy for Colon Cancer - capecitabine (Code List: 2.16.840.1.113883.3.526.03.1288)",
      "dose": null,
      "doseIndicator": null,
      "doseRestriction": null,
      "end_time": 1272859200,
      "freeTextSig": null,
      "free_text": null,
      "fulfillmentInstructions": null,
      "indication": null,
      "mood_code": "EVN",
      "negationInd": true,
      "negationReason": {
        "SNOMED-CT": [
          "107724000"
        ]
      },
      "patientInstructions": null,
      "productForm": null,
      "reaction": null,
      "route": null,
      "site": null,
      "specifics": null,
      "start_time": 1272859200,
      "statusOfMedication": null,
      "status_code": null,
      "time": null,
      "typeOfMedication": null,
      "vehicle": null
    },
    {
      "_id": "50536a6b709357c7fa000263",
      "administrationTiming": null,
      "codes": {
        "RxNorm": [
          "105584"
        ]
      },
      "cumulativeMedicationDuration": null,
      "deliveryMethod": null,
      "description": "Medication, Administered: Chemotherapy for Colon Cancer - fluorouracil (Code List: 2.16.840.1.113883.3.526.03.1289)",
      "dose": null,
      "doseIndicator": null,
      "doseRestriction": null,
      "end_time": 1180065600,
      "freeTextSig": null,
      "free_text": null,
      "fulfillmentInstructions": null,
      "indication": null,
      "mood_code": "EVN",
      "negationInd": true,
      "negationReason": {
        "SNOMED-CT": [
          "31438003"
        ]
      },
      "patientInstructions": null,
      "productForm": null,
      "reaction": null,
      "route": null,
      "site": null,
      "specifics": null,
      "start_time": 1092974400,
      "statusOfMedication": null,
      "status_code": null,
      "time": null,
      "typeOfMedication": null,
      "vehicle": null
    },
    {
      "_id": "50536a6b709357c7fa000264",
      "administrationTiming": null,
      "codes": {
        "RxNorm": [
          "105584"
        ]
      },
      "cumulativeMedicationDuration": null,
      "deliveryMethod": null,
      "description": "Medication, Administered: Chemotherapy for Colon Cancer - fluorouracil (Code List: 2.16.840.1.113883.3.526.03.1289)",
      "dose": null,
      "doseIndicator": null,
      "doseRestriction": null,
      "end_time": 1288670400,
      "freeTextSig": null,
      "free_text": null,
      "fulfillmentInstructions": null,
      "indication": null,
      "mood_code": "EVN",
      "negationInd": true,
      "negationReason": {
        "SNOMED-CT": [
          "5015009"
        ]
      },
      "patientInstructions": null,
      "productForm": null,
      "reaction": null,
      "route": null,
      "site": null,
      "specifics": null,
      "start_time": 1168750800,
      "statusOfMedication": null,
      "status_code": null,
      "time": null,
      "typeOfMedication": null,
      "vehicle": null
    },
    {
      "_id": "50536a6b709357c7fa000265",
      "administrationTiming": null,
      "codes": {
        "RxNorm": [
          "105584"
        ]
      },
      "cumulativeMedicationDuration": null,
      "deliveryMethod": null,
      "description": "Medication, Administered: Chemotherapy for Colon Cancer - fluorouracil (Code List: 2.16.840.1.113883.3.526.03.1289)",
      "dose": null,
      "doseIndicator": null,
      "doseRestriction": null,
      "end_time": 1329282000,
      "freeTextSig": null,
      "free_text": null,
      "fulfillmentInstructions": null,
      "indication": null,
      "mood_code": "EVN",
      "negationInd": true,
      "negationReason": {
        "SNOMED-CT": [
          "107724000"
        ]
      },
      "patientInstructions": null,
      "productForm": null,
      "reaction": null,
      "route": null,
      "site": null,
      "specifics": null,
      "start_time": 1197176400,
      "statusOfMedication": null,
      "status_code": null,
      "time": null,
      "typeOfMedication": null,
      "vehicle": null
    },
    {
      "_id": "50536a6b709357c7fa000266",
      "administrationTiming": null,
      "codes": {
        "RxNorm": [
          "105584"
        ]
      },
      "cumulativeMedicationDuration": null,
      "deliveryMethod": null,
      "description": "Medication, Order: Chemotherapy for Colon Cancer - fluorouracil (Code List: 2.16.840.1.113883.3.526.03.1289)",
      "dose": null,
      "doseIndicator": null,
      "doseRestriction": null,
      "end_time": 1224561600,
      "freeTextSig": null,
      "free_text": null,
      "fulfillmentInstructions": null,
      "indication": null,
      "mood_code": "EVN",
      "negationInd": true,
      "negationReason": {
        "SNOMED-CT": [
          "31438003"
        ]
      },
      "patientInstructions": null,
      "productForm": null,
      "reaction": null,
      "route": null,
      "site": null,
      "specifics": null,
      "start_time": 1092110400,
      "statusOfMedication": null,
      "status_code": null,
      "time": null,
      "typeOfMedication": null,
      "vehicle": null
    },
    {
      "_id": "50536a6b709357c7fa000267",
      "administrationTiming": null,
      "codes": {
        "RxNorm": [
          "105584"
        ]
      },
      "cumulativeMedicationDuration": null,
      "deliveryMethod": null,
      "description": "Medication, Order: Chemotherapy for Colon Cancer - fluorouracil (Code List: 2.16.840.1.113883.3.526.03.1289)",
      "dose": null,
      "doseIndicator": null,
      "doseRestriction": null,
      "end_time": 1147147200,
      "freeTextSig": null,
      "free_text": null,
      "fulfillmentInstructions": null,
      "indication": null,
      "mood_code": "EVN",
      "negationInd": true,
      "negationReason": {
        "SNOMED-CT": [
          "5015009"
        ]
      },
      "patientInstructions": null,
      "productForm": null,
      "reaction": null,
      "route": null,
      "site": null,
      "specifics": null,
      "start_time": 1078635600,
      "statusOfMedication": null,
      "status_code": null,
      "time": null,
      "typeOfMedication": null,
      "vehicle": null
    },
    {
      "_id": "50536a6b709357c7fa000268",
      "administrationTiming": null,
      "codes": {
        "RxNorm": [
          "105584"
        ]
      },
      "cumulativeMedicationDuration": null,
      "deliveryMethod": null,
      "description": "Medication, Order: Chemotherapy for Colon Cancer - fluorouracil (Code List: 2.16.840.1.113883.3.526.03.1289)",
      "dose": null,
      "doseIndicator": null,
      "doseRestriction": null,
      "end_time": 1286942400,
      "freeTextSig": null,
      "free_text": null,
      "fulfillmentInstructions": null,
      "indication": null,
      "mood_code": "EVN",
      "negationInd": true,
      "negationReason": {
        "SNOMED-CT": [
          "107724000"
        ]
      },
      "patientInstructions": null,
      "productForm": null,
      "reaction": null,
      "route": null,
      "site": null,
      "specifics": null,
      "start_time": 1100235600,
      "statusOfMedication": null,
      "status_code": null,
      "time": null,
      "typeOfMedication": null,
      "vehicle": null
    },
    {
      "_id": "50536a6b709357c7fa00026a",
      "administrationTiming": null,
      "codes": {
        "RxNorm": [
          "105691"
        ]
      },
      "cumulativeMedicationDuration": null,
      "deliveryMethod": null,
      "description": "Medication, Administered: Chemotherapy for Colon Cancer - leucovorin and levo-leucovorin (Code List: 2.16.840.1.113883.3.526.03.1290)",
      "dose": null,
      "doseIndicator": null,
      "doseRestriction": null,
      "end_time": 1333684800,
      "freeTextSig": null,
      "free_text": null,
      "fulfillmentInstructions": null,
      "indication": null,
      "mood_code": "EVN",
      "negationInd": true,
      "negationReason": {
        "SNOMED-CT": [
          "31438003"
        ]
      },
      "patientInstructions": null,
      "productForm": null,
      "reaction": null,
      "route": null,
      "site": null,
      "specifics": null,
      "start_time": 1325912400,
      "statusOfMedication": null,
      "status_code": null,
      "time": null,
      "typeOfMedication": null,
      "vehicle": null
    },
    {
      "_id": "50536a6b709357c7fa00026b",
      "administrationTiming": null,
      "codes": {
        "RxNorm": [
          "105691"
        ]
      },
      "cumulativeMedicationDuration": null,
      "deliveryMethod": null,
      "description": "Medication, Administered: Chemotherapy for Colon Cancer - leucovorin and levo-leucovorin (Code List: 2.16.840.1.113883.3.526.03.1290)",
      "dose": null,
      "doseIndicator": null,
      "doseRestriction": null,
      "end_time": 1316059200,
      "freeTextSig": null,
      "free_text": null,
      "fulfillmentInstructions": null,
      "indication": null,
      "mood_code": "EVN",
      "negationInd": true,
      "negationReason": {
        "SNOMED-CT": [
          "5015009"
        ]
      },
      "patientInstructions": null,
      "productForm": null,
      "reaction": null,
      "route": null,
      "site": null,
      "specifics": null,
      "start_time": 1312430400,
      "statusOfMedication": null,
      "status_code": null,
      "time": null,
      "typeOfMedication": null,
      "vehicle": null
    },
    {
      "_id": "50536a6b709357c7fa00026c",
      "administrationTiming": null,
      "codes": {
        "RxNorm": [
          "105691"
        ]
      },
      "cumulativeMedicationDuration": null,
      "deliveryMethod": null,
      "description": "Medication, Administered: Chemotherapy for Colon Cancer - leucovorin and levo-leucovorin (Code List: 2.16.840.1.113883.3.526.03.1290)",
      "dose": null,
      "doseIndicator": null,
      "doseRestriction": null,
      "end_time": 1181966400,
      "freeTextSig": null,
      "free_text": null,
      "fulfillmentInstructions": null,
      "indication": null,
      "mood_code": "EVN",
      "negationInd": true,
      "negationReason": {
        "SNOMED-CT": [
          "107724000"
        ]
      },
      "patientInstructions": null,
      "productForm": null,
      "reaction": null,
      "route": null,
      "site": null,
      "specifics": null,
      "start_time": 1114747200,
      "statusOfMedication": null,
      "status_code": null,
      "time": null,
      "typeOfMedication": null,
      "vehicle": null
    },
    {
      "_id": "50536a6b709357c7fa00026d",
      "administrationTiming": null,
      "codes": {
        "RxNorm": [
          "105691"
        ]
      },
      "cumulativeMedicationDuration": null,
      "deliveryMethod": null,
      "description": "Medication, Order: Chemotherapy for Colon Cancer - leucovorin and levo-leucovorin (Code List: 2.16.840.1.113883.3.526.03.1290)",
      "dose": null,
      "doseIndicator": null,
      "doseRestriction": null,
      "end_time": 1209096000,
      "freeTextSig": null,
      "free_text": null,
      "fulfillmentInstructions": null,
      "indication": null,
      "mood_code": "EVN",
      "negationInd": true,
      "negationReason": {
        "SNOMED-CT": [
          "31438003"
        ]
      },
      "patientInstructions": null,
      "productForm": null,
      "reaction": null,
      "route": null,
      "site": null,
      "specifics": null,
      "start_time": 1126929600,
      "statusOfMedication": null,
      "status_code": null,
      "time": null,
      "typeOfMedication": null,
      "vehicle": null
    },
    {
      "_id": "50536a6b709357c7fa00026e",
      "administrationTiming": null,
      "codes": {
        "RxNorm": [
          "105691"
        ]
      },
      "cumulativeMedicationDuration": null,
      "deliveryMethod": null,
      "description": "Medication, Order: Chemotherapy for Colon Cancer - leucovorin and levo-leucovorin (Code List: 2.16.840.1.113883.3.526.03.1290)",
      "dose": null,
      "doseIndicator": null,
      "doseRestriction": null,
      "end_time": 1169960400,
      "freeTextSig": null,
      "free_text": null,
      "fulfillmentInstructions": null,
      "indication": null,
      "mood_code": "EVN",
      "negationInd": true,
      "negationReason": {
        "SNOMED-CT": [
          "5015009"
        ]
      },
      "patientInstructions": null,
      "productForm": null,
      "reaction": null,
      "route": null,
      "site": null,
      "specifics": null,
      "start_time": 1110690000,
      "statusOfMedication": null,
      "status_code": null,
      "time": null,
      "typeOfMedication": null,
      "vehicle": null
    },
    {
      "_id": "50536a6b709357c7fa00026f",
      "administrationTiming": null,
      "codes": {
        "RxNorm": [
          "105691"
        ]
      },
      "cumulativeMedicationDuration": null,
      "deliveryMethod": null,
      "description": "Medication, Order: Chemotherapy for Colon Cancer - leucovorin and levo-leucovorin (Code List: 2.16.840.1.113883.3.526.03.1290)",
      "dose": null,
      "doseIndicator": null,
      "doseRestriction": null,
      "end_time": 1346212800,
      "freeTextSig": null,
      "free_text": null,
      "fulfillmentInstructions": null,
      "indication": null,
      "mood_code": "EVN",
      "negationInd": true,
      "negationReason": {
        "SNOMED-CT": [
          "107724000"
        ]
      },
      "patientInstructions": null,
      "productForm": null,
      "reaction": null,
      "route": null,
      "site": null,
      "specifics": null,
      "start_time": 1343880000,
      "statusOfMedication": null,
      "status_code": null,
      "time": null,
      "typeOfMedication": null,
      "vehicle": null
    },
    {
      "_id": "50536a6b709357c7fa000271",
      "administrationTiming": null,
      "codes": {
        "RxNorm": [
          "351248"
        ]
      },
      "cumulativeMedicationDuration": null,
      "deliveryMethod": null,
      "description": "Medication, Administered: Chemotherapy for Colon Cancer - oxaliplatin (Code List: 2.16.840.1.113883.3.526.03.1291)",
      "dose": null,
      "doseIndicator": null,
      "doseRestriction": null,
      "end_time": 1331784000,
      "freeTextSig": null,
      "free_text": null,
      "fulfillmentInstructions": null,
      "indication": null,
      "mood_code": "EVN",
      "negationInd": true,
      "negationReason": {
        "SNOMED-CT": [
          "31438003"
        ]
      },
      "patientInstructions": null,
      "productForm": null,
      "reaction": null,
      "route": null,
      "site": null,
      "specifics": null,
      "start_time": 1165726800,
      "statusOfMedication": null,
      "status_code": null,
      "time": null,
      "typeOfMedication": null,
      "vehicle": null
    },
    {
      "_id": "50536a6b709357c7fa000272",
      "administrationTiming": null,
      "codes": {
        "RxNorm": [
          "351248"
        ]
      },
      "cumulativeMedicationDuration": null,
      "deliveryMethod": null,
      "description": "Medication, Administered: Chemotherapy for Colon Cancer - oxaliplatin (Code List: 2.16.840.1.113883.3.526.03.1291)",
      "dose": null,
      "doseIndicator": null,
      "doseRestriction": null,
      "end_time": 1343620800,
      "freeTextSig": null,
      "free_text": null,
      "fulfillmentInstructions": null,
      "indication": null,
      "mood_code": "EVN",
      "negationInd": true,
      "negationReason": {
        "SNOMED-CT": [
          "5015009"
        ]
      },
      "patientInstructions": null,
      "productForm": null,
      "reaction": null,
      "route": null,
      "site": null,
      "specifics": null,
      "start_time": 1338868800,
      "statusOfMedication": null,
      "status_code": null,
      "time": null,
      "typeOfMedication": null,
      "vehicle": null
    },
    {
      "_id": "50536a6b709357c7fa000273",
      "administrationTiming": null,
      "codes": {
        "RxNorm": [
          "351248"
        ]
      },
      "cumulativeMedicationDuration": null,
      "deliveryMethod": null,
      "description": "Medication, Administered: Chemotherapy for Colon Cancer - oxaliplatin (Code List: 2.16.840.1.113883.3.526.03.1291)",
      "dose": null,
      "doseIndicator": null,
      "doseRestriction": null,
      "end_time": 1331870400,
      "freeTextSig": null,
      "free_text": null,
      "fulfillmentInstructions": null,
      "indication": null,
      "mood_code": "EVN",
      "negationInd": true,
      "negationReason": {
        "SNOMED-CT": [
          "107724000"
        ]
      },
      "patientInstructions": null,
      "productForm": null,
      "reaction": null,
      "route": null,
      "site": null,
      "specifics": null,
      "start_time": 1231650000,
      "statusOfMedication": null,
      "status_code": null,
      "time": null,
      "typeOfMedication": null,
      "vehicle": null
    },
    {
      "_id": "50536a6b709357c7fa000274",
      "administrationTiming": null,
      "codes": {
        "RxNorm": [
          "351248"
        ]
      },
      "cumulativeMedicationDuration": null,
      "deliveryMethod": null,
      "description": "Medication, Order: Chemotherapy for Colon Cancer - oxaliplatin (Code List: 2.16.840.1.113883.3.526.03.1291)",
      "dose": null,
      "doseIndicator": null,
      "doseRestriction": null,
      "end_time": 1320552000,
      "freeTextSig": null,
      "free_text": null,
      "fulfillmentInstructions": null,
      "indication": null,
      "mood_code": "EVN",
      "negationInd": true,
      "negationReason": {
        "SNOMED-CT": [
          "31438003"
        ]
      },
      "patientInstructions": null,
      "productForm": null,
      "reaction": null,
      "route": null,
      "site": null,
      "specifics": null,
      "start_time": 1262581200,
      "statusOfMedication": null,
      "status_code": null,
      "time": null,
      "typeOfMedication": null,
      "vehicle": null
    },
    {
      "_id": "50536a6b709357c7fa000275",
      "administrationTiming": null,
      "codes": {
        "RxNorm": [
          "351248"
        ]
      },
      "cumulativeMedicationDuration": null,
      "deliveryMethod": null,
      "description": "Medication, Order: Chemotherapy for Colon Cancer - oxaliplatin (Code List: 2.16.840.1.113883.3.526.03.1291)",
      "dose": null,
      "doseIndicator": null,
      "doseRestriction": null,
      "end_time": 1205380800,
      "freeTextSig": null,
      "free_text": null,
      "fulfillmentInstructions": null,
      "indication": null,
      "mood_code": "EVN",
      "negationInd": true,
      "negationReason": {
        "SNOMED-CT": [
          "5015009"
        ]
      },
      "patientInstructions": null,
      "productForm": null,
      "reaction": null,
      "route": null,
      "site": null,
      "specifics": null,
      "start_time": 1189483200,
      "statusOfMedication": null,
      "status_code": null,
      "time": null,
      "typeOfMedication": null,
      "vehicle": null
    },
    {
      "_id": "50536a6b709357c7fa000276",
      "administrationTiming": null,
      "codes": {
        "RxNorm": [
          "351248"
        ]
      },
      "cumulativeMedicationDuration": null,
      "deliveryMethod": null,
      "description": "Medication, Order: Chemotherapy for Colon Cancer - oxaliplatin (Code List: 2.16.840.1.113883.3.526.03.1291)",
      "dose": null,
      "doseIndicator": null,
      "doseRestriction": null,
      "end_time": 1171083600,
      "freeTextSig": null,
      "free_text": null,
      "fulfillmentInstructions": null,
      "indication": null,
      "mood_code": "EVN",
      "negationInd": true,
      "negationReason": {
        "SNOMED-CT": [
          "107724000"
        ]
      },
      "patientInstructions": null,
      "productForm": null,
      "reaction": null,
      "route": null,
      "site": null,
      "specifics": null,
      "start_time": 1160452800,
      "statusOfMedication": null,
      "status_code": null,
      "time": null,
      "typeOfMedication": null,
      "vehicle": null
    },
    {
      "_id": "50536a6b709357c7fa000278",
      "administrationTiming": null,
      "codes": {
        "RxNorm": [
          "200327"
        ]
      },
      "cumulativeMedicationDuration": null,
      "deliveryMethod": null,
      "description": "Chemotherapy for Colon Cancer - capecitabine (Code List: 2.16.840.1.113883.3.526.03.1288)",
      "dose": null,
      "doseIndicator": null,
      "doseRestriction": null,
      "end_time": 1322715600,
      "freeTextSig": null,
      "free_text": null,
      "fulfillmentInstructions": null,
      "indication": null,
      "mood_code": "EVN",
      "negationInd": null,
      "negationReason": null,
      "patientInstructions": null,
      "productForm": null,
      "reaction": null,
      "route": null,
      "site": null,
      "specifics": null,
      "start_time": 1242964800,
      "statusOfMedication": null,
      "status_code": null,
      "time": null,
      "typeOfMedication": null,
      "vehicle": null
    },
    {
      "_id": "50536a6b709357c7fa00027a",
      "administrationTiming": null,
      "codes": {
        "RxNorm": [
          "200327"
        ]
      },
      "cumulativeMedicationDuration": null,
      "deliveryMethod": null,
      "description": "Chemotherapy for Colon Cancer - capecitabine (Code List: 2.16.840.1.113883.3.526.03.1288)",
      "dose": null,
      "doseIndicator": null,
      "doseRestriction": null,
      "end_time": 1304740800,
      "freeTextSig": null,
      "free_text": null,
      "fulfillmentInstructions": null,
      "indication": null,
      "mood_code": "EVN",
      "negationInd": null,
      "negationReason": null,
      "patientInstructions": null,
      "productForm": null,
      "reaction": null,
      "route": null,
      "site": null,
      "specifics": null,
      "start_time": 1294462800,
      "statusOfMedication": null,
      "status_code": null,
      "time": null,
      "typeOfMedication": null,
      "vehicle": null
    },
    {
      "_id": "50536a6b709357c7fa00027b",
      "administrationTiming": null,
      "codes": {
        "RxNorm": [
          "105584"
        ]
      },
      "cumulativeMedicationDuration": null,
      "deliveryMethod": null,
      "description": "Chemotherapy for Colon Cancer - fluorouracil (Code List: 2.16.840.1.113883.3.526.03.1289)",
      "dose": null,
      "doseIndicator": null,
      "doseRestriction": null,
      "end_time": 1195189200,
      "freeTextSig": null,
      "free_text": null,
      "fulfillmentInstructions": null,
      "indication": null,
      "mood_code": "EVN",
      "negationInd": null,
      "negationReason": null,
      "patientInstructions": null,
      "productForm": null,
      "reaction": null,
      "route": null,
      "site": null,
      "specifics": null,
      "start_time": 1185940800,
      "statusOfMedication": null,
      "status_code": null,
      "time": null,
      "typeOfMedication": null,
      "vehicle": null
    },
    {
      "_id": "50536a6b709357c7fa00027c",
      "administrationTiming": null,
      "codes": {
        "RxNorm": [
          "105691"
        ]
      },
      "cumulativeMedicationDuration": null,
      "deliveryMethod": null,
      "description": "Chemotherapy for Colon Cancer - leucovorin and levo-leucovorin (Code List: 2.16.840.1.113883.3.526.03.1290)",
      "dose": null,
      "doseIndicator": null,
      "doseRestriction": null,
      "end_time": 1250136000,
      "freeTextSig": null,
      "free_text": null,
      "fulfillmentInstructions": null,
      "indication": null,
      "mood_code": "EVN",
      "negationInd": null,
      "negationReason": null,
      "patientInstructions": null,
      "productForm": null,
      "reaction": null,
      "route": null,
      "site": null,
      "specifics": null,
      "start_time": 1137474000,
      "statusOfMedication": null,
      "status_code": null,
      "time": null,
      "typeOfMedication": null,
      "vehicle": null
    },
    {
      "_id": "50536a6b709357c7fa00027d",
      "administrationTiming": null,
      "codes": {
        "RxNorm": [
          "351248"
        ]
      },
      "cumulativeMedicationDuration": null,
      "deliveryMethod": null,
      "description": "Chemotherapy for Colon Cancer - oxaliplatin (Code List: 2.16.840.1.113883.3.526.03.1291)",
      "dose": null,
      "doseIndicator": null,
      "doseRestriction": null,
      "end_time": 1173589200,
      "freeTextSig": null,
      "free_text": null,
      "fulfillmentInstructions": null,
      "indication": null,
      "mood_code": "EVN",
      "negationInd": null,
      "negationReason": null,
      "patientInstructions": null,
      "productForm": null,
      "reaction": null,
      "route": null,
      "site": null,
      "specifics": null,
      "start_time": 1115265600,
      "statusOfMedication": null,
      "status_code": null,
      "time": null,
      "typeOfMedication": null,
      "vehicle": null
    },
    {
      "_id": "50536a6b709357c7fa00027e",
      "administrationTiming": null,
      "codes": {
        "RxNorm": [
          "105584"
        ]
      },
      "cumulativeMedicationDuration": null,
      "deliveryMethod": null,
      "description": "Chemotherapy for Colon Cancer - fluorouracil (Code List: 2.16.840.1.113883.3.526.03.1289)",
      "dose": null,
      "doseIndicator": null,
      "doseRestriction": null,
      "end_time": 1288843200,
      "freeTextSig": null,
      "free_text": null,
      "fulfillmentInstructions": null,
      "indication": null,
      "mood_code": "EVN",
      "negationInd": null,
      "negationReason": null,
      "patientInstructions": null,
      "productForm": null,
      "reaction": null,
      "route": null,
      "site": null,
      "specifics": null,
      "start_time": 1196830800,
      "statusOfMedication": null,
      "status_code": null,
      "time": null,
      "typeOfMedication": null,
      "vehicle": null
    },
    {
      "_id": "50536a6b709357c7fa00027f",
      "administrationTiming": null,
      "codes": {
        "RxNorm": [
          "105691"
        ]
      },
      "cumulativeMedicationDuration": null,
      "deliveryMethod": null,
      "description": "Chemotherapy for Colon Cancer - leucovorin and levo-leucovorin (Code List: 2.16.840.1.113883.3.526.03.1290)",
      "dose": null,
      "doseIndicator": null,
      "doseRestriction": null,
      "end_time": 1253419200,
      "freeTextSig": null,
      "free_text": null,
      "fulfillmentInstructions": null,
      "indication": null,
      "mood_code": "EVN",
      "negationInd": null,
      "negationReason": null,
      "patientInstructions": null,
      "productForm": null,
      "reaction": null,
      "route": null,
      "site": null,
      "specifics": null,
      "start_time": 1177646400,
      "statusOfMedication": null,
      "status_code": null,
      "time": null,
      "typeOfMedication": null,
      "vehicle": null
    },
    {
      "_id": "50536a6b709357c7fa000280",
      "administrationTiming": null,
      "codes": {
        "RxNorm": [
          "351248"
        ]
      },
      "cumulativeMedicationDuration": null,
      "deliveryMethod": null,
      "description": "Chemotherapy for Colon Cancer - oxaliplatin (Code List: 2.16.840.1.113883.3.526.03.1291)",
      "dose": null,
      "doseIndicator": null,
      "doseRestriction": null,
      "end_time": 1343880000,
      "freeTextSig": null,
      "free_text": null,
      "fulfillmentInstructions": null,
      "indication": null,
      "mood_code": "EVN",
      "negationInd": null,
      "negationReason": null,
      "patientInstructions": null,
      "productForm": null,
      "reaction": null,
      "route": null,
      "site": null,
      "specifics": null,
      "start_time": 1335585600,
      "statusOfMedication": null,
      "status_code": null,
      "time": null,
      "typeOfMedication": null,
      "vehicle": null
    }
  ],
  "procedures": [
    {
      "_id": "50536a6b709357c7fa000279",
      "codes": {
        "SNOMED-CT": [
          "116783008"
        ]
      },
      "description": "Clinical Staging Procedure (Code List: 2.16.840.1.113883.3.526.03.1098)",
      "end_time": 1342065600,
      "free_text": null,
      "mood_code": "EVN",
      "negationInd": null,
      "negationReason": null,
      "performer_id": null,
      "site": null,
      "specifics": null,
      "start_time": 1296363600,
      "status_code": null,
      "time": null
    }
  ],
  "race": "2106-3",
  "religious_affilication": null,
  "source_data_criteria": null,
  "test_id": null,
  "title": null
}