{
  "_id": "50536a6a709357c7fa000001",
  "birthdate": 1029988800,
  "clinicalTrialParticipant": null,
  "deathdate": null,
  "effective_time": null,
  "elimination_population": null,
  "elimination_reason": null,
  "ethnicity": "2186-5",
  "expired": null,
  "first": "Audrey",
  "gender": "F",
  "languages": [
    "en-US"
  ],
  "last": "Carpenter",
  "marital_status": null,
  "measure_id": null,
  "measure_ids": null,
  "medical_record_number": "9440286642",
  "procedures": [
    {
      "_id": "50536a6a709357c7fa000002",
      "codes": {
        "SNOMED-CT": [
          "14693006"
        ]
      },
      "description": "Procedure, Performed: Bilateral Mastectomy (Code List: 2.16.840.1.113883.3.464.0003.98.02.0005)",
      "end_time": 1283227200,
      "free_text": null,
      "mood_code": "EVN",
      "negationInd": null,
      "negationReason": null,
      "performer_id": null,
      "site": null,
      "specifics": null,
      "start_time": 1183176000,
      "status_code": null,
      "time": null
    },
    {
      "_id": "50536a6a709357c7fa000003",
      "codes": {
        "CPT": [
          "19180"
        ],
        "SNOMED-CT": [
          "8115005"
        ]
      },
      "description": "Procedure, Performed: Unilateral Mastectomy (Code List: 2.16.840.1.113883.3.464.0003.98.02.0020)",
      "end_time": 1143608400,
      "free_text": null,
      "mood_code": "EVN",
      "negationInd": null,
      "negationReason": null,
      "performer_id": null,
      "site": null,
      "specifics": null,
      "start_time": 946702800,
      "status_code": null,
      "time": null
    },
    {
      "_id": "50536a6a709357c7fa000004",
      "codes": {
        "HCPCS": [
          "G0202"
        ],
        "LOINC": [
          "24604-1"
        ]
      },
      "description": "Diagnostic Study, Performed: Mammogram (Code List: 2.16.840.1.113883.3.464.0003.08.02.0018)",
      "end_time": 1328677200,
      "free_text": null,
      "mood_code": "EVN",
      "negationInd": null,
      "negationReason": null,
      "performer_id": null,
      "site": null,
      "specifics": null,
      "start_time": 1319601600,
      "status_code": null,
      "time": null
    }
  ],
  "race": "2106-3",
  "religious_affilication": null,
  "source_data_criteria": null,
  "test_id": null,
  "title": null
}