{
  "_id": "50536a6a709357c7fa000015",
  "birthdate": 1347644010,
  "clinicalTrialParticipant": null,
  "conditions": [
    {
      "_id": "50536a6a709357c7fa000018",
      "causeOfDeath": null,
      "codes": {
        "SNOMED-CT": [
          "5810003"
        ],
        "ICD-9-CM": [
          "042"
        ],
        "ICD-10-CM": [
          "B20"
        ]
      },
      "description": "Diagnosis, Active: HIV (Code List: 2.16.840.1.113883.3.526.03.465)",
      "end_time": 1252728000,
      "free_text": null,
      "mood_code": "EVN",
      "name": null,
      "negationInd": null,
      "negationReason": null,
      "ordinality": null,
      "priority": null,
      "severity": null,
      "specifics": null,
      "start_time": 810619200,
      "status_code": {
        "SNOMED-CT": [
          "55561003"
        ],
        "HL7 ActStatus": [
          "active"
        ]
      },
      "time": null,
      "type": null
    }
  ],
  "deathdate": null,
  "effective_time": null,
  "elimination_population": null,
  "elimination_reason": null,
  "encounters": [
    {
      "_id": "50536a6a709357c7fa000016",
      "admitType": null,
      "admit_time": null,
      "codes": {
        "CPT": [
          "99201"
        ],
        "SNOMED-CT": [
          "18170008"
        ]
      },
      "description": "Encounter, Performed: HIV Visit (Code List: 2.16.840.1.113883.3.464.0003.01.02.0047)",
      "dischargeDisposition": null,
      "discharge_time": null,
      "end_time": 1142485200,
      "free_text": null,
      "mood_code": "EVN",
      "negationInd": true,
      "negationReason": {
        "SNOMED-CT": [
          "5015009"
        ]
      },
      "performer_id": null,
      "specifics": null,
      "start_time": 1118376000,
      "status_code": null,
      "time": null
    },
    {
      "_id": "50536a6a709357c7fa000017",
      "admitType": null,
      "admit_time": null,
      "codes": {
        "CPT": [
          "99201"
        ],
        "SNOMED-CT": [
          "18170008"
        ]
      },
      "description": "HIV Visit (Code List: 2.16.840.1.113883.3.464.0003.01.02.0047)",
      "dischargeDisposition": null,
      "discharge_time": null,
      "end_time": 1295413200,
      "free_text": null,
      "mood_code": "EVN",
      "negationInd": null,
      "negationReason": null,
      "performer_id": null,
      "specifics": null,
      "start_time": 1262494800,
      "status_code": null,
      "time": null
    }
  ],
  "ethnicity": "2186-5",
  "expired": null,
  "first": "Betty",
  "gender": "F",
  "languages": [
    "fr-US"
  ],
  "last": "Moreno",
  "marital_status": null,
  "measure_id": null,
  "measure_ids": null,
  "medical_record_number": "9690529893",
  "race": "2106-3",
  "religious_affilication": null,
  "source_data_criteria": null,
  "test_id": null,
  "title": null
}