{
  "_id": "50536a6b709357c7fa0001ea",
  "birthdate": 1347644011,
  "clinicalTrialParticipant": null,
  "conditions": [
    {
      "_id": "50536a6b709357c7fa0001ef",
      "causeOfDeath": null,
      "codes": {
        "ICD-9-CM": [
          "140.0"
        ],
        "ICD-10-CM": [
          "C00.0"
        ],
        "SNOMED-CT": [
          "4135001"
        ]
      },
      "description": "Diagnosis, Active: Cancer (Code List: 2.16.840.1.113883.3.526.03.1010)",
      "end_time": 1314936000,
      "free_text": null,
      "mood_code": "EVN",
      "name": null,
      "negationInd": null,
      "negationReason": null,
      "ordinality": null,
      "priority": null,
      "severity": null,
      "specifics": null,
      "start_time": 832132800,
      "status_code": {
        "SNOMED-CT": [
          "55561003"
        ],
        "HL7 ActStatus": [
          "active"
        ]
      },
      "time": null,
      "type": null
    }
  ],
  "deathdate": null,
  "effective_time": null,
  "elimination_population": null,
  "elimination_reason": null,
  "encounters": [
    {
      "_id": "50536a6b709357c7fa0001ed",
      "admitType": null,
      "admit_time": null,
      "codes": {
        "CPT": [
          "99201"
        ]
      },
      "description": "Office Visit (Code List: 2.16.840.1.113883.3.464.0003.01.02.0001)",
      "dischargeDisposition": null,
      "discharge_time": null,
      "end_time": 1285300800,
      "free_text": null,
      "mood_code": "EVN",
      "negationInd": null,
      "negationReason": null,
      "performer_id": null,
      "specifics": null,
      "start_time": 1266123600,
      "status_code": null,
      "time": null
    },
    {
      "_id": "50536a6b709357c7fa0001ee",
      "admitType": null,
      "admit_time": null,
      "codes": {
        "SNOMED-CT": [
          "4525004"
        ]
      },
      "description": "Face-to-Face Interaction (Code List: 2.16.840.1.113883.3.464.0003.01.02.0048)",
      "dischargeDisposition": null,
      "discharge_time": null,
      "end_time": 1283832000,
      "free_text": null,
      "mood_code": "EVN",
      "negationInd": null,
      "negationReason": null,
      "performer_id": null,
      "specifics": null,
      "start_time": 1113451200,
      "status_code": null,
      "time": null
    }
  ],
  "ethnicity": "2186-5",
  "expired": null,
  "first": "Bobbie",
  "gender": "F",
  "languages": [
    "en-US"
  ],
  "last": "Curtis",
  "marital_status": null,
  "measure_id": null,
  "measure_ids": null,
  "medical_record_number": "3876912600",
  "procedures": [
    {
      "_id": "50536a6b709357c7fa0001eb",
      "codes": {
        "LOINC": [
          "38214-3"
        ]
      },
      "description": "Risk Category Assessment: Standardized Pain Assessment Tool (Code List: 2.16.840.1.113883.3.526.03.1028)",
      "end_time": 1187323200,
      "free_text": null,
      "mood_code": "EVN",
      "negationInd": null,
      "negationReason": null,
      "performer_id": null,
      "site": null,
      "specifics": null,
      "start_time": 1046494800,
      "status_code": null,
      "time": null
    },
    {
      "_id": "50536a6b709357c7fa0001ec",
      "codes": {
        "CPT": [
          "77427"
        ],
        "SNOMED-CT": [
          "84755001"
        ]
      },
      "description": "Radiation Treatment Management (Code List: 2.16.840.1.113883.3.526.03.1026)",
      "end_time": 1164430800,
      "free_text": null,
      "mood_code": "EVN",
      "negationInd": null,
      "negationReason": null,
      "performer_id": null,
      "site": null,
      "specifics": null,
      "start_time": 1144296000,
      "status_code": null,
      "time": null
    },
    {
      "_id": "50536a6b709357c7fa0001f0",
      "codes": {
        "CPT": [
          "51720"
        ],
        "SNOMED-CT": [
          "4114003"
        ]
      },
      "description": "Chemotherapy Administration (Code List: 2.16.840.1.113883.3.526.03.1027)",
      "end_time": 1159675200,
      "free_text": null,
      "mood_code": "EVN",
      "negationInd": null,
      "negationReason": null,
      "performer_id": null,
      "site": null,
      "specifics": null,
      "start_time": 1068440400,
      "status_code": null,
      "time": null
    }
  ],
  "race": "2106-3",
  "religious_affilication": null,
  "source_data_criteria": null,
  "test_id": null,
  "title": null
}