{
  "_id": "50536a6a709357c7fa000005",
  "birthdate": 1054612800,
  "clinicalTrialParticipant": null,
  "conditions": [
    {
      "_id": "50536a6a709357c7fa000010",
      "causeOfDeath": null,
      "codes": {
        "ICD-10-CM": [
          "E08.311"
        ],
        "ICD-9-CM": [
          "362.01"
        ],
        "SNOMED-CT": [
          "4855003"
        ]
      },
      "description": "Diagnosis, Active: Diabetic Retinopathy (Code List: 2.16.840.1.113883.3.526.03.327)",
      "end_time": 1333857600,
      "free_text": null,
      "mood_code": "EVN",
      "name": null,
      "negationInd": null,
      "negationReason": null,
      "ordinality": null,
      "priority": null,
      "severity": null,
      "specifics": null,
      "start_time": 1242532800,
      "status_code": {
        "SNOMED-CT": [
          "55561003"
        ],
        "HL7 ActStatus": [
          "active"
        ]
      },
      "time": null,
      "type": null
    }
  ],
  "deathdate": null,
  "effective_time": null,
  "elimination_population": null,
  "elimination_reason": null,
  "encounters": [
    {
      "_id": "50536a6a709357c7fa000007",
      "admitType": null,
      "admit_time": null,
      "codes": {
        "CPT": [
          "92002"
        ]
      },
      "description": "Ophthalmological Services (Code List: 2.16.840.1.113883.3.526.03.1285)",
      "dischargeDisposition": null,
      "discharge_time": null,
      "end_time": 968904000,
      "free_text": null,
      "mood_code": "EVN",
      "negationInd": null,
      "negationReason": null,
      "performer_id": null,
      "specifics": null,
      "start_time": 960868800,
      "status_code": null,
      "time": null
    },
    {
      "_id": "50536a6a709357c7fa000008",
      "admitType": null,
      "admit_time": null,
      "codes": {
        "CPT": [
          "99324"
        ]
      },
      "description": "Care Services in Long-Term Residential Facility (Code List: 2.16.840.1.113883.3.464.0003.01.02.0014)",
      "dischargeDisposition": null,
      "discharge_time": null,
      "end_time": 1137819600,
      "free_text": null,
      "mood_code": "EVN",
      "negationInd": null,
      "negationReason": null,
      "performer_id": null,
      "specifics": null,
      "start_time": 1025064000,
      "status_code": null,
      "time": null
    },
    {
      "_id": "50536a6a709357c7fa000009",
      "admitType": null,
      "admit_time": null,
      "codes": {
        "CPT": [
          "99304"
        ]
      },
      "description": "Nursing Facility Visit (Code List: 2.16.840.1.113883.3.464.0003.01.02.0012)",
      "dischargeDisposition": null,
      "discharge_time": null,
      "end_time": 1183176000,
      "free_text": null,
      "mood_code": "EVN",
      "negationInd": null,
      "negationReason": null,
      "performer_id": null,
      "specifics": null,
      "start_time": 859870800,
      "status_code": null,
      "time": null
    },
    {
      "_id": "50536a6a709357c7fa00000a",
      "admitType": null,
      "admit_time": null,
      "codes": {
        "CPT": [
          "99201"
        ]
      },
      "description": "Office Visit (Code List: 2.16.840.1.113883.3.464.0003.01.02.0001)",
      "dischargeDisposition": null,
      "discharge_time": null,
      "end_time": 1103259600,
      "free_text": null,
      "mood_code": "EVN",
      "negationInd": null,
      "negationReason": null,
      "performer_id": null,
      "specifics": null,
      "start_time": 941432400,
      "status_code": null,
      "time": null
    },
    {
      "_id": "50536a6a709357c7fa00000b",
      "admitType": null,
      "admit_time": null,
      "codes": {
        "CPT": [
          "99241"
        ]
      },
      "description": "Outpatient Consultation (Code List: 2.16.840.1.113883.3.464.0003.01.02.0008)",
      "dischargeDisposition": null,
      "discharge_time": null,
      "end_time": 1035000000,
      "free_text": null,
      "mood_code": "EVN",
      "negationInd": null,
      "negationReason": null,
      "performer_id": null,
      "specifics": null,
      "start_time": 866952000,
      "status_code": null,
      "time": null
    },
    {
      "_id": "50536a6a709357c7fa00000c",
      "admitType": null,
      "admit_time": null,
      "codes": {
        "SNOMED-CT": [
          "4525004"
        ]
      },
      "description": "Face-to-Face Interaction (Code List: 2.16.840.1.113883.3.464.0003.01.02.0048)",
      "dischargeDisposition": null,
      "discharge_time": null,
      "end_time": 1301976000,
      "free_text": null,
      "mood_code": "EVN",
      "negationInd": null,
      "negationReason": null,
      "performer_id": null,
      "specifics": null,
      "start_time": 991800000,
      "status_code": null,
      "time": null
    },
    {
      "_id": "50536a6a709357c7fa000011",
      "admitType": null,
      "admit_time": null,
      "codes": {
        "SNOMED-CT": [
          "4525004"
        ]
      },
      "description": "Encounter, Performed: Patient Provider Interaction (Code List: 2.16.840.1.113883.3.526.03.1012)",
      "dischargeDisposition": null,
      "discharge_time": null,
      "end_time": 1291093200,
      "free_text": null,
      "mood_code": "EVN",
      "negationInd": null,
      "negationReason": null,
      "performer_id": null,
      "specifics": null,
      "start_time": 1236142800,
      "status_code": null,
      "time": null
    }
  ],
  "ethnicity": "2186-5",
  "expired": null,
  "first": "Brandy",
  "gender": "F",
  "languages": [
    "en-US"
  ],
  "last": "Bennett",
  "marital_status": null,
  "measure_id": null,
  "measure_ids": null,
  "medical_record_number": "8084441054",
  "procedures": [
    {
      "_id": "50536a6a709357c7fa000006",
      "codes": {
        "LOINC": [
          "XXXXX-X"
        ]
      },
      "description": "Diagnostic Study, Performed: Macular Exam (Code List: 2.16.840.1.113883.3.526.03.1251)",
      "end_time": 1179892800,
      "free_text": null,
      "mood_code": "EVN",
      "negationInd": true,
      "negationReason": {
        "SNOMED-CT": [
          "31438003"
        ]
      },
      "performer_id": null,
      "site": null,
      "specifics": null,
      "start_time": 945752400,
      "status_code": null,
      "time": null
    },
    {
      "_id": "50536a6a709357c7fa00000d",
      "codes": {
        "LOINC": [
          "XXXXX-X"
        ]
      },
      "description": "Diagnostic Study, Performed: Macular Exam (Code List: 2.16.840.1.113883.3.526.03.1251)",
      "end_time": 1232859600,
      "free_text": null,
      "mood_code": "EVN",
      "negationInd": true,
      "negationReason": {
        "SNOMED-CT": [
          "5015009"
        ]
      },
      "performer_id": null,
      "site": null,
      "specifics": null,
      "start_time": 1217476800,
      "status_code": null,
      "time": null
    }
  ],
  "race": "2028-9",
  "religious_affilication": null,
  "results": [
    {
      "_id": "50536a6a709357c7fa00000e",
      "codes": {
        "LOINC": [
          "XXXXX-X"
        ]
      },
      "description": "Macular Exam (Code List: 2.16.840.1.113883.3.526.03.1251)",
      "end_time": 1015650000,
      "free_text": null,
      "interpretation": null,
      "mood_code": "EVN",
      "negationInd": null,
      "negationReason": null,
      "referenceRange": null,
      "specifics": null,
      "start_time": 827125200,
      "status_code": null,
      "time": null,
      "values": [
        {
          "_id": "50536a6a709357c7fa00000f",
          "codes": {
            "SNOMED-CT": [
              "193349004"
            ]
          }
        }
      ]
    }
  ],
  "source_data_criteria": null,
  "test_id": null,
  "title": null
}