{
  "_id": "50536a6b709357c7fa0000ce",
  "birthdate": 1117339200,
  "clinicalTrialParticipant": null,
  "deathdate": null,
  "effective_time": null,
  "elimination_population": null,
  "elimination_reason": null,
  "encounters": [
    {
      "_id": "50536a6b709357c7fa0000d1",
      "admitType": null,
      "admit_time": null,
      "codes": {
        "CPT": [
          "99201"
        ]
      },
      "description": "Encounter, Performed: Office Visit (Code List: 2.16.840.1.113883.3.464.0003.01.02.0001)",
      "dischargeDisposition": null,
      "discharge_time": null,
      "end_time": 1263445200,
      "free_text": null,
      "mood_code": "EVN",
      "negationInd": null,
      "negationReason": null,
      "performer_id": null,
      "specifics": null,
      "start_time": 1134882000,
      "status_code": null,
      "time": null
    },
    {
      "_id": "50536a6b709357c7fa0000d2",
      "admitType": null,
      "admit_time": null,
      "codes": {
        "SNOMED-CT": [
          "4525004"
        ]
      },
      "description": "Encounter, Performed: Face-to-Face Interaction (Code List: 2.16.840.1.113883.3.464.0003.01.02.0048)",
      "dischargeDisposition": null,
      "discharge_time": null,
      "end_time": 1240027200,
      "free_text": null,
      "mood_code": "EVN",
      "negationInd": null,
      "negationReason": null,
      "performer_id": null,
      "specifics": null,
      "start_time": 1229835600,
      "status_code": null,
      "time": null
    },
    {
      "_id": "50536a6b709357c7fa0000d3",
      "admitType": null,
      "admit_time": null,
      "codes": {
        "ICD-9-CM": [
          "89.09"
        ],
        "CPT": [
          "99241"
        ],
        "SNOMED-CT": [
          "17436001"
        ]
      },
      "description": "Encounter, Performed: BH Medical or psychiatric consultation (Code List: 2.16.840.1.113883.3.1257.1.1652)",
      "dischargeDisposition": null,
      "discharge_time": null,
      "end_time": 1291611600,
      "free_text": null,
      "mood_code": "EVN",
      "negationInd": null,
      "negationReason": null,
      "performer_id": null,
      "specifics": null,
      "start_time": 1197608400,
      "status_code": null,
      "time": null
    }
  ],
  "ethnicity": "2186-5",
  "expired": null,
  "first": "Brandy",
  "gender": "F",
  "languages": [
    "en-US"
  ],
  "last": "Waters",
  "marital_status": null,
  "measure_id": null,
  "measure_ids": null,
  "medical_record_number": "6048428236",
  "procedures": [
    {
      "_id": "50536a6b709357c7fa0000cf",
      "codes": {
        "SNOMED-CT": [
          "To be added"
        ]
      },
      "description": "Intervention, Performed: Maternal Post Partum Depression Care (Code List: 2.16.840.1.113883.3.464.0003.11.02.0013)",
      "end_time": 1347595200,
      "free_text": null,
      "mood_code": "EVN",
      "negationInd": null,
      "negationReason": null,
      "performer_id": null,
      "site": null,
      "specifics": null,
      "start_time": 1346558400,
      "status_code": null,
      "time": null
    },
    {
      "_id": "50536a6b709357c7fa0000d0",
      "codes": {
        "SNOMED-CT": [
          "To be added"
        ]
      },
      "description": "Intervention, Performed: Maternal Post Partum Depression Screening (Code List: 2.16.840.1.113883.3.464.0003.11.02.0014)",
      "end_time": 1213934400,
      "free_text": null,
      "mood_code": "EVN",
      "negationInd": null,
      "negationReason": null,
      "performer_id": null,
      "site": null,
      "specifics": null,
      "start_time": 1174622400,
      "status_code": null,
      "time": null
    }
  ],
  "race": "2106-3",
  "religious_affilication": null,
  "source_data_criteria": null,
  "test_id": null,
  "title": null
}