{
  "_id": "50536a6b709357c7fa0001c3",
  "birthdate": 1233982800,
  "clinicalTrialParticipant": null,
  "conditions": [
    {
      "_id": "50536a6b709357c7fa0001c4",
      "causeOfDeath": null,
      "codes": {
        "SNOMED-CT": [
          "6628008"
        ],
        "ICD-9-CM": [
          "808.0"
        ],
        "ICD-10-CM": [
          "S32.301A"
        ]
      },
      "description": "Diagnosis, Active: Fracture - Lower Body (Code List: 2.16.840.1.113883.3.464.0003.05.02.0001)",
      "end_time": 1300420800,
      "free_text": null,
      "mood_code": "EVN",
      "name": null,
      "negationInd": null,
      "negationReason": null,
      "ordinality": null,
      "priority": null,
      "severity": null,
      "specifics": null,
      "start_time": 1073192400,
      "status_code": {
        "SNOMED-CT": [
          "55561003"
        ],
        "HL7 ActStatus": [
          "active"
        ]
      },
      "time": null,
      "type": null
    },
    {
      "_id": "50536a6b709357c7fa0001c6",
      "causeOfDeath": null,
      "codes": {
        "SNOMED-CT": [
          "7041000047105"
        ]
      },
      "description": "Diagnosis, Active: Severe Dementia (Code List: 2.16.840.1.113883.3.526.03.1025)",
      "end_time": 1192852800,
      "free_text": null,
      "mood_code": "EVN",
      "name": null,
      "negationInd": null,
      "negationReason": null,
      "ordinality": null,
      "priority": null,
      "severity": null,
      "specifics": null,
      "start_time": 888296400,
      "status_code": {
        "SNOMED-CT": [
          "55561003"
        ],
        "HL7 ActStatus": [
          "active"
        ]
      },
      "time": null,
      "type": null
    }
  ],
  "deathdate": null,
  "effective_time": null,
  "elimination_population": null,
  "elimination_reason": null,
  "encounters": [
    {
      "_id": "50536a6b709357c7fa0001c9",
      "admitType": null,
      "admit_time": null,
      "codes": {
        "CPT": [
          "99241"
        ]
      },
      "description": "Outpatient Consultation (Code List: 2.16.840.1.113883.3.464.0003.01.02.0008)",
      "dischargeDisposition": null,
      "discharge_time": null,
      "end_time": 1325048400,
      "free_text": null,
      "mood_code": "EVN",
      "negationInd": null,
      "negationReason": null,
      "performer_id": null,
      "specifics": null,
      "start_time": 1321333200,
      "status_code": null,
      "time": null
    },
    {
      "_id": "50536a6b709357c7fa0001ca",
      "admitType": null,
      "admit_time": null,
      "codes": {
        "SNOMED-CT": [
          "4525004"
        ]
      },
      "description": "Face-to-Face Interaction (Code List: 2.16.840.1.113883.3.464.0003.01.02.0048)",
      "dischargeDisposition": null,
      "discharge_time": null,
      "end_time": 1343534400,
      "free_text": null,
      "mood_code": "EVN",
      "negationInd": null,
      "negationReason": null,
      "performer_id": null,
      "specifics": null,
      "start_time": 1307332800,
      "status_code": null,
      "time": null
    }
  ],
  "ethnicity": "2186-5",
  "expired": null,
  "first": "Brittany",
  "gender": "F",
  "languages": [
    "en-US"
  ],
  "last": "Watkins",
  "marital_status": null,
  "measure_id": null,
  "measure_ids": null,
  "medical_record_number": "8939780519",
  "procedures": [
    {
      "_id": "50536a6b709357c7fa0001c5",
      "codes": {
        "SNOMED-CT": [
          "15163009"
        ],
        "HCPCS": [
          "S2118"
        ],
        "CPT": [
          "27130"
        ]
      },
      "description": "Primary THA Procedure (Code List: 2.16.840.1.113883.3.464.0003.98.02.0006)",
      "end_time": 1307592000,
      "free_text": null,
      "mood_code": "EVN",
      "negationInd": null,
      "negationReason": null,
      "performer_id": null,
      "site": null,
      "specifics": null,
      "start_time": 1256961600,
      "status_code": null,
      "time": null
    }
  ],
  "race": "2106-3",
  "religious_affilication": null,
  "results": [
    {
      "_id": "50536a6b709357c7fa0001c7",
      "codes": {
        "LOINC": [
          "XXXX-X"
        ]
      },
      "description": "Functional Status Assessment  for Hip Replacement (Code List: 2.16.840.1.113883.3.464.0003.18.02.0029)",
      "end_time": 1323493200,
      "free_text": null,
      "interpretation": null,
      "mood_code": "EVN",
      "negationInd": null,
      "negationReason": null,
      "referenceRange": null,
      "specifics": null,
      "start_time": 1323406800,
      "status_code": null,
      "time": null
    },
    {
      "_id": "50536a6b709357c7fa0001c8",
      "codes": {
        "LOINC": [
          "XXXX-X"
        ]
      },
      "description": "Functional Status Assessment  for Hip Replacement (Code List: 2.16.840.1.113883.3.464.0003.18.02.0029)",
      "end_time": 1211774400,
      "free_text": null,
      "interpretation": null,
      "mood_code": "EVN",
      "negationInd": null,
      "negationReason": null,
      "referenceRange": null,
      "specifics": null,
      "start_time": 1008997200,
      "status_code": null,
      "time": null
    }
  ],
  "source_data_criteria": null,
  "test_id": null,
  "title": null
}