{
  "_id": "50536a6b709357c7fa0000bb",
  "birthdate": 856155600,
  "clinicalTrialParticipant": null,
  "conditions": [
    {
      "_id": "50536a6b709357c7fa0000bc",
      "causeOfDeath": null,
      "codes": {
        "SNOMED-CT": [
          "11687002"
        ],
        "ICD-10-CM": [
          "O24.410"
        ]
      },
      "description": "Diagnosis, Active: Gestational Diabetes (Code List: 2.16.840.1.113883.3.464.0003.03.02.0010)",
      "end_time": 1270958400,
      "free_text": null,
      "mood_code": "EVN",
      "name": null,
      "negationInd": null,
      "negationReason": null,
      "ordinality": null,
      "priority": null,
      "severity": null,
      "specifics": null,
      "start_time": 1144900800,
      "status_code": {
        "SNOMED-CT": [
          "55561003"
        ],
        "HL7 ActStatus": [
          "active"
        ]
      },
      "time": null,
      "type": null
    },
    {
      "_id": "50536a6b709357c7fa0000c0",
      "causeOfDeath": null,
      "codes": {
        "ICD-9-CM": [
          "250.00"
        ],
        "ICD-10-CM": [
          "E10.8"
        ],
        "SNOMED-CT": [
          "4783006"
        ]
      },
      "description": "Diagnosis, Active: Diabetes (Code List: 2.16.840.1.113883.3.464.0003.03.02.0001)",
      "end_time": 1051070400,
      "free_text": null,
      "mood_code": "EVN",
      "name": null,
      "negationInd": null,
      "negationReason": null,
      "ordinality": null,
      "priority": null,
      "severity": null,
      "specifics": null,
      "start_time": 1050638400,
      "status_code": {
        "SNOMED-CT": [
          "55561003"
        ],
        "HL7 ActStatus": [
          "active"
        ]
      },
      "time": null,
      "type": null
    }
  ],
  "deathdate": null,
  "effective_time": null,
  "elimination_population": null,
  "elimination_reason": null,
  "ethnicity": "2186-5",
  "expired": null,
  "first": "Caroline",
  "gender": "F",
  "languages": [
    "en-US"
  ],
  "last": "Meyer",
  "marital_status": null,
  "measure_id": null,
  "measure_ids": null,
  "medical_record_number": "3025947341",
  "race": "2106-3",
  "religious_affilication": null,
  "results": [
    {
      "_id": "50536a6b709357c7fa0000bd",
      "codes": {
        "SNOMED-CT": [
          "401191002"
        ]
      },
      "description": "Physical Exam, Performed: Visual Exam of Foot (Code List: 2.16.840.1.113883.3.464.0003.03.02.0013)",
      "end_time": 1324443600,
      "free_text": null,
      "interpretation": null,
      "mood_code": "EVN",
      "negationInd": null,
      "negationReason": null,
      "referenceRange": null,
      "specifics": null,
      "start_time": 1193889600,
      "status_code": null,
      "time": null
    },
    {
      "_id": "50536a6b709357c7fa0000be",
      "codes": {
        "SNOMED-CT": [
          "134388005"
        ]
      },
      "description": "Physical Exam, Performed: Sensory Exam of Foot (Code List: 2.16.840.1.113883.3.464.0003.03.02.0014)",
      "end_time": 1191211200,
      "free_text": null,
      "interpretation": null,
      "mood_code": "EVN",
      "negationInd": null,
      "negationReason": null,
      "referenceRange": null,
      "specifics": null,
      "start_time": 879138000,
      "status_code": null,
      "time": null
    },
    {
      "_id": "50536a6b709357c7fa0000bf",
      "codes": {
        "SNOMED-CT": [
          "91161007"
        ]
      },
      "description": "Physical Exam, Performed: Pulse Exam of Foot (Code List: 2.16.840.1.113883.3.464.0003.03.02.0015)",
      "end_time": 1038978000,
      "free_text": null,
      "interpretation": null,
      "mood_code": "EVN",
      "negationInd": null,
      "negationReason": null,
      "referenceRange": null,
      "specifics": null,
      "start_time": 926740800,
      "status_code": null,
      "time": null
    }
  ],
  "source_data_criteria": null,
  "test_id": null,
  "title": null
}