{
  "_id": "50536a6c709357c7fa0002fe",
  "birthdate": 1225688400,
  "clinicalTrialParticipant": null,
  "conditions": [
    {
      "_id": "50536a6c709357c7fa000311",
      "causeOfDeath": null,
      "codes": {
        "ICD-9-CM": [
          "296.00"
        ],
        "SNOMED-CT": [
          "162004"
        ],
        "ICD-10-CM": [
          "F30.2"
        ]
      },
      "description": "Diagnosis, Active: Bipolar Disorder (Code List: 2.16.840.1.113883.3.67.1.101.1.128)",
      "end_time": 1330059600,
      "free_text": null,
      "mood_code": "EVN",
      "name": null,
      "negationInd": null,
      "negationReason": null,
      "ordinality": null,
      "priority": null,
      "severity": null,
      "specifics": null,
      "start_time": 1329800400,
      "status_code": {
        "SNOMED-CT": [
          "55561003"
        ],
        "HL7 ActStatus": [
          "active"
        ]
      },
      "time": null,
      "type": null
    },
    {
      "_id": "50536a6c709357c7fa000312",
      "causeOfDeath": null,
      "codes": {
        "ICD-9-CM": [
          "300.14"
        ],
        "ICD-10-CM": [
          "F21"
        ],
        "SNOMED-CT": [
          "600009"
        ]
      },
      "description": "Diagnosis, Active: Personality Disorder (Code List: 2.16.840.1.113883.3.67.1.101.1.246)",
      "end_time": 1101704400,
      "free_text": null,
      "mood_code": "EVN",
      "name": null,
      "negationInd": null,
      "negationReason": null,
      "ordinality": null,
      "priority": null,
      "severity": null,
      "specifics": null,
      "start_time": 798782400,
      "status_code": {
        "SNOMED-CT": [
          "55561003"
        ],
        "HL7 ActStatus": [
          "active"
        ]
      },
      "time": null,
      "type": null
    },
    {
      "_id": "50536a6c709357c7fa000315",
      "causeOfDeath": null,
      "codes": {
        "SNOMED-CT": [
          "832007"
        ],
        "ICD-9-CM": [
          "296.20"
        ],
        "ICD-10-CM": [
          "F32.0"
        ]
      },
      "description": "Diagnosis, Active: Major Depression (Code List: 2.16.840.1.113883.3.67.1.101.1.250)",
      "end_time": 1347422400,
      "free_text": null,
      "mood_code": "EVN",
      "name": null,
      "negationInd": null,
      "negationReason": null,
      "ordinality": null,
      "priority": null,
      "severity": null,
      "specifics": null,
      "start_time": 1345089600,
      "status_code": {
        "SNOMED-CT": [
          "55561003"
        ],
        "HL7 ActStatus": [
          "active"
        ]
      },
      "time": null,
      "type": null
    },
    {
      "_id": "50536a6c709357c7fa000316",
      "causeOfDeath": null,
      "codes": {
        "ICD-9-CM": [
          "300.4"
        ],
        "ICD-10-CM": [
          "F34.1"
        ],
        "SNOMED-CT": [
          "2506003"
        ]
      },
      "description": "Diagnosis, Active: Dysthymia (Code List: 2.16.840.1.113883.3.67.1.101.1.254)",
      "end_time": 1344225600,
      "free_text": null,
      "mood_code": "EVN",
      "name": null,
      "negationInd": null,
      "negationReason": null,
      "ordinality": null,
      "priority": null,
      "severity": null,
      "specifics": null,
      "start_time": 1229403600,
      "status_code": {
        "SNOMED-CT": [
          "55561003"
        ],
        "HL7 ActStatus": [
          "active"
        ]
      },
      "time": null,
      "type": null
    },
    {
      "_id": "50536a6c709357c7fa000317",
      "causeOfDeath": null,
      "codes": {
        "SNOMED-CT": [
          "832007"
        ],
        "ICD-9-CM": [
          "296.20"
        ],
        "ICD-10-CM": [
          "F32.0"
        ]
      },
      "description": "Diagnosis, Active: Major Depression (Code List: 2.16.840.1.113883.3.67.1.101.1.250)",
      "end_time": 1327899600,
      "free_text": null,
      "mood_code": "EVN",
      "name": null,
      "negationInd": null,
      "negationReason": null,
      "ordinality": "{\"SNOMED-CT\"=>[\"8319008\"]}",
      "priority": null,
      "severity": null,
      "specifics": null,
      "start_time": 1300939200,
      "status_code": {
        "SNOMED-CT": [
          "55561003"
        ],
        "HL7 ActStatus": [
          "active"
        ]
      },
      "time": null,
      "type": null
    },
    {
      "_id": "50536a6c709357c7fa000318",
      "causeOfDeath": null,
      "codes": {
        "ICD-9-CM": [
          "300.4"
        ],
        "ICD-10-CM": [
          "F34.1"
        ],
        "SNOMED-CT": [
          "2506003"
        ]
      },
      "description": "Diagnosis, Active: Dysthymia (Code List: 2.16.840.1.113883.3.67.1.101.1.254)",
      "end_time": 1339646400,
      "free_text": null,
      "mood_code": "EVN",
      "name": null,
      "negationInd": null,
      "negationReason": null,
      "ordinality": "{\"SNOMED-CT\"=>[\"8319008\"]}",
      "priority": null,
      "severity": null,
      "specifics": null,
      "start_time": 1327122000,
      "status_code": {
        "SNOMED-CT": [
          "55561003"
        ],
        "HL7 ActStatus": [
          "active"
        ]
      },
      "time": null,
      "type": null
    }
  ],
  "deathdate": null,
  "effective_time": null,
  "elimination_population": null,
  "elimination_reason": null,
  "encounters": [
    {
      "_id": "50536a6c709357c7fa0002ff",
      "admitType": null,
      "admit_time": null,
      "codes": {
        "SNOMED-CT": [
          "20733006"
        ]
      },
      "description": "Residence (Code List: 2.16.840.1.113883.3.67.1.101.11.725)",
      "dischargeDisposition": null,
      "discharge_time": null,
      "end_time": 1320987600,
      "facility": {
        "_id": "50536a6c709357c7fa000300",
        "code": null,
        "codes": {
          "SNOMED-CT": [
            "160734000"
          ]
        },
        "name": "Nursing Home"
      },
      "free_text": null,
      "mood_code": "EVN",
      "negationInd": null,
      "negationReason": null,
      "performer_id": null,
      "specifics": null,
      "start_time": 1280894400,
      "status_code": null,
      "time": null
    },
    {
      "_id": "50536a6c709357c7fa000301",
      "admitType": null,
      "admit_time": null,
      "codes": {
        "CPT": [
          "90804"
        ]
      },
      "description": "Psych Visit - Individual Outpatient Psychotherapy (Code List: 2.16.840.1.113883.3.526.3.1014)",
      "dischargeDisposition": null,
      "discharge_time": null,
      "end_time": 1345435200,
      "free_text": null,
      "mood_code": "EVN",
      "negationInd": null,
      "negationReason": null,
      "performer_id": null,
      "specifics": null,
      "start_time": 1344312000,
      "status_code": null,
      "time": null
    },
    {
      "_id": "50536a6c709357c7fa000302",
      "admitType": null,
      "admit_time": null,
      "codes": {
        "SNOMED-CT": [
          "20733006"
        ]
      },
      "description": "Residence (Code List: 2.16.840.1.113883.3.67.1.101.11.725)",
      "dischargeDisposition": null,
      "discharge_time": null,
      "end_time": 1094875200,
      "free_text": null,
      "mood_code": "EVN",
      "negationInd": null,
      "negationReason": null,
      "performer_id": null,
      "specifics": null,
      "start_time": 894945600,
      "status_code": null,
      "time": null
    },
    {
      "_id": "50536a6c709357c7fa000303",
      "admitType": null,
      "admit_time": null,
      "codes": {
        "CPT": [
          "99411"
        ]
      },
      "description": "Preventive Care Services - Group Counseling (Code List: 2.16.840.1.113883.3.464.1003.101.12.1027)",
      "dischargeDisposition": null,
      "discharge_time": null,
      "end_time": 1317787200,
      "free_text": null,
      "mood_code": "EVN",
      "negationInd": null,
      "negationReason": null,
      "performer_id": null,
      "specifics": null,
      "start_time": 1214280000,
      "status_code": null,
      "time": null
    },
    {
      "_id": "50536a6c709357c7fa000304",
      "admitType": null,
      "admit_time": null,
      "codes": {
        "CPT": [
          "90810"
        ]
      },
      "description": "Psych Visit - Individual Outpatient Interactive Psychotherapy (Code List: 2.16.840.1.113883.3.526.3.1015)",
      "dischargeDisposition": null,
      "discharge_time": null,
      "end_time": 977806800,
      "free_text": null,
      "mood_code": "EVN",
      "negationInd": null,
      "negationReason": null,
      "performer_id": null,
      "specifics": null,
      "start_time": 913179600,
      "status_code": null,
      "time": null
    },
    {
      "_id": "50536a6c709357c7fa000305",
      "admitType": null,
      "admit_time": null,
      "codes": {
        "CPT": [
          "99218"
        ]
      },
      "description": "Hospital Observation Care - Initial (Code List: 2.16.840.1.113883.3.464.1003.101.12.1002)",
      "dischargeDisposition": null,
      "discharge_time": null,
      "end_time": 1233205200,
      "free_text": null,
      "mood_code": "EVN",
      "negationInd": null,
      "negationReason": null,
      "performer_id": null,
      "specifics": null,
      "start_time": 1019707200,
      "status_code": null,
      "time": null
    },
    {
      "_id": "50536a6c709357c7fa000306",
      "admitType": null,
      "admit_time": null,
      "codes": {
        "CPT": [
          "99211"
        ]
      },
      "description": "Office or Other Outpatient Visit for E/M of Established Patient (Code List: 2.16.840.1.113883.3.67.1.101.3.2014)",
      "dischargeDisposition": null,
      "discharge_time": null,
      "end_time": 1297314000,
      "free_text": null,
      "mood_code": "EVN",
      "negationInd": null,
      "negationReason": null,
      "performer_id": null,
      "specifics": null,
      "start_time": 1151812800,
      "status_code": null,
      "time": null
    },
    {
      "_id": "50536a6c709357c7fa000307",
      "admitType": null,
      "admit_time": null,
      "codes": {
        "CPT": [
          "99217"
        ]
      },
      "description": "Observation Care Discharge Day Management (Code List: 2.16.840.1.113883.3.67.1.101.3.2015)",
      "dischargeDisposition": null,
      "discharge_time": null,
      "end_time": 1144728000,
      "free_text": null,
      "mood_code": "EVN",
      "negationInd": null,
      "negationReason": null,
      "performer_id": null,
      "specifics": null,
      "start_time": 1115265600,
      "status_code": null,
      "time": null
    },
    {
      "_id": "50536a6c709357c7fa000308",
      "admitType": null,
      "admit_time": null,
      "codes": {
        "CPT": [
          "99241"
        ]
      },
      "description": "Outpatient Consultation (Code List: 2.16.840.1.113883.3.464.1003.101.12.1008)",
      "dischargeDisposition": null,
      "discharge_time": null,
      "end_time": 1142139600,
      "free_text": null,
      "mood_code": "EVN",
      "negationInd": null,
      "negationReason": null,
      "performer_id": null,
      "specifics": null,
      "start_time": 1091851200,
      "status_code": null,
      "time": null
    },
    {
      "_id": "50536a6c709357c7fa000309",
      "admitType": null,
      "admit_time": null,
      "codes": {
        "CPT": [
          "99341"
        ]
      },
      "description": "Home Healthcare Services (Code List: 2.16.840.1.113883.3.464.1003.101.12.1016)",
      "dischargeDisposition": null,
      "discharge_time": null,
      "end_time": 1327813200,
      "free_text": null,
      "mood_code": "EVN",
      "negationInd": null,
      "negationReason": null,
      "performer_id": null,
      "specifics": null,
      "start_time": 1249617600,
      "status_code": null,
      "time": null
    },
    {
      "_id": "50536a6c709357c7fa00030a",
      "admitType": null,
      "admit_time": null,
      "codes": {
        "CPT": [
          "99385"
        ]
      },
      "description": "Preventive Care Services-Initial Office Visit, 18 and Up (Code List: 2.16.840.1.113883.3.464.1003.101.12.1023)",
      "dischargeDisposition": null,
      "discharge_time": null,
      "end_time": 1344744000,
      "free_text": null,
      "mood_code": "EVN",
      "negationInd": null,
      "negationReason": null,
      "performer_id": null,
      "specifics": null,
      "start_time": 1324270800,
      "status_code": null,
      "time": null
    },
    {
      "_id": "50536a6c709357c7fa00030b",
      "admitType": null,
      "admit_time": null,
      "codes": {
        "CPT": [
          "97535"
        ],
        "SNOMED-CT": [
          "225967005"
        ]
      },
      "description": "Self Care Training (Code List: 2.16.840.1.113883.3.464.1003.101.12.1044)",
      "dischargeDisposition": null,
      "discharge_time": null,
      "end_time": 1204606800,
      "free_text": null,
      "mood_code": "EVN",
      "negationInd": null,
      "negationReason": null,
      "performer_id": null,
      "specifics": null,
      "start_time": 1150776000,
      "status_code": null,
      "time": null
    },
    {
      "_id": "50536a6c709357c7fa00030c",
      "admitType": null,
      "admit_time": null,
      "codes": {
        "CPT": [
          "99078"
        ],
        "SNOMED-CT": [
          "386460002"
        ]
      },
      "description": "Group Education Services (Code List: 2.16.840.1.113883.3.464.1003.101.12.1045)",
      "dischargeDisposition": null,
      "discharge_time": null,
      "end_time": 1121140800,
      "free_text": null,
      "mood_code": "EVN",
      "negationInd": null,
      "negationReason": null,
      "performer_id": null,
      "specifics": null,
      "start_time": 899006400,
      "status_code": null,
      "time": null
    },
    {
      "_id": "50536a6c709357c7fa00030d",
      "admitType": null,
      "admit_time": null,
      "codes": {
        "CPT": [
          "99201"
        ]
      },
      "description": "Office Visit (Code List: 2.16.840.1.113883.3.464.1003.101.12.1001)",
      "dischargeDisposition": null,
      "discharge_time": null,
      "end_time": 1189483200,
      "free_text": null,
      "mood_code": "EVN",
      "negationInd": null,
      "negationReason": null,
      "performer_id": null,
      "specifics": null,
      "start_time": 1167368400,
      "status_code": null,
      "time": null
    },
    {
      "_id": "50536a6c709357c7fa00030e",
      "admitType": null,
      "admit_time": null,
      "codes": {
        "CPT": [
          "99395"
        ]
      },
      "description": "Preventive Care Services - Established Office Visit, 18 and Up (Code List: 2.16.840.1.113883.3.464.1003.101.12.1025)",
      "dischargeDisposition": null,
      "discharge_time": null,
      "end_time": 1107406800,
      "free_text": null,
      "mood_code": "EVN",
      "negationInd": null,
      "negationReason": null,
      "performer_id": null,
      "specifics": null,
      "start_time": 1027396800,
      "status_code": null,
      "time": null
    },
    {
      "_id": "50536a6c709357c7fa00030f",
      "admitType": null,
      "admit_time": null,
      "codes": {
        "CPT": [
          "99401"
        ]
      },
      "description": "Preventive Care Services-Individual Counseling (Code List: 2.16.840.1.113883.3.464.1003.101.12.1026)",
      "dischargeDisposition": null,
      "discharge_time": null,
      "end_time": 1067922000,
      "free_text": null,
      "mood_code": "EVN",
      "negationInd": null,
      "negationReason": null,
      "performer_id": null,
      "specifics": null,
      "start_time": 942469200,
      "status_code": null,
      "time": null
    }
  ],
  "ethnicity": "2135-2",
  "expired": null,
  "first": "Catherine",
  "gender": "F",
  "languages": [
    "en-US"
  ],
  "last": "Owen",
  "marital_status": null,
  "measure_id": null,
  "measure_ids": null,
  "medical_record_number": "0230484180",
  "procedures": [
    {
      "_id": "50536a6c709357c7fa000310",
      "codes": {
        "SNOMED-CT": [
          "103735009"
        ]
      },
      "description": "Intervention, Order: Palliative Care (Code List: 2.16.840.1.113883.3.526.3.1024)",
      "end_time": 942037200,
      "free_text": null,
      "mood_code": "EVN",
      "negationInd": null,
      "negationReason": null,
      "performer_id": null,
      "site": null,
      "specifics": null,
      "start_time": 919486800,
      "status_code": null,
      "time": null
    },
    {
      "_id": "50536a6c709357c7fa000313",
      "codes": {
        "LOINC": [
          "44249-1"
        ]
      },
      "description": "PHQ-9 Tool (Code List: 2.16.840.1.113883.3.67.1.101.11.723)",
      "end_time": 1220068800,
      "free_text": null,
      "mood_code": "EVN",
      "negationInd": null,
      "negationReason": null,
      "performer_id": null,
      "site": null,
      "specifics": null,
      "start_time": 1015650000,
      "status_code": null,
      "time": null,
      "values": [
        {
          "_id": "50536a6c709357c7fa000314",
          "scalar": "5",
          "units": null
        }
      ]
    }
  ],
  "race": "2106-3",
  "religious_affilication": null,
  "source_data_criteria": null,
  "test_id": null,
  "title": null
}