{
  "_id": "50536a6b709357c7fa00011c",
  "birthdate": 1101531600,
  "clinicalTrialParticipant": null,
  "conditions": [
    {
      "_id": "50536a6b709357c7fa00011d",
      "causeOfDeath": null,
      "codes": {
        "ICD-10-CM": [
          "C83.30"
        ],
        "SNOMED-CT": [
          "91855006"
        ],
        "ICD-9-CM": [
          "200.08"
        ]
      },
      "description": "Diagnosis, Active: All Cancer (Code List: 2.16.840.1.113883.3.464.0003.08.02.0011)",
      "end_time": 1239595200,
      "free_text": null,
      "mood_code": "EVN",
      "name": null,
      "negationInd": null,
      "negationReason": null,
      "ordinality": null,
      "priority": null,
      "severity": null,
      "specifics": null,
      "start_time": 1223352000,
      "status_code": {
        "SNOMED-CT": [
          "55561003"
        ],
        "HL7 ActStatus": [
          "active"
        ]
      },
      "time": null,
      "type": null
    },
    {
      "_id": "50536a6b709357c7fa00011e",
      "causeOfDeath": null,
      "codes": {
        "SNOMED-CT": [
          "7041000047105"
        ]
      },
      "description": "Diagnosis, Active: Severe Dementia (Code List: 2.16.840.1.113883.3.526.03.1025)",
      "end_time": 1176609600,
      "free_text": null,
      "mood_code": "EVN",
      "name": null,
      "negationInd": null,
      "negationReason": null,
      "ordinality": null,
      "priority": null,
      "severity": null,
      "specifics": null,
      "start_time": 1160193600,
      "status_code": {
        "SNOMED-CT": [
          "55561003"
        ],
        "HL7 ActStatus": [
          "active"
        ]
      },
      "time": null,
      "type": null
    },
    {
      "_id": "50536a6b709357c7fa000122",
      "causeOfDeath": null,
      "codes": {
        "ICD-9-CM": [
          "402.01"
        ],
        "ICD-10-CM": [
          "I11.0"
        ],
        "SNOMED-CT": [
          "364006"
        ]
      },
      "description": "Diagnosis, Active: Heart Failure (Code List: 2.16.840.1.113883.3.526.03.376)",
      "end_time": 1277697600,
      "free_text": null,
      "mood_code": "EVN",
      "name": null,
      "negationInd": null,
      "negationReason": null,
      "ordinality": null,
      "priority": null,
      "severity": null,
      "specifics": null,
      "start_time": 1164949200,
      "status_code": {
        "SNOMED-CT": [
          "55561003"
        ],
        "HL7 ActStatus": [
          "active"
        ]
      },
      "time": null,
      "type": null
    }
  ],
  "deathdate": null,
  "effective_time": null,
  "elimination_population": null,
  "elimination_reason": null,
  "encounters": [
    {
      "_id": "50536a6b709357c7fa000120",
      "admitType": null,
      "admit_time": null,
      "codes": {
        "CPT": [
          "99201"
        ]
      },
      "description": "Office Visit (Code List: 2.16.840.1.113883.3.464.0003.01.02.0001)",
      "dischargeDisposition": null,
      "discharge_time": null,
      "end_time": 1223956800,
      "free_text": null,
      "mood_code": "EVN",
      "negationInd": null,
      "negationReason": null,
      "performer_id": null,
      "specifics": null,
      "start_time": 907041600,
      "status_code": null,
      "time": null
    },
    {
      "_id": "50536a6b709357c7fa000121",
      "admitType": null,
      "admit_time": null,
      "codes": {
        "SNOMED-CT": [
          "4525004"
        ]
      },
      "description": "Face-to-Face Interaction (Code List: 2.16.840.1.113883.3.464.0003.01.02.0048)",
      "dischargeDisposition": null,
      "discharge_time": null,
      "end_time": 1093924800,
      "free_text": null,
      "mood_code": "EVN",
      "negationInd": null,
      "negationReason": null,
      "performer_id": null,
      "specifics": null,
      "start_time": 817966800,
      "status_code": null,
      "time": null
    }
  ],
  "ethnicity": "2186-5",
  "expired": null,
  "first": "Cheryl",
  "gender": "F",
  "languages": [
    "en-US"
  ],
  "last": "Shelton",
  "marital_status": null,
  "measure_id": null,
  "measure_ids": null,
  "medical_record_number": "8539485936",
  "race": "2106-3",
  "religious_affilication": null,
  "results": [
    {
      "_id": "50536a6b709357c7fa00011f",
      "codes": {
        "SNOMED-CT": [
          "273447005"
        ],
        "LOINC": [
          "xxxx-x"
        ]
      },
      "description": "Functional Status, Result: Functional Status Assessment for Heart Failure (Code List: 2.16.840.1.113883.3.464.0003.18.02.0031)",
      "end_time": 1338782400,
      "free_text": null,
      "interpretation": null,
      "mood_code": "EVN",
      "negationInd": null,
      "negationReason": null,
      "referenceRange": null,
      "specifics": null,
      "start_time": 1159416000,
      "status_code": null,
      "time": null
    }
  ],
  "source_data_criteria": null,
  "test_id": null,
  "title": null
}