{
  "_id": "50536a6b709357c7fa0000d4",
  "birthdate": 910242000,
  "clinicalTrialParticipant": null,
  "conditions": [
    {
      "_id": "50536a6b709357c7fa0000d5",
      "causeOfDeath": null,
      "codes": {
        "SNOMED-CT": [
          "6628008"
        ],
        "ICD-9-CM": [
          "808.0"
        ],
        "ICD-10-CM": [
          "S32.301A"
        ]
      },
      "description": "Diagnosis, Active: Fracture - Lower Body (Code List: 2.16.840.1.113883.3.464.0003.05.02.0001)",
      "end_time": 1344571200,
      "free_text": null,
      "mood_code": "EVN",
      "name": null,
      "negationInd": null,
      "negationReason": null,
      "ordinality": null,
      "priority": null,
      "severity": null,
      "specifics": null,
      "start_time": 1341288000,
      "status_code": {
        "SNOMED-CT": [
          "55561003"
        ],
        "HL7 ActStatus": [
          "active"
        ]
      },
      "time": null,
      "type": null
    },
    {
      "_id": "50536a6b709357c7fa0000d7",
      "causeOfDeath": null,
      "codes": {
        "SNOMED-CT": [
          "7041000047105"
        ]
      },
      "description": "Diagnosis, Active: Severe Dementia (Code List: 2.16.840.1.113883.3.526.03.1025)",
      "end_time": 1310616000,
      "free_text": null,
      "mood_code": "EVN",
      "name": null,
      "negationInd": null,
      "negationReason": null,
      "ordinality": null,
      "priority": null,
      "severity": null,
      "specifics": null,
      "start_time": 1302494400,
      "status_code": {
        "SNOMED-CT": [
          "55561003"
        ],
        "HL7 ActStatus": [
          "active"
        ]
      },
      "time": null,
      "type": null
    }
  ],
  "deathdate": null,
  "effective_time": null,
  "elimination_population": null,
  "elimination_reason": null,
  "encounters": [
    {
      "_id": "50536a6b709357c7fa0000da",
      "admitType": null,
      "admit_time": null,
      "codes": {
        "CPT": [
          "99241"
        ]
      },
      "description": "Outpatient Consultation (Code List: 2.16.840.1.113883.3.464.0003.01.02.0008)",
      "dischargeDisposition": null,
      "discharge_time": null,
      "end_time": 1141362000,
      "free_text": null,
      "mood_code": "EVN",
      "negationInd": null,
      "negationReason": null,
      "performer_id": null,
      "specifics": null,
      "start_time": 1129435200,
      "status_code": null,
      "time": null
    },
    {
      "_id": "50536a6b709357c7fa0000db",
      "admitType": null,
      "admit_time": null,
      "codes": {
        "SNOMED-CT": [
          "4525004"
        ]
      },
      "description": "Face-to-Face Interaction (Code List: 2.16.840.1.113883.3.464.0003.01.02.0048)",
      "dischargeDisposition": null,
      "discharge_time": null,
      "end_time": 1233550800,
      "free_text": null,
      "mood_code": "EVN",
      "negationInd": null,
      "negationReason": null,
      "performer_id": null,
      "specifics": null,
      "start_time": 984632400,
      "status_code": null,
      "time": null
    }
  ],
  "ethnicity": "2186-5",
  "expired": null,
  "first": "Cheryl",
  "gender": "F",
  "languages": [
    "en-US"
  ],
  "last": "Davidson",
  "marital_status": null,
  "measure_id": null,
  "measure_ids": null,
  "medical_record_number": "2330308599",
  "procedures": [
    {
      "_id": "50536a6b709357c7fa0000d6",
      "codes": {
        "SNOMED-CT": [
          "179344006"
        ],
        "CPT": [
          "27445"
        ]
      },
      "description": "Primary TKA Procedure (Code List: 2.16.840.1.113883.3.464.0003.98.02.0007)",
      "end_time": 1215489600,
      "free_text": null,
      "mood_code": "EVN",
      "negationInd": null,
      "negationReason": null,
      "performer_id": null,
      "site": null,
      "specifics": null,
      "start_time": 1130734800,
      "status_code": null,
      "time": null
    }
  ],
  "race": "2106-3",
  "religious_affilication": null,
  "results": [
    {
      "_id": "50536a6b709357c7fa0000d8",
      "codes": {
        "LOINC": [
          "XXXX-X"
        ]
      },
      "description": "Functional Status Assessment for Knee Replacement (Code List: 2.16.840.1.113883.3.464.0003.18.02.0030)",
      "end_time": 818398800,
      "free_text": null,
      "interpretation": null,
      "mood_code": "EVN",
      "negationInd": null,
      "negationReason": null,
      "referenceRange": null,
      "specifics": null,
      "start_time": 784789200,
      "status_code": null,
      "time": null
    },
    {
      "_id": "50536a6b709357c7fa0000d9",
      "codes": {
        "LOINC": [
          "XXXX-X"
        ]
      },
      "description": "Functional Status Assessment for Knee Replacement (Code List: 2.16.840.1.113883.3.464.0003.18.02.0030)",
      "end_time": 1340078400,
      "free_text": null,
      "interpretation": null,
      "mood_code": "EVN",
      "negationInd": null,
      "negationReason": null,
      "referenceRange": null,
      "specifics": null,
      "start_time": 900216000,
      "status_code": null,
      "time": null
    }
  ],
  "source_data_criteria": null,
  "test_id": null,
  "title": null
}