{
  "_id": "50536a6c709357c7fa0002e1",
  "birthdate": 848638800,
  "clinicalTrialParticipant": null,
  "conditions": [
    {
      "_id": "50536a6c709357c7fa0002e2",
      "causeOfDeath": null,
      "codes": {
        "SNOMED-CT": [
          "161894002"
        ],
        "ICD-9-CM": [
          "721.3"
        ],
        "ICD-10-CM": [
          "M43.27"
        ]
      },
      "description": "Diagnosis, Active: Low Back Pain (Code List: 2.16.840.1.113883.3.464.0003.13.02.0001)",
      "end_time": 1296882000,
      "free_text": null,
      "mood_code": "EVN",
      "name": null,
      "negationInd": null,
      "negationReason": null,
      "ordinality": null,
      "priority": null,
      "severity": null,
      "specifics": null,
      "start_time": 957153600,
      "status_code": {
        "SNOMED-CT": [
          "55561003"
        ],
        "HL7 ActStatus": [
          "active"
        ]
      },
      "time": null,
      "type": null
    },
    {
      "_id": "50536a6c709357c7fa0002e3",
      "causeOfDeath": null,
      "codes": {
        "ICD-10-CM": [
          "C83.30"
        ],
        "SNOMED-CT": [
          "91855006"
        ],
        "ICD-9-CM": [
          "200.08"
        ]
      },
      "description": "Diagnosis, Active: All Cancer (Code List: 2.16.840.1.113883.3.464.0003.08.02.0011)",
      "end_time": 903931200,
      "free_text": null,
      "mood_code": "EVN",
      "name": null,
      "negationInd": null,
      "negationReason": null,
      "ordinality": null,
      "priority": null,
      "severity": null,
      "specifics": null,
      "start_time": 809496000,
      "status_code": {
        "SNOMED-CT": [
          "55561003"
        ],
        "HL7 ActStatus": [
          "active"
        ]
      },
      "time": null,
      "type": null
    },
    {
      "_id": "50536a6c709357c7fa0002e4",
      "causeOfDeath": null,
      "codes": {
        "ICD-10-CM": [
          "C83.30"
        ],
        "SNOMED-CT": [
          "91855006"
        ],
        "ICD-9-CM": [
          "200.08"
        ]
      },
      "description": "Diagnosis, Inactive: All Cancer (Code List: 2.16.840.1.113883.3.464.0003.08.02.0011)",
      "end_time": 1303617600,
      "free_text": null,
      "mood_code": "EVN",
      "name": null,
      "negationInd": null,
      "negationReason": null,
      "ordinality": null,
      "priority": null,
      "severity": null,
      "specifics": null,
      "start_time": 1104210000,
      "status_code": {
        "SNOMED-CT": [
          "73425007"
        ]
      },
      "time": null,
      "type": null
    },
    {
      "_id": "50536a6c709357c7fa0002e5",
      "causeOfDeath": null,
      "codes": {
        "ICD-10-CM": [
          "C83.30"
        ],
        "SNOMED-CT": [
          "91855006"
        ],
        "ICD-9-CM": [
          "200.08"
        ]
      },
      "description": "Diagnosis, Resolved: All Cancer (Code List: 2.16.840.1.113883.3.464.0003.08.02.0011)",
      "end_time": 1256356800,
      "free_text": null,
      "mood_code": "EVN",
      "name": null,
      "negationInd": null,
      "negationReason": null,
      "ordinality": null,
      "priority": null,
      "severity": null,
      "specifics": null,
      "start_time": 925185600,
      "status_code": {
        "SNOMED-CT": [
          "413322009"
        ]
      },
      "time": null,
      "type": null
    },
    {
      "_id": "50536a6c709357c7fa0002e6",
      "causeOfDeath": null,
      "codes": {
        "ICD-10-CM": [
          "S02.0XXA"
        ],
        "SNOMED-CT": [
          "171008"
        ],
        "ICD-9-CM": [
          "800.00"
        ]
      },
      "description": "Diagnosis, Active: Trauma (Code List: 2.16.840.1.113883.3.464.0003.13.02.0036)",
      "end_time": 1090123200,
      "free_text": null,
      "mood_code": "EVN",
      "name": null,
      "negationInd": null,
      "negationReason": null,
      "ordinality": null,
      "priority": null,
      "severity": null,
      "specifics": null,
      "start_time": 919832400,
      "status_code": {
        "SNOMED-CT": [
          "55561003"
        ],
        "HL7 ActStatus": [
          "active"
        ]
      },
      "time": null,
      "type": null
    },
    {
      "_id": "50536a6c709357c7fa0002e7",
      "causeOfDeath": null,
      "codes": {
        "ICD-10-CM": [
          "F11.10"
        ],
        "SNOMED-CT": [
          "5602001"
        ],
        "ICD-9-CM": [
          "304.00"
        ]
      },
      "description": "Diagnosis, Active: IV Drug Abuse (Code List: 2.16.840.1.113883.3.464.0003.06.02.0003)",
      "end_time": 1199854800,
      "free_text": null,
      "mood_code": "EVN",
      "name": null,
      "negationInd": null,
      "negationReason": null,
      "ordinality": null,
      "priority": null,
      "severity": null,
      "specifics": null,
      "start_time": 1097294400,
      "status_code": {
        "SNOMED-CT": [
          "55561003"
        ],
        "HL7 ActStatus": [
          "active"
        ]
      },
      "time": null,
      "type": null
    },
    {
      "_id": "50536a6c709357c7fa0002e8",
      "causeOfDeath": null,
      "codes": {
        "SNOMED-CT": [
          "8663007"
        ],
        "ICD-9-CM": [
          "344.60"
        ],
        "ICD-10-CM": [
          "G83.4"
        ]
      },
      "description": "Diagnosis, Active: Neurologic impairment (Code List: 2.16.840.1.113883.3.464.0003.14.02.0012)",
      "end_time": 1291784400,
      "free_text": null,
      "mood_code": "EVN",
      "name": null,
      "negationInd": null,
      "negationReason": null,
      "ordinality": null,
      "priority": null,
      "severity": null,
      "specifics": null,
      "start_time": 1257483600,
      "status_code": {
        "SNOMED-CT": [
          "55561003"
        ],
        "HL7 ActStatus": [
          "active"
        ]
      },
      "time": null,
      "type": null
    }
  ],
  "deathdate": null,
  "effective_time": null,
  "elimination_population": null,
  "elimination_reason": null,
  "encounters": [
    {
      "_id": "50536a6c709357c7fa0002ec",
      "admitType": null,
      "admit_time": null,
      "codes": {
        "CPT": [
          "99201"
        ]
      },
      "description": "Encounter, Performed: Office Visit (Code List: 2.16.840.1.113883.3.464.0003.01.02.0001)",
      "dischargeDisposition": null,
      "discharge_time": null,
      "end_time": 1347076800,
      "free_text": null,
      "mood_code": "EVN",
      "negationInd": null,
      "negationReason": null,
      "performer_id": null,
      "specifics": null,
      "start_time": 1346558400,
      "status_code": null,
      "time": null
    },
    {
      "_id": "50536a6c709357c7fa0002ed",
      "admitType": null,
      "admit_time": null,
      "codes": {
        "CPT": [
          "99241"
        ]
      },
      "description": "Encounter, Performed: Outpatient Consultation (Code List: 2.16.840.1.113883.3.464.0003.01.02.0008)",
      "dischargeDisposition": null,
      "discharge_time": null,
      "end_time": 1003291200,
      "free_text": null,
      "mood_code": "EVN",
      "negationInd": null,
      "negationReason": null,
      "performer_id": null,
      "specifics": null,
      "start_time": 965275200,
      "status_code": null,
      "time": null
    },
    {
      "_id": "50536a6c709357c7fa0002ee",
      "admitType": null,
      "admit_time": null,
      "codes": {
        "CPT": [
          "99281"
        ]
      },
      "description": "Encounter, Performed: Emergency Department Visit (Code List: 2.16.840.1.113883.3.464.0003.01.02.0010)",
      "dischargeDisposition": null,
      "discharge_time": null,
      "end_time": 1324962000,
      "free_text": null,
      "mood_code": "EVN",
      "negationInd": null,
      "negationReason": null,
      "performer_id": null,
      "specifics": null,
      "start_time": 1293858000,
      "status_code": null,
      "time": null
    }
  ],
  "ethnicity": "2186-5",
  "expired": null,
  "first": "Courtney",
  "gender": "F",
  "languages": [
    "en-US"
  ],
  "last": "Carlson",
  "marital_status": null,
  "measure_id": null,
  "measure_ids": null,
  "medical_record_number": "7194922282",
  "procedures": [
    {
      "_id": "50536a6c709357c7fa0002e9",
      "codes": {
        "LOINC": [
          "24665-2"
        ]
      },
      "description": "Diagnostic Study, Performed: X-Ray of Lower Spine (Code List: 2.16.840.1.113883.3.464.0003.13.02.0033)",
      "end_time": 1237521600,
      "free_text": null,
      "mood_code": "EVN",
      "negationInd": null,
      "negationReason": null,
      "performer_id": null,
      "site": null,
      "specifics": null,
      "start_time": 1040014800,
      "status_code": null,
      "time": null
    },
    {
      "_id": "50536a6c709357c7fa0002ea",
      "codes": {
        "LOINC": [
          "24967-2"
        ]
      },
      "description": "Diagnostic Study, Performed: MRI of Lower Spine (Code List: 2.16.840.1.113883.3.464.0003.13.02.0034)",
      "end_time": 969854400,
      "free_text": null,
      "mood_code": "EVN",
      "negationInd": null,
      "negationReason": null,
      "performer_id": null,
      "site": null,
      "specifics": null,
      "start_time": 792824400,
      "status_code": null,
      "time": null
    },
    {
      "_id": "50536a6c709357c7fa0002eb",
      "codes": {
        "LOINC": [
          "24963-1"
        ]
      },
      "description": "Diagnostic Study, Performed: CT Scan of Lower Spine (Code List: 2.16.840.1.113883.3.464.0003.13.02.0035)",
      "end_time": 1139374800,
      "free_text": null,
      "mood_code": "EVN",
      "negationInd": null,
      "negationReason": null,
      "performer_id": null,
      "site": null,
      "specifics": null,
      "start_time": 817621200,
      "status_code": null,
      "time": null
    }
  ],
  "race": "2106-3",
  "religious_affilication": null,
  "source_data_criteria": null,
  "test_id": null,
  "title": null
}