{
  "_id": "50536a6b709357c7fa0001aa",
  "birthdate": 1289451600,
  "clinicalTrialParticipant": null,
  "deathdate": null,
  "effective_time": null,
  "elimination_population": null,
  "elimination_reason": null,
  "encounters": [
    {
      "_id": "50536a6b709357c7fa0001ac",
      "admitType": null,
      "admit_time": null,
      "codes": {
        "HCPCS": [
          "G0101"
        ],
        "CPT": [
          "90801"
        ],
        "SNOMED-CT": [
          "2162931017"
        ]
      },
      "description": "Medications Encounter Code Set (Code List: 2.16.840.1.113883.3.600.0001.1834)",
      "dischargeDisposition": null,
      "discharge_time": null,
      "end_time": 1061092800,
      "free_text": null,
      "mood_code": "EVN",
      "negationInd": null,
      "negationReason": null,
      "performer_id": null,
      "specifics": null,
      "start_time": 996379200,
      "status_code": null,
      "time": null
    }
  ],
  "ethnicity": "2135-2",
  "expired": null,
  "first": "Crystal",
  "gender": "F",
  "languages": [
    "en-US"
  ],
  "last": "Johnson",
  "marital_status": null,
  "measure_id": null,
  "measure_ids": null,
  "medical_record_number": "1076850234",
  "procedures": [
    {
      "_id": "50536a6b709357c7fa0001ab",
      "codes": {
        "CPT": [
          "G8427"
        ]
      },
      "description": "Procedure, Performed: Current Medications Documented (Code List: 2.16.840.1.113883.3.600.0001.1488)",
      "end_time": 1269748800,
      "free_text": null,
      "mood_code": "EVN",
      "negationInd": true,
      "negationReason": {
        "SNOMED-CT": [
          "397745006"
        ]
      },
      "performer_id": null,
      "site": null,
      "specifics": null,
      "start_time": 1265259600,
      "status_code": null,
      "time": null
    },
    {
      "_id": "50536a6b709357c7fa0001ad",
      "codes": {
        "CPT": [
          "G8427"
        ]
      },
      "description": "Procedure, Performed: Current Medications Documented (Code List: 2.16.840.1.113883.3.600.0001.1488)",
      "end_time": 1339560000,
      "free_text": null,
      "mood_code": "EVN",
      "negationInd": true,
      "negationReason": {
        "SNOMED-CT": [
          "105480006"
        ]
      },
      "performer_id": null,
      "site": null,
      "specifics": null,
      "start_time": 1303617600,
      "status_code": null,
      "time": null
    },
    {
      "_id": "50536a6b709357c7fa0001ae",
      "codes": {
        "CPT": [
          "G8427"
        ]
      },
      "description": "Procedure, Performed: Current Medications Documented (Code List: 2.16.840.1.113883.3.600.0001.1488)",
      "end_time": 1205812800,
      "free_text": null,
      "mood_code": "EVN",
      "negationInd": null,
      "negationReason": null,
      "performer_id": null,
      "site": null,
      "specifics": null,
      "start_time": 1001476800,
      "status_code": null,
      "time": null
    }
  ],
  "race": "2106-3",
  "religious_affilication": null,
  "source_data_criteria": null,
  "test_id": null,
  "title": null
}