{
  "_id": "50536a6b709357c7fa0000f8",
  "birthdate": 1056168000,
  "clinicalTrialParticipant": null,
  "conditions": [
    {
      "_id": "50536a6b709357c7fa0000fa",
      "causeOfDeath": null,
      "codes": {
        "SNOMED-CT": [
          "1055001"
        ],
        "ICD-10-CM": [
          "I20.0"
        ],
        "ICD-9-CM": [
          "411.0"
        ]
      },
      "description": "Diagnosis, Active: Ischemic Vascular Disease (Code List: 2.16.840.1.113883.3.464.0003.04.02.0003)",
      "end_time": 1321851600,
      "free_text": null,
      "mood_code": "EVN",
      "name": null,
      "negationInd": null,
      "negationReason": null,
      "ordinality": null,
      "priority": null,
      "severity": null,
      "specifics": null,
      "start_time": 1173243600,
      "status_code": {
        "SNOMED-CT": [
          "55561003"
        ],
        "HL7 ActStatus": [
          "active"
        ]
      },
      "time": null,
      "type": null
    },
    {
      "_id": "50536a6b709357c7fa0000fb",
      "causeOfDeath": null,
      "codes": {
        "SNOMED-CT": [
          "282006"
        ],
        "ICD-9-CM": [
          "410.01"
        ],
        "ICD-10-CM": [
          "I21.09"
        ]
      },
      "description": "Diagnosis, Active: Acute Myocardial Infarction (Code List: 2.16.840.1.113883.3.464.0003.04.02.0001)",
      "end_time": 1344139200,
      "free_text": null,
      "mood_code": "EVN",
      "name": null,
      "negationInd": null,
      "negationReason": null,
      "ordinality": null,
      "priority": null,
      "severity": null,
      "specifics": null,
      "start_time": 1251259200,
      "status_code": {
        "SNOMED-CT": [
          "55561003"
        ],
        "HL7 ActStatus": [
          "active"
        ]
      },
      "time": null,
      "type": null
    }
  ],
  "deathdate": null,
  "effective_time": null,
  "elimination_population": null,
  "elimination_reason": null,
  "ethnicity": "2186-5",
  "expired": null,
  "first": "Danielle",
  "gender": "F",
  "languages": [
    "en-US"
  ],
  "last": "Adkins",
  "marital_status": null,
  "measure_id": null,
  "measure_ids": null,
  "medical_record_number": "5102819823",
  "medications": [
    {
      "_id": "50536a6b709357c7fa0000f9",
      "administrationTiming": null,
      "codes": {
        "RxNorm": [
          "197374"
        ]
      },
      "cumulativeMedicationDuration": null,
      "deliveryMethod": null,
      "description": "Aspirin and Other Anti-thrombotics (Code List: 2.16.840.1.113883.3.464.0003.96.02.0211)",
      "dose": null,
      "doseIndicator": null,
      "doseRestriction": null,
      "end_time": 1111813200,
      "freeTextSig": null,
      "free_text": null,
      "fulfillmentInstructions": null,
      "indication": null,
      "mood_code": "EVN",
      "negationInd": null,
      "negationReason": null,
      "patientInstructions": null,
      "productForm": null,
      "reaction": null,
      "route": null,
      "site": null,
      "specifics": null,
      "start_time": 832564800,
      "statusOfMedication": null,
      "status_code": {
        "SNOMED-CT": [
          "55561003"
        ],
        "HL7 ActStatus": [
          "active"
        ]
      },
      "time": null,
      "typeOfMedication": null,
      "vehicle": null
    }
  ],
  "procedures": [
    {
      "_id": "50536a6b709357c7fa0000fc",
      "codes": {
        "SNOMED-CT": [
          "11101003"
        ],
        "CPT": [
          "33140"
        ],
        "HCPCS": [
          "G0290"
        ]
      },
      "description": "Procedure, Performed: Percutaneous Coronary Interventions (Code List: 2.16.840.1.113883.3.464.0003.04.02.0010)",
      "end_time": 1135746000,
      "free_text": null,
      "mood_code": "EVN",
      "negationInd": null,
      "negationReason": null,
      "performer_id": null,
      "site": null,
      "specifics": null,
      "start_time": 1082692800,
      "status_code": null,
      "time": null
    },
    {
      "_id": "50536a6b709357c7fa0000fd",
      "codes": {
        "SNOMED-CT": [
          "3546002"
        ],
        "CPT": [
          "33510"
        ],
        "HCPCS": [
          "S2205"
        ]
      },
      "description": "Procedure, Performed: Coronary Artery Bypass Graft (Code List: 2.16.840.1.113883.3.464.0003.04.02.0002)",
      "end_time": 1284350400,
      "free_text": null,
      "mood_code": "EVN",
      "negationInd": null,
      "negationReason": null,
      "performer_id": null,
      "site": null,
      "specifics": null,
      "start_time": 1122696000,
      "status_code": null,
      "time": null
    }
  ],
  "race": "2106-3",
  "religious_affilication": null,
  "source_data_criteria": null,
  "test_id": null,
  "title": null
}