{
  "_id": "50536a6b709357c7fa00029a",
  "allergies": [
    {
      "_id": "50536a6b709357c7fa0002ac",
      "codes": {
        "RxNorm": [
          "152916"
        ]
      },
      "description": "Medication, Allergy: Beta Blocker Therapy (Code List: 2.16.840.1.113883.3.526.03.1174)",
      "end_time": 1273377600,
      "free_text": null,
      "mood_code": "EVN",
      "negationInd": null,
      "negationReason": null,
      "reaction": null,
      "severity": null,
      "specifics": null,
      "start_time": 1256702400,
      "status_code": null,
      "time": null,
      "type": null
    }
  ],
  "birthdate": 1214193600,
  "clinicalTrialParticipant": null,
  "conditions": [
    {
      "_id": "50536a6b709357c7fa0002a9",
      "causeOfDeath": null,
      "codes": {
        "ICD-9-CM": [
          "427.9"
        ],
        "ICD-10-CM": [
          "I49.8"
        ],
        "SNOMED-CT": [
          "184004"
        ]
      },
      "description": "Diagnosis, Active: Arrhythmia (Code List: 2.16.840.1.113883.3.526.03.366)",
      "end_time": 1285646400,
      "free_text": null,
      "mood_code": "EVN",
      "name": null,
      "negationInd": null,
      "negationReason": null,
      "ordinality": null,
      "priority": null,
      "severity": null,
      "specifics": null,
      "start_time": 795934800,
      "status_code": {
        "SNOMED-CT": [
          "55561003"
        ],
        "HL7 ActStatus": [
          "active"
        ]
      },
      "time": null,
      "type": null
    },
    {
      "_id": "50536a6b709357c7fa0002aa",
      "causeOfDeath": null,
      "codes": {
        "ICD-9-CM": [
          "458.0"
        ],
        "ICD-10-CM": [
          "I95.0"
        ],
        "SNOMED-CT": [
          "45007003"
        ]
      },
      "description": "Diagnosis, Active: Hypotension (Code List: 2.16.840.1.113883.3.526.03.370)",
      "end_time": 1285905600,
      "free_text": null,
      "mood_code": "EVN",
      "name": null,
      "negationInd": null,
      "negationReason": null,
      "ordinality": null,
      "priority": null,
      "severity": null,
      "specifics": null,
      "start_time": 1104210000,
      "status_code": {
        "SNOMED-CT": [
          "55561003"
        ],
        "HL7 ActStatus": [
          "active"
        ]
      },
      "time": null,
      "type": null
    },
    {
      "_id": "50536a6b709357c7fa0002ab",
      "causeOfDeath": null,
      "codes": {
        "ICD-9-CM": [
          "493.00"
        ],
        "ICD-10-CM": [
          "J45.20"
        ],
        "SNOMED-CT": [
          "11641008"
        ]
      },
      "description": "Diagnosis, Active: Asthma (Code List: 2.16.840.1.113883.3.526.03.362)",
      "end_time": 1321506000,
      "free_text": null,
      "mood_code": "EVN",
      "name": null,
      "negationInd": null,
      "negationReason": null,
      "ordinality": null,
      "priority": null,
      "severity": null,
      "specifics": null,
      "start_time": 1291179600,
      "status_code": {
        "SNOMED-CT": [
          "55561003"
        ],
        "HL7 ActStatus": [
          "active"
        ]
      },
      "time": null,
      "type": null
    },
    {
      "_id": "50536a6b709357c7fa0002ad",
      "causeOfDeath": null,
      "codes": {
        "SNOMED-CT": [
          "293962009"
        ]
      },
      "description": "Diagnosis, Active: Allergy to Beta Blocker Therapy (Code List: 2.16.840.1.113883.3.526.03.1177)",
      "end_time": 1023508800,
      "free_text": null,
      "mood_code": "EVN",
      "name": null,
      "negationInd": null,
      "negationReason": null,
      "ordinality": null,
      "priority": null,
      "severity": null,
      "specifics": null,
      "start_time": 900302400,
      "status_code": {
        "SNOMED-CT": [
          "55561003"
        ],
        "HL7 ActStatus": [
          "active"
        ]
      },
      "time": null,
      "type": null
    },
    {
      "_id": "50536a6b709357c7fa0002ae",
      "causeOfDeath": null,
      "codes": {
        "SNOMED-CT": [
          "292419005"
        ]
      },
      "description": "Diagnosis, Active: Intolerance to Beta Blocker Therapy (Code List: 2.16.840.1.113883.3.526.03.1178)",
      "end_time": 1238040000,
      "free_text": null,
      "mood_code": "EVN",
      "name": null,
      "negationInd": null,
      "negationReason": null,
      "ordinality": null,
      "priority": null,
      "severity": null,
      "specifics": null,
      "start_time": 875073600,
      "status_code": {
        "SNOMED-CT": [
          "55561003"
        ],
        "HL7 ActStatus": [
          "active"
        ]
      },
      "time": null,
      "type": null
    },
    {
      "_id": "50536a6b709357c7fa0002af",
      "causeOfDeath": null,
      "codes": {
        "SNOMED-CT": [
          "29894000"
        ],
        "ICD-9-CM": [
          "427.81"
        ],
        "ICD-10-CM": [
          "I49.5"
        ]
      },
      "description": "Diagnosis, Active: Bradycardia (Code List: 2.16.840.1.113883.3.526.03.412)",
      "end_time": 1275192000,
      "free_text": null,
      "mood_code": "EVN",
      "name": null,
      "negationInd": null,
      "negationReason": null,
      "ordinality": null,
      "priority": null,
      "severity": null,
      "specifics": null,
      "start_time": 1267160400,
      "status_code": {
        "SNOMED-CT": [
          "55561003"
        ],
        "HL7 ActStatus": [
          "active"
        ]
      },
      "time": null,
      "type": null
    },
    {
      "_id": "50536a6b709357c7fa0002b0",
      "causeOfDeath": null,
      "codes": {
        "ICD-9-CM": [
          "426.0"
        ],
        "SNOMED-CT": [
          "27885002"
        ],
        "ICD-10-CM": [
          "I44.1"
        ]
      },
      "description": "Diagnosis, Active: Atrioventricular Block (Code List: 2.16.840.1.113883.3.526.03.367)",
      "end_time": 1317441600,
      "free_text": null,
      "mood_code": "EVN",
      "name": null,
      "negationInd": null,
      "negationReason": null,
      "ordinality": null,
      "priority": null,
      "severity": null,
      "specifics": null,
      "start_time": 1086408000,
      "status_code": {
        "SNOMED-CT": [
          "55561003"
        ],
        "HL7 ActStatus": [
          "active"
        ]
      },
      "time": null,
      "type": null
    },
    {
      "_id": "50536a6b709357c7fa0002b1",
      "causeOfDeath": null,
      "codes": {
        "ICD-9-CM": [
          "V45.01"
        ],
        "ICD-10-CM": [
          "Z95.0"
        ]
      },
      "description": "Diagnosis, Active: Cardiac Pacer in Situ (Code List: 2.16.840.1.113883.3.526.03.368)",
      "end_time": 1089000000,
      "free_text": null,
      "mood_code": "EVN",
      "name": null,
      "negationInd": null,
      "negationReason": null,
      "ordinality": null,
      "priority": null,
      "severity": null,
      "specifics": null,
      "start_time": 845870400,
      "status_code": {
        "SNOMED-CT": [
          "55561003"
        ],
        "HL7 ActStatus": [
          "active"
        ]
      },
      "time": null,
      "type": null
    },
    {
      "_id": "50536a6b709357c7fa0002bf",
      "causeOfDeath": null,
      "codes": {
        "SNOMED-CT": [
          "981000124106"
        ]
      },
      "description": "Diagnosis, Active: Moderate or Severe LVSD (Code List: 2.16.840.1.113883.3.526.03.1090)",
      "end_time": 1311825600,
      "free_text": null,
      "mood_code": "EVN",
      "name": null,
      "negationInd": null,
      "negationReason": null,
      "ordinality": null,
      "priority": null,
      "severity": null,
      "specifics": null,
      "start_time": 1275796800,
      "status_code": {
        "SNOMED-CT": [
          "55561003"
        ],
        "HL7 ActStatus": [
          "active"
        ]
      },
      "time": null,
      "type": null
    },
    {
      "_id": "50536a6b709357c7fa0002c0",
      "causeOfDeath": null,
      "codes": {
        "SNOMED-CT": [
          "134401001"
        ]
      },
      "description": "Diagnosis, Active: Left ventricular systolic dysfunction (Code List: 2.16.840.1.113883.3.526.03.1091)",
      "end_time": 1250740800,
      "free_text": null,
      "mood_code": "EVN",
      "name": null,
      "negationInd": null,
      "negationReason": null,
      "ordinality": null,
      "priority": null,
      "severity": {
        "SNOMED-CT": [
          "6736007"
        ]
      },
      "specifics": null,
      "start_time": 1197003600,
      "status_code": {
        "SNOMED-CT": [
          "55561003"
        ],
        "HL7 ActStatus": [
          "active"
        ]
      },
      "time": null,
      "type": null
    },
    {
      "_id": "50536a6b709357c7fa0002c1",
      "causeOfDeath": null,
      "codes": {
        "SNOMED-CT": [
          "1755008"
        ],
        "ICD-9-CM": [
          "410.00"
        ],
        "ICD-10-CM": [
          "I21.09"
        ]
      },
      "description": "Diagnosis, Resolved: Myocardial Infarction (Code List: 2.16.840.1.113883.3.526.03.403)",
      "end_time": 1122955200,
      "free_text": null,
      "mood_code": "EVN",
      "name": null,
      "negationInd": null,
      "negationReason": null,
      "ordinality": null,
      "priority": null,
      "severity": null,
      "specifics": null,
      "start_time": 783144000,
      "status_code": {
        "SNOMED-CT": [
          "413322009"
        ]
      },
      "time": null,
      "type": null
    },
    {
      "_id": "50536a6b709357c7fa0002c3",
      "causeOfDeath": null,
      "codes": {
        "ICD-9-CM": [
          "411.0"
        ],
        "ICD-10-CM": [
          "I20.0"
        ],
        "SNOMED-CT": [
          "4557003"
        ]
      },
      "description": "Diagnosis, Active: Coronary Artery Disease No MI (Code List: 2.16.840.1.113883.3.526.03.369)",
      "end_time": 1255406400,
      "free_text": null,
      "mood_code": "EVN",
      "name": null,
      "negationInd": null,
      "negationReason": null,
      "ordinality": null,
      "priority": null,
      "severity": null,
      "specifics": null,
      "start_time": 1250740800,
      "status_code": {
        "SNOMED-CT": [
          "55561003"
        ],
        "HL7 ActStatus": [
          "active"
        ]
      },
      "time": null,
      "type": null
    }
  ],
  "deathdate": null,
  "effective_time": null,
  "elimination_population": null,
  "elimination_reason": null,
  "encounters": [
    {
      "_id": "50536a6b709357c7fa00029d",
      "admitType": null,
      "admit_time": null,
      "codes": {
        "CPT": [
          "99201"
        ]
      },
      "description": "Office Visit (Code List: 2.16.840.1.113883.3.464.0003.01.02.0001)",
      "dischargeDisposition": null,
      "discharge_time": null,
      "end_time": 1010379600,
      "free_text": null,
      "mood_code": "EVN",
      "negationInd": null,
      "negationReason": null,
      "performer_id": null,
      "specifics": null,
      "start_time": 862459200,
      "status_code": null,
      "time": null
    },
    {
      "_id": "50536a6b709357c7fa00029e",
      "admitType": null,
      "admit_time": null,
      "codes": {
        "CPT": [
          "99324"
        ]
      },
      "description": "Care Services in Long-Term Residential Facility (Code List: 2.16.840.1.113883.3.464.0003.01.02.0014)",
      "dischargeDisposition": null,
      "discharge_time": null,
      "end_time": 1099976400,
      "free_text": null,
      "mood_code": "EVN",
      "negationInd": null,
      "negationReason": null,
      "performer_id": null,
      "specifics": null,
      "start_time": 865656000,
      "status_code": null,
      "time": null
    },
    {
      "_id": "50536a6b709357c7fa00029f",
      "admitType": null,
      "admit_time": null,
      "codes": {
        "SNOMED-CT": [
          "4525004"
        ]
      },
      "description": "Face-to-Face Interaction (Code List: 2.16.840.1.113883.3.464.0003.01.02.0048)",
      "dischargeDisposition": null,
      "discharge_time": null,
      "end_time": 1143608400,
      "free_text": null,
      "mood_code": "EVN",
      "negationInd": null,
      "negationReason": null,
      "performer_id": null,
      "specifics": null,
      "start_time": 843969600,
      "status_code": null,
      "time": null
    },
    {
      "_id": "50536a6b709357c7fa0002a0",
      "admitType": null,
      "admit_time": null,
      "codes": {
        "CPT": [
          "99341"
        ]
      },
      "description": "Home Healthcare Services (Code List: 2.16.840.1.113883.3.464.0003.01.02.0016)",
      "dischargeDisposition": null,
      "discharge_time": null,
      "end_time": 1209268800,
      "free_text": null,
      "mood_code": "EVN",
      "negationInd": null,
      "negationReason": null,
      "performer_id": null,
      "specifics": null,
      "start_time": 1005714000,
      "status_code": null,
      "time": null
    },
    {
      "_id": "50536a6b709357c7fa0002a1",
      "admitType": null,
      "admit_time": null,
      "codes": {
        "CPT": [
          "99304"
        ]
      },
      "description": "Nursing Facility Visit (Code List: 2.16.840.1.113883.3.464.0003.01.02.0012)",
      "dischargeDisposition": null,
      "discharge_time": null,
      "end_time": 1224907200,
      "free_text": null,
      "mood_code": "EVN",
      "negationInd": null,
      "negationReason": null,
      "performer_id": null,
      "specifics": null,
      "start_time": 890974800,
      "status_code": null,
      "time": null
    },
    {
      "_id": "50536a6b709357c7fa0002a2",
      "admitType": null,
      "admit_time": null,
      "codes": {
        "CPT": [
          "99241"
        ]
      },
      "description": "Outpatient Consultation (Code List: 2.16.840.1.113883.3.464.0003.01.02.0008)",
      "dischargeDisposition": null,
      "discharge_time": null,
      "end_time": 1277006400,
      "free_text": null,
      "mood_code": "EVN",
      "negationInd": null,
      "negationReason": null,
      "performer_id": null,
      "specifics": null,
      "start_time": 1118548800,
      "status_code": null,
      "time": null
    },
    {
      "_id": "50536a6b709357c7fa0002c2",
      "admitType": null,
      "admit_time": null,
      "codes": {
        "SNOMED-CT": [
          "4525004"
        ]
      },
      "description": "Encounter, Performed: Patient Provider Interaction (Code List: 2.16.840.1.113883.3.526.03.1012)",
      "dischargeDisposition": null,
      "discharge_time": null,
      "end_time": 1335412800,
      "free_text": null,
      "mood_code": "EVN",
      "negationInd": null,
      "negationReason": null,
      "performer_id": null,
      "specifics": null,
      "start_time": 1330318800,
      "status_code": null,
      "time": null
    }
  ],
  "ethnicity": "2186-5",
  "expired": null,
  "first": "Denise",
  "gender": "F",
  "languages": [
    "en-US"
  ],
  "last": "Moore",
  "marital_status": null,
  "measure_id": null,
  "measure_ids": null,
  "medical_equipment": [
    {
      "_id": "50536a6b709357c7fa0002b2",
      "codes": {
        "SNOMED-CT": [
          "14106009"
        ]
      },
      "description": "Device, Applied: Cardiac Pacer (Code List: 2.16.840.1.113883.3.526.03.1193)",
      "end_time": 1269403200,
      "free_text": null,
      "manufacturer": null,
      "mood_code": "EVN",
      "negationInd": null,
      "negationReason": null,
      "specifics": null,
      "start_time": 852699600,
      "status_code": null,
      "time": null
    }
  ],
  "medical_record_number": "7561401726",
  "medications": [
    {
      "_id": "50536a6b709357c7fa0002a3",
      "administrationTiming": null,
      "codes": {
        "RxNorm": [
          "200031"
        ]
      },
      "cumulativeMedicationDuration": null,
      "deliveryMethod": null,
      "description": "Medication, Active: Beta Blocker Therapy for LVSD (Code List: 2.16.840.1.113883.3.526.03.1184)",
      "dose": null,
      "doseIndicator": null,
      "doseRestriction": null,
      "end_time": 959659200,
      "freeTextSig": null,
      "free_text": null,
      "fulfillmentInstructions": null,
      "indication": null,
      "mood_code": "EVN",
      "negationInd": true,
      "negationReason": {
        "SNOMED-CT": [
          "31438003"
        ]
      },
      "patientInstructions": null,
      "productForm": null,
      "reaction": null,
      "route": null,
      "site": null,
      "specifics": null,
      "start_time": 908856000,
      "statusOfMedication": null,
      "status_code": {
        "SNOMED-CT": [
          "55561003"
        ],
        "HL7 ActStatus": [
          "active"
        ]
      },
      "time": null,
      "typeOfMedication": null,
      "vehicle": null
    },
    {
      "_id": "50536a6b709357c7fa0002a4",
      "administrationTiming": null,
      "codes": {
        "RxNorm": [
          "200031"
        ]
      },
      "cumulativeMedicationDuration": null,
      "deliveryMethod": null,
      "description": "Medication, Active: Beta Blocker Therapy for LVSD (Code List: 2.16.840.1.113883.3.526.03.1184)",
      "dose": null,
      "doseIndicator": null,
      "doseRestriction": null,
      "end_time": 1100926800,
      "freeTextSig": null,
      "free_text": null,
      "fulfillmentInstructions": null,
      "indication": null,
      "mood_code": "EVN",
      "negationInd": true,
      "negationReason": {
        "SNOMED-CT": [
          "5015009"
        ]
      },
      "patientInstructions": null,
      "productForm": null,
      "reaction": null,
      "route": null,
      "site": null,
      "specifics": null,
      "start_time": 1066276800,
      "statusOfMedication": null,
      "status_code": {
        "SNOMED-CT": [
          "55561003"
        ],
        "HL7 ActStatus": [
          "active"
        ]
      },
      "time": null,
      "typeOfMedication": null,
      "vehicle": null
    },
    {
      "_id": "50536a6b709357c7fa0002a5",
      "administrationTiming": null,
      "codes": {
        "RxNorm": [
          "200031"
        ]
      },
      "cumulativeMedicationDuration": null,
      "deliveryMethod": null,
      "description": "Medication, Active: Beta Blocker Therapy for LVSD (Code List: 2.16.840.1.113883.3.526.03.1184)",
      "dose": null,
      "doseIndicator": null,
      "doseRestriction": null,
      "end_time": 1249876800,
      "freeTextSig": null,
      "free_text": null,
      "fulfillmentInstructions": null,
      "indication": null,
      "mood_code": "EVN",
      "negationInd": true,
      "negationReason": {
        "SNOMED-CT": [
          "107724000"
        ]
      },
      "patientInstructions": null,
      "productForm": null,
      "reaction": null,
      "route": null,
      "site": null,
      "specifics": null,
      "start_time": 936936000,
      "statusOfMedication": null,
      "status_code": {
        "SNOMED-CT": [
          "55561003"
        ],
        "HL7 ActStatus": [
          "active"
        ]
      },
      "time": null,
      "typeOfMedication": null,
      "vehicle": null
    },
    {
      "_id": "50536a6b709357c7fa0002a6",
      "administrationTiming": null,
      "codes": {
        "RxNorm": [
          "200031"
        ]
      },
      "cumulativeMedicationDuration": null,
      "deliveryMethod": null,
      "description": "Medication, Order: Beta Blocker Therapy for LVSD (Code List: 2.16.840.1.113883.3.526.03.1184)",
      "dose": null,
      "doseIndicator": null,
      "doseRestriction": null,
      "end_time": 1135746000,
      "freeTextSig": null,
      "free_text": null,
      "fulfillmentInstructions": null,
      "indication": null,
      "mood_code": "EVN",
      "negationInd": true,
      "negationReason": {
        "SNOMED-CT": [
          "31438003"
        ]
      },
      "patientInstructions": null,
      "productForm": null,
      "reaction": null,
      "route": null,
      "site": null,
      "specifics": null,
      "start_time": 795243600,
      "statusOfMedication": null,
      "status_code": null,
      "time": null,
      "typeOfMedication": null,
      "vehicle": null
    },
    {
      "_id": "50536a6b709357c7fa0002a7",
      "administrationTiming": null,
      "codes": {
        "RxNorm": [
          "200031"
        ]
      },
      "cumulativeMedicationDuration": null,
      "deliveryMethod": null,
      "description": "Medication, Order: Beta Blocker Therapy for LVSD (Code List: 2.16.840.1.113883.3.526.03.1184)",
      "dose": null,
      "doseIndicator": null,
      "doseRestriction": null,
      "end_time": 1303704000,
      "freeTextSig": null,
      "free_text": null,
      "fulfillmentInstructions": null,
      "indication": null,
      "mood_code": "EVN",
      "negationInd": true,
      "negationReason": {
        "SNOMED-CT": [
          "5015009"
        ]
      },
      "patientInstructions": null,
      "productForm": null,
      "reaction": null,
      "route": null,
      "site": null,
      "specifics": null,
      "start_time": 831182400,
      "statusOfMedication": null,
      "status_code": null,
      "time": null,
      "typeOfMedication": null,
      "vehicle": null
    },
    {
      "_id": "50536a6b709357c7fa0002a8",
      "administrationTiming": null,
      "codes": {
        "RxNorm": [
          "200031"
        ]
      },
      "cumulativeMedicationDuration": null,
      "deliveryMethod": null,
      "description": "Medication, Order: Beta Blocker Therapy for LVSD (Code List: 2.16.840.1.113883.3.526.03.1184)",
      "dose": null,
      "doseIndicator": null,
      "doseRestriction": null,
      "end_time": 1029124800,
      "freeTextSig": null,
      "free_text": null,
      "fulfillmentInstructions": null,
      "indication": null,
      "mood_code": "EVN",
      "negationInd": true,
      "negationReason": {
        "SNOMED-CT": [
          "107724000"
        ]
      },
      "patientInstructions": null,
      "productForm": null,
      "reaction": null,
      "route": null,
      "site": null,
      "specifics": null,
      "start_time": 964411200,
      "statusOfMedication": null,
      "status_code": null,
      "time": null,
      "typeOfMedication": null,
      "vehicle": null
    },
    {
      "_id": "50536a6b709357c7fa0002b3",
      "administrationTiming": null,
      "codes": {
        "RxNorm": [
          "152916"
        ]
      },
      "cumulativeMedicationDuration": null,
      "deliveryMethod": null,
      "description": "Medication, Active: Beta Blocker Therapy (Code List: 2.16.840.1.113883.3.526.03.1174)",
      "dose": null,
      "doseIndicator": null,
      "doseRestriction": null,
      "end_time": 1263704400,
      "freeTextSig": null,
      "free_text": null,
      "fulfillmentInstructions": null,
      "indication": null,
      "mood_code": "EVN",
      "negationInd": true,
      "negationReason": {
        "SNOMED-CT": [
          "31438003"
        ]
      },
      "patientInstructions": null,
      "productForm": null,
      "reaction": null,
      "route": null,
      "site": null,
      "specifics": null,
      "start_time": 1166245200,
      "statusOfMedication": null,
      "status_code": {
        "SNOMED-CT": [
          "55561003"
        ],
        "HL7 ActStatus": [
          "active"
        ]
      },
      "time": null,
      "typeOfMedication": null,
      "vehicle": null
    },
    {
      "_id": "50536a6b709357c7fa0002b4",
      "administrationTiming": null,
      "codes": {
        "RxNorm": [
          "152916"
        ]
      },
      "cumulativeMedicationDuration": null,
      "deliveryMethod": null,
      "description": "Medication, Active: Beta Blocker Therapy (Code List: 2.16.840.1.113883.3.526.03.1174)",
      "dose": null,
      "doseIndicator": null,
      "doseRestriction": null,
      "end_time": 1185336000,
      "freeTextSig": null,
      "free_text": null,
      "fulfillmentInstructions": null,
      "indication": null,
      "mood_code": "EVN",
      "negationInd": true,
      "negationReason": {
        "SNOMED-CT": [
          "5015009"
        ]
      },
      "patientInstructions": null,
      "productForm": null,
      "reaction": null,
      "route": null,
      "site": null,
      "specifics": null,
      "start_time": 1143262800,
      "statusOfMedication": null,
      "status_code": {
        "SNOMED-CT": [
          "55561003"
        ],
        "HL7 ActStatus": [
          "active"
        ]
      },
      "time": null,
      "typeOfMedication": null,
      "vehicle": null
    },
    {
      "_id": "50536a6b709357c7fa0002b5",
      "administrationTiming": null,
      "codes": {
        "RxNorm": [
          "152916"
        ]
      },
      "cumulativeMedicationDuration": null,
      "deliveryMethod": null,
      "description": "Medication, Active: Beta Blocker Therapy (Code List: 2.16.840.1.113883.3.526.03.1174)",
      "dose": null,
      "doseIndicator": null,
      "doseRestriction": null,
      "end_time": 1129262400,
      "freeTextSig": null,
      "free_text": null,
      "fulfillmentInstructions": null,
      "indication": null,
      "mood_code": "EVN",
      "negationInd": true,
      "negationReason": {
        "SNOMED-CT": [
          "107724000"
        ]
      },
      "patientInstructions": null,
      "productForm": null,
      "reaction": null,
      "route": null,
      "site": null,
      "specifics": null,
      "start_time": 970113600,
      "statusOfMedication": null,
      "status_code": {
        "SNOMED-CT": [
          "55561003"
        ],
        "HL7 ActStatus": [
          "active"
        ]
      },
      "time": null,
      "typeOfMedication": null,
      "vehicle": null
    },
    {
      "_id": "50536a6b709357c7fa0002b6",
      "administrationTiming": null,
      "codes": {
        "RxNorm": [
          "152916"
        ]
      },
      "cumulativeMedicationDuration": null,
      "deliveryMethod": null,
      "description": "Medication, Order: Beta Blocker Therapy (Code List: 2.16.840.1.113883.3.526.03.1174)",
      "dose": null,
      "doseIndicator": null,
      "doseRestriction": null,
      "end_time": 1299646800,
      "freeTextSig": null,
      "free_text": null,
      "fulfillmentInstructions": null,
      "indication": null,
      "mood_code": "EVN",
      "negationInd": true,
      "negationReason": {
        "SNOMED-CT": [
          "31438003"
        ]
      },
      "patientInstructions": null,
      "productForm": null,
      "reaction": null,
      "route": null,
      "site": null,
      "specifics": null,
      "start_time": 1244520000,
      "statusOfMedication": null,
      "status_code": null,
      "time": null,
      "typeOfMedication": null,
      "vehicle": null
    },
    {
      "_id": "50536a6b709357c7fa0002b7",
      "administrationTiming": null,
      "codes": {
        "RxNorm": [
          "152916"
        ]
      },
      "cumulativeMedicationDuration": null,
      "deliveryMethod": null,
      "description": "Medication, Order: Beta Blocker Therapy (Code List: 2.16.840.1.113883.3.526.03.1174)",
      "dose": null,
      "doseIndicator": null,
      "doseRestriction": null,
      "end_time": 1132808400,
      "freeTextSig": null,
      "free_text": null,
      "fulfillmentInstructions": null,
      "indication": null,
      "mood_code": "EVN",
      "negationInd": true,
      "negationReason": {
        "SNOMED-CT": [
          "5015009"
        ]
      },
      "patientInstructions": null,
      "productForm": null,
      "reaction": null,
      "route": null,
      "site": null,
      "specifics": null,
      "start_time": 990072000,
      "statusOfMedication": null,
      "status_code": null,
      "time": null,
      "typeOfMedication": null,
      "vehicle": null
    },
    {
      "_id": "50536a6b709357c7fa0002b8",
      "administrationTiming": null,
      "codes": {
        "RxNorm": [
          "152916"
        ]
      },
      "cumulativeMedicationDuration": null,
      "deliveryMethod": null,
      "description": "Medication, Order: Beta Blocker Therapy (Code List: 2.16.840.1.113883.3.526.03.1174)",
      "dose": null,
      "doseIndicator": null,
      "doseRestriction": null,
      "end_time": 1326344400,
      "freeTextSig": null,
      "free_text": null,
      "fulfillmentInstructions": null,
      "indication": null,
      "mood_code": "EVN",
      "negationInd": true,
      "negationReason": {
        "SNOMED-CT": [
          "107724000"
        ]
      },
      "patientInstructions": null,
      "productForm": null,
      "reaction": null,
      "route": null,
      "site": null,
      "specifics": null,
      "start_time": 1284696000,
      "statusOfMedication": null,
      "status_code": null,
      "time": null,
      "typeOfMedication": null,
      "vehicle": null
    },
    {
      "_id": "50536a6b709357c7fa0002b9",
      "administrationTiming": null,
      "codes": {
        "RxNorm": [
          "200031"
        ]
      },
      "cumulativeMedicationDuration": null,
      "deliveryMethod": null,
      "description": "Medication, Order: Beta Blocker Therapy for LVSD (Code List: 2.16.840.1.113883.3.526.03.1184)",
      "dose": null,
      "doseIndicator": null,
      "doseRestriction": null,
      "end_time": 1329195600,
      "freeTextSig": null,
      "free_text": null,
      "fulfillmentInstructions": null,
      "indication": null,
      "mood_code": "EVN",
      "negationInd": null,
      "negationReason": null,
      "patientInstructions": null,
      "productForm": null,
      "reaction": null,
      "route": null,
      "site": null,
      "specifics": null,
      "start_time": 1269748800,
      "statusOfMedication": null,
      "status_code": null,
      "time": null,
      "typeOfMedication": null,
      "vehicle": null
    },
    {
      "_id": "50536a6b709357c7fa0002ba",
      "administrationTiming": null,
      "codes": {
        "RxNorm": [
          "200031"
        ]
      },
      "cumulativeMedicationDuration": null,
      "deliveryMethod": null,
      "description": "Beta Blocker Therapy for LVSD (Code List: 2.16.840.1.113883.3.526.03.1184)",
      "dose": null,
      "doseIndicator": null,
      "doseRestriction": null,
      "end_time": 1268971200,
      "freeTextSig": null,
      "free_text": null,
      "fulfillmentInstructions": null,
      "indication": null,
      "mood_code": "EVN",
      "negationInd": null,
      "negationReason": null,
      "patientInstructions": null,
      "productForm": null,
      "reaction": null,
      "route": null,
      "site": null,
      "specifics": null,
      "start_time": 1038373200,
      "statusOfMedication": null,
      "status_code": {
        "SNOMED-CT": [
          "55561003"
        ],
        "HL7 ActStatus": [
          "active"
        ]
      },
      "time": null,
      "typeOfMedication": null,
      "vehicle": null
    },
    {
      "_id": "50536a6b709357c7fa0002bb",
      "administrationTiming": null,
      "codes": {
        "RxNorm": [
          "152916"
        ]
      },
      "cumulativeMedicationDuration": null,
      "deliveryMethod": null,
      "description": "Medication, Order: Beta Blocker Therapy (Code List: 2.16.840.1.113883.3.526.03.1174)",
      "dose": null,
      "doseIndicator": null,
      "doseRestriction": null,
      "end_time": 1225425600,
      "freeTextSig": null,
      "free_text": null,
      "fulfillmentInstructions": null,
      "indication": null,
      "mood_code": "EVN",
      "negationInd": null,
      "negationReason": null,
      "patientInstructions": null,
      "productForm": null,
      "reaction": null,
      "route": null,
      "site": null,
      "specifics": null,
      "start_time": 1197781200,
      "statusOfMedication": null,
      "status_code": null,
      "time": null,
      "typeOfMedication": null,
      "vehicle": null
    },
    {
      "_id": "50536a6b709357c7fa0002bc",
      "administrationTiming": null,
      "codes": {
        "RxNorm": [
          "152916"
        ]
      },
      "cumulativeMedicationDuration": null,
      "deliveryMethod": null,
      "description": "Beta Blocker Therapy (Code List: 2.16.840.1.113883.3.526.03.1174)",
      "dose": null,
      "doseIndicator": null,
      "doseRestriction": null,
      "end_time": 1339819200,
      "freeTextSig": null,
      "free_text": null,
      "fulfillmentInstructions": null,
      "indication": null,
      "mood_code": "EVN",
      "negationInd": null,
      "negationReason": null,
      "patientInstructions": null,
      "productForm": null,
      "reaction": null,
      "route": null,
      "site": null,
      "specifics": null,
      "start_time": 1333771200,
      "statusOfMedication": null,
      "status_code": {
        "SNOMED-CT": [
          "55561003"
        ],
        "HL7 ActStatus": [
          "active"
        ]
      },
      "time": null,
      "typeOfMedication": null,
      "vehicle": null
    }
  ],
  "procedures": [
    {
      "_id": "50536a6b709357c7fa0002c4",
      "codes": {
        "SNOMED-CT": [
          "3546002"
        ],
        "CPT": [
          "33140"
        ]
      },
      "description": "Procedure, Performed: Cardiac Surgery (Code List: 2.16.840.1.113883.3.526.03.371)",
      "end_time": 1328763600,
      "free_text": null,
      "mood_code": "EVN",
      "negationInd": null,
      "negationReason": null,
      "performer_id": null,
      "site": null,
      "specifics": null,
      "start_time": 1233723600,
      "status_code": null,
      "time": null
    }
  ],
  "race": "2106-3",
  "religious_affilication": null,
  "results": [
    {
      "_id": "50536a6b709357c7fa00029b",
      "codes": {
        "LOINC": [
          "8867-4"
        ]
      },
      "description": "Physical Exam, Finding: Heart Rate (Code List: 2.16.840.1.113883.3.526.03.1176)",
      "end_time": 1139720400,
      "free_text": null,
      "interpretation": null,
      "mood_code": "EVN",
      "negationInd": null,
      "negationReason": null,
      "referenceRange": null,
      "specifics": null,
      "start_time": 1064376000,
      "status_code": null,
      "time": null,
      "values": [
        {
          "_id": "50536a6b709357c7fa00029c",
          "scalar": "50",
          "units": "{H.B}/min"
        }
      ]
    },
    {
      "_id": "50536a6b709357c7fa0002bd",
      "codes": {
        "LOINC": [
          "10230-1"
        ]
      },
      "description": "Diagnostic Study, Result: Ejection Fraction (Code List: 2.16.840.1.113883.3.526.03.1134)",
      "end_time": 1212897600,
      "free_text": null,
      "interpretation": null,
      "mood_code": "EVN",
      "negationInd": null,
      "negationReason": null,
      "referenceRange": null,
      "specifics": null,
      "start_time": 1028779200,
      "status_code": null,
      "time": null,
      "values": [
        {
          "_id": "50536a6b709357c7fa0002be",
          "scalar": "40",
          "units": "%"
        }
      ]
    }
  ],
  "source_data_criteria": null,
  "test_id": null,
  "title": null
}