{
  "_id": "50536a6b709357c7fa000282",
  "birthdate": 1280203200,
  "clinicalTrialParticipant": null,
  "conditions": [
    {
      "_id": "50536a6b709357c7fa000283",
      "causeOfDeath": null,
      "codes": {
        "SNOMED-CT": [
          "60380001"
        ],
        "ICD-9-CM": [
          "347.00"
        ],
        "ICD-10-CM": [
          "G47.411"
        ]
      },
      "description": "Diagnosis, Active: Narcolepsy (Code List: 2.16.840.1.113883.3.464.0003.14.02.0011)",
      "end_time": 1346472000,
      "free_text": null,
      "mood_code": "EVN",
      "name": null,
      "negationInd": null,
      "negationReason": null,
      "ordinality": null,
      "priority": null,
      "severity": null,
      "specifics": null,
      "start_time": 1337313600,
      "status_code": {
        "SNOMED-CT": [
          "55561003"
        ],
        "HL7 ActStatus": [
          "active"
        ]
      },
      "time": null,
      "type": null
    },
    {
      "_id": "50536a6b709357c7fa000286",
      "causeOfDeath": null,
      "codes": {
        "SNOMED-CT": [
          "109006"
        ],
        "ICD-9-CM": [
          "290.3"
        ],
        "ICD-10-CM": [
          "F02.80"
        ]
      },
      "description": "Diagnosis, Active: Mental Health Diagnoses (Code List: 2.16.840.1.113883.3.464.0003.05.02.0004)",
      "end_time": 1011848400,
      "free_text": null,
      "mood_code": "EVN",
      "name": null,
      "negationInd": null,
      "negationReason": null,
      "ordinality": "{\"SNOMED-CT\"=>[\"8319008\"]}",
      "priority": null,
      "severity": null,
      "specifics": null,
      "start_time": 975733200,
      "status_code": {
        "SNOMED-CT": [
          "55561003"
        ],
        "HL7 ActStatus": [
          "active"
        ]
      },
      "time": null,
      "type": null
    },
    {
      "_id": "50536a6b709357c7fa000287",
      "causeOfDeath": null,
      "codes": {
        "SNOMED-CT": [
          "5602001"
        ],
        "ICD-9-CM": [
          "291.0"
        ],
        "ICD-10-CM": [
          "F10.10"
        ]
      },
      "description": "Diagnosis, Active: Substance Abuse (Code List: 2.16.840.1.113883.3.464.0003.06.02.0004)",
      "end_time": 1071464400,
      "free_text": null,
      "mood_code": "EVN",
      "name": null,
      "negationInd": null,
      "negationReason": null,
      "ordinality": "{\"SNOMED-CT\"=>[\"8319008\"]}",
      "priority": null,
      "severity": null,
      "specifics": null,
      "start_time": 903585600,
      "status_code": {
        "SNOMED-CT": [
          "55561003"
        ],
        "HL7 ActStatus": [
          "active"
        ]
      },
      "time": null,
      "type": null
    }
  ],
  "deathdate": null,
  "effective_time": null,
  "elimination_population": null,
  "elimination_reason": null,
  "encounters": [
    {
      "_id": "50536a6b709357c7fa000284",
      "admitType": null,
      "admit_time": null,
      "codes": {
        "CPT": [
          "99221"
        ]
      },
      "description": "Hospital Inpatient Visit - Initial (Code List: 2.16.840.1.113883.3.464.0003.01.02.0004)",
      "dischargeDisposition": null,
      "discharge_time": null,
      "end_time": 1316577600,
      "free_text": null,
      "mood_code": "EVN",
      "negationInd": null,
      "negationReason": null,
      "performer_id": null,
      "specifics": null,
      "start_time": 1261630800,
      "status_code": null,
      "time": null
    },
    {
      "_id": "50536a6b709357c7fa000288",
      "admitType": null,
      "admit_time": null,
      "codes": {
        "CPT": [
          "99231"
        ]
      },
      "description": "Hospital Inpatient Visit - Subsequent (Code List: 2.16.840.1.113883.3.464.0003.01.02.0005)",
      "dischargeDisposition": null,
      "discharge_time": null,
      "end_time": 1011330000,
      "free_text": null,
      "mood_code": "EVN",
      "negationInd": null,
      "negationReason": null,
      "performer_id": null,
      "specifics": null,
      "start_time": 958622400,
      "status_code": null,
      "time": null
    },
    {
      "_id": "50536a6b709357c7fa000289",
      "admitType": null,
      "admit_time": null,
      "codes": {
        "CPT": [
          "99201"
        ]
      },
      "description": "Encounter, Performed: Office Visit (Code List: 2.16.840.1.113883.3.464.0003.01.02.0001)",
      "dischargeDisposition": null,
      "discharge_time": null,
      "end_time": 1346731200,
      "free_text": null,
      "mood_code": "EVN",
      "negationInd": null,
      "negationReason": null,
      "performer_id": null,
      "specifics": null,
      "start_time": 1344571200,
      "status_code": null,
      "time": null
    },
    {
      "_id": "50536a6b709357c7fa00028a",
      "admitType": null,
      "admit_time": null,
      "codes": {
        "CPT": [
          "99218"
        ]
      },
      "description": "Encounter, Performed: Hospital Observation Care - Initial (Code List: 2.16.840.1.113883.3.464.0003.01.02.0002)",
      "dischargeDisposition": null,
      "discharge_time": null,
      "end_time": 981867600,
      "free_text": null,
      "mood_code": "EVN",
      "negationInd": null,
      "negationReason": null,
      "performer_id": null,
      "specifics": null,
      "start_time": 923029200,
      "status_code": null,
      "time": null
    },
    {
      "_id": "50536a6b709357c7fa00028b",
      "admitType": null,
      "admit_time": null,
      "codes": {
        "CPT": [
          "99401"
        ]
      },
      "description": "Encounter, Performed: Preventive Care Services-Individual Counseling (Code List: 2.16.840.1.113883.3.464.0003.01.02.0026)",
      "dischargeDisposition": null,
      "discharge_time": null,
      "end_time": 1335240000,
      "free_text": null,
      "mood_code": "EVN",
      "negationInd": null,
      "negationReason": null,
      "performer_id": null,
      "specifics": null,
      "start_time": 861940800,
      "status_code": null,
      "time": null
    },
    {
      "_id": "50536a6b709357c7fa00028c",
      "admitType": null,
      "admit_time": null,
      "codes": {
        "CPT": [
          "90804"
        ]
      },
      "description": "Encounter, Performed: Behavioral Health Follow-up Visit (Code List: 2.16.840.1.113883.3.464.0003.01.02.0054)",
      "dischargeDisposition": null,
      "discharge_time": null,
      "end_time": 1004068800,
      "free_text": null,
      "mood_code": "EVN",
      "negationInd": null,
      "negationReason": null,
      "performer_id": null,
      "specifics": null,
      "start_time": 995515200,
      "status_code": null,
      "time": null
    },
    {
      "_id": "50536a6b709357c7fa00028d",
      "admitType": null,
      "admit_time": null,
      "codes": {
        "SNOMED-CT": [
          "4525004"
        ]
      },
      "description": "Encounter, Performed: Face-to-Face Interaction (Code List: 2.16.840.1.113883.3.464.0003.01.02.0048)",
      "dischargeDisposition": null,
      "discharge_time": null,
      "end_time": 1333512000,
      "free_text": null,
      "mood_code": "EVN",
      "negationInd": null,
      "negationReason": null,
      "performer_id": null,
      "specifics": null,
      "start_time": 1285992000,
      "status_code": null,
      "time": null
    },
    {
      "_id": "50536a6b709357c7fa00028e",
      "admitType": null,
      "admit_time": null,
      "codes": {
        "CPT": [
          "90816"
        ]
      },
      "description": "Encounter, Performed: Psychotherapy and Pharmacologic Management (Code List: 2.16.840.1.113883.3.464.0003.01.02.0055)",
      "dischargeDisposition": null,
      "discharge_time": null,
      "end_time": 981003600,
      "facility": {
        "_id": "50536a6b709357c7fa00028f",
        "code": null,
        "codes": {
          "SNOMED-CT": [
            "255327002"
          ]
        },
        "name": "Ambulatory"
      },
      "free_text": null,
      "mood_code": "EVN",
      "negationInd": null,
      "negationReason": null,
      "performer_id": null,
      "specifics": null,
      "start_time": 952923600,
      "status_code": null,
      "time": null
    },
    {
      "_id": "50536a6b709357c7fa000290",
      "admitType": null,
      "admit_time": null,
      "codes": {
        "CPT": [
          "99217"
        ]
      },
      "description": "Encounter, Performed: Discharge Services- Observation Care (Code List: 2.16.840.1.113883.3.464.0003.01.02.0039)",
      "dischargeDisposition": null,
      "discharge_time": null,
      "end_time": 833774400,
      "free_text": null,
      "mood_code": "EVN",
      "negationInd": null,
      "negationReason": null,
      "performer_id": null,
      "specifics": null,
      "start_time": 809841600,
      "status_code": null,
      "time": null
    },
    {
      "_id": "50536a6b709357c7fa000291",
      "admitType": null,
      "admit_time": null,
      "codes": {
        "CPT": [
          "99241"
        ]
      },
      "description": "Encounter, Performed: Outpatient Consultation (Code List: 2.16.840.1.113883.3.464.0003.01.02.0008)",
      "dischargeDisposition": null,
      "discharge_time": null,
      "end_time": 1177646400,
      "free_text": null,
      "mood_code": "EVN",
      "negationInd": null,
      "negationReason": null,
      "performer_id": null,
      "specifics": null,
      "start_time": 1047358800,
      "status_code": null,
      "time": null
    },
    {
      "_id": "50536a6b709357c7fa000292",
      "admitType": null,
      "admit_time": null,
      "codes": {
        "CPT": [
          "99341"
        ]
      },
      "description": "Encounter, Performed: Home Healthcare Services (Code List: 2.16.840.1.113883.3.464.0003.01.02.0016)",
      "dischargeDisposition": null,
      "discharge_time": null,
      "end_time": 1053662400,
      "free_text": null,
      "mood_code": "EVN",
      "negationInd": null,
      "negationReason": null,
      "performer_id": null,
      "specifics": null,
      "start_time": 981262800,
      "status_code": null,
      "time": null
    },
    {
      "_id": "50536a6b709357c7fa000293",
      "admitType": null,
      "admit_time": null,
      "codes": {
        "CPT": [
          "99381"
        ]
      },
      "description": "Encounter, Performed: Preventive Care- Initial Office Visit, 0 to 17 (Code List: 2.16.840.1.113883.3.464.0003.01.02.0022)",
      "dischargeDisposition": null,
      "discharge_time": null,
      "end_time": 1278129600,
      "free_text": null,
      "mood_code": "EVN",
      "negationInd": null,
      "negationReason": null,
      "performer_id": null,
      "specifics": null,
      "start_time": 1069736400,
      "status_code": null,
      "time": null
    },
    {
      "_id": "50536a6b709357c7fa000294",
      "admitType": null,
      "admit_time": null,
      "codes": {
        "CPT": [
          "99391"
        ]
      },
      "description": "Encounter, Performed: Preventive Care - Established Office Visit, 0 to 17 (Code List: 2.16.840.1.113883.3.464.0003.01.02.0024)",
      "dischargeDisposition": null,
      "discharge_time": null,
      "end_time": 1235106000,
      "free_text": null,
      "mood_code": "EVN",
      "negationInd": null,
      "negationReason": null,
      "performer_id": null,
      "specifics": null,
      "start_time": 1118116800,
      "status_code": null,
      "time": null
    },
    {
      "_id": "50536a6b709357c7fa000295",
      "admitType": null,
      "admit_time": null,
      "codes": {
        "CPT": [
          "99411"
        ]
      },
      "description": "Encounter, Performed: Preventive Care Services - Group Counseling (Code List: 2.16.840.1.113883.3.464.0003.01.02.0027)",
      "dischargeDisposition": null,
      "discharge_time": null,
      "end_time": 1323493200,
      "free_text": null,
      "mood_code": "EVN",
      "negationInd": null,
      "negationReason": null,
      "performer_id": null,
      "specifics": null,
      "start_time": 1308715200,
      "status_code": null,
      "time": null
    },
    {
      "_id": "50536a6b709357c7fa000296",
      "admitType": null,
      "admit_time": null,
      "codes": {
        "CPT": [
          "90816"
        ]
      },
      "description": "Psychotherapy and Pharmacologic Management (Code List: 2.16.840.1.113883.3.464.0003.01.02.0055)",
      "dischargeDisposition": null,
      "discharge_time": null,
      "end_time": 1061524800,
      "free_text": null,
      "mood_code": "EVN",
      "negationInd": null,
      "negationReason": null,
      "performer_id": null,
      "specifics": null,
      "start_time": 806817600,
      "status_code": null,
      "time": null
    },
    {
      "_id": "50536a6b709357c7fa000297",
      "admitType": null,
      "admit_time": null,
      "codes": {
        "CPT": [
          "99441"
        ]
      },
      "description": "Telehealth Services (Code List: 2.16.840.1.113883.3.464.0003.01.02.0031)",
      "dischargeDisposition": null,
      "discharge_time": null,
      "end_time": 1077858000,
      "free_text": null,
      "mood_code": "EVN",
      "negationInd": null,
      "negationReason": null,
      "performer_id": null,
      "specifics": null,
      "start_time": 1037077200,
      "status_code": null,
      "time": null
    },
    {
      "_id": "50536a6b709357c7fa000298",
      "admitType": null,
      "admit_time": null,
      "codes": {
        "CPT": [
          "98966"
        ]
      },
      "description": "Telephone Management (Code List: 2.16.840.1.113883.3.464.0003.01.02.0053)",
      "dischargeDisposition": null,
      "discharge_time": null,
      "end_time": 1203742800,
      "free_text": null,
      "mood_code": "EVN",
      "negationInd": null,
      "negationReason": null,
      "performer_id": null,
      "specifics": null,
      "start_time": 1060488000,
      "status_code": null,
      "time": null
    }
  ],
  "ethnicity": "2186-5",
  "expired": null,
  "first": "Donna",
  "gender": "F",
  "languages": [
    "ja-US"
  ],
  "last": "Brown",
  "marital_status": null,
  "measure_id": null,
  "measure_ids": null,
  "medical_record_number": "1413653439",
  "medications": [
    {
      "_id": "50536a6b709357c7fa000285",
      "administrationTiming": null,
      "codes": {
        "RxNorm": [
          "349591"
        ]
      },
      "cumulativeMedicationDuration": null,
      "deliveryMethod": null,
      "description": "ADHD Medications (Code List: 2.16.840.1.113883.3.464.0003.96.02.0171)",
      "dose": null,
      "doseIndicator": null,
      "doseRestriction": null,
      "end_time": 914562000,
      "freeTextSig": null,
      "free_text": null,
      "fulfillmentInstructions": null,
      "indication": null,
      "mood_code": "EVN",
      "negationInd": null,
      "negationReason": null,
      "patientInstructions": null,
      "productForm": null,
      "reaction": null,
      "route": null,
      "site": null,
      "specifics": null,
      "start_time": 872049600,
      "statusOfMedication": null,
      "status_code": null,
      "time": null,
      "typeOfMedication": null,
      "vehicle": null
    },
    {
      "_id": "50536a6b709357c7fa000299",
      "administrationTiming": null,
      "codes": {
        "RxNorm": [
          "349591"
        ]
      },
      "cumulativeMedicationDuration": {
        "scalar": "210",
        "units": "days"
      },
      "deliveryMethod": null,
      "description": "Medication, Active: ADHD Medications (Code List: 2.16.840.1.113883.3.464.0003.96.02.0171)",
      "dose": null,
      "doseIndicator": null,
      "doseRestriction": null,
      "end_time": 1332043200,
      "freeTextSig": null,
      "free_text": null,
      "fulfillmentInstructions": null,
      "indication": null,
      "mood_code": "EVN",
      "negationInd": null,
      "negationReason": null,
      "patientInstructions": null,
      "productForm": null,
      "reaction": null,
      "route": null,
      "site": null,
      "specifics": null,
      "start_time": 1324616400,
      "statusOfMedication": null,
      "status_code": {
        "SNOMED-CT": [
          "55561003"
        ],
        "HL7 ActStatus": [
          "active"
        ]
      },
      "time": null,
      "typeOfMedication": null,
      "vehicle": null
    }
  ],
  "race": "2106-3",
  "religious_affilication": null,
  "source_data_criteria": null,
  "test_id": null,
  "title": null
}