{
  "_id": "50536a6b709357c7fa0001cb",
  "allergies": [
    {
      "_id": "50536a6b709357c7fa0001d5",
      "codes": {
        "CPT": [
          "90656"
        ],
        "SNOMED-CT": [
          "86198006"
        ]
      },
      "description": "Procedure, Intolerance: Influenza Vaccination (Code List: 2.16.840.1.113883.3.526.03.402)",
      "end_time": 1160280000,
      "free_text": null,
      "mood_code": "EVN",
      "negationInd": null,
      "negationReason": null,
      "reaction": null,
      "severity": null,
      "specifics": null,
      "start_time": 1098158400,
      "status_code": null,
      "time": null,
      "type": null
    },
    {
      "_id": "50536a6b709357c7fa0001d6",
      "codes": {
        "CVX": [
          "111"
        ]
      },
      "description": "Medication, Intolerance: Influenza Vaccine (Code List: 2.16.840.1.113883.3.526.03.1254)",
      "end_time": 1169874000,
      "free_text": null,
      "mood_code": "EVN",
      "negationInd": null,
      "negationReason": null,
      "reaction": null,
      "severity": null,
      "specifics": null,
      "start_time": 1061179200,
      "status_code": null,
      "time": null,
      "type": null
    }
  ],
  "birthdate": 1042261200,
  "clinicalTrialParticipant": null,
  "conditions": [
    {
      "_id": "50536a6b709357c7fa0001d4",
      "causeOfDeath": null,
      "codes": {
        "SNOMED-CT": [
          "91930004"
        ]
      },
      "description": "Diagnosis, Active: Allergy to eggs (Code List: 2.16.840.1.113883.3.526.03.1253)",
      "end_time": 1216180800,
      "free_text": null,
      "mood_code": "EVN",
      "name": null,
      "negationInd": null,
      "negationReason": null,
      "ordinality": null,
      "priority": null,
      "severity": null,
      "specifics": null,
      "start_time": 1203483600,
      "status_code": {
        "SNOMED-CT": [
          "55561003"
        ],
        "HL7 ActStatus": [
          "active"
        ]
      },
      "time": null,
      "type": null
    },
    {
      "_id": "50536a6b709357c7fa0001d7",
      "causeOfDeath": null,
      "codes": {
        "SNOMED-CT": [
          "294647003"
        ]
      },
      "description": "Diagnosis, Active: Allergy to Influenza Vaccine (Code List: 2.16.840.1.113883.3.526.03.1256)",
      "end_time": 853477200,
      "free_text": null,
      "mood_code": "EVN",
      "name": null,
      "negationInd": null,
      "negationReason": null,
      "ordinality": null,
      "priority": null,
      "severity": null,
      "specifics": null,
      "start_time": 813556800,
      "status_code": {
        "SNOMED-CT": [
          "55561003"
        ],
        "HL7 ActStatus": [
          "active"
        ]
      },
      "time": null,
      "type": null
    },
    {
      "_id": "50536a6b709357c7fa0001d8",
      "causeOfDeath": null,
      "codes": {
        "SNOMED-CT": [
          "293112000"
        ]
      },
      "description": "Diagnosis, Active: Intolerance to Influenza Vaccine (Code List: 2.16.840.1.113883.3.526.03.1257)",
      "end_time": 1307332800,
      "free_text": null,
      "mood_code": "EVN",
      "name": null,
      "negationInd": null,
      "negationReason": null,
      "ordinality": null,
      "priority": null,
      "severity": null,
      "specifics": null,
      "start_time": 1047790800,
      "status_code": {
        "SNOMED-CT": [
          "55561003"
        ],
        "HL7 ActStatus": [
          "active"
        ]
      },
      "time": null,
      "type": null
    }
  ],
  "deathdate": null,
  "effective_time": null,
  "elimination_population": null,
  "elimination_reason": null,
  "encounters": [
    {
      "_id": "50536a6b709357c7fa0001cd",
      "admitType": null,
      "admit_time": null,
      "codes": {
        "CPT": [
          "99391"
        ],
        "SNOMED-CT": [
          "4525004"
        ]
      },
      "description": "Encounter-Influenza (Code List: 2.16.840.1.113883.3.526.03.1252)",
      "dischargeDisposition": null,
      "discharge_time": null,
      "end_time": 1118116800,
      "free_text": null,
      "mood_code": "EVN",
      "negationInd": null,
      "negationReason": null,
      "performer_id": null,
      "specifics": null,
      "start_time": 929764800,
      "status_code": null,
      "time": null
    },
    {
      "_id": "50536a6b709357c7fa0001dc",
      "admitType": null,
      "admit_time": null,
      "codes": {
        "CPT": [
          "99201"
        ]
      },
      "description": "Encounter, Performed: Office Visit (Code List: 2.16.840.1.113883.3.464.0003.01.02.0001)",
      "dischargeDisposition": null,
      "discharge_time": null,
      "end_time": 1260680400,
      "free_text": null,
      "mood_code": "EVN",
      "negationInd": null,
      "negationReason": null,
      "performer_id": null,
      "specifics": null,
      "start_time": 1203310800,
      "status_code": null,
      "time": null
    },
    {
      "_id": "50536a6b709357c7fa0001dd",
      "admitType": null,
      "admit_time": null,
      "codes": {
        "CPT": [
          "99241"
        ]
      },
      "description": "Encounter, Performed: Outpatient Consultation (Code List: 2.16.840.1.113883.3.464.0003.01.02.0008)",
      "dischargeDisposition": null,
      "discharge_time": null,
      "end_time": 1340856000,
      "free_text": null,
      "mood_code": "EVN",
      "negationInd": null,
      "negationReason": null,
      "performer_id": null,
      "specifics": null,
      "start_time": 1250481600,
      "status_code": null,
      "time": null
    },
    {
      "_id": "50536a6b709357c7fa0001de",
      "admitType": null,
      "admit_time": null,
      "codes": {
        "CPT": [
          "99324"
        ]
      },
      "description": "Encounter, Performed: Care Services in Long-Term Residential Facility (Code List: 2.16.840.1.113883.3.464.0003.01.02.0014)",
      "dischargeDisposition": null,
      "discharge_time": null,
      "end_time": 1284523200,
      "free_text": null,
      "mood_code": "EVN",
      "negationInd": null,
      "negationReason": null,
      "performer_id": null,
      "specifics": null,
      "start_time": 1280289600,
      "status_code": null,
      "time": null
    },
    {
      "_id": "50536a6b709357c7fa0001df",
      "admitType": null,
      "admit_time": null,
      "codes": {
        "CPT": [
          "99341"
        ]
      },
      "description": "Encounter, Performed: Home Healthcare Services (Code List: 2.16.840.1.113883.3.464.0003.01.02.0016)",
      "dischargeDisposition": null,
      "discharge_time": null,
      "end_time": 1325480400,
      "free_text": null,
      "mood_code": "EVN",
      "negationInd": null,
      "negationReason": null,
      "performer_id": null,
      "specifics": null,
      "start_time": 1287892800,
      "status_code": null,
      "time": null
    },
    {
      "_id": "50536a6b709357c7fa0001e0",
      "admitType": null,
      "admit_time": null,
      "codes": {
        "SNOMED-CT": [
          "4525004"
        ]
      },
      "description": "Encounter, Performed: Patient Provider Interaction (Code List: 2.16.840.1.113883.3.526.03.1012)",
      "dischargeDisposition": null,
      "discharge_time": null,
      "end_time": 1174622400,
      "free_text": null,
      "mood_code": "EVN",
      "negationInd": null,
      "negationReason": null,
      "performer_id": null,
      "specifics": null,
      "start_time": 1060315200,
      "status_code": null,
      "time": null
    },
    {
      "_id": "50536a6b709357c7fa0001e1",
      "admitType": null,
      "admit_time": null,
      "codes": {
        "CPT": [
          "99381"
        ]
      },
      "description": "Encounter, Performed: Preventive Care- Initial Office Visit, 0 to 17 (Code List: 2.16.840.1.113883.3.464.0003.01.02.0022)",
      "dischargeDisposition": null,
      "discharge_time": null,
      "end_time": 1307505600,
      "free_text": null,
      "mood_code": "EVN",
      "negationInd": null,
      "negationReason": null,
      "performer_id": null,
      "specifics": null,
      "start_time": 1179633600,
      "status_code": null,
      "time": null
    },
    {
      "_id": "50536a6b709357c7fa0001e2",
      "admitType": null,
      "admit_time": null,
      "codes": {
        "CPT": [
          "99385"
        ]
      },
      "description": "Encounter, Performed: Preventive Care Services-Initial Office Visit, 18 and Up (Code List: 2.16.840.1.113883.3.464.0003.01.02.0023)",
      "dischargeDisposition": null,
      "discharge_time": null,
      "end_time": 1214971200,
      "free_text": null,
      "mood_code": "EVN",
      "negationInd": null,
      "negationReason": null,
      "performer_id": null,
      "specifics": null,
      "start_time": 1152072000,
      "status_code": null,
      "time": null
    },
    {
      "_id": "50536a6b709357c7fa0001e3",
      "admitType": null,
      "admit_time": null,
      "codes": {
        "CPT": [
          "99391"
        ]
      },
      "description": "Encounter, Performed: Preventive Care - Established Office Visit, 0 to 17 (Code List: 2.16.840.1.113883.3.464.0003.01.02.0024)",
      "dischargeDisposition": null,
      "discharge_time": null,
      "end_time": 1303185600,
      "free_text": null,
      "mood_code": "EVN",
      "negationInd": null,
      "negationReason": null,
      "performer_id": null,
      "specifics": null,
      "start_time": 1191556800,
      "status_code": null,
      "time": null
    },
    {
      "_id": "50536a6b709357c7fa0001e4",
      "admitType": null,
      "admit_time": null,
      "codes": {
        "CPT": [
          "99395"
        ]
      },
      "description": "Encounter, Performed: Preventive Care Services - Established Office Visit, 18 and Up (Code List: 2.16.840.1.113883.3.464.0003.01.02.0025)",
      "dischargeDisposition": null,
      "discharge_time": null,
      "end_time": 1316923200,
      "free_text": null,
      "mood_code": "EVN",
      "negationInd": null,
      "negationReason": null,
      "performer_id": null,
      "specifics": null,
      "start_time": 1180670400,
      "status_code": null,
      "time": null
    },
    {
      "_id": "50536a6b709357c7fa0001e5",
      "admitType": null,
      "admit_time": null,
      "codes": {
        "CPT": [
          "99401"
        ]
      },
      "description": "Encounter, Performed: Preventive Care Services-Individual Counseling (Code List: 2.16.840.1.113883.3.464.0003.01.02.0026)",
      "dischargeDisposition": null,
      "discharge_time": null,
      "end_time": 1325998800,
      "free_text": null,
      "mood_code": "EVN",
      "negationInd": null,
      "negationReason": null,
      "performer_id": null,
      "specifics": null,
      "start_time": 1313985600,
      "status_code": null,
      "time": null
    },
    {
      "_id": "50536a6b709357c7fa0001e6",
      "admitType": null,
      "admit_time": null,
      "codes": {
        "CPT": [
          "99411"
        ]
      },
      "description": "Encounter, Performed: Preventive Care Services - Group Counseling (Code List: 2.16.840.1.113883.3.464.0003.01.02.0027)",
      "dischargeDisposition": null,
      "discharge_time": null,
      "end_time": 1256270400,
      "free_text": null,
      "mood_code": "EVN",
      "negationInd": null,
      "negationReason": null,
      "performer_id": null,
      "specifics": null,
      "start_time": 1195707600,
      "status_code": null,
      "time": null
    },
    {
      "_id": "50536a6b709357c7fa0001e7",
      "admitType": null,
      "admit_time": null,
      "codes": {
        "CPT": [
          "99420"
        ]
      },
      "description": "Encounter, Performed: Preventive Care Services - Other (Code List: 2.16.840.1.113883.3.464.0003.01.02.0030)",
      "dischargeDisposition": null,
      "discharge_time": null,
      "end_time": 1342152000,
      "free_text": null,
      "mood_code": "EVN",
      "negationInd": null,
      "negationReason": null,
      "performer_id": null,
      "specifics": null,
      "start_time": 1329541200,
      "status_code": null,
      "time": null
    },
    {
      "_id": "50536a6b709357c7fa0001e8",
      "admitType": null,
      "admit_time": null,
      "codes": {
        "CPT": [
          "99315"
        ]
      },
      "description": "Encounter, Performed: Discharge Services - Nursing Facility (Code List: 2.16.840.1.113883.3.464.0003.01.02.0013)",
      "dischargeDisposition": null,
      "discharge_time": null,
      "end_time": 1216699200,
      "free_text": null,
      "mood_code": "EVN",
      "negationInd": null,
      "negationReason": null,
      "performer_id": null,
      "specifics": null,
      "start_time": 1153540800,
      "status_code": null,
      "time": null
    },
    {
      "_id": "50536a6b709357c7fa0001e9",
      "admitType": null,
      "admit_time": null,
      "codes": {
        "CPT": [
          "99304"
        ]
      },
      "description": "Encounter, Performed: Nursing Facility Visit (Code List: 2.16.840.1.113883.3.464.0003.01.02.0012)",
      "dischargeDisposition": null,
      "discharge_time": null,
      "end_time": 1299992400,
      "free_text": null,
      "mood_code": "EVN",
      "negationInd": null,
      "negationReason": null,
      "performer_id": null,
      "specifics": null,
      "start_time": 1242705600,
      "status_code": null,
      "time": null
    }
  ],
  "ethnicity": "2186-5",
  "expired": null,
  "first": "Doris",
  "gender": "F",
  "languages": [
    "en-US"
  ],
  "last": "Parsons",
  "marital_status": null,
  "measure_id": null,
  "measure_ids": null,
  "medical_record_number": "3012853312",
  "medications": [
    {
      "_id": "50536a6b709357c7fa0001d1",
      "administrationTiming": null,
      "codes": {
        "CVX": [
          "111"
        ]
      },
      "cumulativeMedicationDuration": null,
      "deliveryMethod": null,
      "description": "Medication, Administered: Influenza Vaccine (Code List: 2.16.840.1.113883.3.526.03.1254)",
      "dose": null,
      "doseIndicator": null,
      "doseRestriction": null,
      "end_time": 1324011600,
      "freeTextSig": null,
      "free_text": null,
      "fulfillmentInstructions": null,
      "indication": null,
      "mood_code": "EVN",
      "negationInd": true,
      "negationReason": {
        "SNOMED-CT": [
          "31438003"
        ]
      },
      "patientInstructions": null,
      "productForm": null,
      "reaction": null,
      "route": null,
      "site": null,
      "specifics": null,
      "start_time": 1295758800,
      "statusOfMedication": null,
      "status_code": null,
      "time": null,
      "typeOfMedication": null,
      "vehicle": null
    },
    {
      "_id": "50536a6b709357c7fa0001d2",
      "administrationTiming": null,
      "codes": {
        "CVX": [
          "111"
        ]
      },
      "cumulativeMedicationDuration": null,
      "deliveryMethod": null,
      "description": "Medication, Administered: Influenza Vaccine (Code List: 2.16.840.1.113883.3.526.03.1254)",
      "dose": null,
      "doseIndicator": null,
      "doseRestriction": null,
      "end_time": 1170997200,
      "freeTextSig": null,
      "free_text": null,
      "fulfillmentInstructions": null,
      "indication": null,
      "mood_code": "EVN",
      "negationInd": true,
      "negationReason": {
        "SNOMED-CT": [
          "5015009"
        ]
      },
      "patientInstructions": null,
      "productForm": null,
      "reaction": null,
      "route": null,
      "site": null,
      "specifics": null,
      "start_time": 1111381200,
      "statusOfMedication": null,
      "status_code": null,
      "time": null,
      "typeOfMedication": null,
      "vehicle": null
    },
    {
      "_id": "50536a6b709357c7fa0001d3",
      "administrationTiming": null,
      "codes": {
        "CVX": [
          "111"
        ]
      },
      "cumulativeMedicationDuration": null,
      "deliveryMethod": null,
      "description": "Medication, Administered: Influenza Vaccine (Code List: 2.16.840.1.113883.3.526.03.1254)",
      "dose": null,
      "doseIndicator": null,
      "doseRestriction": null,
      "end_time": 1287288000,
      "freeTextSig": null,
      "free_text": null,
      "fulfillmentInstructions": null,
      "indication": null,
      "mood_code": "EVN",
      "negationInd": true,
      "negationReason": {
        "SNOMED-CT": [
          "107724000"
        ]
      },
      "patientInstructions": null,
      "productForm": null,
      "reaction": null,
      "route": null,
      "site": null,
      "specifics": null,
      "start_time": 1232082000,
      "statusOfMedication": null,
      "status_code": null,
      "time": null,
      "typeOfMedication": null,
      "vehicle": null
    },
    {
      "_id": "50536a6b709357c7fa0001da",
      "administrationTiming": null,
      "codes": {
        "CVX": [
          "111"
        ]
      },
      "cumulativeMedicationDuration": null,
      "deliveryMethod": null,
      "description": "Medication, Administered: Influenza Vaccine (Code List: 2.16.840.1.113883.3.526.03.1254)",
      "dose": null,
      "doseIndicator": null,
      "doseRestriction": null,
      "end_time": 1312776000,
      "freeTextSig": null,
      "free_text": null,
      "fulfillmentInstructions": null,
      "indication": null,
      "mood_code": "EVN",
      "negationInd": null,
      "negationReason": null,
      "patientInstructions": null,
      "productForm": null,
      "reaction": null,
      "route": null,
      "site": null,
      "specifics": null,
      "start_time": 1287028800,
      "statusOfMedication": null,
      "status_code": null,
      "time": null,
      "typeOfMedication": null,
      "vehicle": null
    }
  ],
  "procedures": [
    {
      "_id": "50536a6b709357c7fa0001cc",
      "codes": {
        "SNOMED-CT": [
          "315640000"
        ]
      },
      "description": "Communication: From Patient to Provider: Influenza Vaccination Declined (Code List: 2.16.840.1.113883.3.526.03.1255)",
      "end_time": 1259816400,
      "free_text": null,
      "mood_code": "EVN",
      "negationInd": null,
      "negationReason": null,
      "performer_id": null,
      "site": null,
      "specifics": null,
      "start_time": 1075006800,
      "status_code": null,
      "time": null
    },
    {
      "_id": "50536a6b709357c7fa0001ce",
      "codes": {
        "CPT": [
          "90656"
        ],
        "SNOMED-CT": [
          "86198006"
        ]
      },
      "description": "Procedure, Performed: Influenza Vaccination (Code List: 2.16.840.1.113883.3.526.03.402)",
      "end_time": 1307505600,
      "free_text": null,
      "mood_code": "EVN",
      "negationInd": true,
      "negationReason": {
        "SNOMED-CT": [
          "31438003"
        ]
      },
      "performer_id": null,
      "site": null,
      "specifics": null,
      "start_time": 1184040000,
      "status_code": null,
      "time": null
    },
    {
      "_id": "50536a6b709357c7fa0001cf",
      "codes": {
        "CPT": [
          "90656"
        ],
        "SNOMED-CT": [
          "86198006"
        ]
      },
      "description": "Procedure, Performed: Influenza Vaccination (Code List: 2.16.840.1.113883.3.526.03.402)",
      "end_time": 1342238400,
      "free_text": null,
      "mood_code": "EVN",
      "negationInd": true,
      "negationReason": {
        "SNOMED-CT": [
          "5015009"
        ]
      },
      "performer_id": null,
      "site": null,
      "specifics": null,
      "start_time": 1101704400,
      "status_code": null,
      "time": null
    },
    {
      "_id": "50536a6b709357c7fa0001d0",
      "codes": {
        "CPT": [
          "90656"
        ],
        "SNOMED-CT": [
          "86198006"
        ]
      },
      "description": "Procedure, Performed: Influenza Vaccination (Code List: 2.16.840.1.113883.3.526.03.402)",
      "end_time": 1051761600,
      "free_text": null,
      "mood_code": "EVN",
      "negationInd": true,
      "negationReason": {
        "SNOMED-CT": [
          "107724000"
        ]
      },
      "performer_id": null,
      "site": null,
      "specifics": null,
      "start_time": 815547600,
      "status_code": null,
      "time": null
    },
    {
      "_id": "50536a6b709357c7fa0001d9",
      "codes": {
        "CPT": [
          "90656"
        ],
        "SNOMED-CT": [
          "86198006"
        ]
      },
      "description": "Procedure, Performed: Influenza Vaccination (Code List: 2.16.840.1.113883.3.526.03.402)",
      "end_time": 1121140800,
      "free_text": null,
      "mood_code": "EVN",
      "negationInd": null,
      "negationReason": null,
      "performer_id": null,
      "site": null,
      "specifics": null,
      "start_time": 994478400,
      "status_code": null,
      "time": null
    },
    {
      "_id": "50536a6b709357c7fa0001db",
      "codes": {
        "SNOMED-CT": [
          "185900003"
        ]
      },
      "description": "Communication: From Patient to Provider: Previous Receipt of Influenza Vaccine (Code List: 2.16.840.1.113883.3.526.03.1185)",
      "end_time": 1314331200,
      "free_text": null,
      "mood_code": "EVN",
      "negationInd": null,
      "negationReason": null,
      "performer_id": null,
      "site": null,
      "specifics": null,
      "start_time": 1009170000,
      "status_code": null,
      "time": null
    }
  ],
  "race": "2106-3",
  "religious_affilication": null,
  "source_data_criteria": null,
  "test_id": null,
  "title": null
}