{
  "_id": "50536a6a709357c7fa000038",
  "birthdate": 1219377600,
  "clinicalTrialParticipant": null,
  "conditions": [
    {
      "_id": "50536a6a709357c7fa00003e",
      "causeOfDeath": null,
      "codes": {
        "ICD-9-CM": [
          "079.4"
        ],
        "ICD-10-CM": [
          "A63.0"
        ],
        "SNOMED-CT": [
          "3160009"
        ]
      },
      "description": "Diagnosis, Active: Other Female Reproductive Conditions (Code List: 2.16.840.1.113883.3.464.0003.11.02.0006)",
      "end_time": 1345521600,
      "free_text": null,
      "mood_code": "EVN",
      "name": null,
      "negationInd": null,
      "negationReason": null,
      "ordinality": null,
      "priority": null,
      "severity": null,
      "specifics": null,
      "start_time": 1331956800,
      "status_code": {
        "SNOMED-CT": [
          "55561003"
        ],
        "HL7 ActStatus": [
          "active"
        ]
      },
      "time": null,
      "type": null
    },
    {
      "_id": "50536a6a709357c7fa00003f",
      "causeOfDeath": null,
      "codes": {
        "ICD-9-CM": [
          "054.10"
        ],
        "ICD-10-CM": [
          "A60.00"
        ],
        "SNOMED-CT": [
          "27420004"
        ]
      },
      "description": "Diagnosis, Active: Genital Herpes (Code List: 2.16.840.1.113883.3.464.0003.10.02.0049)",
      "end_time": 1345435200,
      "free_text": null,
      "mood_code": "EVN",
      "name": null,
      "negationInd": null,
      "negationReason": null,
      "ordinality": null,
      "priority": null,
      "severity": null,
      "specifics": null,
      "start_time": 1343620800,
      "status_code": {
        "SNOMED-CT": [
          "55561003"
        ],
        "HL7 ActStatus": [
          "active"
        ]
      },
      "time": null,
      "type": null
    },
    {
      "_id": "50536a6a709357c7fa000046",
      "causeOfDeath": null,
      "codes": {
        "SNOMED-CT": [
          "4022007"
        ],
        "ICD-9-CM": [
          "131.09"
        ],
        "ICD-10-CM": [
          "A56.02"
        ]
      },
      "description": "Diagnosis, Active: Inflammatory Diseases of Female Reproductive Organs (Code List: 2.16.840.1.113883.3.464.0003.20.02.0004)",
      "end_time": 1331956800,
      "free_text": null,
      "mood_code": "EVN",
      "name": null,
      "negationInd": null,
      "negationReason": null,
      "ordinality": null,
      "priority": null,
      "severity": null,
      "specifics": null,
      "start_time": 1325048400,
      "status_code": {
        "SNOMED-CT": [
          "55561003"
        ],
        "HL7 ActStatus": [
          "active"
        ]
      },
      "time": null,
      "type": null
    },
    {
      "_id": "50536a6a709357c7fa000047",
      "causeOfDeath": null,
      "codes": {
        "ICD-10-CM": [
          "A74.9"
        ],
        "ICD-9-CM": [
          "079.88"
        ],
        "SNOMED-CT": [
          "105629000"
        ]
      },
      "description": "Diagnosis, Active: Chlamydia (Code List: 2.16.840.1.113883.3.464.0003.20.02.0003)",
      "end_time": 1299387600,
      "free_text": null,
      "mood_code": "EVN",
      "name": null,
      "negationInd": null,
      "negationReason": null,
      "ordinality": null,
      "priority": null,
      "severity": null,
      "specifics": null,
      "start_time": 1265432400,
      "status_code": {
        "SNOMED-CT": [
          "55561003"
        ],
        "HL7 ActStatus": [
          "active"
        ]
      },
      "time": null,
      "type": null
    },
    {
      "_id": "50536a6a709357c7fa000048",
      "causeOfDeath": null,
      "codes": {
        "SNOMED-CT": [
          "192008"
        ],
        "ICD-9-CM": [
          "096"
        ],
        "ICD-10-CM": [
          "A50.09"
        ]
      },
      "description": "Diagnosis, Active: Syphilis (Code List: 2.16.840.1.113883.3.464.0003.20.02.0002)",
      "end_time": 1320206400,
      "free_text": null,
      "mood_code": "EVN",
      "name": null,
      "negationInd": null,
      "negationReason": null,
      "ordinality": null,
      "priority": null,
      "severity": null,
      "specifics": null,
      "start_time": 1257656400,
      "status_code": {
        "SNOMED-CT": [
          "55561003"
        ],
        "HL7 ActStatus": [
          "active"
        ]
      },
      "time": null,
      "type": null
    },
    {
      "_id": "50536a6a709357c7fa000049",
      "causeOfDeath": null,
      "codes": {
        "SNOMED-CT": [
          "151004"
        ],
        "ICD-9-CM": [
          "098.0"
        ],
        "ICD-10-CM": [
          "A54.09"
        ]
      },
      "description": "Diagnosis, Active: Gonococcal Infections and Venereal Diseases (Code List: 2.16.840.1.113883.3.464.0003.20.02.0001)",
      "end_time": 1344052800,
      "free_text": null,
      "mood_code": "EVN",
      "name": null,
      "negationInd": null,
      "negationReason": null,
      "ordinality": null,
      "priority": null,
      "severity": null,
      "specifics": null,
      "start_time": 1231995600,
      "status_code": {
        "SNOMED-CT": [
          "55561003"
        ],
        "HL7 ActStatus": [
          "active"
        ]
      },
      "time": null,
      "type": null
    },
    {
      "_id": "50536a6a709357c7fa00004a",
      "causeOfDeath": null,
      "codes": {
        "ICD-9-CM": [
          "630"
        ],
        "ICD-10-CM": [
          "O00.1"
        ],
        "SNOMED-CT": [
          "682004"
        ]
      },
      "description": "Diagnosis, Active: Complications of Pregnancy, Childbirth and the Puerperium (Code List: 2.16.840.1.113883.3.464.0003.11.02.0012)",
      "end_time": 1315886400,
      "free_text": null,
      "mood_code": "EVN",
      "name": null,
      "negationInd": null,
      "negationReason": null,
      "ordinality": null,
      "priority": null,
      "severity": null,
      "specifics": null,
      "start_time": 1270872000,
      "status_code": {
        "SNOMED-CT": [
          "55561003"
        ],
        "HL7 ActStatus": [
          "active"
        ]
      },
      "time": null,
      "type": null
    },
    {
      "_id": "50536a6a709357c7fa00004b",
      "causeOfDeath": null,
      "codes": {
        "SNOMED-CT": [
          "5810003"
        ],
        "ICD-9-CM": [
          "042"
        ],
        "ICD-10-CM": [
          "B20"
        ]
      },
      "description": "Diagnosis, Active: HIV (Code List: 2.16.840.1.113883.3.526.03.465)",
      "end_time": 1339732800,
      "free_text": null,
      "mood_code": "EVN",
      "name": null,
      "negationInd": null,
      "negationReason": null,
      "ordinality": null,
      "priority": null,
      "severity": null,
      "specifics": null,
      "start_time": 1302235200,
      "status_code": {
        "SNOMED-CT": [
          "55561003"
        ],
        "HL7 ActStatus": [
          "active"
        ]
      },
      "time": null,
      "type": null
    }
  ],
  "deathdate": null,
  "effective_time": null,
  "elimination_population": null,
  "elimination_reason": null,
  "ethnicity": "2186-5",
  "expired": null,
  "first": "Elsie",
  "gender": "F",
  "languages": [
    "en-US"
  ],
  "last": "Padilla",
  "marital_status": null,
  "measure_id": null,
  "measure_ids": null,
  "medical_record_number": "9678780202",
  "medications": [
    {
      "_id": "50536a6a709357c7fa00003a",
      "administrationTiming": null,
      "codes": {
        "RxNorm": [
          "197843"
        ]
      },
      "cumulativeMedicationDuration": null,
      "deliveryMethod": null,
      "description": "Medication, Dispensed: Isotretinoin (Code List: 2.16.840.1.113883.3.464.0003.96.02.0143)",
      "dose": null,
      "doseIndicator": null,
      "doseRestriction": null,
      "end_time": 997848000,
      "freeTextSig": null,
      "free_text": null,
      "fulfillmentInstructions": null,
      "indication": null,
      "mood_code": "EVN",
      "negationInd": null,
      "negationReason": null,
      "patientInstructions": null,
      "productForm": null,
      "reaction": null,
      "route": null,
      "site": null,
      "specifics": null,
      "start_time": 787554000,
      "statusOfMedication": null,
      "status_code": null,
      "time": null,
      "typeOfMedication": null,
      "vehicle": null
    },
    {
      "_id": "50536a6a709357c7fa00003b",
      "administrationTiming": null,
      "codes": {
        "RxNorm": [
          "197843"
        ]
      },
      "cumulativeMedicationDuration": null,
      "deliveryMethod": null,
      "description": "Medication, Order: Isotretinoin (Code List: 2.16.840.1.113883.3.464.0003.96.02.0143)",
      "dose": null,
      "doseIndicator": null,
      "doseRestriction": null,
      "end_time": 1310702400,
      "freeTextSig": null,
      "free_text": null,
      "fulfillmentInstructions": null,
      "indication": null,
      "mood_code": "EVN",
      "negationInd": null,
      "negationReason": null,
      "patientInstructions": null,
      "productForm": null,
      "reaction": null,
      "route": null,
      "site": null,
      "specifics": null,
      "start_time": 1304740800,
      "statusOfMedication": null,
      "status_code": null,
      "time": null,
      "typeOfMedication": null,
      "vehicle": null
    },
    {
      "_id": "50536a6a709357c7fa000045",
      "administrationTiming": null,
      "codes": {
        "RxNorm": [
          "197679"
        ]
      },
      "cumulativeMedicationDuration": null,
      "deliveryMethod": null,
      "description": "Medication, Active: Contraceptive Medications (Code List: 2.16.840.1.113883.3.464.0003.96.02.0080)",
      "dose": null,
      "doseIndicator": null,
      "doseRestriction": null,
      "end_time": 1343880000,
      "freeTextSig": null,
      "free_text": null,
      "fulfillmentInstructions": null,
      "indication": null,
      "mood_code": "EVN",
      "negationInd": null,
      "negationReason": null,
      "patientInstructions": null,
      "productForm": null,
      "reaction": null,
      "route": null,
      "site": null,
      "specifics": null,
      "start_time": 1339992000,
      "statusOfMedication": null,
      "status_code": {
        "SNOMED-CT": [
          "55561003"
        ],
        "HL7 ActStatus": [
          "active"
        ]
      },
      "time": null,
      "typeOfMedication": null,
      "vehicle": null
    }
  ],
  "procedures": [
    {
      "_id": "50536a6a709357c7fa00003c",
      "codes": {
        "LOINC": [
          "24533-2"
        ]
      },
      "description": "Diagnostic Study, Performed: X-Ray Study (all inclusive) (Code List: 2.16.840.1.113883.3.464.0003.98.02.0034)",
      "end_time": 1141275600,
      "free_text": null,
      "mood_code": "EVN",
      "negationInd": null,
      "negationReason": null,
      "performer_id": null,
      "site": null,
      "specifics": null,
      "start_time": 968040000,
      "status_code": null,
      "time": null
    },
    {
      "_id": "50536a6a709357c7fa000041",
      "codes": {
        "LOINC": [
          "11615-2"
        ]
      },
      "description": "Diagnostic Study, Performed: Diagnostic Studies During Pregnancy (Code List: 2.16.840.1.113883.3.464.0003.11.02.0008)",
      "end_time": 1333512000,
      "free_text": null,
      "mood_code": "EVN",
      "negationInd": null,
      "negationReason": null,
      "performer_id": null,
      "site": null,
      "specifics": null,
      "start_time": 1225598400,
      "status_code": null,
      "time": null
    },
    {
      "_id": "50536a6a709357c7fa000042",
      "codes": {
        "CPT": [
          "58970"
        ],
        "SNOMED-CT": [
          "5048009"
        ]
      },
      "description": "Procedure, Performed: Procedures During Pregnancy (Code List: 2.16.840.1.113883.3.464.0003.11.02.0009)",
      "end_time": 1304740800,
      "free_text": null,
      "mood_code": "EVN",
      "negationInd": null,
      "negationReason": null,
      "performer_id": null,
      "site": null,
      "specifics": null,
      "start_time": 1281585600,
      "status_code": null,
      "time": null
    },
    {
      "_id": "50536a6a709357c7fa000043",
      "codes": {
        "SNOMED-CT": [
          "46706006"
        ],
        "CPT": [
          "11975"
        ],
        "HCPCS": [
          "S4981"
        ]
      },
      "description": "Procedure, Performed: Procedures Involving Contraceptive Devices (Code List: 2.16.840.1.113883.3.464.0003.11.02.0010)",
      "end_time": 1282536000,
      "free_text": null,
      "mood_code": "EVN",
      "negationInd": null,
      "negationReason": null,
      "performer_id": null,
      "site": null,
      "specifics": null,
      "start_time": 1257483600,
      "status_code": null,
      "time": null
    },
    {
      "_id": "50536a6a709357c7fa000044",
      "codes": {
        "SNOMED-CT": [
          "1807002"
        ],
        "CPT": [
          "59400"
        ]
      },
      "description": "Procedure, Performed: Delivery Live Births (Code List: 2.16.840.1.113883.3.526.03.393)",
      "end_time": 1336104000,
      "free_text": null,
      "mood_code": "EVN",
      "negationInd": null,
      "negationReason": null,
      "performer_id": null,
      "site": null,
      "specifics": null,
      "start_time": 1289102400,
      "status_code": null,
      "time": null
    }
  ],
  "race": "2054-5",
  "religious_affilication": null,
  "source_data_criteria": null,
  "test_id": null,
  "title": null,
  "vital_signs": [
    {
      "_id": "50536a6a709357c7fa000039",
      "codes": {
        "LOINC": [
          "19080-1"
        ]
      },
      "description": "Pregnancy Test (Code List: 2.16.840.1.113883.3.464.0003.11.02.0011)",
      "end_time": 1313380800,
      "free_text": null,
      "interpretation": null,
      "mood_code": "EVN",
      "negationInd": null,
      "negationReason": null,
      "referenceRange": null,
      "specifics": null,
      "start_time": 1134450000,
      "status_code": null,
      "time": null
    },
    {
      "_id": "50536a6a709357c7fa00003d",
      "codes": {
        "LOINC": [
          "13217-5"
        ]
      },
      "description": "Laboratory Test, Result: Chlamydia Screening (Code List: 2.16.840.1.113883.3.464.0003.10.02.0052)",
      "end_time": 1223611200,
      "free_text": null,
      "interpretation": null,
      "mood_code": "EVN",
      "negationInd": null,
      "negationReason": null,
      "referenceRange": null,
      "specifics": null,
      "start_time": 1187236800,
      "status_code": null,
      "time": null
    },
    {
      "_id": "50536a6a709357c7fa000040",
      "codes": {
        "LOINC": [
          "10524-7"
        ]
      },
      "description": "Laboratory Test, Performed: Pap Test (Code List: 2.16.840.1.113883.3.464.0003.08.02.0017)",
      "end_time": 1310443200,
      "free_text": null,
      "interpretation": null,
      "mood_code": "EVN",
      "negationInd": null,
      "negationReason": null,
      "referenceRange": null,
      "specifics": null,
      "start_time": 1295067600,
      "status_code": null,
      "time": null
    },
    {
      "_id": "50536a6a709357c7fa00004c",
      "codes": {
        "LOINC": [
          "14335-4"
        ]
      },
      "description": "Laboratory Test, Performed: Lab Tests During Pregnancy (Code List: 2.16.840.1.113883.3.464.0003.11.02.0007)",
      "end_time": 1300680000,
      "free_text": null,
      "interpretation": null,
      "mood_code": "EVN",
      "negationInd": null,
      "negationReason": null,
      "referenceRange": null,
      "specifics": null,
      "start_time": 1294808400,
      "status_code": null,
      "time": null
    },
    {
      "_id": "50536a6a709357c7fa00004d",
      "codes": {
        "LOINC": [
          "10705-2"
        ]
      },
      "description": "Laboratory Test, Performed: Lab Tests for Sexually Transmitted Infections (Code List: 2.16.840.1.113883.3.464.0003.10.02.0051)",
      "end_time": 1313380800,
      "free_text": null,
      "interpretation": null,
      "mood_code": "EVN",
      "negationInd": null,
      "negationReason": null,
      "referenceRange": null,
      "specifics": null,
      "start_time": 1260334800,
      "status_code": null,
      "time": null
    }
  ]
}