{
  "_id": "50536a6b709357c7fa000199",
  "birthdate": 791614800,
  "clinicalTrialParticipant": null,
  "conditions": [
    {
      "_id": "50536a6b709357c7fa00019a",
      "causeOfDeath": null,
      "codes": {
        "ICD-10-CM": [
          "N18.6"
        ],
        "SNOMED-CT": [
          "46177005"
        ],
        "ICD-9-CM": [
          "585.6"
        ]
      },
      "description": "Diagnosis, Active: End Stage Renal Disease (Code List: 2.16.840.1.113883.3.526.03.353)",
      "end_time": 860990400,
      "free_text": null,
      "mood_code": "EVN",
      "name": null,
      "negationInd": null,
      "negationReason": null,
      "ordinality": null,
      "priority": null,
      "severity": null,
      "specifics": null,
      "start_time": 820126800,
      "status_code": {
        "SNOMED-CT": [
          "55561003"
        ],
        "HL7 ActStatus": [
          "active"
        ]
      },
      "time": null,
      "type": null
    },
    {
      "_id": "50536a6b709357c7fa00019e",
      "causeOfDeath": null,
      "codes": {
        "ICD-10-CM": [
          "O00.1"
        ],
        "ICD-9-CM": [
          "633.11"
        ],
        "SNOMED-CT": [
          "9279009"
        ]
      },
      "description": "Diagnosis, Active: Pregnancy (Code List: 2.16.840.1.113883.3.526.03.378)",
      "end_time": 1034395200,
      "free_text": null,
      "mood_code": "EVN",
      "name": null,
      "negationInd": null,
      "negationReason": null,
      "ordinality": null,
      "priority": null,
      "severity": null,
      "specifics": null,
      "start_time": 850885200,
      "status_code": {
        "SNOMED-CT": [
          "55561003"
        ],
        "HL7 ActStatus": [
          "active"
        ]
      },
      "time": null,
      "type": null
    },
    {
      "_id": "50536a6b709357c7fa0001a5",
      "causeOfDeath": null,
      "codes": {
        "ICD-9-CM": [
          "401.0"
        ],
        "ICD-10-CM": [
          "I10"
        ],
        "SNOMED-CT": [
          "193003"
        ]
      },
      "description": "Diagnosis, Active: Hypertension (Code List: 2.16.840.1.113883.3.526.03.388)",
      "end_time": 934344000,
      "free_text": null,
      "mood_code": "EVN",
      "name": null,
      "negationInd": null,
      "negationReason": null,
      "ordinality": null,
      "priority": null,
      "severity": null,
      "specifics": null,
      "start_time": 889246800,
      "status_code": {
        "SNOMED-CT": [
          "55561003"
        ],
        "HL7 ActStatus": [
          "active"
        ]
      },
      "time": null,
      "type": null
    }
  ],
  "deathdate": null,
  "effective_time": null,
  "elimination_population": null,
  "elimination_reason": null,
  "encounters": [
    {
      "_id": "50536a6b709357c7fa00019f",
      "admitType": null,
      "admit_time": null,
      "codes": {
        "CPT": [
          "99395"
        ],
        "SNOMED-CT": [
          "4525004"
        ]
      },
      "description": "Blood Pressure Visit (Code List: 2.16.840.1.113883.3.464.0003.01.02.0056)",
      "dischargeDisposition": null,
      "discharge_time": null,
      "end_time": 1224820800,
      "free_text": null,
      "mood_code": "EVN",
      "negationInd": null,
      "negationReason": null,
      "performer_id": null,
      "specifics": null,
      "start_time": 959918400,
      "status_code": null,
      "time": null
    }
  ],
  "ethnicity": "2186-5",
  "expired": null,
  "first": "Emma",
  "gender": "F",
  "languages": [
    "es-US"
  ],
  "last": "Matthews",
  "marital_status": null,
  "measure_id": null,
  "measure_ids": null,
  "medical_record_number": "8527629467",
  "procedures": [
    {
      "_id": "50536a6b709357c7fa00019b",
      "codes": {
        "SNOMED-CT": [
          "70536003"
        ],
        "CPT": [
          "50320"
        ]
      },
      "description": "Procedure, Performed: Renal Transplant (Code List: 2.16.840.1.113883.3.464.0003.09.02.0002)",
      "end_time": 836712000,
      "free_text": null,
      "mood_code": "EVN",
      "negationInd": null,
      "negationReason": null,
      "performer_id": null,
      "site": null,
      "specifics": null,
      "start_time": 807422400,
      "status_code": null,
      "time": null
    },
    {
      "_id": "50536a6b709357c7fa00019c",
      "codes": {
        "CPT": [
          "90951"
        ],
        "SNOMED-CT": [
          "302497006"
        ]
      },
      "description": "Procedure, Performed: Hemodialysis (Code List: 2.16.840.1.113883.3.526.03.1083)",
      "end_time": 1242705600,
      "free_text": null,
      "mood_code": "EVN",
      "negationInd": null,
      "negationReason": null,
      "performer_id": null,
      "site": null,
      "specifics": null,
      "start_time": 1118635200,
      "status_code": null,
      "time": null
    },
    {
      "_id": "50536a6b709357c7fa00019d",
      "codes": {
        "CPT": [
          "90945"
        ],
        "SNOMED-CT": [
          "676002"
        ]
      },
      "description": "Procedure, Performed: Peritoneal Dialysis (Code List: 2.16.840.1.113883.3.526.03.1084)",
      "end_time": 1060747200,
      "free_text": null,
      "mood_code": "EVN",
      "negationInd": null,
      "negationReason": null,
      "performer_id": null,
      "site": null,
      "specifics": null,
      "start_time": 939873600,
      "status_code": null,
      "time": null
    }
  ],
  "race": "2054-5",
  "religious_affilication": null,
  "results": [
    {
      "_id": "50536a6b709357c7fa0001a0",
      "codes": {
        "LOINC": [
          "8480-6 "
        ]
      },
      "description": "Systolic Blood Pressure (Code List: 2.16.840.1.113883.3.526.03.1032)",
      "end_time": 1331269200,
      "free_text": null,
      "interpretation": null,
      "mood_code": "EVN",
      "negationInd": null,
      "negationReason": null,
      "referenceRange": null,
      "specifics": null,
      "start_time": 1271131200,
      "status_code": null,
      "time": null
    },
    {
      "_id": "50536a6b709357c7fa0001a1",
      "codes": {
        "LOINC": [
          "8462-4"
        ]
      },
      "description": "Diastolic Blood Pressure (Code List: 2.16.840.1.113883.3.526.03.1033)",
      "end_time": 885531600,
      "free_text": null,
      "interpretation": null,
      "mood_code": "EVN",
      "negationInd": null,
      "negationReason": null,
      "referenceRange": null,
      "specifics": null,
      "start_time": 791010000,
      "status_code": null,
      "time": null
    },
    {
      "_id": "50536a6b709357c7fa0001a2",
      "codes": {
        "LOINC": [
          "55284-4"
        ]
      },
      "description": "Physical Exam, Finding: Blood Pressure Measured (Code List: 2.16.840.1.113883.3.464.0003.21.02.0007)",
      "end_time": 1329886800,
      "free_text": null,
      "interpretation": null,
      "mood_code": "EVN",
      "negationInd": null,
      "negationReason": null,
      "referenceRange": null,
      "specifics": null,
      "start_time": 846388800,
      "status_code": null,
      "time": null
    },
    {
      "_id": "50536a6b709357c7fa0001a3",
      "codes": {
        "LOINC": [
          "71789-2"
        ]
      },
      "description": "Physical Exam, Finding: Delta systolic blood pressure (Code List: 2.16.840.1.113883.3.464.0003.21.02.0013)",
      "end_time": 899092800,
      "free_text": null,
      "interpretation": null,
      "mood_code": "EVN",
      "negationInd": null,
      "negationReason": null,
      "referenceRange": null,
      "specifics": null,
      "start_time": 830836800,
      "status_code": null,
      "time": null,
      "values": [
        {
          "_id": "50536a6b709357c7fa0001a4",
          "scalar": "10",
          "units": "mm[Hg]"
        }
      ]
    }
  ],
  "source_data_criteria": null,
  "test_id": null,
  "title": null
}