{
  "_id": "50536a6c709357c7fa0003d0",
  "birthdate": 1019102400,
  "clinicalTrialParticipant": null,
  "conditions": [
    {
      "_id": "50536a6c709357c7fa0003d6",
      "causeOfDeath": null,
      "codes": {
        "SNOMED-CT": [
          "2164904016"
        ],
        "ICD-9-CM": [
          "401"
        ],
        "ICD-10-CM": [
          "H35.039"
        ]
      },
      "description": "Diagnosis, Active: Diagnosis of hypertension grouped (Code List: 2.16.840.1.113883.3.600.263)",
      "end_time": 1292562000,
      "free_text": null,
      "mood_code": "EVN",
      "name": null,
      "negationInd": null,
      "negationReason": null,
      "ordinality": null,
      "priority": null,
      "severity": null,
      "specifics": null,
      "start_time": 782884800,
      "status_code": {
        "SNOMED-CT": [
          "55561003"
        ],
        "HL7 ActStatus": [
          "active"
        ]
      },
      "time": null,
      "type": null
    }
  ],
  "deathdate": null,
  "effective_time": null,
  "elimination_population": null,
  "elimination_reason": null,
  "encounters": [
    {
      "_id": "50536a6c709357c7fa0003d2",
      "admitType": null,
      "admit_time": null,
      "codes": {
        "CPT": [
          "99201"
        ],
        "HCPCS": [
          "G0101"
        ],
        "SNOMED-CT": [
          "4525004"
        ]
      },
      "description": "BP Screening Denominator Encounter Codes Grouped New (Code List: 2.16.840.1.113883.3.600.1920)",
      "dischargeDisposition": null,
      "discharge_time": null,
      "end_time": 1273464000,
      "free_text": null,
      "mood_code": "EVN",
      "negationInd": null,
      "negationReason": null,
      "performer_id": null,
      "specifics": null,
      "start_time": 1105592400,
      "status_code": null,
      "time": null
    }
  ],
  "ethnicity": "2186-5",
  "expired": null,
  "first": "Ethel",
  "gender": "F",
  "languages": [
    "es-US"
  ],
  "last": "Farmer",
  "marital_status": null,
  "measure_id": null,
  "measure_ids": null,
  "medical_record_number": "3174362840",
  "medications": [
    {
      "_id": "50536a6c709357c7fa0003e3",
      "administrationTiming": null,
      "codes": {
        "RxNorm": [
          "7417"
        ]
      },
      "cumulativeMedicationDuration": null,
      "deliveryMethod": null,
      "description": "Medication, Order: Anti-Hypertensive Pharmacologic Therapy (Code List: 2.16.840.1.113883.3.600.1476)",
      "dose": null,
      "doseIndicator": null,
      "doseRestriction": null,
      "end_time": 1324702800,
      "freeTextSig": null,
      "free_text": null,
      "fulfillmentInstructions": null,
      "indication": null,
      "mood_code": "EVN",
      "negationInd": null,
      "negationReason": null,
      "patientInstructions": null,
      "productForm": null,
      "reaction": null,
      "route": null,
      "site": null,
      "specifics": null,
      "start_time": 973832400,
      "statusOfMedication": null,
      "status_code": null,
      "time": null,
      "typeOfMedication": null,
      "vehicle": null
    }
  ],
  "procedures": [
    {
      "_id": "50536a6c709357c7fa0003db",
      "codes": {
        "SNOMED-CT": [
          "216209013"
        ]
      },
      "description": "Intervention, Order: Referral to Alternative Provider / Primary Care Provider (Code List: 2.16.840.1.113883.3.600.1475)",
      "end_time": 1134882000,
      "free_text": null,
      "mood_code": "EVN",
      "negationInd": null,
      "negationReason": null,
      "performer_id": null,
      "site": null,
      "specifics": null,
      "start_time": 867211200,
      "status_code": null,
      "time": null
    },
    {
      "_id": "50536a6c709357c7fa0003dc",
      "codes": {
        "SNOMED-CT": [
          "61342007"
        ]
      },
      "description": "Intervention, Order: Rescreen BP Within 1 Year (Code List: 2.16.840.1.113883.3.600.1474)",
      "end_time": 1324616400,
      "free_text": null,
      "mood_code": "EVN",
      "negationInd": null,
      "negationReason": null,
      "performer_id": null,
      "site": null,
      "specifics": null,
      "start_time": 1309406400,
      "status_code": null,
      "time": null
    },
    {
      "_id": "50536a6c709357c7fa0003dd",
      "codes": {
        "SNOMED-CT": [
          "2647648015"
        ]
      },
      "description": "Intervention, Order: Lifestyle Recommendation (Code List: 2.16.840.1.113883.3.600.1508)",
      "end_time": 1110517200,
      "free_text": null,
      "mood_code": "EVN",
      "negationInd": null,
      "negationReason": null,
      "performer_id": null,
      "site": null,
      "specifics": null,
      "start_time": 882939600,
      "status_code": null,
      "time": null
    },
    {
      "_id": "50536a6c709357c7fa0003de",
      "codes": {
        "SNOMED-CT": [
          "170795002"
        ],
        "HCPCS": [
          "S9449"
        ]
      },
      "description": "Intervention, Order: Weight Reduction Recommended (Code List: 2.16.840.1.113883.3.600.1510)",
      "end_time": 1129435200,
      "free_text": null,
      "mood_code": "EVN",
      "negationInd": null,
      "negationReason": null,
      "performer_id": null,
      "site": null,
      "specifics": null,
      "start_time": 873777600,
      "status_code": null,
      "time": null
    },
    {
      "_id": "50536a6c709357c7fa0003df",
      "codes": {
        "SNOMED-CT": [
          "11816003"
        ],
        "HCPCS": [
          "G8417"
        ],
        "ICD-9-CM": [
          "V65.3"
        ],
        "ICD-10-CM": [
          "Z71.3"
        ]
      },
      "description": "Intervention, Order: Dietary Recommendations (Code List: 2.16.840.1.113883.3.600.1515)",
      "end_time": 1288411200,
      "free_text": null,
      "mood_code": "EVN",
      "negationInd": null,
      "negationReason": null,
      "performer_id": null,
      "site": null,
      "specifics": null,
      "start_time": 1144382400,
      "status_code": null,
      "time": null
    },
    {
      "_id": "50536a6c709357c7fa0003e0",
      "codes": {
        "SNOMED-CT": [
          "281090004"
        ],
        "HCPCS": [
          "S9451"
        ],
        "ICD-9-CM": [
          "V65.41"
        ]
      },
      "description": "Intervention, Order: Physical Activity Recommendation (Code List: 2.16.840.1.113883.3.600.1518)",
      "end_time": 1176955200,
      "free_text": null,
      "mood_code": "EVN",
      "negationInd": null,
      "negationReason": null,
      "performer_id": null,
      "site": null,
      "specifics": null,
      "start_time": 1118116800,
      "status_code": null,
      "time": null
    },
    {
      "_id": "50536a6c709357c7fa0003e1",
      "codes": {
        "SNOMED-CT": [
          "2768649019"
        ]
      },
      "description": "Intervention, Order: Moderation of ETOH Consumption Recommendation (Code List: 2.16.840.1.113883.3.600.823)",
      "end_time": 1315022400,
      "free_text": null,
      "mood_code": "EVN",
      "negationInd": null,
      "negationReason": null,
      "performer_id": null,
      "site": null,
      "specifics": null,
      "start_time": 1277092800,
      "status_code": null,
      "time": null
    },
    {
      "_id": "50536a6c709357c7fa0003e2",
      "codes": {
        "SNOMED-CT": [
          ""
        ]
      },
      "description": "Intervention, Order: Rescreen BP >= 1 Day and <= 4 Weeks (Code List: 2.16.840.1.113883.3.600.842)",
      "end_time": 1343275200,
      "free_text": null,
      "mood_code": "EVN",
      "negationInd": null,
      "negationReason": null,
      "performer_id": null,
      "site": null,
      "specifics": null,
      "start_time": 1340596800,
      "status_code": null,
      "time": null
    }
  ],
  "race": "2028-9",
  "religious_affilication": null,
  "results": [
    {
      "_id": "50536a6c709357c7fa0003d1",
      "codes": {
        "LOINC": [
          "8462-4"
        ]
      },
      "description": "Physical Exam, Performed: Diastolic Blood Pressure (Code List: 2.16.840.1.113883.3.526.03.1033)",
      "end_time": 1321938000,
      "free_text": null,
      "interpretation": null,
      "mood_code": "EVN",
      "negationInd": true,
      "negationReason": {
        "SNOMED-CT": [
          "31438003"
        ]
      },
      "referenceRange": null,
      "specifics": null,
      "start_time": 1307160000,
      "status_code": null,
      "time": null
    },
    {
      "_id": "50536a6c709357c7fa0003d3",
      "codes": {
        "LOINC": [
          "8462-4"
        ]
      },
      "description": "Physical Exam, Performed: Diastolic Blood Pressure (Code List: 2.16.840.1.113883.3.526.03.1033)",
      "end_time": 985410000,
      "free_text": null,
      "interpretation": null,
      "mood_code": "EVN",
      "negationInd": true,
      "negationReason": {
        "SNOMED-CT": [
          "105480006"
        ]
      },
      "referenceRange": null,
      "specifics": null,
      "start_time": 794725200,
      "status_code": null,
      "time": null
    },
    {
      "_id": "50536a6c709357c7fa0003d4",
      "codes": {
        "LOINC": [
          "8480-6 "
        ]
      },
      "description": "Physical Exam, Performed: Systolic Blood Pressure (Code List: 2.16.840.1.113883.3.526.03.1032)",
      "end_time": 1008738000,
      "free_text": null,
      "interpretation": null,
      "mood_code": "EVN",
      "negationInd": true,
      "negationReason": {
        "SNOMED-CT": [
          "31438003"
        ]
      },
      "referenceRange": null,
      "specifics": null,
      "start_time": 896587200,
      "status_code": null,
      "time": null
    },
    {
      "_id": "50536a6c709357c7fa0003d5",
      "codes": {
        "LOINC": [
          "8480-6 "
        ]
      },
      "description": "Physical Exam, Performed: Systolic Blood Pressure (Code List: 2.16.840.1.113883.3.526.03.1032)",
      "end_time": 1323579600,
      "free_text": null,
      "interpretation": null,
      "mood_code": "EVN",
      "negationInd": true,
      "negationReason": {
        "SNOMED-CT": [
          "105480006"
        ]
      },
      "referenceRange": null,
      "specifics": null,
      "start_time": 1320465600,
      "status_code": null,
      "time": null
    },
    {
      "_id": "50536a6c709357c7fa0003d7",
      "codes": {
        "LOINC": [
          "8480-6 "
        ]
      },
      "description": "Physical Exam, Finding: Systolic Blood Pressure (Code List: 2.16.840.1.113883.3.526.03.1032)",
      "end_time": 1345521600,
      "free_text": null,
      "interpretation": null,
      "mood_code": "EVN",
      "negationInd": null,
      "negationReason": null,
      "referenceRange": null,
      "specifics": null,
      "start_time": 1345003200,
      "status_code": null,
      "time": null,
      "values": [
        {
          "_id": "50536a6c709357c7fa0003d8",
          "scalar": "120",
          "units": "mm[Hg]"
        }
      ]
    },
    {
      "_id": "50536a6c709357c7fa0003d9",
      "codes": {
        "LOINC": [
          "8462-4"
        ]
      },
      "description": "Physical Exam, Finding: Diastolic Blood Pressure (Code List: 2.16.840.1.113883.3.526.03.1033)",
      "end_time": 988430400,
      "free_text": null,
      "interpretation": null,
      "mood_code": "EVN",
      "negationInd": null,
      "negationReason": null,
      "referenceRange": null,
      "specifics": null,
      "start_time": 826693200,
      "status_code": null,
      "time": null,
      "values": [
        {
          "_id": "50536a6c709357c7fa0003da",
          "scalar": "80",
          "units": "mm[Hg]"
        }
      ]
    }
  ],
  "source_data_criteria": null,
  "test_id": null,
  "title": null,
  "vital_signs": [
    {
      "_id": "50536a6c709357c7fa0003e4",
      "codes": {
        "LOINC": [
          "80047"
        ],
        "SNOMED-CT": [
          "2578617017"
        ]
      },
      "description": "Laboratory Test, Order: Laboratory Tests for Hypertension (Code List: 2.16.840.1.113883.3.600.1482)",
      "end_time": 1288670400,
      "free_text": null,
      "interpretation": null,
      "mood_code": "EVN",
      "negationInd": null,
      "negationReason": null,
      "referenceRange": null,
      "specifics": null,
      "start_time": 1282968000,
      "status_code": null,
      "time": null
    },
    {
      "_id": "50536a6c709357c7fa0003e5",
      "codes": {
        "SNOMED-CT": [
          "164846002"
        ]
      },
      "description": "Laboratory Test, Order: Electrocardiogram (ECG) (Code List: 2.16.840.1.113883.3.600.1483)",
      "end_time": 1228107600,
      "free_text": null,
      "interpretation": null,
      "mood_code": "EVN",
      "negationInd": null,
      "negationReason": null,
      "referenceRange": null,
      "specifics": null,
      "start_time": 850280400,
      "status_code": null,
      "time": null
    }
  ]
}