{
  "_id": "50536a6a709357c7fa00004e",
  "birthdate": 1288411200,
  "clinicalTrialParticipant": null,
  "conditions": [
    {
      "_id": "50536a6a709357c7fa00005c",
      "causeOfDeath": null,
      "codes": {
        "ICD-9-CM": [
          "296.20"
        ],
        "SNOMED-CT": [
          "832007"
        ],
        "ICD-10-CM": [
          "F32.0"
        ]
      },
      "description": "Diagnosis, Active: Major Depressive Disorder New or Recurrent (Code List: 2.16.840.1.113883.3.526.03.558)",
      "end_time": 1340596800,
      "free_text": null,
      "mood_code": "EVN",
      "name": null,
      "negationInd": null,
      "negationReason": null,
      "ordinality": null,
      "priority": null,
      "severity": null,
      "specifics": null,
      "start_time": 1323147600,
      "status_code": {
        "SNOMED-CT": [
          "55561003"
        ],
        "HL7 ActStatus": [
          "active"
        ]
      },
      "time": null,
      "type": null
    }
  ],
  "deathdate": null,
  "effective_time": null,
  "elimination_population": null,
  "elimination_reason": null,
  "encounters": [
    {
      "_id": "50536a6a709357c7fa000050",
      "admitType": null,
      "admit_time": null,
      "codes": {
        "CPT": [
          "99201"
        ]
      },
      "description": "Office Visit (Code List: 2.16.840.1.113883.3.464.1003.101.12.1001)",
      "dischargeDisposition": null,
      "discharge_time": null,
      "end_time": 1237867200,
      "free_text": null,
      "mood_code": "EVN",
      "negationInd": null,
      "negationReason": null,
      "performer_id": null,
      "specifics": null,
      "start_time": 1014094800,
      "status_code": null,
      "time": null
    },
    {
      "_id": "50536a6a709357c7fa000051",
      "admitType": null,
      "admit_time": null,
      "codes": {
        "CPT": [
          "99241"
        ]
      },
      "description": "Outpatient Consultation (Code List: 2.16.840.1.113883.3.464.1003.101.12.1008)",
      "dischargeDisposition": null,
      "discharge_time": null,
      "end_time": 1090987200,
      "free_text": null,
      "mood_code": "EVN",
      "negationInd": null,
      "negationReason": null,
      "performer_id": null,
      "specifics": null,
      "start_time": 1040965200,
      "status_code": null,
      "time": null
    },
    {
      "_id": "50536a6a709357c7fa000052",
      "admitType": null,
      "admit_time": null,
      "codes": {
        "SNOMED-CT": [
          "4525004"
        ]
      },
      "description": "Face-to-Face Interaction (Code List: 2.16.840.1.113883.3.464.0003.01.02.0048)",
      "dischargeDisposition": null,
      "discharge_time": null,
      "end_time": 1212120000,
      "free_text": null,
      "mood_code": "EVN",
      "negationInd": null,
      "negationReason": null,
      "performer_id": null,
      "specifics": null,
      "start_time": 1177214400,
      "status_code": null,
      "time": null
    },
    {
      "_id": "50536a6a709357c7fa000053",
      "admitType": null,
      "admit_time": null,
      "codes": {
        "CPT": [
          "90801"
        ]
      },
      "description": "Psych Visit - Diagnostic or Evaluative Interview (Code List: 2.16.840.1.113883.3.526.3.1013)",
      "dischargeDisposition": null,
      "discharge_time": null,
      "end_time": 1315627200,
      "free_text": null,
      "mood_code": "EVN",
      "negationInd": null,
      "negationReason": null,
      "performer_id": null,
      "specifics": null,
      "start_time": 1163566800,
      "status_code": null,
      "time": null
    },
    {
      "_id": "50536a6a709357c7fa000054",
      "admitType": null,
      "admit_time": null,
      "codes": {
        "CPT": [
          "90810"
        ]
      },
      "description": "Psych Visit - Individual Outpatient Interactive Psychotherapy (Code List: 2.16.840.1.113883.3.526.3.1015)",
      "dischargeDisposition": null,
      "discharge_time": null,
      "end_time": 1341633600,
      "free_text": null,
      "mood_code": "EVN",
      "negationInd": null,
      "negationReason": null,
      "performer_id": null,
      "specifics": null,
      "start_time": 1327208400,
      "status_code": null,
      "time": null
    },
    {
      "_id": "50536a6a709357c7fa000055",
      "admitType": null,
      "admit_time": null,
      "codes": {
        "CPT": [
          "90804"
        ]
      },
      "description": "Psych Visit - Individual Outpatient Psychotherapy (Code List: 2.16.840.1.113883.3.526.3.1014)",
      "dischargeDisposition": null,
      "discharge_time": null,
      "end_time": 1047013200,
      "free_text": null,
      "mood_code": "EVN",
      "negationInd": null,
      "negationReason": null,
      "performer_id": null,
      "specifics": null,
      "start_time": 1018670400,
      "status_code": null,
      "time": null
    },
    {
      "_id": "50536a6a709357c7fa000056",
      "admitType": null,
      "admit_time": null,
      "codes": {
        "CPT": [
          "90846"
        ]
      },
      "description": "Psych Visit - Family Psychotherapy (Code List: 2.16.840.1.113883.3.526.03.1018)",
      "dischargeDisposition": null,
      "discharge_time": null,
      "end_time": 1323666000,
      "free_text": null,
      "mood_code": "EVN",
      "negationInd": null,
      "negationReason": null,
      "performer_id": null,
      "specifics": null,
      "start_time": 1039410000,
      "status_code": null,
      "time": null
    },
    {
      "_id": "50536a6a709357c7fa000057",
      "admitType": null,
      "admit_time": null,
      "codes": {
        "CPT": [
          "90845"
        ]
      },
      "description": "Psychoanalysis (Code List: 2.16.840.1.113883.3.526.3.1141)",
      "dischargeDisposition": null,
      "discharge_time": null,
      "end_time": 1325826000,
      "free_text": null,
      "mood_code": "EVN",
      "negationInd": null,
      "negationReason": null,
      "performer_id": null,
      "specifics": null,
      "start_time": 1083211200,
      "status_code": null,
      "time": null
    },
    {
      "_id": "50536a6a709357c7fa000058",
      "admitType": null,
      "admit_time": null,
      "codes": {
        "CPT": [
          "90853"
        ]
      },
      "description": "Group Psychotherapy (Code List: 2.16.840.1.113883.3.526.03.1187)",
      "dischargeDisposition": null,
      "discharge_time": null,
      "end_time": 1333339200,
      "free_text": null,
      "mood_code": "EVN",
      "negationInd": null,
      "negationReason": null,
      "performer_id": null,
      "specifics": null,
      "start_time": 1220155200,
      "status_code": null,
      "time": null
    },
    {
      "_id": "50536a6a709357c7fa000059",
      "admitType": null,
      "admit_time": null,
      "codes": {
        "CPT": [
          "90862"
        ]
      },
      "description": "Psych Visit - Medication Management (Code List: 2.16.840.1.113883.3.526.3.1019)",
      "dischargeDisposition": null,
      "discharge_time": null,
      "end_time": 1262235600,
      "free_text": null,
      "mood_code": "EVN",
      "negationInd": null,
      "negationReason": null,
      "performer_id": null,
      "specifics": null,
      "start_time": 850021200,
      "status_code": null,
      "time": null
    },
    {
      "_id": "50536a6a709357c7fa00005b",
      "admitType": null,
      "admit_time": null,
      "codes": {
        "SNOMED-CT": [
          "4525004"
        ]
      },
      "description": "Encounter, Performed: Patient Provider Interaction (Code List: 2.16.840.1.113883.3.526.3.1012)",
      "dischargeDisposition": null,
      "discharge_time": null,
      "end_time": 1315368000,
      "free_text": null,
      "mood_code": "EVN",
      "negationInd": null,
      "negationReason": null,
      "performer_id": null,
      "specifics": null,
      "start_time": 1310443200,
      "status_code": null,
      "time": null
    }
  ],
  "ethnicity": "2186-5",
  "expired": null,
  "first": "Felicia",
  "gender": "F",
  "languages": [
    "en-US"
  ],
  "last": "Blair",
  "marital_status": null,
  "measure_id": null,
  "measure_ids": null,
  "medical_record_number": "6729421132",
  "procedures": [
    {
      "_id": "50536a6a709357c7fa00004f",
      "codes": {
        "LOINC": [
          "TBD"
        ]
      },
      "description": "Risk Category Assessment: Suicide Risk Assessment (Code List: 2.16.840.1.113883.3.526.03.1156)",
      "end_time": 991972800,
      "free_text": null,
      "mood_code": "EVN",
      "negationInd": null,
      "negationReason": null,
      "performer_id": null,
      "site": null,
      "specifics": null,
      "start_time": 943678800,
      "status_code": null,
      "time": null
    },
    {
      "_id": "50536a6a709357c7fa00005a",
      "codes": {
        "LOINC": [
          "TBD"
        ]
      },
      "description": "Risk Category Assessment: Suicide Risk Standardized Scale (Code List: 2.16.840.1.113883.3.526.03.1155)",
      "end_time": 1064203200,
      "free_text": null,
      "mood_code": "EVN",
      "negationInd": null,
      "negationReason": null,
      "performer_id": null,
      "site": null,
      "specifics": null,
      "start_time": 962078400,
      "status_code": null,
      "time": null
    }
  ],
  "race": "2106-3",
  "religious_affilication": null,
  "source_data_criteria": null,
  "test_id": null,
  "title": null
}