{
  "_id": "50536a6b709357c7fa0000e3",
  "birthdate": 1332648000,
  "clinicalTrialParticipant": null,
  "conditions": [
    {
      "_id": "50536a6b709357c7fa0000e4",
      "causeOfDeath": null,
      "codes": {
        "SNOMED-CT": [
          "11687002"
        ],
        "ICD-10-CM": [
          "O24.410"
        ]
      },
      "description": "Diagnosis, Active: Gestational Diabetes (Code List: 2.16.840.1.113883.3.464.0003.03.02.0010)",
      "end_time": 1226120400,
      "free_text": null,
      "mood_code": "EVN",
      "name": null,
      "negationInd": null,
      "negationReason": null,
      "ordinality": null,
      "priority": null,
      "severity": null,
      "specifics": null,
      "start_time": 1148788800,
      "status_code": {
        "SNOMED-CT": [
          "55561003"
        ],
        "HL7 ActStatus": [
          "active"
        ]
      },
      "time": null,
      "type": null
    },
    {
      "_id": "50536a6b709357c7fa0000ec",
      "causeOfDeath": null,
      "codes": {
        "ICD-9-CM": [
          "250.00"
        ],
        "ICD-10-CM": [
          "E10.8"
        ],
        "SNOMED-CT": [
          "4783006"
        ]
      },
      "description": "Diagnosis, Active: Diabetes (Code List: 2.16.840.1.113883.3.464.0003.03.02.0001)",
      "end_time": 1334635200,
      "free_text": null,
      "mood_code": "EVN",
      "name": null,
      "negationInd": null,
      "negationReason": null,
      "ordinality": null,
      "priority": null,
      "severity": null,
      "specifics": null,
      "start_time": 1294462800,
      "status_code": {
        "SNOMED-CT": [
          "55561003"
        ],
        "HL7 ActStatus": [
          "active"
        ]
      },
      "time": null,
      "type": null
    }
  ],
  "deathdate": null,
  "effective_time": null,
  "elimination_population": null,
  "elimination_reason": null,
  "encounters": [
    {
      "_id": "50536a6b709357c7fa0000e8",
      "admitType": null,
      "admit_time": null,
      "codes": {
        "CPT": [
          "92002"
        ],
        "SNOMED-CT": [
          "25434003"
        ]
      },
      "description": "Encounter, Performed: Ophthamologic Outpatient Visit (Code List: 2.16.840.1.113883.3.464.0003.01.02.0043)",
      "dischargeDisposition": null,
      "discharge_time": null,
      "end_time": 1315108800,
      "free_text": null,
      "mood_code": "EVN",
      "negationInd": null,
      "negationReason": null,
      "performer_id": null,
      "specifics": null,
      "start_time": 1067054400,
      "status_code": null,
      "time": null
    }
  ],
  "ethnicity": "2186-5",
  "expired": null,
  "first": "Georgia",
  "gender": "F",
  "languages": [
    "mt-US"
  ],
  "last": "Perez",
  "marital_status": null,
  "measure_id": null,
  "measure_ids": null,
  "medical_record_number": "8053919619",
  "procedures": [
    {
      "_id": "50536a6b709357c7fa0000e9",
      "codes": {
        "SNOMED-CT": [
          "3047001"
        ],
        "CPT": [
          "92018"
        ]
      },
      "description": "Procedure, Performed: Ophthalmic Special Services (Code List: 2.16.840.1.113883.3.464.0003.15.02.0087)",
      "end_time": 1187409600,
      "free_text": null,
      "mood_code": "EVN",
      "negationInd": null,
      "negationReason": null,
      "performer_id": null,
      "site": null,
      "specifics": null,
      "start_time": 1150344000,
      "status_code": null,
      "time": null
    },
    {
      "_id": "50536a6b709357c7fa0000ea",
      "codes": {
        "HCPCS": [
          "G0117"
        ],
        "SNOMED-CT": [
          "3143004"
        ],
        "CPT": [
          "92081"
        ]
      },
      "description": "Procedure, Performed: Visual field examination (Code List: 2.16.840.1.113883.3.464.0003.15.02.0003)",
      "end_time": 970891200,
      "free_text": null,
      "mood_code": "EVN",
      "negationInd": null,
      "negationReason": null,
      "performer_id": null,
      "site": null,
      "specifics": null,
      "start_time": 878446800,
      "status_code": null,
      "time": null
    },
    {
      "_id": "50536a6b709357c7fa0000eb",
      "codes": {
        "CPT": [
          "92100"
        ],
        "HCPCS": [
          "G0117"
        ],
        "SNOMED-CT": [
          "14881004"
        ]
      },
      "description": "Procedure, Performed: Tonography  with intraocular pressure measurement (Code List: 2.16.840.1.113883.3.464.0003.15.02.0004)",
      "end_time": 861508800,
      "free_text": null,
      "mood_code": "EVN",
      "negationInd": null,
      "negationReason": null,
      "performer_id": null,
      "site": null,
      "specifics": null,
      "start_time": 813556800,
      "status_code": null,
      "time": null
    }
  ],
  "race": "2106-3",
  "religious_affilication": null,
  "results": [
    {
      "_id": "50536a6b709357c7fa0000e5",
      "codes": {
        "SNOMED-CT": [
          "6615001"
        ]
      },
      "description": "Physical Exam, Finding: Retinal or Dilated Eye Exam (Code List: 2.16.840.1.113883.3.464.0003.15.02.0088)",
      "end_time": 986788800,
      "free_text": null,
      "interpretation": null,
      "mood_code": "EVN",
      "negationInd": null,
      "negationReason": null,
      "referenceRange": null,
      "specifics": null,
      "start_time": 877406400,
      "status_code": null,
      "time": null,
      "values": [
        {
          "_id": "50536a6b709357c7fa0000e6",
          "codes": {
            "SNOMED-CT": [
              "442225006"
            ]
          }
        }
      ]
    },
    {
      "_id": "50536a6b709357c7fa0000e7",
      "codes": {
        "SNOMED-CT": [
          "6615001"
        ]
      },
      "description": "Physical Exam, Performed: Retinal or Dilated Eye Exam (Code List: 2.16.840.1.113883.3.464.0003.15.02.0088)",
      "end_time": 989208000,
      "free_text": null,
      "interpretation": null,
      "mood_code": "EVN",
      "negationInd": null,
      "negationReason": null,
      "referenceRange": null,
      "specifics": null,
      "start_time": 780552000,
      "status_code": null,
      "time": null
    }
  ],
  "source_data_criteria": null,
  "test_id": null,
  "title": null
}