{
  "_id": "50536a6b709357c7fa000226",
  "allergies": [
    {
      "_id": "50536a6b709357c7fa000234",
      "codes": {
        "RxNorm": [
          "198240"
        ]
      },
      "description": "Medication, Allergy: Tamoxifen or Aromatase Inhibitor Therapy (Code List: 2.16.840.1.113883.3.526.03.1315)",
      "end_time": 1030680000,
      "free_text": null,
      "mood_code": "EVN",
      "negationInd": null,
      "negationReason": null,
      "reaction": null,
      "severity": null,
      "specifics": null,
      "start_time": 831096000,
      "status_code": null,
      "time": null,
      "type": null
    }
  ],
  "birthdate": 914216400,
  "clinicalTrialParticipant": true,
  "conditions": [
    {
      "_id": "50536a6b709357c7fa00022f",
      "causeOfDeath": null,
      "codes": {
        "ICD-9-CM": [
          "197.0"
        ],
        "ICD-10-CM": [
          "C78.00"
        ],
        "SNOMED-CT": [
          "94157000"
        ]
      },
      "description": "Diagnosis, Active: Metastatic Sites Common to Breast Cancer (Code List: 2.16.840.1.113883.3.526.03.447)",
      "end_time": 1327813200,
      "free_text": null,
      "mood_code": "EVN",
      "name": null,
      "negationInd": null,
      "negationReason": null,
      "ordinality": null,
      "priority": null,
      "severity": null,
      "specifics": null,
      "start_time": 1139634000,
      "status_code": {
        "SNOMED-CT": [
          "55561003"
        ],
        "HL7 ActStatus": [
          "active"
        ]
      },
      "time": null,
      "type": null
    },
    {
      "_id": "50536a6b709357c7fa000235",
      "causeOfDeath": null,
      "codes": {
        "SNOMED-CT": [
          "293790002"
        ]
      },
      "description": "Diagnosis, Active: Allergy to Tamoxifen or Aromatase Inhibitor Therapy (Code List: 2.16.840.1.113883.3.526.03.1317)",
      "end_time": 1309233600,
      "free_text": null,
      "mood_code": "EVN",
      "name": null,
      "negationInd": null,
      "negationReason": null,
      "ordinality": null,
      "priority": null,
      "severity": null,
      "specifics": null,
      "start_time": 1158292800,
      "status_code": {
        "SNOMED-CT": [
          "55561003"
        ],
        "HL7 ActStatus": [
          "active"
        ]
      },
      "time": null,
      "type": null
    },
    {
      "_id": "50536a6b709357c7fa000236",
      "causeOfDeath": null,
      "codes": {
        "SNOMED-CT": [
          "292248002"
        ]
      },
      "description": "Diagnosis, Active: Intolerance to Tamoxifen or Aromatase Inhibitor Therapy (Code List: 2.16.840.1.113883.3.526.03.1318)",
      "end_time": 1330146000,
      "free_text": null,
      "mood_code": "EVN",
      "name": null,
      "negationInd": null,
      "negationReason": null,
      "ordinality": null,
      "priority": null,
      "severity": null,
      "specifics": null,
      "start_time": 810705600,
      "status_code": {
        "SNOMED-CT": [
          "55561003"
        ],
        "HL7 ActStatus": [
          "active"
        ]
      },
      "time": null,
      "type": null
    },
    {
      "_id": "50536a6b709357c7fa000239",
      "causeOfDeath": null,
      "codes": {
        "SNOMED-CT": [
          "416053008"
        ]
      },
      "description": "Diagnosis, Active: Breast Cancer ER or PR Positive (Code List: 2.16.840.1.113883.3.526.03.1303)",
      "end_time": 1301630400,
      "free_text": null,
      "mood_code": "EVN",
      "name": null,
      "negationInd": null,
      "negationReason": null,
      "ordinality": null,
      "priority": null,
      "severity": null,
      "specifics": null,
      "start_time": 1016341200,
      "status_code": {
        "SNOMED-CT": [
          "55561003"
        ],
        "HL7 ActStatus": [
          "active"
        ]
      },
      "time": null,
      "type": null
    },
    {
      "_id": "50536a6b709357c7fa00023a",
      "causeOfDeath": null,
      "codes": {
        "ICD-9-CM": [
          "174.0"
        ],
        "ICD-10-CM": [
          "C50.019"
        ],
        "SNOMED-CT": [
          "93680004"
        ]
      },
      "description": "Breast Cancer (Code List: 2.16.840.1.113883.3.526.03.389)",
      "end_time": 1296622800,
      "free_text": null,
      "mood_code": "EVN",
      "name": null,
      "negationInd": null,
      "negationReason": null,
      "ordinality": null,
      "priority": null,
      "severity": null,
      "specifics": null,
      "start_time": 840686400,
      "status_code": {
        "SNOMED-CT": [
          "55561003"
        ],
        "HL7 ActStatus": [
          "active"
        ]
      },
      "time": null,
      "type": null
    }
  ],
  "deathdate": null,
  "effective_time": null,
  "elimination_population": null,
  "elimination_reason": null,
  "encounters": [
    {
      "_id": "50536a6b709357c7fa00022a",
      "admitType": null,
      "admit_time": null,
      "codes": {
        "CPT": [
          "99201"
        ]
      },
      "description": "Office Visit (Code List: 2.16.840.1.113883.3.464.0003.01.02.0001)",
      "dischargeDisposition": null,
      "discharge_time": null,
      "end_time": 1324098000,
      "free_text": null,
      "mood_code": "EVN",
      "negationInd": null,
      "negationReason": null,
      "performer_id": null,
      "specifics": null,
      "start_time": 1291698000,
      "status_code": null,
      "time": null
    },
    {
      "_id": "50536a6b709357c7fa00022b",
      "admitType": null,
      "admit_time": null,
      "codes": {
        "SNOMED-CT": [
          "4525004"
        ]
      },
      "description": "Face-to-Face Interaction (Code List: 2.16.840.1.113883.3.464.0003.01.02.0048)",
      "dischargeDisposition": null,
      "discharge_time": null,
      "end_time": 1203051600,
      "free_text": null,
      "mood_code": "EVN",
      "negationInd": null,
      "negationReason": null,
      "performer_id": null,
      "specifics": null,
      "start_time": 786171600,
      "status_code": null,
      "time": null
    },
    {
      "_id": "50536a6b709357c7fa00023d",
      "admitType": null,
      "admit_time": null,
      "codes": {
        "SNOMED-CT": [
          "4525004"
        ]
      },
      "description": "Encounter, Performed: Patient Provider Interaction (Code List: 2.16.840.1.113883.3.526.03.1012)",
      "dischargeDisposition": null,
      "discharge_time": null,
      "end_time": 1196226000,
      "free_text": null,
      "mood_code": "EVN",
      "negationInd": null,
      "negationReason": null,
      "performer_id": null,
      "specifics": null,
      "start_time": 1043557200,
      "status_code": null,
      "time": null
    }
  ],
  "ethnicity": "2135-2",
  "expired": null,
  "first": "Heather",
  "gender": "F",
  "languages": [
    "en-US"
  ],
  "last": "Lambert",
  "marital_status": null,
  "measure_id": null,
  "measure_ids": null,
  "medical_record_number": "6301979100",
  "medications": [
    {
      "_id": "50536a6b709357c7fa000229",
      "administrationTiming": null,
      "codes": {
        "RxNorm": [
          "198240"
        ]
      },
      "cumulativeMedicationDuration": null,
      "deliveryMethod": null,
      "description": "Medication, Order: Tamoxifen or Aromatase Inhibitor Therapy (Code List: 2.16.840.1.113883.3.526.03.1315)",
      "dose": null,
      "doseIndicator": null,
      "doseRestriction": null,
      "end_time": 1136610000,
      "freeTextSig": null,
      "free_text": null,
      "fulfillmentInstructions": null,
      "indication": null,
      "mood_code": "EVN",
      "negationInd": true,
      "negationReason": {
        "SNOMED-CT": [
          "31438003"
        ]
      },
      "patientInstructions": null,
      "productForm": null,
      "reaction": null,
      "route": null,
      "site": null,
      "specifics": null,
      "start_time": 1029038400,
      "statusOfMedication": null,
      "status_code": null,
      "time": null,
      "typeOfMedication": null,
      "vehicle": null
    },
    {
      "_id": "50536a6b709357c7fa00022c",
      "administrationTiming": null,
      "codes": {
        "RxNorm": [
          "198240"
        ]
      },
      "cumulativeMedicationDuration": null,
      "deliveryMethod": null,
      "description": "Medication, Order: Tamoxifen or Aromatase Inhibitor Therapy (Code List: 2.16.840.1.113883.3.526.03.1315)",
      "dose": null,
      "doseIndicator": null,
      "doseRestriction": null,
      "end_time": 1294635600,
      "freeTextSig": null,
      "free_text": null,
      "fulfillmentInstructions": null,
      "indication": null,
      "mood_code": "EVN",
      "negationInd": true,
      "negationReason": {
        "SNOMED-CT": [
          "5015009"
        ]
      },
      "patientInstructions": null,
      "productForm": null,
      "reaction": null,
      "route": null,
      "site": null,
      "specifics": null,
      "start_time": 1220068800,
      "statusOfMedication": null,
      "status_code": null,
      "time": null,
      "typeOfMedication": null,
      "vehicle": null
    },
    {
      "_id": "50536a6b709357c7fa00022d",
      "administrationTiming": null,
      "codes": {
        "RxNorm": [
          "105629"
        ]
      },
      "cumulativeMedicationDuration": null,
      "deliveryMethod": null,
      "description": "Medication, Active: Gonadotropin-releasing hormone analogue medication (Code List: 2.16.840.1.113883.3.526.03.1316)",
      "dose": null,
      "doseIndicator": null,
      "doseRestriction": null,
      "end_time": 1338955200,
      "freeTextSig": null,
      "free_text": null,
      "fulfillmentInstructions": null,
      "indication": null,
      "mood_code": "EVN",
      "negationInd": null,
      "negationReason": null,
      "patientInstructions": null,
      "productForm": null,
      "reaction": null,
      "route": null,
      "site": null,
      "specifics": null,
      "start_time": 1337400000,
      "statusOfMedication": null,
      "status_code": {
        "SNOMED-CT": [
          "55561003"
        ],
        "HL7 ActStatus": [
          "active"
        ]
      },
      "time": null,
      "typeOfMedication": null,
      "vehicle": null
    },
    {
      "_id": "50536a6b709357c7fa000230",
      "administrationTiming": null,
      "codes": {
        "RxNorm": [
          "198240"
        ]
      },
      "cumulativeMedicationDuration": null,
      "deliveryMethod": null,
      "description": "Medication, Order: Tamoxifen or Aromatase Inhibitor Therapy (Code List: 2.16.840.1.113883.3.526.03.1315)",
      "dose": null,
      "doseIndicator": null,
      "doseRestriction": null,
      "end_time": 925963200,
      "freeTextSig": null,
      "free_text": null,
      "fulfillmentInstructions": null,
      "indication": null,
      "mood_code": "EVN",
      "negationInd": true,
      "negationReason": {
        "SNOMED-CT": [
          "107724000"
        ]
      },
      "patientInstructions": null,
      "productForm": null,
      "reaction": null,
      "route": null,
      "site": null,
      "specifics": null,
      "start_time": 859698000,
      "statusOfMedication": null,
      "status_code": null,
      "time": null,
      "typeOfMedication": null,
      "vehicle": null
    },
    {
      "_id": "50536a6b709357c7fa000231",
      "administrationTiming": null,
      "codes": {
        "RxNorm": [
          "198240"
        ]
      },
      "cumulativeMedicationDuration": null,
      "deliveryMethod": null,
      "description": "Medication, Active: Tamoxifen or Aromatase Inhibitor Therapy (Code List: 2.16.840.1.113883.3.526.03.1315)",
      "dose": null,
      "doseIndicator": null,
      "doseRestriction": null,
      "end_time": 1292907600,
      "freeTextSig": null,
      "free_text": null,
      "fulfillmentInstructions": null,
      "indication": null,
      "mood_code": "EVN",
      "negationInd": true,
      "negationReason": {
        "SNOMED-CT": [
          "31438003"
        ]
      },
      "patientInstructions": null,
      "productForm": null,
      "reaction": null,
      "route": null,
      "site": null,
      "specifics": null,
      "start_time": 1271131200,
      "statusOfMedication": null,
      "status_code": {
        "SNOMED-CT": [
          "55561003"
        ],
        "HL7 ActStatus": [
          "active"
        ]
      },
      "time": null,
      "typeOfMedication": null,
      "vehicle": null
    },
    {
      "_id": "50536a6b709357c7fa000232",
      "administrationTiming": null,
      "codes": {
        "RxNorm": [
          "198240"
        ]
      },
      "cumulativeMedicationDuration": null,
      "deliveryMethod": null,
      "description": "Medication, Active: Tamoxifen or Aromatase Inhibitor Therapy (Code List: 2.16.840.1.113883.3.526.03.1315)",
      "dose": null,
      "doseIndicator": null,
      "doseRestriction": null,
      "end_time": 955771200,
      "freeTextSig": null,
      "free_text": null,
      "fulfillmentInstructions": null,
      "indication": null,
      "mood_code": "EVN",
      "negationInd": true,
      "negationReason": {
        "SNOMED-CT": [
          "5015009"
        ]
      },
      "patientInstructions": null,
      "productForm": null,
      "reaction": null,
      "route": null,
      "site": null,
      "specifics": null,
      "start_time": 912315600,
      "statusOfMedication": null,
      "status_code": {
        "SNOMED-CT": [
          "55561003"
        ],
        "HL7 ActStatus": [
          "active"
        ]
      },
      "time": null,
      "typeOfMedication": null,
      "vehicle": null
    },
    {
      "_id": "50536a6b709357c7fa000233",
      "administrationTiming": null,
      "codes": {
        "RxNorm": [
          "198240"
        ]
      },
      "cumulativeMedicationDuration": null,
      "deliveryMethod": null,
      "description": "Medication, Active: Tamoxifen or Aromatase Inhibitor Therapy (Code List: 2.16.840.1.113883.3.526.03.1315)",
      "dose": null,
      "doseIndicator": null,
      "doseRestriction": null,
      "end_time": 1312948800,
      "freeTextSig": null,
      "free_text": null,
      "fulfillmentInstructions": null,
      "indication": null,
      "mood_code": "EVN",
      "negationInd": true,
      "negationReason": {
        "SNOMED-CT": [
          "107724000"
        ]
      },
      "patientInstructions": null,
      "productForm": null,
      "reaction": null,
      "route": null,
      "site": null,
      "specifics": null,
      "start_time": 804398400,
      "statusOfMedication": null,
      "status_code": {
        "SNOMED-CT": [
          "55561003"
        ],
        "HL7 ActStatus": [
          "active"
        ]
      },
      "time": null,
      "typeOfMedication": null,
      "vehicle": null
    },
    {
      "_id": "50536a6b709357c7fa000237",
      "administrationTiming": null,
      "codes": {
        "RxNorm": [
          "198240"
        ]
      },
      "cumulativeMedicationDuration": null,
      "deliveryMethod": null,
      "description": "Medication, Order: Tamoxifen or Aromatase Inhibitor Therapy (Code List: 2.16.840.1.113883.3.526.03.1315)",
      "dose": null,
      "doseIndicator": null,
      "doseRestriction": null,
      "end_time": 1029470400,
      "freeTextSig": null,
      "free_text": null,
      "fulfillmentInstructions": null,
      "indication": null,
      "mood_code": "EVN",
      "negationInd": null,
      "negationReason": null,
      "patientInstructions": null,
      "productForm": null,
      "reaction": null,
      "route": null,
      "site": null,
      "specifics": null,
      "start_time": 885963600,
      "statusOfMedication": null,
      "status_code": null,
      "time": null,
      "typeOfMedication": null,
      "vehicle": null
    },
    {
      "_id": "50536a6b709357c7fa000238",
      "administrationTiming": null,
      "codes": {
        "RxNorm": [
          "198240"
        ]
      },
      "cumulativeMedicationDuration": null,
      "deliveryMethod": null,
      "description": "Tamoxifen or Aromatase Inhibitor Therapy (Code List: 2.16.840.1.113883.3.526.03.1315)",
      "dose": null,
      "doseIndicator": null,
      "doseRestriction": null,
      "end_time": 876628800,
      "freeTextSig": null,
      "free_text": null,
      "fulfillmentInstructions": null,
      "indication": null,
      "mood_code": "EVN",
      "negationInd": null,
      "negationReason": null,
      "patientInstructions": null,
      "productForm": null,
      "reaction": null,
      "route": null,
      "site": null,
      "specifics": null,
      "start_time": 837921600,
      "statusOfMedication": null,
      "status_code": {
        "SNOMED-CT": [
          "55561003"
        ],
        "HL7 ActStatus": [
          "active"
        ]
      },
      "time": null,
      "typeOfMedication": null,
      "vehicle": null
    }
  ],
  "procedures": [
    {
      "_id": "50536a6b709357c7fa000227",
      "codes": {
        "CPT": [
          "77427"
        ],
        "SNOMED-CT": [
          "1699009"
        ]
      },
      "description": "Procedure, Performed: Radiation Therapy II (Code List: 2.16.840.1.113883.3.526.03.1339)",
      "end_time": 1047186000,
      "free_text": null,
      "mood_code": "EVN",
      "negationInd": null,
      "negationReason": null,
      "performer_id": null,
      "site": null,
      "specifics": null,
      "start_time": 1021780800,
      "status_code": null,
      "time": null
    },
    {
      "_id": "50536a6b709357c7fa000228",
      "codes": {
        "SNOMED-CT": [
          "4114003"
        ],
        "CPT": [
          "96401"
        ]
      },
      "description": "Procedure, Performed: Chemotherapy (Code List: 2.16.840.1.113883.3.526.03.485)",
      "end_time": 1334808000,
      "free_text": null,
      "mood_code": "EVN",
      "negationInd": null,
      "negationReason": null,
      "performer_id": null,
      "site": null,
      "specifics": null,
      "start_time": 1277179200,
      "status_code": null,
      "time": null
    },
    {
      "_id": "50536a6b709357c7fa00022e",
      "codes": {
        "SNOMED-CT": [
          "29529008"
        ],
        "CPT": [
          "58720"
        ]
      },
      "description": "Procedure, Performed: Bilateral Oophorectomy (Code List: 2.16.840.1.113883.3.526.03.471)",
      "end_time": 1169010000,
      "free_text": null,
      "mood_code": "EVN",
      "negationInd": null,
      "negationReason": null,
      "performer_id": null,
      "site": null,
      "specifics": null,
      "start_time": 792738000,
      "status_code": null,
      "time": null
    },
    {
      "_id": "50536a6b709357c7fa00023b",
      "codes": {
        "SNOMED-CT": [
          "116783008"
        ]
      },
      "description": "Clinical Staging Procedure (Code List: 2.16.840.1.113883.3.526.03.1098)",
      "end_time": 1168146000,
      "free_text": null,
      "mood_code": "EVN",
      "negationInd": null,
      "negationReason": null,
      "performer_id": null,
      "site": null,
      "specifics": null,
      "start_time": 978325200,
      "status_code": null,
      "time": null,
      "values": [
        {
          "_id": "50536a6b709357c7fa00023c",
          "codes": {
            "SNOMED-CT": [
              "7701000047106"
            ]
          }
        }
      ]
    }
  ],
  "race": "2106-3",
  "religious_affilication": null,
  "source_data_criteria": null,
  "test_id": null,
  "title": null
}