{
  "_id": "50536a6c709357c7fa000408",
  "birthdate": 800164800,
  "clinicalTrialParticipant": null,
  "deathdate": null,
  "effective_time": null,
  "elimination_population": null,
  "elimination_reason": null,
  "ethnicity": "2186-5",
  "expired": null,
  "first": "Holly",
  "gender": "F",
  "languages": [
    "en-US"
  ],
  "last": "Gregory",
  "marital_status": null,
  "measure_id": null,
  "measure_ids": null,
  "medical_record_number": "4033974255",
  "procedures": [
    {
      "_id": "50536a6c709357c7fa000409",
      "codes": {
        "CPT": [
          "51925"
        ],
        "SNOMED-CT": [
          "24293001"
        ]
      },
      "description": "Procedure, Performed: Hysterectomy with No Residual Cervix (Code List: 2.16.840.1.113883.3.464.0003.98.02.0014)",
      "end_time": 1303185600,
      "free_text": null,
      "mood_code": "EVN",
      "negationInd": null,
      "negationReason": null,
      "performer_id": null,
      "site": null,
      "specifics": null,
      "start_time": 1266296400,
      "status_code": null,
      "time": null
    }
  ],
  "race": "2054-5",
  "religious_affilication": null,
  "source_data_criteria": null,
  "test_id": null,
  "title": null,
  "vital_signs": [
    {
      "_id": "50536a6c709357c7fa00040a",
      "codes": {
        "LOINC": [
          "10524-7"
        ]
      },
      "description": "Laboratory Test, Performed: Pap Test (Code List: 2.16.840.1.113883.3.464.0003.08.02.0017)",
      "end_time": 1346212800,
      "free_text": null,
      "interpretation": null,
      "mood_code": "EVN",
      "negationInd": null,
      "negationReason": null,
      "referenceRange": null,
      "specifics": null,
      "start_time": 800596800,
      "status_code": null,
      "time": null
    }
  ]
}