{
  "_id": "50536a6b709357c7fa000123",
  "birthdate": 835329600,
  "clinicalTrialParticipant": null,
  "deathdate": null,
  "effective_time": null,
  "elimination_population": null,
  "elimination_reason": null,
  "encounters": [
    {
      "_id": "50536a6b709357c7fa000127",
      "admitType": null,
      "admit_time": null,
      "codes": {
        "SNOMED-CT": [
          "4525004"
        ]
      },
      "description": "Encounter, Performed: Face-to-Face Interaction (Code List: 2.16.840.1.113883.3.464.0003.01.02.0048)",
      "dischargeDisposition": null,
      "discharge_time": null,
      "end_time": 1333944000,
      "free_text": null,
      "mood_code": "EVN",
      "negationInd": null,
      "negationReason": null,
      "performer_id": null,
      "specifics": null,
      "start_time": 907646400,
      "status_code": null,
      "time": null
    },
    {
      "_id": "50536a6b709357c7fa000128",
      "admitType": null,
      "admit_time": null,
      "codes": {
        "CPT": [
          "99201"
        ]
      },
      "description": "Encounter, Performed: Office Visit (Code List: 2.16.840.1.113883.3.464.0003.01.02.0001)",
      "dischargeDisposition": null,
      "discharge_time": null,
      "end_time": 1113537600,
      "free_text": null,
      "mood_code": "EVN",
      "negationInd": null,
      "negationReason": null,
      "performer_id": null,
      "specifics": null,
      "start_time": 1078549200,
      "status_code": null,
      "time": null
    },
    {
      "_id": "50536a6b709357c7fa000129",
      "admitType": null,
      "admit_time": null,
      "codes": {
        "CPT": [
          "97001"
        ]
      },
      "description": "Encounter, Performed: Physical Therapy Evaluation (Code List: 2.16.840.1.113883.3.464.0003.01.02.0042)",
      "dischargeDisposition": null,
      "discharge_time": null,
      "end_time": 1346904000,
      "free_text": null,
      "mood_code": "EVN",
      "negationInd": null,
      "negationReason": null,
      "performer_id": null,
      "specifics": null,
      "start_time": 1342324800,
      "status_code": null,
      "time": null
    },
    {
      "_id": "50536a6b709357c7fa00012a",
      "admitType": null,
      "admit_time": null,
      "codes": {
        "CPT": [
          "97003"
        ]
      },
      "description": "Encounter, Performed: Occupational Therapy Evaluation (Code List: 2.16.840.1.113883.3.526.03.1011)",
      "dischargeDisposition": null,
      "discharge_time": null,
      "end_time": 1338004800,
      "free_text": null,
      "mood_code": "EVN",
      "negationInd": null,
      "negationReason": null,
      "performer_id": null,
      "specifics": null,
      "start_time": 838526400,
      "status_code": null,
      "time": null
    },
    {
      "_id": "50536a6b709357c7fa00012b",
      "admitType": null,
      "admit_time": null,
      "codes": {
        "CPT": [
          "99401"
        ]
      },
      "description": "Encounter, Performed: Preventive Care Services-Individual Counseling (Code List: 2.16.840.1.113883.3.464.0003.01.02.0026)",
      "dischargeDisposition": null,
      "discharge_time": null,
      "end_time": 1342065600,
      "free_text": null,
      "mood_code": "EVN",
      "negationInd": null,
      "negationReason": null,
      "performer_id": null,
      "specifics": null,
      "start_time": 1323493200,
      "status_code": null,
      "time": null
    },
    {
      "_id": "50536a6b709357c7fa00012c",
      "admitType": null,
      "admit_time": null,
      "codes": {
        "CPT": [
          "99241"
        ]
      },
      "description": "Encounter, Performed: Outpatient Consultation (Code List: 2.16.840.1.113883.3.464.0003.01.02.0008)",
      "dischargeDisposition": null,
      "discharge_time": null,
      "end_time": 1248408000,
      "free_text": null,
      "mood_code": "EVN",
      "negationInd": null,
      "negationReason": null,
      "performer_id": null,
      "specifics": null,
      "start_time": 1215316800,
      "status_code": null,
      "time": null
    },
    {
      "_id": "50536a6b709357c7fa00012d",
      "admitType": null,
      "admit_time": null,
      "codes": {
        "CPT": [
          "99304"
        ]
      },
      "description": "Encounter, Performed: Nursing Facility Visit (Code List: 2.16.840.1.113883.3.464.0003.01.02.0012)",
      "dischargeDisposition": null,
      "discharge_time": null,
      "end_time": 1327640400,
      "free_text": null,
      "mood_code": "EVN",
      "negationInd": null,
      "negationReason": null,
      "performer_id": null,
      "specifics": null,
      "start_time": 1147838400,
      "status_code": null,
      "time": null
    },
    {
      "_id": "50536a6b709357c7fa00012e",
      "admitType": null,
      "admit_time": null,
      "codes": {
        "CPT": [
          "99324"
        ]
      },
      "description": "Encounter, Performed: Care Services in Long-Term Residential Facility (Code List: 2.16.840.1.113883.3.464.0003.01.02.0014)",
      "dischargeDisposition": null,
      "discharge_time": null,
      "end_time": 1342843200,
      "free_text": null,
      "mood_code": "EVN",
      "negationInd": null,
      "negationReason": null,
      "performer_id": null,
      "specifics": null,
      "start_time": 940392000,
      "status_code": null,
      "time": null
    },
    {
      "_id": "50536a6b709357c7fa00012f",
      "admitType": null,
      "admit_time": null,
      "codes": {
        "CPT": [
          "99341"
        ]
      },
      "description": "Encounter, Performed: Home Healthcare Services (Code List: 2.16.840.1.113883.3.464.0003.01.02.0016)",
      "dischargeDisposition": null,
      "discharge_time": null,
      "end_time": 1337659200,
      "free_text": null,
      "mood_code": "EVN",
      "negationInd": null,
      "negationReason": null,
      "performer_id": null,
      "specifics": null,
      "start_time": 1322197200,
      "status_code": null,
      "time": null
    },
    {
      "_id": "50536a6b709357c7fa000130",
      "admitType": null,
      "admit_time": null,
      "codes": {
        "CPT": [
          "99385"
        ]
      },
      "description": "Encounter, Performed: Preventive Care Services-Initial Office Visit, 18 and Up (Code List: 2.16.840.1.113883.3.464.0003.01.02.0023)",
      "dischargeDisposition": null,
      "discharge_time": null,
      "end_time": 1112932800,
      "free_text": null,
      "mood_code": "EVN",
      "negationInd": null,
      "negationReason": null,
      "performer_id": null,
      "specifics": null,
      "start_time": 1039064400,
      "status_code": null,
      "time": null
    },
    {
      "_id": "50536a6b709357c7fa000131",
      "admitType": null,
      "admit_time": null,
      "codes": {
        "CPT": [
          "99395"
        ]
      },
      "description": "Encounter, Performed: Preventive Care Services - Established Office Visit, 18 and Up (Code List: 2.16.840.1.113883.3.464.0003.01.02.0025)",
      "dischargeDisposition": null,
      "discharge_time": null,
      "end_time": 1151726400,
      "free_text": null,
      "mood_code": "EVN",
      "negationInd": null,
      "negationReason": null,
      "performer_id": null,
      "specifics": null,
      "start_time": 1115784000,
      "status_code": null,
      "time": null
    }
  ],
  "ethnicity": "2186-5",
  "expired": null,
  "first": "Jenny",
  "gender": "F",
  "languages": [
    "en-US"
  ],
  "last": "Hunter",
  "marital_status": null,
  "measure_id": null,
  "measure_ids": null,
  "medical_record_number": "3322523875",
  "procedures": [
    {
      "_id": "50536a6b709357c7fa000124",
      "codes": {
        "SNOMED-CT": [
          "160685001"
        ]
      },
      "description": "Risk Category Assessment: Patient not ambulatory (Code List: 2.16.840.1.113883.3.464.0003.18.02.0009)",
      "end_time": 1245556800,
      "free_text": null,
      "mood_code": "EVN",
      "negationInd": null,
      "negationReason": null,
      "performer_id": null,
      "site": null,
      "specifics": null,
      "start_time": 1053662400,
      "status_code": null,
      "time": null
    },
    {
      "_id": "50536a6b709357c7fa000125",
      "codes": {
        "SNOMED-CT": [
          "408422004"
        ]
      },
      "description": "Risk Category Assessment: Falls Screening (Code List: 2.16.840.1.113883.3.464.0003.18.02.0028)",
      "end_time": 1282449600,
      "free_text": null,
      "mood_code": "EVN",
      "negationInd": true,
      "negationReason": {
        "SNOMED-CT": [
          "31438003"
        ]
      },
      "performer_id": null,
      "site": null,
      "specifics": null,
      "start_time": 1036731600,
      "status_code": null,
      "time": null
    },
    {
      "_id": "50536a6b709357c7fa000126",
      "codes": {
        "SNOMED-CT": [
          "408422004"
        ]
      },
      "description": "Risk Category Assessment: Falls Screening (Code List: 2.16.840.1.113883.3.464.0003.18.02.0028)",
      "end_time": 1149307200,
      "free_text": null,
      "mood_code": "EVN",
      "negationInd": null,
      "negationReason": null,
      "performer_id": null,
      "site": null,
      "specifics": null,
      "start_time": 833601600,
      "status_code": null,
      "time": null
    }
  ],
  "race": "2106-3",
  "religious_affilication": null,
  "source_data_criteria": null,
  "test_id": null,
  "title": null
}