{
  "_id": "50536a6c709357c7fa000319",
  "birthdate": 814507200,
  "clinicalTrialParticipant": null,
  "conditions": [
    {
      "_id": "50536a6c709357c7fa000324",
      "causeOfDeath": null,
      "codes": {
        "SNOMED-CT": [
          "5810003"
        ],
        "ICD-9-CM": [
          "042"
        ],
        "ICD-10-CM": [
          "B20"
        ]
      },
      "description": "HIV (Code List: 2.16.840.1.113883.3.526.03.465)",
      "end_time": 1219204800,
      "free_text": null,
      "mood_code": "EVN",
      "name": null,
      "negationInd": null,
      "negationReason": null,
      "ordinality": null,
      "priority": null,
      "severity": null,
      "specifics": null,
      "start_time": 1176523200,
      "status_code": {
        "SNOMED-CT": [
          "55561003"
        ],
        "HL7 ActStatus": [
          "active"
        ]
      },
      "time": null,
      "type": null
    }
  ],
  "deathdate": null,
  "effective_time": null,
  "elimination_population": null,
  "elimination_reason": null,
  "encounters": [
    {
      "_id": "50536a6c709357c7fa000325",
      "admitType": null,
      "admit_time": null,
      "codes": {
        "CPT": [
          "99391"
        ],
        "SNOMED-CT": [
          "4525004"
        ]
      },
      "description": "HIV Visit (Code List: 2.16.840.1.113883.3.464.0003.01.02.0047)",
      "dischargeDisposition": null,
      "discharge_time": null,
      "end_time": 1033790400,
      "free_text": null,
      "mood_code": "EVN",
      "negationInd": null,
      "negationReason": null,
      "performer_id": null,
      "specifics": null,
      "start_time": 1003809600,
      "status_code": null,
      "time": null
    }
  ],
  "ethnicity": "2186-5",
  "expired": null,
  "first": "Jennie",
  "gender": "F",
  "languages": [
    "en-US"
  ],
  "last": "Watts",
  "marital_status": null,
  "measure_id": null,
  "measure_ids": null,
  "medical_record_number": "1274992849",
  "medications": [
    {
      "_id": "50536a6c709357c7fa00031e",
      "administrationTiming": null,
      "codes": {
        "RxNorm": [
          "105297"
        ]
      },
      "cumulativeMedicationDuration": null,
      "deliveryMethod": null,
      "description": "Medication, Order: Pneumocystis Jiroveci Pneumonia (PCP) Prophylaxis (Code List: 2.16.840.1.113883.3.464.0003.96.01.0076)",
      "dose": null,
      "doseIndicator": null,
      "doseRestriction": null,
      "end_time": 1249012800,
      "freeTextSig": null,
      "free_text": null,
      "fulfillmentInstructions": null,
      "indication": null,
      "mood_code": "EVN",
      "negationInd": null,
      "negationReason": null,
      "patientInstructions": null,
      "productForm": null,
      "reaction": null,
      "route": null,
      "site": null,
      "specifics": null,
      "start_time": 1137819600,
      "statusOfMedication": null,
      "status_code": null,
      "time": null,
      "typeOfMedication": null,
      "vehicle": null
    },
    {
      "_id": "50536a6c709357c7fa00031f",
      "administrationTiming": null,
      "codes": {
        "RxNorm": [
          "105297"
        ]
      },
      "cumulativeMedicationDuration": null,
      "deliveryMethod": null,
      "description": "Medication, Active: Pneumocystis Jiroveci Pneumonia (PCP) Prophylaxis (Code List: 2.16.840.1.113883.3.464.0003.96.02.0076)",
      "dose": null,
      "doseIndicator": null,
      "doseRestriction": null,
      "end_time": 1321419600,
      "freeTextSig": null,
      "free_text": null,
      "fulfillmentInstructions": null,
      "indication": null,
      "mood_code": "EVN",
      "negationInd": null,
      "negationReason": null,
      "patientInstructions": null,
      "productForm": null,
      "reaction": null,
      "route": null,
      "site": null,
      "specifics": null,
      "start_time": 1319688000,
      "statusOfMedication": null,
      "status_code": {
        "SNOMED-CT": [
          "55561003"
        ],
        "HL7 ActStatus": [
          "active"
        ]
      },
      "time": null,
      "typeOfMedication": null,
      "vehicle": null
    },
    {
      "_id": "50536a6c709357c7fa000320",
      "administrationTiming": null,
      "codes": {
        "RxNorm": [
          "105337"
        ]
      },
      "cumulativeMedicationDuration": null,
      "deliveryMethod": null,
      "description": "Dapsone and pyrimethamine (Code List: 2.16.840.1.113883.3.464.0003.96.02.0202)",
      "dose": null,
      "doseIndicator": null,
      "doseRestriction": null,
      "end_time": 1135832400,
      "freeTextSig": null,
      "free_text": null,
      "fulfillmentInstructions": null,
      "indication": null,
      "mood_code": "EVN",
      "negationInd": null,
      "negationReason": null,
      "patientInstructions": null,
      "productForm": null,
      "reaction": null,
      "route": null,
      "site": null,
      "specifics": null,
      "start_time": 1029902400,
      "statusOfMedication": null,
      "status_code": null,
      "time": null,
      "typeOfMedication": null,
      "vehicle": null
    },
    {
      "_id": "50536a6c709357c7fa000321",
      "administrationTiming": null,
      "codes": {
        "RxNorm": [
          "105691"
        ]
      },
      "cumulativeMedicationDuration": null,
      "deliveryMethod": null,
      "description": "Leucovorin (Code List: 2.16.840.1.113883.3.464.0003.96.02.0205)",
      "dose": null,
      "doseIndicator": null,
      "doseRestriction": null,
      "end_time": 1120190400,
      "freeTextSig": null,
      "free_text": null,
      "fulfillmentInstructions": null,
      "indication": null,
      "mood_code": "EVN",
      "negationInd": null,
      "negationReason": null,
      "patientInstructions": null,
      "productForm": null,
      "reaction": null,
      "route": null,
      "site": null,
      "specifics": null,
      "start_time": 961992000,
      "statusOfMedication": null,
      "status_code": null,
      "time": null,
      "typeOfMedication": null,
      "vehicle": null
    },
    {
      "_id": "50536a6c709357c7fa000322",
      "administrationTiming": null,
      "codes": {
        "RxNorm": [
          "105337"
        ]
      },
      "cumulativeMedicationDuration": null,
      "deliveryMethod": null,
      "description": "Dapsone and pyrimethamine (Code List: 2.16.840.1.113883.3.464.0003.96.02.0202)",
      "dose": null,
      "doseIndicator": null,
      "doseRestriction": null,
      "end_time": 977979600,
      "freeTextSig": null,
      "free_text": null,
      "fulfillmentInstructions": null,
      "indication": null,
      "mood_code": "EVN",
      "negationInd": null,
      "negationReason": null,
      "patientInstructions": null,
      "productForm": null,
      "reaction": null,
      "route": null,
      "site": null,
      "specifics": null,
      "start_time": 933307200,
      "statusOfMedication": null,
      "status_code": {
        "SNOMED-CT": [
          "55561003"
        ],
        "HL7 ActStatus": [
          "active"
        ]
      },
      "time": null,
      "typeOfMedication": null,
      "vehicle": null
    },
    {
      "_id": "50536a6c709357c7fa000323",
      "administrationTiming": null,
      "codes": {
        "RxNorm": [
          "105691"
        ]
      },
      "cumulativeMedicationDuration": null,
      "deliveryMethod": null,
      "description": "Leucovorin (Code List: 2.16.840.1.113883.3.464.0003.96.02.0205)",
      "dose": null,
      "doseIndicator": null,
      "doseRestriction": null,
      "end_time": 1328936400,
      "freeTextSig": null,
      "free_text": null,
      "fulfillmentInstructions": null,
      "indication": null,
      "mood_code": "EVN",
      "negationInd": null,
      "negationReason": null,
      "patientInstructions": null,
      "productForm": null,
      "reaction": null,
      "route": null,
      "site": null,
      "specifics": null,
      "start_time": 1211083200,
      "statusOfMedication": null,
      "status_code": {
        "SNOMED-CT": [
          "55561003"
        ],
        "HL7 ActStatus": [
          "active"
        ]
      },
      "time": null,
      "typeOfMedication": null,
      "vehicle": null
    }
  ],
  "race": "2106-3",
  "religious_affilication": null,
  "source_data_criteria": null,
  "test_id": null,
  "title": null,
  "vital_signs": [
    {
      "_id": "50536a6c709357c7fa00031a",
      "codes": {
        "LOINC": [
          "24467-3"
        ]
      },
      "description": "CD4+ Count (Code List: 2.16.840.1.113883.3.464.0003.21.02.0004)",
      "end_time": 1193371200,
      "free_text": null,
      "interpretation": null,
      "mood_code": "EVN",
      "negationInd": null,
      "negationReason": null,
      "referenceRange": null,
      "specifics": null,
      "start_time": 1060315200,
      "status_code": null,
      "time": null,
      "values": [
        {
          "_id": "50536a6c709357c7fa00031b",
          "scalar": "200",
          "units": "/mm3"
        }
      ]
    },
    {
      "_id": "50536a6c709357c7fa00031c",
      "codes": {
        "LOINC": [
          "17822-8"
        ]
      },
      "description": "CD4+ Percentage (Code List: 2.16.840.1.113883.3.464.0003.21.02.0005)",
      "end_time": 1311048000,
      "free_text": null,
      "interpretation": null,
      "mood_code": "EVN",
      "negationInd": null,
      "negationReason": null,
      "referenceRange": null,
      "specifics": null,
      "start_time": 1096344000,
      "status_code": null,
      "time": null,
      "values": [
        {
          "_id": "50536a6c709357c7fa00031d",
          "scalar": "15",
          "units": "%"
        }
      ]
    }
  ]
}