{
  "_id": "50536a6b709357c7fa0000c1",
  "birthdate": 879829200,
  "clinicalTrialParticipant": null,
  "conditions": [
    {
      "_id": "50536a6b709357c7fa0000cd",
      "causeOfDeath": null,
      "codes": {
        "ICD-9-CM": [
          "296.20"
        ],
        "SNOMED-CT": [
          "832007"
        ],
        "ICD-10-CM": [
          "F32.0"
        ]
      },
      "description": "Diagnosis, Active: Major Depressive Disorder New or Recurrent (Code List: 2.16.840.1.113883.3.526.03.558)",
      "end_time": 1062734400,
      "free_text": null,
      "mood_code": "EVN",
      "name": null,
      "negationInd": null,
      "negationReason": null,
      "ordinality": null,
      "priority": null,
      "severity": null,
      "specifics": null,
      "start_time": 1057204800,
      "status_code": {
        "SNOMED-CT": [
          "55561003"
        ],
        "HL7 ActStatus": [
          "active"
        ]
      },
      "time": null,
      "type": null
    }
  ],
  "deathdate": null,
  "effective_time": null,
  "elimination_population": null,
  "elimination_reason": null,
  "encounters": [
    {
      "_id": "50536a6b709357c7fa0000c3",
      "admitType": null,
      "admit_time": null,
      "codes": {
        "CPT": [
          "90801"
        ]
      },
      "description": "Psych Visit - Diagnostic or Evaluative Interview (Code List: 2.16.840.1.113883.3.526.3.1013)",
      "dischargeDisposition": null,
      "discharge_time": null,
      "end_time": 1233896400,
      "free_text": null,
      "mood_code": "EVN",
      "negationInd": null,
      "negationReason": null,
      "performer_id": null,
      "specifics": null,
      "start_time": 1111986000,
      "status_code": null,
      "time": null
    },
    {
      "_id": "50536a6b709357c7fa0000c4",
      "admitType": null,
      "admit_time": null,
      "codes": {
        "CPT": [
          "90810"
        ]
      },
      "description": "Psych Visit - Individual Outpatient Interactive Psychotherapy (Code List: 2.16.840.1.113883.3.526.3.1015)",
      "dischargeDisposition": null,
      "discharge_time": null,
      "end_time": 1087790400,
      "free_text": null,
      "mood_code": "EVN",
      "negationInd": null,
      "negationReason": null,
      "performer_id": null,
      "specifics": null,
      "start_time": 1053230400,
      "status_code": null,
      "time": null
    },
    {
      "_id": "50536a6b709357c7fa0000c5",
      "admitType": null,
      "admit_time": null,
      "codes": {
        "CPT": [
          "90804"
        ]
      },
      "description": "Psych Visit - Individual Outpatient Psychotherapy (Code List: 2.16.840.1.113883.3.526.3.1014)",
      "dischargeDisposition": null,
      "discharge_time": null,
      "end_time": 1174795200,
      "free_text": null,
      "mood_code": "EVN",
      "negationInd": null,
      "negationReason": null,
      "performer_id": null,
      "specifics": null,
      "start_time": 1075352400,
      "status_code": null,
      "time": null
    },
    {
      "_id": "50536a6b709357c7fa0000c6",
      "admitType": null,
      "admit_time": null,
      "codes": {
        "CPT": [
          "90862"
        ]
      },
      "description": "Psych Visit - Medication Management (Code List: 2.16.840.1.113883.3.526.3.1019)",
      "dischargeDisposition": null,
      "discharge_time": null,
      "end_time": 1317355200,
      "free_text": null,
      "mood_code": "EVN",
      "negationInd": null,
      "negationReason": null,
      "performer_id": null,
      "specifics": null,
      "start_time": 1212897600,
      "status_code": null,
      "time": null
    },
    {
      "_id": "50536a6b709357c7fa0000c7",
      "admitType": null,
      "admit_time": null,
      "codes": {
        "CPT": [
          "99201"
        ]
      },
      "description": "Office Visit (Code List: 2.16.840.1.113883.3.464.1003.101.12.1001)",
      "dischargeDisposition": null,
      "discharge_time": null,
      "end_time": 1312430400,
      "free_text": null,
      "mood_code": "EVN",
      "negationInd": null,
      "negationReason": null,
      "performer_id": null,
      "specifics": null,
      "start_time": 1121832000,
      "status_code": null,
      "time": null
    },
    {
      "_id": "50536a6b709357c7fa0000c8",
      "admitType": null,
      "admit_time": null,
      "codes": {
        "CPT": [
          "99241"
        ]
      },
      "description": "Outpatient Consultation (Code List: 2.16.840.1.113883.3.464.1003.101.12.1008)",
      "dischargeDisposition": null,
      "discharge_time": null,
      "end_time": 1057204800,
      "free_text": null,
      "mood_code": "EVN",
      "negationInd": null,
      "negationReason": null,
      "performer_id": null,
      "specifics": null,
      "start_time": 892699200,
      "status_code": null,
      "time": null
    },
    {
      "_id": "50536a6b709357c7fa0000c9",
      "admitType": null,
      "admit_time": null,
      "codes": {
        "CPT": [
          "90845"
        ]
      },
      "description": "Psychoanalysis (Code List: 2.16.840.1.113883.3.526.3.1141)",
      "dischargeDisposition": null,
      "discharge_time": null,
      "end_time": 1204866000,
      "free_text": null,
      "mood_code": "EVN",
      "negationInd": null,
      "negationReason": null,
      "performer_id": null,
      "specifics": null,
      "start_time": 839390400,
      "status_code": null,
      "time": null
    },
    {
      "_id": "50536a6b709357c7fa0000ca",
      "admitType": null,
      "admit_time": null,
      "codes": {
        "SNOMED-CT": [
          "4525004"
        ]
      },
      "description": "Face-to-Face Interaction (Code List: 2.16.840.1.113883.3.464.0003.01.02.0048)",
      "dischargeDisposition": null,
      "discharge_time": null,
      "end_time": 931665600,
      "free_text": null,
      "mood_code": "EVN",
      "negationInd": null,
      "negationReason": null,
      "performer_id": null,
      "specifics": null,
      "start_time": 832824000,
      "status_code": null,
      "time": null
    },
    {
      "_id": "50536a6b709357c7fa0000cc",
      "admitType": null,
      "admit_time": null,
      "codes": {
        "SNOMED-CT": [
          "4525004"
        ]
      },
      "description": "Encounter, Performed: Patient Provider Interaction (Code List: 2.16.840.1.113883.3.526.3.1012)",
      "dischargeDisposition": null,
      "discharge_time": null,
      "end_time": 1059364800,
      "free_text": null,
      "mood_code": "EVN",
      "negationInd": null,
      "negationReason": null,
      "performer_id": null,
      "specifics": null,
      "start_time": 884235600,
      "status_code": null,
      "time": null
    }
  ],
  "ethnicity": "2186-5",
  "expired": null,
  "first": "Jennie",
  "gender": "F",
  "languages": [
    "en-US"
  ],
  "last": "Watson",
  "marital_status": null,
  "measure_id": null,
  "measure_ids": null,
  "medical_record_number": "2002927864",
  "procedures": [
    {
      "_id": "50536a6b709357c7fa0000c2",
      "codes": {
        "LOINC": [
          "TBD"
        ]
      },
      "description": "Risk Category Assessment: Suicide Risk Assessment (Code List: 2.16.840.1.113883.3.526.03.1156)",
      "end_time": 1239508800,
      "free_text": null,
      "mood_code": "EVN",
      "negationInd": null,
      "negationReason": null,
      "performer_id": null,
      "site": null,
      "specifics": null,
      "start_time": 1197435600,
      "status_code": null,
      "time": null
    },
    {
      "_id": "50536a6b709357c7fa0000cb",
      "codes": {
        "LOINC": [
          "TBD"
        ]
      },
      "description": "Risk Category Assessment: Suicide Risk Standardized Scale (Code List: 2.16.840.1.113883.3.526.03.1155)",
      "end_time": 1285387200,
      "free_text": null,
      "mood_code": "EVN",
      "negationInd": null,
      "negationReason": null,
      "performer_id": null,
      "site": null,
      "specifics": null,
      "start_time": 841896000,
      "status_code": null,
      "time": null
    }
  ],
  "race": "2106-3",
  "religious_affilication": null,
  "source_data_criteria": null,
  "test_id": null,
  "title": null
}