{
  "_id": "50536a6b709357c7fa000212",
  "birthdate": 1042261200,
  "clinicalTrialParticipant": null,
  "conditions": [
    {
      "_id": "50536a6b709357c7fa000218",
      "causeOfDeath": null,
      "codes": {
        "SNOMED-CT": [
          "2820279015"
        ],
        "ICD-9-CM": [
          "311"
        ],
        "ICD-10-CM": [
          "F0151"
        ]
      },
      "description": "Diagnosis, Active: Depression diagnosis (Code List: 2.16.840.1.113883.3.600.145)",
      "end_time": 1266642000,
      "free_text": null,
      "mood_code": "EVN",
      "name": null,
      "negationInd": null,
      "negationReason": null,
      "ordinality": null,
      "priority": null,
      "severity": null,
      "specifics": null,
      "start_time": 1230008400,
      "status_code": {
        "SNOMED-CT": [
          "55561003"
        ],
        "HL7 ActStatus": [
          "active"
        ]
      },
      "time": null,
      "type": null
    },
    {
      "_id": "50536a6b709357c7fa000219",
      "causeOfDeath": null,
      "codes": {
        "ICD-9-CM": [
          "296.40"
        ],
        "ICD-10-CM": [
          "F311.0"
        ],
        "SNOMED-CT": [
          "2548934016"
        ]
      },
      "description": "Diagnosis, Active: Bipolar Diagnosis (Code List: 2.16.840.1.113883.3.600.450)",
      "end_time": 949294800,
      "free_text": null,
      "mood_code": "EVN",
      "name": null,
      "negationInd": null,
      "negationReason": null,
      "ordinality": null,
      "priority": null,
      "severity": null,
      "specifics": null,
      "start_time": 913179600,
      "status_code": {
        "SNOMED-CT": [
          "55561003"
        ],
        "HL7 ActStatus": [
          "active"
        ]
      },
      "time": null,
      "type": null
    }
  ],
  "deathdate": null,
  "effective_time": null,
  "elimination_population": null,
  "elimination_reason": null,
  "encounters": [
    {
      "_id": "50536a6b709357c7fa000214",
      "admitType": null,
      "admit_time": null,
      "codes": {
        "CPT": [
          "90801"
        ],
        "SNOMED-CT": [
          "10197000"
        ],
        "HCPCS": [
          "G0101"
        ]
      },
      "description": "Depression Screening Denominator Encounter Codes New (Code List: 2.16.840.1.113883.3.600.1916)",
      "dischargeDisposition": null,
      "discharge_time": null,
      "end_time": 1340510400,
      "free_text": null,
      "mood_code": "EVN",
      "negationInd": null,
      "negationReason": null,
      "performer_id": null,
      "specifics": null,
      "start_time": 1269230400,
      "status_code": null,
      "time": null
    }
  ],
  "ethnicity": "2186-5",
  "expired": null,
  "first": "Jessie",
  "gender": "F",
  "languages": [
    "en-US"
  ],
  "last": "Austin",
  "marital_status": null,
  "measure_id": null,
  "measure_ids": null,
  "medical_record_number": "8197590088",
  "medications": [
    {
      "_id": "50536a6b709357c7fa00021e",
      "administrationTiming": null,
      "codes": {
        "RxNorm": [
          "248642"
        ]
      },
      "cumulativeMedicationDuration": null,
      "deliveryMethod": null,
      "description": "Medication, Order: Depression medications - adolescent (Code List: 2.16.840.1.113883.3.600.469)",
      "dose": null,
      "doseIndicator": null,
      "doseRestriction": null,
      "end_time": 1199854800,
      "freeTextSig": null,
      "free_text": null,
      "fulfillmentInstructions": null,
      "indication": null,
      "mood_code": "EVN",
      "negationInd": null,
      "negationReason": null,
      "patientInstructions": null,
      "productForm": null,
      "reaction": null,
      "route": null,
      "site": null,
      "specifics": null,
      "start_time": 1100408400,
      "statusOfMedication": null,
      "status_code": null,
      "time": null,
      "typeOfMedication": null,
      "vehicle": null
    },
    {
      "_id": "50536a6b709357c7fa000224",
      "administrationTiming": null,
      "codes": {
        "RxNorm": [
          "197363"
        ]
      },
      "cumulativeMedicationDuration": null,
      "deliveryMethod": null,
      "description": "Medication, Order: Depression medications - adult (Code List: 2.16.840.1.113883.3.600.470)",
      "dose": null,
      "doseIndicator": null,
      "doseRestriction": null,
      "end_time": 1233032400,
      "freeTextSig": null,
      "free_text": null,
      "fulfillmentInstructions": null,
      "indication": null,
      "mood_code": "EVN",
      "negationInd": null,
      "negationReason": null,
      "patientInstructions": null,
      "productForm": null,
      "reaction": null,
      "route": null,
      "site": null,
      "specifics": null,
      "start_time": 1186200000,
      "statusOfMedication": null,
      "status_code": null,
      "time": null,
      "typeOfMedication": null,
      "vehicle": null
    }
  ],
  "procedures": [
    {
      "_id": "50536a6b709357c7fa000213",
      "codes": {
        "SNOMED-CT": [
          "171207006"
        ],
        "HCPCS": [
          "S3005"
        ],
        "ICD-9-CM": [
          "V79.0"
        ],
        "ICD-10-CM": [
          "Z13.89"
        ]
      },
      "description": "Intervention, Performed: Adolescent Depression Screening (Code List: 2.16.840.1.113883.3.600.426)",
      "end_time": 867470400,
      "free_text": null,
      "mood_code": "EVN",
      "negationInd": true,
      "negationReason": {
        "SNOMED-CT": [
          "183932001"
        ]
      },
      "performer_id": null,
      "site": null,
      "specifics": null,
      "start_time": 863323200,
      "status_code": null,
      "time": null
    },
    {
      "_id": "50536a6b709357c7fa000215",
      "codes": {
        "SNOMED-CT": [
          "171207006"
        ],
        "HCPCS": [
          "S3005"
        ],
        "ICD-9-CM": [
          "V79.0"
        ],
        "ICD-10-CM": [
          "Z13.89"
        ]
      },
      "description": "Intervention, Performed: Adult Depression Screening (Code List: 2.16.840.1.113883.3.600.431)",
      "end_time": 1339387200,
      "free_text": null,
      "mood_code": "EVN",
      "negationInd": true,
      "negationReason": {
        "SNOMED-CT": [
          "183932001"
        ]
      },
      "performer_id": null,
      "site": null,
      "specifics": null,
      "start_time": 1327035600,
      "status_code": null,
      "time": null
    },
    {
      "_id": "50536a6b709357c7fa000216",
      "codes": {
        "SNOMED-CT": [
          "171207006"
        ],
        "HCPCS": [
          "S3005"
        ],
        "ICD-9-CM": [
          "V79.0"
        ],
        "ICD-10-CM": [
          "Z13.89"
        ]
      },
      "description": "Intervention, Performed: Adolescent Depression Screening (Code List: 2.16.840.1.113883.3.600.426)",
      "end_time": 1343880000,
      "free_text": null,
      "mood_code": "EVN",
      "negationInd": true,
      "negationReason": {
        "SNOMED-CT": [
          "105480006"
        ]
      },
      "performer_id": null,
      "site": null,
      "specifics": null,
      "start_time": 1246680000,
      "status_code": null,
      "time": null
    },
    {
      "_id": "50536a6b709357c7fa000217",
      "codes": {
        "SNOMED-CT": [
          "171207006"
        ],
        "HCPCS": [
          "S3005"
        ],
        "ICD-9-CM": [
          "V79.0"
        ],
        "ICD-10-CM": [
          "Z13.89"
        ]
      },
      "description": "Intervention, Performed: Adult Depression Screening (Code List: 2.16.840.1.113883.3.600.431)",
      "end_time": 1306641600,
      "free_text": null,
      "mood_code": "EVN",
      "negationInd": true,
      "negationReason": {
        "SNOMED-CT": [
          "105480006"
        ]
      },
      "performer_id": null,
      "site": null,
      "specifics": null,
      "start_time": 1288929600,
      "status_code": null,
      "time": null
    },
    {
      "_id": "50536a6b709357c7fa00021a",
      "codes": {
        "SNOMED-CT": [
          "171207006"
        ],
        "HCPCS": [
          "S3005"
        ],
        "ICD-9-CM": [
          "V79.0"
        ],
        "ICD-10-CM": [
          "Z13.89"
        ]
      },
      "description": "Intervention, Performed: Adolescent Depression Screening (Code List: 2.16.840.1.113883.3.600.426)",
      "end_time": 1344916800,
      "free_text": null,
      "mood_code": "EVN",
      "negationInd": null,
      "negationReason": null,
      "performer_id": null,
      "site": null,
      "specifics": null,
      "start_time": 1226984400,
      "status_code": null,
      "time": null
    },
    {
      "_id": "50536a6b709357c7fa00021c",
      "codes": {
        "SNOMED-CT": [
          "2763951015"
        ]
      },
      "description": "Intervention, Performed: Additional evaluation for depression - adolescent (Code List: 2.16.840.1.113883.3.600.459)",
      "end_time": 1186804800,
      "free_text": null,
      "mood_code": "EVN",
      "negationInd": null,
      "negationReason": null,
      "performer_id": null,
      "site": null,
      "specifics": null,
      "start_time": 1096257600,
      "status_code": null,
      "time": null
    },
    {
      "_id": "50536a6b709357c7fa00021d",
      "codes": {
        "SNOMED-CT": [
          "2469453010"
        ]
      },
      "description": "Intervention, Order: Referral for Depression Adolescent (Code List: 2.16.840.1.113883.3.600.537)",
      "end_time": 1334721600,
      "free_text": null,
      "mood_code": "EVN",
      "negationInd": null,
      "negationReason": null,
      "performer_id": null,
      "site": null,
      "specifics": null,
      "start_time": 1324875600,
      "status_code": null,
      "time": null
    },
    {
      "_id": "50536a6b709357c7fa00021f",
      "codes": {
        "SNOMED-CT": [
          "2882500016"
        ]
      },
      "description": "Intervention, Performed: Follow-up for depression - adolescent (Code List: 2.16.840.1.113883.3.600.467)",
      "end_time": 1277265600,
      "free_text": null,
      "mood_code": "EVN",
      "negationInd": null,
      "negationReason": null,
      "performer_id": null,
      "site": null,
      "specifics": null,
      "start_time": 1163998800,
      "status_code": null,
      "time": null
    },
    {
      "_id": "50536a6b709357c7fa000221",
      "codes": {
        "SNOMED-CT": [
          "171207006"
        ],
        "HCPCS": [
          "S3005"
        ],
        "ICD-9-CM": [
          "V79.0"
        ],
        "ICD-10-CM": [
          "Z13.89"
        ]
      },
      "description": "Intervention, Performed: Adult Depression Screening (Code List: 2.16.840.1.113883.3.600.431)",
      "end_time": 1157083200,
      "free_text": null,
      "mood_code": "EVN",
      "negationInd": null,
      "negationReason": null,
      "performer_id": null,
      "site": null,
      "specifics": null,
      "start_time": 1084593600,
      "status_code": null,
      "time": null
    },
    {
      "_id": "50536a6b709357c7fa000222",
      "codes": {
        "SNOMED-CT": [
          "2763951015"
        ]
      },
      "description": "Intervention, Performed: Additional evaluation for depression - adult (Code List: 2.16.840.1.113883.3.600.460)",
      "end_time": 1200546000,
      "free_text": null,
      "mood_code": "EVN",
      "negationInd": null,
      "negationReason": null,
      "performer_id": null,
      "site": null,
      "specifics": null,
      "start_time": 1185076800,
      "status_code": null,
      "time": null
    },
    {
      "_id": "50536a6b709357c7fa000223",
      "codes": {
        "SNOMED-CT": [
          "2469453010"
        ]
      },
      "description": "Intervention, Order: Referral for Depression Adult (Code List: 2.16.840.1.113883.3.600.538)",
      "end_time": 1169701200,
      "free_text": null,
      "mood_code": "EVN",
      "negationInd": null,
      "negationReason": null,
      "performer_id": null,
      "site": null,
      "specifics": null,
      "start_time": 1155182400,
      "status_code": null,
      "time": null
    },
    {
      "_id": "50536a6b709357c7fa000225",
      "codes": {
        "SNOMED-CT": [
          "2882500016"
        ]
      },
      "description": "Intervention, Performed: Follow-up for depression - adult (Code List: 2.16.840.1.113883.3.600.468)",
      "end_time": 1179115200,
      "free_text": null,
      "mood_code": "EVN",
      "negationInd": null,
      "negationReason": null,
      "performer_id": null,
      "site": null,
      "specifics": null,
      "start_time": 1140238800,
      "status_code": null,
      "time": null
    }
  ],
  "race": "2106-3",
  "religious_affilication": null,
  "results": [
    {
      "_id": "50536a6b709357c7fa00021b",
      "codes": {
        "SNOMED-CT": [
          ""
        ]
      },
      "description": "Intervention, Result: Positive Depression Screening (Code List: 2.16.840.1.113883.3.600.793)",
      "end_time": 1340510400,
      "free_text": null,
      "interpretation": null,
      "mood_code": "EVN",
      "negationInd": null,
      "negationReason": null,
      "referenceRange": null,
      "specifics": null,
      "start_time": 1118808000,
      "status_code": null,
      "time": null
    },
    {
      "_id": "50536a6b709357c7fa000220",
      "codes": {
      },
      "description": "Intervention, Result: Negative Depression Screening (Code List: 2.16.840.1.113883.3.600.794)",
      "end_time": 1336104000,
      "free_text": null,
      "interpretation": null,
      "mood_code": "EVN",
      "negationInd": null,
      "negationReason": null,
      "referenceRange": null,
      "specifics": null,
      "start_time": 1325048400,
      "status_code": null,
      "time": null
    }
  ],
  "source_data_criteria": null,
  "test_id": null,
  "title": null
}