{
  "_id": "50536a6a709357c7fa00005d",
  "birthdate": 1154318400,
  "clinicalTrialParticipant": null,
  "conditions": [
    {
      "_id": "50536a6a709357c7fa000060",
      "causeOfDeath": null,
      "codes": {
        "SNOMED-CT": [
          "6869001"
        ],
        "ICD-9-CM": [
          "362.02"
        ],
        "ICD-10-CM": [
          "H20.019"
        ]
      },
      "description": "Diagnosis, Active: Acute and Subacute Iridocyclitis (Code List: 2.16.840.1.113883.3.464.0003.15.02.0085)",
      "end_time": 1252382400,
      "free_text": null,
      "mood_code": "EVN",
      "name": null,
      "negationInd": null,
      "negationReason": null,
      "ordinality": null,
      "priority": null,
      "severity": null,
      "specifics": null,
      "start_time": 1124424000,
      "status_code": {
        "SNOMED-CT": [
          "55561003"
        ],
        "HL7 ActStatus": [
          "active"
        ]
      },
      "time": null,
      "type": null
    },
    {
      "_id": "50536a6a709357c7fa000061",
      "causeOfDeath": null,
      "codes": {
        "SNOMED-CT": [
          "2579216010"
        ],
        "ICD-9-CM": [
          "364.70"
        ],
        "ICD-10-CM": [
          "H21.40"
        ]
      },
      "description": "Diagnosis, Active: Adhesions and Disruptions of Iris and ciliary Body (Code List: 2.16.840.1.113883.3.464.0003.15.02.0006)",
      "end_time": 1295931600,
      "free_text": null,
      "mood_code": "EVN",
      "name": null,
      "negationInd": null,
      "negationReason": null,
      "ordinality": null,
      "priority": null,
      "severity": null,
      "specifics": null,
      "start_time": 1207022400,
      "status_code": {
        "SNOMED-CT": [
          "55561003"
        ],
        "HL7 ActStatus": [
          "active"
        ]
      },
      "time": null,
      "type": null
    },
    {
      "_id": "50536a6a709357c7fa000062",
      "causeOfDeath": null,
      "codes": {
        "SNOMED-CT": [
          "3712000"
        ],
        "ICD-9-CM": [
          "360.20"
        ],
        "ICD-10-CM": [
          "H44.20"
        ]
      },
      "description": "Diagnosis, Active: Pathologic Myopia (Code List: 2.16.840.1.113883.3.464.0003.15.02.0031)",
      "end_time": 1330059600,
      "free_text": null,
      "mood_code": "EVN",
      "name": null,
      "negationInd": null,
      "negationReason": null,
      "ordinality": null,
      "priority": null,
      "severity": null,
      "specifics": null,
      "start_time": 1280894400,
      "status_code": {
        "SNOMED-CT": [
          "55561003"
        ],
        "HL7 ActStatus": [
          "active"
        ]
      },
      "time": null,
      "type": null
    },
    {
      "_id": "50536a6a709357c7fa000063",
      "causeOfDeath": null,
      "codes": {
        "ICD-10-CM": [
          "Q12.2"
        ],
        "SNOMED-CT": [
          "95480008"
        ],
        "ICD-9-CM": [
          "743.36"
        ]
      },
      "description": "Diagnosis, Active: Posterior Lenticonus (Code List: 2.16.840.1.113883.3.464.0003.15.02.0032)",
      "end_time": 1330146000,
      "free_text": null,
      "mood_code": "EVN",
      "name": null,
      "negationInd": null,
      "negationReason": null,
      "ordinality": null,
      "priority": null,
      "severity": null,
      "specifics": null,
      "start_time": 912315600,
      "status_code": {
        "SNOMED-CT": [
          "55561003"
        ],
        "HL7 ActStatus": [
          "active"
        ]
      },
      "time": null,
      "type": null
    },
    {
      "_id": "50536a6a709357c7fa000064",
      "causeOfDeath": null,
      "codes": {
        "SNOMED-CT": [
          "186266008"
        ],
        "ICD-9-CM": [
          "364.10"
        ],
        "ICD-10-CM": [
          "A18.54"
        ]
      },
      "description": "Diagnosis, Active: Chronic Iridocyclitis (Code List: 2.16.840.1.113883.3.464.0003.15.02.0016)",
      "end_time": 1194757200,
      "free_text": null,
      "mood_code": "EVN",
      "name": null,
      "negationInd": null,
      "negationReason": null,
      "ordinality": null,
      "priority": null,
      "severity": null,
      "specifics": null,
      "start_time": 1154577600,
      "status_code": {
        "SNOMED-CT": [
          "55561003"
        ],
        "HL7 ActStatus": [
          "active"
        ]
      },
      "time": null,
      "type": null
    },
    {
      "_id": "50536a6a709357c7fa000065",
      "causeOfDeath": null,
      "codes": {
        "SNOMED-CT": [
          "111514006"
        ],
        "ICD-9-CM": [
          "365.52"
        ],
        "ICD-10-CM": [
          "H40.141"
        ]
      },
      "description": "Diagnosis, Active: Pseudoexfoliation Syndrome (Code List: 2.16.840.1.113883.3.464.0003.15.02.0034)",
      "end_time": 1237608000,
      "free_text": null,
      "mood_code": "EVN",
      "name": null,
      "negationInd": null,
      "negationReason": null,
      "ordinality": null,
      "priority": null,
      "severity": null,
      "specifics": null,
      "start_time": 1089086400,
      "status_code": {
        "SNOMED-CT": [
          "55561003"
        ],
        "HL7 ActStatus": [
          "active"
        ]
      },
      "time": null,
      "type": null
    },
    {
      "_id": "50536a6a709357c7fa000066",
      "causeOfDeath": null,
      "codes": {
        "SNOMED-CT": [
          "408847006"
        ],
        "ICD-9-CM": [
          "362.21"
        ],
        "ICD-10-CM": [
          "H35.171"
        ]
      },
      "description": "Diagnosis, Active: Retinopathy of Prematurity (Code List: 2.16.840.1.113883.3.464.0003.15.02.0035)",
      "end_time": 1342497600,
      "free_text": null,
      "mood_code": "EVN",
      "name": null,
      "negationInd": null,
      "negationReason": null,
      "ordinality": null,
      "priority": null,
      "severity": null,
      "specifics": null,
      "start_time": 1298005200,
      "status_code": {
        "SNOMED-CT": [
          "55561003"
        ],
        "HL7 ActStatus": [
          "active"
        ]
      },
      "time": null,
      "type": null
    },
    {
      "_id": "50536a6a709357c7fa000067",
      "causeOfDeath": null,
      "codes": {
        "ICD-10-CM": [
          "H27.10"
        ],
        "ICD-9-CM": [
          "379.32"
        ],
        "SNOMED-CT": [
          "14169000"
        ]
      },
      "description": "Diagnosis, Active: Aphakia and other Disorders of Lens (Code List: 2.16.840.1.113883.3.464.0003.15.02.0008)",
      "end_time": 1057291200,
      "free_text": null,
      "mood_code": "EVN",
      "name": null,
      "negationInd": null,
      "negationReason": null,
      "ordinality": null,
      "priority": null,
      "severity": null,
      "specifics": null,
      "start_time": 952318800,
      "status_code": {
        "SNOMED-CT": [
          "55561003"
        ],
        "HL7 ActStatus": [
          "active"
        ]
      },
      "time": null,
      "type": null
    },
    {
      "_id": "50536a6a709357c7fa000068",
      "causeOfDeath": null,
      "codes": {
        "ICD-9-CM": [
          "366.11"
        ],
        "ICD-10-CM": [
          "H25.89"
        ],
        "SNOMED-CT": [
          "5318001"
        ]
      },
      "description": "Diagnosis, Active: Senile Cataract (Code List: 2.16.840.1.113883.3.464.0003.15.02.0036)",
      "end_time": 1227070800,
      "free_text": null,
      "mood_code": "EVN",
      "name": null,
      "negationInd": null,
      "negationReason": null,
      "ordinality": null,
      "priority": null,
      "severity": null,
      "specifics": null,
      "start_time": 1035259200,
      "status_code": {
        "SNOMED-CT": [
          "55561003"
        ],
        "HL7 ActStatus": [
          "active"
        ]
      },
      "time": null,
      "type": null
    },
    {
      "_id": "50536a6a709357c7fa000069",
      "causeOfDeath": null,
      "codes": {
        "SNOMED-CT": [
          "815008"
        ],
        "ICD-9-CM": [
          "379.09"
        ],
        "ICD-10-CM": [
          "A18.51"
        ]
      },
      "description": "Diagnosis, Active: Scleritis and Episcleritis (Code List: 2.16.840.1.113883.3.464.0003.15.02.0037)",
      "end_time": 1320728400,
      "free_text": null,
      "mood_code": "EVN",
      "name": null,
      "negationInd": null,
      "negationReason": null,
      "ordinality": null,
      "priority": null,
      "severity": null,
      "specifics": null,
      "start_time": 1300334400,
      "status_code": {
        "SNOMED-CT": [
          "55561003"
        ],
        "HL7 ActStatus": [
          "active"
        ]
      },
      "time": null,
      "type": null
    },
    {
      "_id": "50536a6a709357c7fa00006a",
      "causeOfDeath": null,
      "codes": {
        "SNOMED-CT": [
          "3598000"
        ],
        "ICD-9-CM": [
          "362.41"
        ],
        "ICD-10-CM": [
          "H35.711"
        ]
      },
      "description": "Diagnosis, Active: Separation of Retinal Layers (Code List: 2.16.840.1.113883.3.464.0003.15.02.0038)",
      "end_time": 1116820800,
      "free_text": null,
      "mood_code": "EVN",
      "name": null,
      "negationInd": null,
      "negationReason": null,
      "ordinality": null,
      "priority": null,
      "severity": null,
      "specifics": null,
      "start_time": 922078800,
      "status_code": {
        "SNOMED-CT": [
          "55561003"
        ],
        "HL7 ActStatus": [
          "active"
        ]
      },
      "time": null,
      "type": null
    },
    {
      "_id": "50536a6a709357c7fa00006b",
      "causeOfDeath": null,
      "codes": {
        "ICD-10-CM": [
          "H26.101"
        ],
        "SNOMED-CT": [
          "8656007"
        ],
        "ICD-9-CM": [
          "366.20"
        ]
      },
      "description": "Diagnosis, Active: Traumatic Cataract (Code List: 2.16.840.1.113883.3.464.0003.15.02.0039)",
      "end_time": 1312084800,
      "free_text": null,
      "mood_code": "EVN",
      "name": null,
      "negationInd": null,
      "negationReason": null,
      "ordinality": null,
      "priority": null,
      "severity": null,
      "specifics": null,
      "start_time": 1259816400,
      "status_code": {
        "SNOMED-CT": [
          "55561003"
        ],
        "HL7 ActStatus": [
          "active"
        ]
      },
      "time": null,
      "type": null
    },
    {
      "_id": "50536a6a709357c7fa00006c",
      "causeOfDeath": null,
      "codes": {
        "SNOMED-CT": [
          "38101003"
        ],
        "ICD-9-CM": [
          "367.0"
        ],
        "ICD-10-CM": [
          "H52.00"
        ]
      },
      "description": "Diagnosis, Active: High Hyperopia (Code List: 2.16.840.1.113883.3.464.0003.15.02.0024)",
      "end_time": 1342843200,
      "free_text": null,
      "mood_code": "EVN",
      "name": null,
      "negationInd": null,
      "negationReason": null,
      "ordinality": null,
      "priority": null,
      "severity": null,
      "specifics": null,
      "start_time": 1302494400,
      "status_code": {
        "SNOMED-CT": [
          "55561003"
        ],
        "HL7 ActStatus": [
          "active"
        ]
      },
      "time": null,
      "type": null
    },
    {
      "_id": "50536a6a709357c7fa00006d",
      "causeOfDeath": null,
      "codes": {
        "SNOMED-CT": [
          "4927003"
        ],
        "ICD-9-CM": [
          "360.11"
        ],
        "ICD-10-CM": [
          "H44.111"
        ]
      },
      "description": "Diagnosis, Active: Uveitis (Code List: 2.16.840.1.113883.3.464.0003.15.02.0040)",
      "end_time": 989294400,
      "free_text": null,
      "mood_code": "EVN",
      "name": null,
      "negationInd": null,
      "negationReason": null,
      "ordinality": null,
      "priority": null,
      "severity": null,
      "specifics": null,
      "start_time": 952146000,
      "status_code": {
        "SNOMED-CT": [
          "55561003"
        ],
        "HL7 ActStatus": [
          "active"
        ]
      },
      "time": null,
      "type": null
    },
    {
      "_id": "50536a6a709357c7fa00006e",
      "causeOfDeath": null,
      "codes": {
        "SNOMED-CT": [
          "51995000"
        ],
        "ICD-9-CM": [
          "364.42"
        ],
        "ICD-10-CM": [
          "H21.1X1"
        ]
      },
      "description": "Diagnosis, Active: Vascular Disorders of Iris and Ciliary Body (Code List: 2.16.840.1.113883.3.464.0003.15.02.0041)",
      "end_time": 1251518400,
      "free_text": null,
      "mood_code": "EVN",
      "name": null,
      "negationInd": null,
      "negationReason": null,
      "ordinality": null,
      "priority": null,
      "severity": null,
      "specifics": null,
      "start_time": 1208232000,
      "status_code": {
        "SNOMED-CT": [
          "55561003"
        ],
        "HL7 ActStatus": [
          "active"
        ]
      },
      "time": null,
      "type": null
    },
    {
      "_id": "50536a6a709357c7fa00006f",
      "causeOfDeath": null,
      "codes": {
        "SNOMED-CT": [
          "22135003"
        ],
        "ICD-9-CM": [
          "371.01"
        ],
        "ICD-10-CM": [
          "H17.00"
        ]
      },
      "description": "Diagnosis, Active: Cloudy Cornea (Code List: 2.16.840.1.113883.3.464.0003.15.02.0017)",
      "end_time": 986875200,
      "free_text": null,
      "mood_code": "EVN",
      "name": null,
      "negationInd": null,
      "negationReason": null,
      "ordinality": null,
      "priority": null,
      "severity": null,
      "specifics": null,
      "start_time": 946011600,
      "status_code": {
        "SNOMED-CT": [
          "55561003"
        ],
        "HL7 ActStatus": [
          "active"
        ]
      },
      "time": null,
      "type": null
    },
    {
      "_id": "50536a6a709357c7fa000070",
      "causeOfDeath": null,
      "codes": {
        "SNOMED-CT": [
          "1151008"
        ],
        "ICD-9-CM": [
          "368.41"
        ],
        "ICD-10-CM": [
          "H53.411"
        ]
      },
      "description": "Diagnosis, Active: Visual Field Defects (Code List: 2.16.840.1.113883.3.464.0003.15.02.0042)",
      "end_time": 1143522000,
      "free_text": null,
      "mood_code": "EVN",
      "name": null,
      "negationInd": null,
      "negationReason": null,
      "ordinality": null,
      "priority": null,
      "severity": null,
      "specifics": null,
      "start_time": 1111467600,
      "status_code": {
        "SNOMED-CT": [
          "55561003"
        ],
        "HL7 ActStatus": [
          "active"
        ]
      },
      "time": null,
      "type": null
    },
    {
      "_id": "50536a6a709357c7fa000071",
      "causeOfDeath": null,
      "codes": {
        "SNOMED-CT": [
          "3598000"
        ],
        "ICD-9-CM": [
          "361.00"
        ],
        "ICD-10-CM": [
          "H33.049"
        ]
      },
      "description": "Diagnosis, Active: Retinal Detachment with Retinal Defect (Code List: 2.16.840.1.113883.3.464.0003.15.02.0043)",
      "end_time": 1024113600,
      "free_text": null,
      "mood_code": "EVN",
      "name": null,
      "negationInd": null,
      "negationReason": null,
      "ordinality": null,
      "priority": null,
      "severity": null,
      "specifics": null,
      "start_time": 843364800,
      "status_code": {
        "SNOMED-CT": [
          "55561003"
        ],
        "HL7 ActStatus": [
          "active"
        ]
      },
      "time": null,
      "type": null
    },
    {
      "_id": "50536a6a709357c7fa000072",
      "causeOfDeath": null,
      "codes": {
        "SNOMED-CT": [
          "776009"
        ],
        "ICD-9-CM": [
          "362.31"
        ],
        "ICD-10-CM": [
          "H34.10"
        ]
      },
      "description": "Diagnosis, Active: Retinal Vascular Occlusion (Code List: 2.16.840.1.113883.3.464.0003.15.02.0044)",
      "end_time": 1224475200,
      "free_text": null,
      "mood_code": "EVN",
      "name": null,
      "negationInd": null,
      "negationReason": null,
      "ordinality": null,
      "priority": null,
      "severity": null,
      "specifics": null,
      "start_time": 1062820800,
      "status_code": {
        "SNOMED-CT": [
          "55561003"
        ],
        "HL7 ActStatus": [
          "active"
        ]
      },
      "time": null,
      "type": null
    },
    {
      "_id": "50536a6a709357c7fa000073",
      "causeOfDeath": null,
      "codes": {
        "SNOMED-CT": [
          "63216003"
        ],
        "ICD-9-CM": [
          "371.60"
        ],
        "ICD-10-CM": [
          "H18.601"
        ]
      },
      "description": "Diagnosis, Active: Prior Penetrating Keratoplasty (Code List: 2.16.840.1.113883.3.464.0003.15.02.0045)",
      "end_time": 1338955200,
      "free_text": null,
      "mood_code": "EVN",
      "name": null,
      "negationInd": null,
      "negationReason": null,
      "ordinality": null,
      "priority": null,
      "severity": null,
      "specifics": null,
      "start_time": 1072674000,
      "status_code": {
        "SNOMED-CT": [
          "55561003"
        ],
        "HL7 ActStatus": [
          "active"
        ]
      },
      "time": null,
      "type": null
    },
    {
      "_id": "50536a6a709357c7fa000074",
      "causeOfDeath": null,
      "codes": {
        "SNOMED-CT": [
          "16096002"
        ],
        "ICD-9-CM": [
          "940.0"
        ],
        "ICD-10-CM": [
          "T26.00XA"
        ]
      },
      "description": "Diagnosis, Active: Burn Confined to Eye and Adnexa (Code List: 2.16.840.1.113883.3.464.0003.15.02.0009)",
      "end_time": 1122091200,
      "free_text": null,
      "mood_code": "EVN",
      "name": null,
      "negationInd": null,
      "negationReason": null,
      "ordinality": null,
      "priority": null,
      "severity": null,
      "specifics": null,
      "start_time": 973486800,
      "status_code": {
        "SNOMED-CT": [
          "55561003"
        ],
        "HL7 ActStatus": [
          "active"
        ]
      },
      "time": null,
      "type": null
    },
    {
      "_id": "50536a6a709357c7fa000075",
      "causeOfDeath": null,
      "codes": {
        "SNOMED-CT": [
          "21818003"
        ],
        "ICD-9-CM": [
          "366.32"
        ],
        "ICD-10-CM": [
          "H26.211"
        ]
      },
      "description": "Diagnosis, Active: Cataract Secondary to Ocular Disorders (Code List: 2.16.840.1.113883.3.464.0003.15.02.0011)",
      "end_time": 1244952000,
      "free_text": null,
      "mood_code": "EVN",
      "name": null,
      "negationInd": null,
      "negationReason": null,
      "ordinality": null,
      "priority": null,
      "severity": null,
      "specifics": null,
      "start_time": 1220241600,
      "status_code": {
        "SNOMED-CT": [
          "55561003"
        ],
        "HL7 ActStatus": [
          "active"
        ]
      },
      "time": null,
      "type": null
    },
    {
      "_id": "50536a6b709357c7fa000076",
      "causeOfDeath": null,
      "codes": {
        "ICD-10-CM": [
          "Q12.0"
        ],
        "SNOMED-CT": [
          "21590003"
        ],
        "ICD-9-CM": [
          "743.30"
        ]
      },
      "description": "Diagnosis, Active: Cataract, Congenital (Code List: 2.16.840.1.113883.3.464.0003.15.02.0012)",
      "end_time": 1291870800,
      "free_text": null,
      "mood_code": "EVN",
      "name": null,
      "negationInd": null,
      "negationReason": null,
      "ordinality": null,
      "priority": null,
      "severity": null,
      "specifics": null,
      "start_time": 1098590400,
      "status_code": {
        "SNOMED-CT": [
          "55561003"
        ],
        "HL7 ActStatus": [
          "active"
        ]
      },
      "time": null,
      "type": null
    },
    {
      "_id": "50536a6b709357c7fa000077",
      "causeOfDeath": null,
      "codes": {
        "SNOMED-CT": [
          "32022003"
        ],
        "ICD-9-CM": [
          "360.21"
        ],
        "ICD-10-CM": [
          "H44.20"
        ]
      },
      "description": "Diagnosis, Active: High Myopia (Code List: 2.16.840.1.113883.3.464.0003.15.02.0025)",
      "end_time": 1230008400,
      "free_text": null,
      "mood_code": "EVN",
      "name": null,
      "negationInd": null,
      "negationReason": null,
      "ordinality": null,
      "priority": null,
      "severity": null,
      "specifics": null,
      "start_time": 998020800,
      "status_code": {
        "SNOMED-CT": [
          "55561003"
        ],
        "HL7 ActStatus": [
          "active"
        ]
      },
      "time": null,
      "type": null
    },
    {
      "_id": "50536a6b709357c7fa000078",
      "causeOfDeath": null,
      "codes": {
        "SNOMED-CT": [
          "849000"
        ],
        "ICD-9-CM": [
          "366.9"
        ],
        "ICD-10-CM": [
          "H26.9"
        ]
      },
      "description": "Diagnosis, Active: Cataract, Mature, Hypermature (Code List: 2.16.840.1.113883.3.464.0003.15.02.0013)",
      "end_time": 1336363200,
      "free_text": null,
      "mood_code": "EVN",
      "name": null,
      "negationInd": null,
      "negationReason": null,
      "ordinality": null,
      "priority": null,
      "severity": null,
      "specifics": null,
      "start_time": 1212638400,
      "status_code": {
        "SNOMED-CT": [
          "55561003"
        ],
        "HL7 ActStatus": [
          "active"
        ]
      },
      "time": null,
      "type": null
    },
    {
      "_id": "50536a6b709357c7fa000079",
      "causeOfDeath": null,
      "codes": {
        "SNOMED-CT": [
          "1412008"
        ],
        "ICD-9-CM": [
          "743.31"
        ],
        "ICD-10-CM": [
          "Q12.0"
        ]
      },
      "description": "Diagnosis, Active: Cataract, Posterior Polar (Code List: 2.16.840.1.113883.3.464.0003.15.02.0014)",
      "end_time": 1347163200,
      "free_text": null,
      "mood_code": "EVN",
      "name": null,
      "negationInd": null,
      "negationReason": null,
      "ordinality": null,
      "priority": null,
      "severity": null,
      "specifics": null,
      "start_time": 1346644800,
      "status_code": {
        "SNOMED-CT": [
          "55561003"
        ],
        "HL7 ActStatus": [
          "active"
        ]
      },
      "time": null,
      "type": null
    },
    {
      "_id": "50536a6b709357c7fa00007a",
      "causeOfDeath": null,
      "codes": {
        "SNOMED-CT": [
          "6869001"
        ],
        "ICD-9-CM": [
          "364.3"
        ],
        "ICD-10-CM": [
          "H20.9"
        ]
      },
      "description": "Diagnosis, Active: Certain Types of Iridocyclitis (Code List: 2.16.840.1.113883.3.464.0003.15.02.0015)",
      "end_time": 947739600,
      "free_text": null,
      "mood_code": "EVN",
      "name": null,
      "negationInd": null,
      "negationReason": null,
      "ordinality": null,
      "priority": null,
      "severity": null,
      "specifics": null,
      "start_time": 828594000,
      "status_code": {
        "SNOMED-CT": [
          "55561003"
        ],
        "HL7 ActStatus": [
          "active"
        ]
      },
      "time": null,
      "type": null
    },
    {
      "_id": "50536a6b709357c7fa00007b",
      "causeOfDeath": null,
      "codes": {
        "SNOMED-CT": [
          "13282008"
        ],
        "ICD-9-CM": [
          "371.00"
        ],
        "ICD-10-CM": [
          "H17.03"
        ]
      },
      "description": "Diagnosis, Active: Corneal Opacity and other Disorders of Cornea (Code List: 2.16.840.1.113883.3.464.0003.15.02.0018)",
      "end_time": 1140152400,
      "free_text": null,
      "mood_code": "EVN",
      "name": null,
      "negationInd": null,
      "negationReason": null,
      "ordinality": null,
      "priority": null,
      "severity": null,
      "specifics": null,
      "start_time": 902808000,
      "status_code": {
        "SNOMED-CT": [
          "55561003"
        ],
        "HL7 ActStatus": [
          "active"
        ]
      },
      "time": null,
      "type": null
    },
    {
      "_id": "50536a6b709357c7fa00007c",
      "causeOfDeath": null,
      "codes": {
        "ICD-10-CM": [
          "H54.0"
        ],
        "ICD-9-CM": [
          "369.00"
        ],
        "SNOMED-CT": [
          "2790002"
        ]
      },
      "description": "Diagnosis, Active: Profound Impairment, Both Eyes (Code List: 2.16.840.1.113883.3.464.0003.15.02.0046)",
      "end_time": 1144814400,
      "free_text": null,
      "mood_code": "EVN",
      "name": null,
      "negationInd": null,
      "negationReason": null,
      "ordinality": null,
      "priority": null,
      "severity": null,
      "specifics": null,
      "start_time": 1130644800,
      "status_code": {
        "SNOMED-CT": [
          "55561003"
        ],
        "HL7 ActStatus": [
          "active"
        ]
      },
      "time": null,
      "type": null
    },
    {
      "_id": "50536a6b709357c7fa00007d",
      "causeOfDeath": null,
      "codes": {
        "SNOMED-CT": [
          "1493002"
        ],
        "ICD-9-CM": [
          "360.00"
        ],
        "ICD-10-CM": [
          "H44.029"
        ]
      },
      "description": "Diagnosis, Active: Purulent Endophthalmitis (Code List: 2.16.840.1.113883.3.464.0003.15.02.0047)",
      "end_time": 1103691600,
      "free_text": null,
      "mood_code": "EVN",
      "name": null,
      "negationInd": null,
      "negationReason": null,
      "ordinality": null,
      "priority": null,
      "severity": null,
      "specifics": null,
      "start_time": 1052798400,
      "status_code": {
        "SNOMED-CT": [
          "55561003"
        ],
        "HL7 ActStatus": [
          "active"
        ]
      },
      "time": null,
      "type": null
    },
    {
      "_id": "50536a6b709357c7fa00007e",
      "causeOfDeath": null,
      "codes": {
        "SNOMED-CT": [
          "1207009"
        ],
        "ICD-9-CM": [
          "377.10"
        ],
        "ICD-10-CM": [
          "H47.20"
        ]
      },
      "description": "Diagnosis, Active: Optic Atrophy (Code List: 2.16.840.1.113883.3.464.0003.15.02.0048)",
      "end_time": 1147752000,
      "free_text": null,
      "mood_code": "EVN",
      "name": null,
      "negationInd": null,
      "negationReason": null,
      "ordinality": null,
      "priority": null,
      "severity": null,
      "specifics": null,
      "start_time": 806644800,
      "status_code": {
        "SNOMED-CT": [
          "55561003"
        ],
        "HL7 ActStatus": [
          "active"
        ]
      },
      "time": null,
      "type": null
    },
    {
      "_id": "50536a6b709357c7fa00007f",
      "causeOfDeath": null,
      "codes": {
        "ICD-10-CM": [
          "H46.00"
        ],
        "SNOMED-CT": [
          "25044007"
        ],
        "ICD-9-CM": [
          "377.30"
        ]
      },
      "description": "Diagnosis, Active: Optic Neuritis (Code List: 2.16.840.1.113883.3.464.0003.15.02.0049)",
      "end_time": 1173844800,
      "free_text": null,
      "mood_code": "EVN",
      "name": null,
      "negationInd": null,
      "negationReason": null,
      "ordinality": null,
      "priority": null,
      "severity": null,
      "specifics": null,
      "start_time": 1079413200,
      "status_code": {
        "SNOMED-CT": [
          "55561003"
        ],
        "HL7 ActStatus": [
          "active"
        ]
      },
      "time": null,
      "type": null
    },
    {
      "_id": "50536a6b709357c7fa000080",
      "causeOfDeath": null,
      "codes": {
        "SNOMED-CT": [
          "7089008"
        ],
        "ICD-9-CM": [
          "362.12"
        ],
        "ICD-10-CM": [
          "H35.029"
        ]
      },
      "description": "Diagnosis, Active: Other Background Retinopathy and Retinal Vascular Changes (Code List: 2.16.840.1.113883.3.464.0003.15.02.0050)",
      "end_time": 1045198800,
      "free_text": null,
      "mood_code": "EVN",
      "name": null,
      "negationInd": null,
      "negationReason": null,
      "ordinality": null,
      "priority": null,
      "severity": null,
      "specifics": null,
      "start_time": 944370000,
      "status_code": {
        "SNOMED-CT": [
          "55561003"
        ],
        "HL7 ActStatus": [
          "active"
        ]
      },
      "time": null,
      "type": null
    },
    {
      "_id": "50536a6b709357c7fa000081",
      "causeOfDeath": null,
      "codes": {
        "SNOMED-CT": [
          "14748007"
        ],
        "ICD-9-CM": [
          "371.70"
        ],
        "ICD-10-CM": [
          "H18.70"
        ]
      },
      "description": "Diagnosis, Active: Other Corneal Deformities (Code List: 2.16.840.1.113883.3.464.0003.15.02.0051)",
      "end_time": 1124596800,
      "free_text": null,
      "mood_code": "EVN",
      "name": null,
      "negationInd": null,
      "negationReason": null,
      "ordinality": null,
      "priority": null,
      "severity": null,
      "specifics": null,
      "start_time": 1099458000,
      "status_code": {
        "SNOMED-CT": [
          "55561003"
        ],
        "HL7 ActStatus": [
          "active"
        ]
      },
      "time": null,
      "type": null
    },
    {
      "_id": "50536a6b709357c7fa000082",
      "causeOfDeath": null,
      "codes": {
        "SNOMED-CT": [
          "63251006"
        ],
        "ICD-9-CM": [
          "379.42"
        ],
        "ICD-10-CM": [
          "H57.03"
        ]
      },
      "description": "Diagnosis, Active: Anomalies of Puillary Function (Code List: 2.16.840.1.113883.3.464.0003.15.02.0007)",
      "end_time": 1308369600,
      "free_text": null,
      "mood_code": "EVN",
      "name": null,
      "negationInd": null,
      "negationReason": null,
      "ordinality": null,
      "priority": null,
      "severity": null,
      "specifics": null,
      "start_time": 927864000,
      "status_code": {
        "SNOMED-CT": [
          "55561003"
        ],
        "HL7 ActStatus": [
          "active"
        ]
      },
      "time": null,
      "type": null
    },
    {
      "_id": "50536a6b709357c7fa000083",
      "causeOfDeath": null,
      "codes": {
        "SNOMED-CT": [
          "14357004"
        ],
        "ICD-9-CM": [
          "377.41"
        ],
        "ICD-10-CM": [
          "H47.019"
        ]
      },
      "description": "Diagnosis, Active: Other Disorders of Optic Nerve (Code List: 2.16.840.1.113883.3.464.0003.15.02.0052)",
      "end_time": 1344052800,
      "free_text": null,
      "mood_code": "EVN",
      "name": null,
      "negationInd": null,
      "negationReason": null,
      "ordinality": null,
      "priority": null,
      "severity": null,
      "specifics": null,
      "start_time": 1229922000,
      "status_code": {
        "SNOMED-CT": [
          "55561003"
        ],
        "HL7 ActStatus": [
          "active"
        ]
      },
      "time": null,
      "type": null
    },
    {
      "_id": "50536a6b709357c7fa000084",
      "causeOfDeath": null,
      "codes": {
        "ICD-9-CM": [
          "360.11"
        ],
        "SNOMED-CT": [
          "12371008"
        ],
        "ICD-10-CM": [
          "H16.241"
        ]
      },
      "description": "Diagnosis, Active: Other Endophthalmitis (Code List: 2.16.840.1.113883.3.464.0003.15.02.0053)",
      "end_time": 1209528000,
      "free_text": null,
      "mood_code": "EVN",
      "name": null,
      "negationInd": null,
      "negationReason": null,
      "ordinality": null,
      "priority": null,
      "severity": null,
      "specifics": null,
      "start_time": 812347200,
      "status_code": {
        "SNOMED-CT": [
          "55561003"
        ],
        "HL7 ActStatus": [
          "active"
        ]
      },
      "time": null,
      "type": null
    },
    {
      "_id": "50536a6b709357c7fa000085",
      "causeOfDeath": null,
      "codes": {
        "SNOMED-CT": [
          "6141006"
        ],
        "ICD-9-CM": [
          "362.81"
        ],
        "ICD-10-CM": [
          "H35.60"
        ]
      },
      "description": "Diagnosis, Active: Other Retinal Disorders (Code List: 2.16.840.1.113883.3.464.0003.15.02.0054)",
      "end_time": 1256875200,
      "free_text": null,
      "mood_code": "EVN",
      "name": null,
      "negationInd": null,
      "negationReason": null,
      "ordinality": null,
      "priority": null,
      "severity": null,
      "specifics": null,
      "start_time": 895982400,
      "status_code": {
        "SNOMED-CT": [
          "55561003"
        ],
        "HL7 ActStatus": [
          "active"
        ]
      },
      "time": null,
      "type": null
    },
    {
      "_id": "50536a6b709357c7fa000086",
      "causeOfDeath": null,
      "codes": {
        "SNOMED-CT": [
          "6313001"
        ],
        "ICD-9-CM": [
          "363.20"
        ],
        "ICD-10-CM": [
          "H30.20"
        ]
      },
      "description": "Diagnosis, Active: Other and Unspecified forms of Chorioretinitis and Retinochoroiditis (Code List: 2.16.840.1.113883.3.464.0003.15.02.0055)",
      "end_time": 1255665600,
      "free_text": null,
      "mood_code": "EVN",
      "name": null,
      "negationInd": null,
      "negationReason": null,
      "ordinality": null,
      "priority": null,
      "severity": null,
      "specifics": null,
      "start_time": 836193600,
      "status_code": {
        "SNOMED-CT": [
          "55561003"
        ],
        "HL7 ActStatus": [
          "active"
        ]
      },
      "time": null,
      "type": null
    },
    {
      "_id": "50536a6b709357c7fa000087",
      "causeOfDeath": null,
      "codes": {
        "ICD-9-CM": [
          "371.20"
        ],
        "ICD-10-CM": [
          "H18.10"
        ],
        "SNOMED-CT": [
          "1794009"
        ]
      },
      "description": "Diagnosis, Active: Corneal Edema (Code List: 2.16.840.1.113883.3.464.0003.15.02.0019)",
      "end_time": 1347076800,
      "free_text": null,
      "mood_code": "EVN",
      "name": null,
      "negationInd": null,
      "negationReason": null,
      "ordinality": null,
      "priority": null,
      "severity": null,
      "specifics": null,
      "start_time": 1346385600,
      "status_code": {
        "SNOMED-CT": [
          "55561003"
        ],
        "HL7 ActStatus": [
          "active"
        ]
      },
      "time": null,
      "type": null
    },
    {
      "_id": "50536a6b709357c7fa000088",
      "causeOfDeath": null,
      "codes": {
        "ICD-9-CM": [
          "379.51"
        ],
        "ICD-10-CM": [
          "H55.01"
        ],
        "SNOMED-CT": [
          "64635004"
        ]
      },
      "description": "Diagnosis, Active: Nystagmus and other Irregular Eye Movements (Code List: 2.16.840.1.113883.3.464.0003.15.02.0056)",
      "end_time": 1174449600,
      "free_text": null,
      "mood_code": "EVN",
      "name": null,
      "negationInd": null,
      "negationReason": null,
      "ordinality": null,
      "priority": null,
      "severity": null,
      "specifics": null,
      "start_time": 1132203600,
      "status_code": {
        "SNOMED-CT": [
          "55561003"
        ],
        "HL7 ActStatus": [
          "active"
        ]
      },
      "time": null,
      "type": null
    },
    {
      "_id": "50536a6b709357c7fa000089",
      "causeOfDeath": null,
      "codes": {
        "SNOMED-CT": [
          "1909000"
        ],
        "ICD-9-CM": [
          "369.10"
        ],
        "ICD-10-CM": [
          "H54.10"
        ]
      },
      "description": "Diagnosis, Active: Moderate or Severe Impairment, Better Eye, Profound Impairment Lesser Eye (Code List: 2.16.840.1.113883.3.464.0003.15.02.0057)",
      "end_time": 1344312000,
      "free_text": null,
      "mood_code": "EVN",
      "name": null,
      "negationInd": null,
      "negationReason": null,
      "ordinality": null,
      "priority": null,
      "severity": null,
      "specifics": null,
      "start_time": 1083384000,
      "status_code": {
        "SNOMED-CT": [
          "55561003"
        ],
        "HL7 ActStatus": [
          "active"
        ]
      },
      "time": null,
      "type": null
    },
    {
      "_id": "50536a6b709357c7fa00008a",
      "causeOfDeath": null,
      "codes": {
        "SNOMED-CT": [
          "15059000"
        ],
        "ICD-9-CM": [
          "362.70"
        ],
        "ICD-10-CM": [
          "E75.6"
        ]
      },
      "description": "Diagnosis, Active: Hereditary Retinal Dystrophies (Code List: 2.16.840.1.113883.3.464.0003.15.02.0058)",
      "end_time": 1251950400,
      "free_text": null,
      "mood_code": "EVN",
      "name": null,
      "negationInd": null,
      "negationReason": null,
      "ordinality": null,
      "priority": null,
      "severity": null,
      "specifics": null,
      "start_time": 906696000,
      "status_code": {
        "SNOMED-CT": [
          "55561003"
        ],
        "HL7 ActStatus": [
          "active"
        ]
      },
      "time": null,
      "type": null
    },
    {
      "_id": "50536a6b709357c7fa00008b",
      "causeOfDeath": null,
      "codes": {
        "ICD-10-CM": [
          "H40.9"
        ],
        "SNOMED-CT": [
          "19309007"
        ],
        "ICD-9-CM": [
          "365.9"
        ]
      },
      "description": "Diagnosis, Active: Glaucoma Associated with Congenital Anomalies, Dystrophies, and Systemic Syndromes (Code List: 2.16.840.1.113883.3.464.0003.15.02.0059)",
      "end_time": 1094616000,
      "free_text": null,
      "mood_code": "EVN",
      "name": null,
      "negationInd": null,
      "negationReason": null,
      "ordinality": null,
      "priority": null,
      "severity": null,
      "specifics": null,
      "start_time": 949208400,
      "status_code": {
        "SNOMED-CT": [
          "55561003"
        ],
        "HL7 ActStatus": [
          "active"
        ]
      },
      "time": null,
      "type": null
    },
    {
      "_id": "50536a6b709357c7fa00008c",
      "causeOfDeath": null,
      "codes": {
        "SNOMED-CT": [
          "6313001"
        ],
        "ICD-9-CM": [
          "363.08"
        ],
        "ICD-10-CM": [
          "H30.009"
        ]
      },
      "description": "Diagnosis, Active: Focal Chorioretinitis and Focal Retinochoroiditis (Code List: 2.16.840.1.113883.3.464.0003.15.02.0060)",
      "end_time": 914562000,
      "free_text": null,
      "mood_code": "EVN",
      "name": null,
      "negationInd": null,
      "negationReason": null,
      "ordinality": null,
      "priority": null,
      "severity": null,
      "specifics": null,
      "start_time": 886395600,
      "status_code": {
        "SNOMED-CT": [
          "55561003"
        ],
        "HL7 ActStatus": [
          "active"
        ]
      },
      "time": null,
      "type": null
    },
    {
      "_id": "50536a6b709357c7fa00008d",
      "causeOfDeath": null,
      "codes": {
        "ICD-10-CM": [
          "H44.40"
        ],
        "SNOMED-CT": [
          "2251002"
        ],
        "ICD-9-CM": [
          "360.30"
        ]
      },
      "description": "Diagnosis, Active: Hypotony of Eye (Code List: 2.16.840.1.113883.3.464.0003.15.02.0026)",
      "end_time": 1334894400,
      "free_text": null,
      "mood_code": "EVN",
      "name": null,
      "negationInd": null,
      "negationReason": null,
      "ordinality": null,
      "priority": null,
      "severity": null,
      "specifics": null,
      "start_time": 836020800,
      "status_code": {
        "SNOMED-CT": [
          "55561003"
        ],
        "HL7 ActStatus": [
          "active"
        ]
      },
      "time": null,
      "type": null
    },
    {
      "_id": "50536a6b709357c7fa00008e",
      "causeOfDeath": null,
      "codes": {
        "ICD-9-CM": [
          "360.20"
        ],
        "SNOMED-CT": [
          "264008"
        ],
        "ICD-10-CM": [
          "E08.39"
        ]
      },
      "description": "Diagnosis, Active: Degenerative Disorders of Globe (Code List: 2.16.840.1.113883.3.464.0003.15.02.0061)",
      "end_time": 1188014400,
      "free_text": null,
      "mood_code": "EVN",
      "name": null,
      "negationInd": null,
      "negationReason": null,
      "ordinality": null,
      "priority": null,
      "severity": null,
      "specifics": null,
      "start_time": 1110862800,
      "status_code": {
        "SNOMED-CT": [
          "55561003"
        ],
        "HL7 ActStatus": [
          "active"
        ]
      },
      "time": null,
      "type": null
    },
    {
      "_id": "50536a6b709357c7fa00008f",
      "causeOfDeath": null,
      "codes": {
        "ICD-10-CM": [
          "H35.30"
        ],
        "ICD-9-CM": [
          "362.50"
        ],
        "SNOMED-CT": [
          "14046000"
        ]
      },
      "description": "Diagnosis, Active: Degeneration of Macula and Posterior Pole (Code List: 2.16.840.1.113883.3.464.0003.15.02.0062)",
      "end_time": 969076800,
      "free_text": null,
      "mood_code": "EVN",
      "name": null,
      "negationInd": null,
      "negationReason": null,
      "ordinality": null,
      "priority": null,
      "severity": null,
      "specifics": null,
      "start_time": 869457600,
      "status_code": {
        "SNOMED-CT": [
          "55561003"
        ],
        "HL7 ActStatus": [
          "active"
        ]
      },
      "time": null,
      "type": null
    },
    {
      "_id": "50536a6b709357c7fa000090",
      "causeOfDeath": null,
      "codes": {
        "ICD-9-CM": [
          "363.10"
        ],
        "SNOMED-CT": [
          "14894002"
        ],
        "ICD-10-CM": [
          "H30.101"
        ]
      },
      "description": "Diagnosis, Active: Disseminated Chorioretinitis and Disseminated Retinochoroiditis (Code List: 2.16.840.1.113883.3.464.0003.15.02.0063)",
      "end_time": 1309406400,
      "free_text": null,
      "mood_code": "EVN",
      "name": null,
      "negationInd": null,
      "negationReason": null,
      "ordinality": null,
      "priority": null,
      "severity": null,
      "specifics": null,
      "start_time": 1306382400,
      "status_code": {
        "SNOMED-CT": [
          "55561003"
        ],
        "HL7 ActStatus": [
          "active"
        ]
      },
      "time": null,
      "type": null
    },
    {
      "_id": "50536a6b709357c7fa000091",
      "causeOfDeath": null,
      "codes": {
        "ICD-10-CM": [
          "E08.311"
        ],
        "ICD-9-CM": [
          "362.01"
        ],
        "SNOMED-CT": [
          "4855003"
        ]
      },
      "description": "Diagnosis, Active: Diabetic Retinopathy (Code List: 2.16.840.1.113883.3.464.0003.15.02.0064)",
      "end_time": 1195880400,
      "free_text": null,
      "mood_code": "EVN",
      "name": null,
      "negationInd": null,
      "negationReason": null,
      "ordinality": null,
      "priority": null,
      "severity": null,
      "specifics": null,
      "start_time": 1046149200,
      "status_code": {
        "SNOMED-CT": [
          "55561003"
        ],
        "HL7 ActStatus": [
          "active"
        ]
      },
      "time": null,
      "type": null
    },
    {
      "_id": "50536a6b709357c7fa000092",
      "causeOfDeath": null,
      "codes": {
        "SNOMED-CT": [
          "312912001"
        ],
        "ICD-9-CM": [
          "362.07"
        ],
        "ICD-10-CM": [
          "E08.311"
        ]
      },
      "description": "Diagnosis, Active: Diabetic Macular Edema (Code List: 2.16.840.1.113883.3.464.0003.15.02.0065)",
      "end_time": 982818000,
      "free_text": null,
      "mood_code": "EVN",
      "name": null,
      "negationInd": null,
      "negationReason": null,
      "ordinality": null,
      "priority": null,
      "severity": null,
      "specifics": null,
      "start_time": 808977600,
      "status_code": {
        "SNOMED-CT": [
          "55561003"
        ],
        "HL7 ActStatus": [
          "active"
        ]
      },
      "time": null,
      "type": null
    },
    {
      "_id": "50536a6b709357c7fa000093",
      "causeOfDeath": null,
      "codes": {
        "SNOMED-CT": [
          "47269005"
        ],
        "ICD-9-CM": [
          "364.60"
        ],
        "ICD-10-CM": [
          "H21.301"
        ]
      },
      "description": "Diagnosis, Active: Cysts of Iris, Ciliary Body, and Anterior Chamber (Code List: 2.16.840.1.113883.3.464.0003.15.02.0020)",
      "end_time": 1197349200,
      "free_text": null,
      "mood_code": "EVN",
      "name": null,
      "negationInd": null,
      "negationReason": null,
      "ordinality": null,
      "priority": null,
      "severity": null,
      "specifics": null,
      "start_time": 898660800,
      "status_code": {
        "SNOMED-CT": [
          "55561003"
        ],
        "HL7 ActStatus": [
          "active"
        ]
      },
      "time": null,
      "type": null
    },
    {
      "_id": "50536a6b709357c7fa000094",
      "causeOfDeath": null,
      "codes": {
        "ICD-9-CM": [
          "377.51"
        ],
        "ICD-10-CM": [
          "H47.41"
        ],
        "SNOMED-CT": [
          "7869006"
        ]
      },
      "description": "Diagnosis, Active: Disorders of Optic Chiasm (Code List: 2.16.840.1.113883.3.464.0003.15.02.0066)",
      "end_time": 1274241600,
      "free_text": null,
      "mood_code": "EVN",
      "name": null,
      "negationInd": null,
      "negationReason": null,
      "ordinality": null,
      "priority": null,
      "severity": null,
      "specifics": null,
      "start_time": 1211688000,
      "status_code": {
        "SNOMED-CT": [
          "55561003"
        ],
        "HL7 ActStatus": [
          "active"
        ]
      },
      "time": null,
      "type": null
    },
    {
      "_id": "50536a6b709357c7fa000095",
      "causeOfDeath": null,
      "codes": {
        "SNOMED-CT": [
          "43727009"
        ],
        "ICD-9-CM": [
          "377.75"
        ],
        "ICD-10-CM": [
          "H47.611"
        ]
      },
      "description": "Diagnosis, Active: Disorders of Visual Cortex (Code List: 2.16.840.1.113883.3.464.0003.15.02.0067)",
      "end_time": 1109739600,
      "free_text": null,
      "mood_code": "EVN",
      "name": null,
      "negationInd": null,
      "negationReason": null,
      "ordinality": null,
      "priority": null,
      "severity": null,
      "specifics": null,
      "start_time": 845265600,
      "status_code": {
        "SNOMED-CT": [
          "55561003"
        ],
        "HL7 ActStatus": [
          "active"
        ]
      },
      "time": null,
      "type": null
    },
    {
      "_id": "50536a6b709357c7fa000096",
      "causeOfDeath": null,
      "codes": {
        "SNOMED-CT": [
          "19871000"
        ],
        "ICD-9-CM": [
          "363.43"
        ],
        "ICD-10-CM": [
          "H35.33"
        ]
      },
      "description": "Diagnosis, Active: Choroidal Degenerations (Code List: 2.16.840.1.113883.3.464.0003.15.02.0068)",
      "end_time": 1254628800,
      "free_text": null,
      "mood_code": "EVN",
      "name": null,
      "negationInd": null,
      "negationReason": null,
      "ordinality": null,
      "priority": null,
      "severity": null,
      "specifics": null,
      "start_time": 1204347600,
      "status_code": {
        "SNOMED-CT": [
          "55561003"
        ],
        "HL7 ActStatus": [
          "active"
        ]
      },
      "time": null,
      "type": null
    },
    {
      "_id": "50536a6b709357c7fa000097",
      "causeOfDeath": null,
      "codes": {
        "ICD-10-CM": [
          "H31.411"
        ],
        "SNOMED-CT": [
          "19031009"
        ],
        "ICD-9-CM": [
          "363.72"
        ]
      },
      "description": "Diagnosis, Active: Choroidal Detachment (Code List: 2.16.840.1.113883.3.464.0003.15.02.0069)",
      "end_time": 1308542400,
      "free_text": null,
      "mood_code": "EVN",
      "name": null,
      "negationInd": null,
      "negationReason": null,
      "ordinality": null,
      "priority": null,
      "severity": null,
      "specifics": null,
      "start_time": 1159934400,
      "status_code": {
        "SNOMED-CT": [
          "55561003"
        ],
        "HL7 ActStatus": [
          "active"
        ]
      },
      "time": null,
      "type": null
    },
    {
      "_id": "50536a6b709357c7fa000098",
      "causeOfDeath": null,
      "codes": {
        "ICD-10-CM": [
          "S04.011A"
        ],
        "ICD-9-CM": [
          "950.0"
        ],
        "SNOMED-CT": [
          "48233004"
        ]
      },
      "description": "Diagnosis, Active: Injury to Optic Nerve and Pathways (Code List: 2.16.840.1.113883.3.464.0003.15.02.0027)",
      "end_time": 1028433600,
      "free_text": null,
      "mood_code": "EVN",
      "name": null,
      "negationInd": null,
      "negationReason": null,
      "ordinality": null,
      "priority": null,
      "severity": null,
      "specifics": null,
      "start_time": 914130000,
      "status_code": {
        "SNOMED-CT": [
          "55561003"
        ],
        "HL7 ActStatus": [
          "active"
        ]
      },
      "time": null,
      "type": null
    },
    {
      "_id": "50536a6b709357c7fa000099",
      "causeOfDeath": null,
      "codes": {
        "SNOMED-CT": [
          "122003"
        ],
        "ICD-9-CM": [
          "363.61"
        ],
        "ICD-10-CM": [
          "H31.301"
        ]
      },
      "description": "Diagnosis, Active: Choroidal Hemorrhage and Rupture (Code List: 2.16.840.1.113883.3.464.0003.15.02.0070)",
      "end_time": 1215316800,
      "free_text": null,
      "mood_code": "EVN",
      "name": null,
      "negationInd": null,
      "negationReason": null,
      "ordinality": null,
      "priority": null,
      "severity": null,
      "specifics": null,
      "start_time": 1116907200,
      "status_code": {
        "SNOMED-CT": [
          "55561003"
        ],
        "HL7 ActStatus": [
          "active"
        ]
      },
      "time": null,
      "type": null
    },
    {
      "_id": "50536a6b709357c7fa00009a",
      "causeOfDeath": null,
      "codes": {
        "SNOMED-CT": [
          "7366009"
        ],
        "ICD-9-CM": [
          "363.30"
        ],
        "ICD-10-CM": [
          "H31.009"
        ]
      },
      "description": "Diagnosis, Active: Chorioretinal Scars (Code List: 2.16.840.1.113883.3.464.0003.15.02.0071)",
      "end_time": 1258779600,
      "free_text": null,
      "mood_code": "EVN",
      "name": null,
      "negationInd": null,
      "negationReason": null,
      "ordinality": null,
      "priority": null,
      "severity": null,
      "specifics": null,
      "start_time": 800078400,
      "status_code": {
        "SNOMED-CT": [
          "55561003"
        ],
        "HL7 ActStatus": [
          "active"
        ]
      },
      "time": null,
      "type": null
    },
    {
      "_id": "50536a6b709357c7fa00009b",
      "causeOfDeath": null,
      "codes": {
        "SNOMED-CT": [
          "965003"
        ],
        "ICD-9-CM": [
          "368.01"
        ],
        "ICD-10-CM": [
          "H53.029"
        ]
      },
      "description": "Diagnosis, Active: Amblyopia (Code List: 2.16.840.1.113883.3.464.0003.15.02.0072)",
      "end_time": 891752400,
      "free_text": null,
      "mood_code": "EVN",
      "name": null,
      "negationInd": null,
      "negationReason": null,
      "ordinality": null,
      "priority": null,
      "severity": null,
      "specifics": null,
      "start_time": 830577600,
      "status_code": {
        "SNOMED-CT": [
          "55561003"
        ],
        "HL7 ActStatus": [
          "active"
        ]
      },
      "time": null,
      "type": null
    },
    {
      "_id": "50536a6b709357c7fa00009d",
      "causeOfDeath": null,
      "codes": {
        "SNOMED-CT": [
          "14858001"
        ],
        "ICD-9-CM": [
          "376.50"
        ],
        "ICD-10-CM": [
          "H05.401"
        ]
      },
      "description": "Diagnosis, Active: Enophthalmos (Code List: 2.16.840.1.113883.3.464.0003.15.02.0021)",
      "end_time": 1334721600,
      "free_text": null,
      "mood_code": "EVN",
      "name": null,
      "negationInd": null,
      "negationReason": null,
      "ordinality": null,
      "priority": null,
      "severity": null,
      "specifics": null,
      "start_time": 1297573200,
      "status_code": {
        "SNOMED-CT": [
          "55561003"
        ],
        "HL7 ActStatus": [
          "active"
        ]
      },
      "time": null,
      "type": null
    },
    {
      "_id": "50536a6b709357c7fa00009e",
      "causeOfDeath": null,
      "codes": {
        "ICD-10-CM": [
          "H40.20"
        ],
        "SNOMED-CT": [
          "10100008"
        ],
        "ICD-9-CM": [
          "365.20"
        ]
      },
      "description": "Diagnosis, Active: Glaucoma (Code List: 2.16.840.1.113883.3.464.0003.15.02.0022)",
      "end_time": 1261198800,
      "free_text": null,
      "mood_code": "EVN",
      "name": null,
      "negationInd": null,
      "negationReason": null,
      "ordinality": null,
      "priority": null,
      "severity": null,
      "specifics": null,
      "start_time": 794379600,
      "status_code": {
        "SNOMED-CT": [
          "55561003"
        ],
        "HL7 ActStatus": [
          "active"
        ]
      },
      "time": null,
      "type": null
    },
    {
      "_id": "50536a6b709357c7fa00009f",
      "causeOfDeath": null,
      "codes": {
        "SNOMED-CT": [
          "1674008"
        ],
        "ICD-9-CM": [
          "371.50"
        ],
        "ICD-10-CM": [
          "H18.50"
        ]
      },
      "description": "Diagnosis, Active: Hereditary Corneal Dystrophies (Code List: 2.16.840.1.113883.3.464.0003.15.02.0023)",
      "end_time": 1216612800,
      "free_text": null,
      "mood_code": "EVN",
      "name": null,
      "negationInd": null,
      "negationReason": null,
      "ordinality": null,
      "priority": null,
      "severity": null,
      "specifics": null,
      "start_time": 1203224400,
      "status_code": {
        "SNOMED-CT": [
          "55561003"
        ],
        "HL7 ActStatus": [
          "active"
        ]
      },
      "time": null,
      "type": null
    },
    {
      "_id": "50536a6b709357c7fa0000a0",
      "causeOfDeath": null,
      "codes": {
        "ICD-10-CM": [
          "H16.019"
        ],
        "SNOMED-CT": [
          "42513006"
        ],
        "ICD-9-CM": [
          "370.03"
        ]
      },
      "description": "Diagnosis, Active: Keratitis (Code List: 2.16.840.1.113883.3.464.0003.15.02.0028)",
      "end_time": 1076648400,
      "free_text": null,
      "mood_code": "EVN",
      "name": null,
      "negationInd": null,
      "negationReason": null,
      "ordinality": null,
      "priority": null,
      "severity": null,
      "specifics": null,
      "start_time": 945406800,
      "status_code": {
        "SNOMED-CT": [
          "55561003"
        ],
        "HL7 ActStatus": [
          "active"
        ]
      },
      "time": null,
      "type": null
    },
    {
      "_id": "50536a6b709357c7fa0000a1",
      "causeOfDeath": null,
      "codes": {
        "ICD-9-CM": [
          "871.0"
        ],
        "SNOMED-CT": [
          "1869002"
        ],
        "ICD-10-CM": [
          "S05.10XA"
        ]
      },
      "description": "Diagnosis, Active: Open Wound of Eyeball (Code List: 2.16.840.1.113883.3.464.0003.15.02.0029)",
      "end_time": 1312257600,
      "free_text": null,
      "mood_code": "EVN",
      "name": null,
      "negationInd": null,
      "negationReason": null,
      "ordinality": null,
      "priority": null,
      "severity": null,
      "specifics": null,
      "start_time": 1186372800,
      "status_code": {
        "SNOMED-CT": [
          "55561003"
        ],
        "HL7 ActStatus": [
          "active"
        ]
      },
      "time": null,
      "type": null
    },
    {
      "_id": "50536a6b709357c7fa0000a2",
      "causeOfDeath": null,
      "codes": {
        "ICD-10-CM": [
          "H21.81"
        ],
        "ICD-9-CM": [
          "364.81"
        ],
        "SNOMED-CT": [
          "232080006"
        ]
      },
      "description": "Diagnosis, Active: Other Disorders of Iris and Ciliary Body (Code List: 2.16.840.1.113883.3.464.0003.15.02.0030)",
      "end_time": 1069477200,
      "free_text": null,
      "mood_code": "EVN",
      "name": null,
      "negationInd": null,
      "negationReason": null,
      "ordinality": null,
      "priority": null,
      "severity": null,
      "specifics": null,
      "start_time": 866088000,
      "status_code": {
        "SNOMED-CT": [
          "55561003"
        ],
        "HL7 ActStatus": [
          "active"
        ]
      },
      "time": null,
      "type": null
    }
  ],
  "deathdate": null,
  "effective_time": null,
  "elimination_population": null,
  "elimination_reason": null,
  "ethnicity": "2186-5",
  "expired": null,
  "first": "Judith",
  "gender": "F",
  "languages": [
    "en-US"
  ],
  "last": "Norman",
  "marital_status": null,
  "measure_id": null,
  "measure_ids": null,
  "medical_record_number": "3079087475",
  "medications": [
    {
      "_id": "50536a6b709357c7fa00009c",
      "administrationTiming": null,
      "codes": {
        "RxNorm": [
          "150752"
        ]
      },
      "cumulativeMedicationDuration": null,
      "deliveryMethod": null,
      "description": "Medication, Active: Systemic Sympathetic alpha-1a Antagonist Medication (Code List: 2.16.840.1.113883.3.464.0003.96.02.0002)",
      "dose": null,
      "doseIndicator": null,
      "doseRestriction": null,
      "end_time": 1315713600,
      "freeTextSig": null,
      "free_text": null,
      "fulfillmentInstructions": null,
      "indication": null,
      "mood_code": "EVN",
      "negationInd": null,
      "negationReason": null,
      "patientInstructions": null,
      "productForm": null,
      "reaction": null,
      "route": null,
      "site": null,
      "specifics": null,
      "start_time": 1192680000,
      "statusOfMedication": null,
      "status_code": {
        "SNOMED-CT": [
          "55561003"
        ],
        "HL7 ActStatus": [
          "active"
        ]
      },
      "time": null,
      "typeOfMedication": null,
      "vehicle": null
    }
  ],
  "procedures": [
    {
      "_id": "50536a6a709357c7fa00005e",
      "codes": {
        "SNOMED-CT": [
          "87021001"
        ],
        "CPT": [
          "67036"
        ]
      },
      "description": "Procedure, Performed: Prior Pars Plana Vitrectomy (Code List: 2.16.840.1.113883.3.464.0003.15.02.0033)",
      "end_time": 1293771600,
      "free_text": null,
      "mood_code": "EVN",
      "negationInd": null,
      "negationReason": null,
      "performer_id": null,
      "site": null,
      "specifics": null,
      "start_time": 1272945600,
      "status_code": null,
      "time": null
    },
    {
      "_id": "50536a6a709357c7fa00005f",
      "codes": {
        "SNOMED-CT": [
          "5130002"
        ],
        "CPT": [
          "66840"
        ]
      },
      "description": "Cataract Surgery (Code List: 2.16.840.1.113883.3.464.0003.15.02.0010)",
      "end_time": 1253246400,
      "free_text": null,
      "mood_code": "EVN",
      "negationInd": null,
      "negationReason": null,
      "performer_id": null,
      "site": null,
      "specifics": null,
      "start_time": 960609600,
      "status_code": null,
      "time": null
    }
  ],
  "race": "2106-3",
  "religious_affilication": null,
  "results": [
    {
      "_id": "50536a6b709357c7fa0000a3",
      "codes": {
        "SNOMED-CT": [
          "422497000"
        ]
      },
      "description": "Diagnostic Study, Result: Visual acuity 20/40 or Better (Code List: 2.16.840.1.113883.3.464.0003.15.02.0084)",
      "end_time": 1313121600,
      "free_text": null,
      "interpretation": null,
      "mood_code": "EVN",
      "negationInd": null,
      "negationReason": null,
      "referenceRange": null,
      "specifics": null,
      "start_time": 798609600,
      "status_code": null,
      "time": null
    }
  ],
  "source_data_criteria": null,
  "test_id": null,
  "title": null
}