{
  "_id": "50536a6b709357c7fa0001a6",
  "birthdate": 1112932800,
  "clinicalTrialParticipant": null,
  "conditions": [
    {
      "_id": "50536a6b709357c7fa0001a7",
      "causeOfDeath": null,
      "codes": {
        "SNOMED-CT": [
          "11687002"
        ],
        "ICD-10-CM": [
          "O24.410"
        ]
      },
      "description": "Diagnosis, Active: Gestational Diabetes (Code List: 2.16.840.1.113883.3.464.0003.03.02.0010)",
      "end_time": 1346817600,
      "free_text": null,
      "mood_code": "EVN",
      "name": null,
      "negationInd": null,
      "negationReason": null,
      "ordinality": null,
      "priority": null,
      "severity": null,
      "specifics": null,
      "start_time": 1288497600,
      "status_code": {
        "SNOMED-CT": [
          "55561003"
        ],
        "HL7 ActStatus": [
          "active"
        ]
      },
      "time": null,
      "type": null
    },
    {
      "_id": "50536a6b709357c7fa0001a9",
      "causeOfDeath": null,
      "codes": {
        "ICD-9-CM": [
          "250.00"
        ],
        "ICD-10-CM": [
          "E10.8"
        ],
        "SNOMED-CT": [
          "4783006"
        ]
      },
      "description": "Diagnosis, Active: Diabetes (Code List: 2.16.840.1.113883.3.464.0003.03.02.0001)",
      "end_time": 1213761600,
      "free_text": null,
      "mood_code": "EVN",
      "name": null,
      "negationInd": null,
      "negationReason": null,
      "ordinality": null,
      "priority": null,
      "severity": null,
      "specifics": null,
      "start_time": 947739600,
      "status_code": {
        "SNOMED-CT": [
          "55561003"
        ],
        "HL7 ActStatus": [
          "active"
        ]
      },
      "time": null,
      "type": null
    }
  ],
  "deathdate": null,
  "effective_time": null,
  "elimination_population": null,
  "elimination_reason": null,
  "ethnicity": "2186-5",
  "expired": null,
  "first": "Julia",
  "gender": "F",
  "languages": [
    "en-US"
  ],
  "last": "Malone",
  "marital_status": null,
  "measure_id": null,
  "measure_ids": null,
  "medical_record_number": "6901796816",
  "race": "2106-3",
  "religious_affilication": null,
  "source_data_criteria": null,
  "test_id": null,
  "title": null,
  "vital_signs": [
    {
      "_id": "50536a6b709357c7fa0001a8",
      "codes": {
        "LOINC": [
          "13457-7"
        ]
      },
      "description": "LDL-C Laboratory Test (Code List: 2.16.840.1.113883.3.526.03.1248)",
      "end_time": 1216958400,
      "free_text": null,
      "interpretation": null,
      "mood_code": "EVN",
      "negationInd": null,
      "negationReason": null,
      "referenceRange": null,
      "specifics": null,
      "start_time": 1138770000,
      "status_code": null,
      "time": null
    }
  ]
}