{
  "_id": "50536a6a709357c7fa000019",
  "birthdate": 854168400,
  "clinicalTrialParticipant": null,
  "conditions": [
    {
      "_id": "50536a6a709357c7fa00001a",
      "causeOfDeath": null,
      "codes": {
        "SNOMED-CT": [
          "3038009"
        ],
        "ICD-9-CM": [
          "683"
        ],
        "ICD-10-CM": [
          "L02.327"
        ]
      },
      "description": "Diagnosis, Active: Competing Conditions for Respiratory Conditions (Code List: 2.16.840.1.113883.3.464.0003.02.02.0017)",
      "end_time": 1346644800,
      "free_text": null,
      "mood_code": "EVN",
      "name": null,
      "negationInd": null,
      "negationReason": null,
      "ordinality": null,
      "priority": null,
      "severity": null,
      "specifics": null,
      "start_time": 1345435200,
      "status_code": {
        "SNOMED-CT": [
          "55561003"
        ],
        "HL7 ActStatus": [
          "active"
        ]
      },
      "time": null,
      "type": null
    },
    {
      "_id": "50536a6a709357c7fa00001b",
      "causeOfDeath": null,
      "codes": {
        "ICD-10-CM": [
          "J00"
        ],
        "SNOMED-CT": [
          "54150009"
        ],
        "ICD-9-CM": [
          "460"
        ]
      },
      "description": "Upper Respiratory Infection (Code List: 2.16.840.1.113883.3.464.0003.02.02.0022)",
      "end_time": 1343707200,
      "free_text": null,
      "mood_code": "EVN",
      "name": null,
      "negationInd": null,
      "negationReason": null,
      "ordinality": null,
      "priority": null,
      "severity": null,
      "specifics": null,
      "start_time": 1331956800,
      "status_code": {
        "SNOMED-CT": [
          "55561003"
        ],
        "HL7 ActStatus": [
          "active"
        ]
      },
      "time": null,
      "type": null
    }
  ],
  "deathdate": null,
  "effective_time": null,
  "elimination_population": null,
  "elimination_reason": null,
  "encounters": [
    {
      "_id": "50536a6a709357c7fa00001d",
      "admitType": null,
      "admit_time": null,
      "codes": {
        "CPT": [
          "99201"
        ]
      },
      "description": "Encounter, Performed: Office Visit (Code List: 2.16.840.1.113883.3.464.0003.01.02.0001)",
      "dischargeDisposition": null,
      "discharge_time": null,
      "end_time": 1168146000,
      "free_text": null,
      "mood_code": "EVN",
      "negationInd": null,
      "negationReason": null,
      "performer_id": null,
      "specifics": null,
      "start_time": 1159934400,
      "status_code": null,
      "time": null
    },
    {
      "_id": "50536a6a709357c7fa00001e",
      "admitType": null,
      "admit_time": null,
      "codes": {
        "CPT": [
          "99241"
        ]
      },
      "description": "Encounter, Performed: Outpatient Consultation (Code List: 2.16.840.1.113883.3.464.0003.01.02.0008)",
      "dischargeDisposition": null,
      "discharge_time": null,
      "end_time": 1228194000,
      "free_text": null,
      "mood_code": "EVN",
      "negationInd": null,
      "negationReason": null,
      "performer_id": null,
      "specifics": null,
      "start_time": 1222401600,
      "status_code": null,
      "time": null
    },
    {
      "_id": "50536a6a709357c7fa00001f",
      "admitType": null,
      "admit_time": null,
      "codes": {
        "CPT": [
          "99281"
        ]
      },
      "description": "Encounter, Performed: Emergency Department Visit (Code List: 2.16.840.1.113883.3.464.0003.01.02.0010)",
      "dischargeDisposition": null,
      "discharge_time": null,
      "end_time": 1206590400,
      "free_text": null,
      "mood_code": "EVN",
      "negationInd": null,
      "negationReason": null,
      "performer_id": null,
      "specifics": null,
      "start_time": 1179115200,
      "status_code": null,
      "time": null
    },
    {
      "_id": "50536a6a709357c7fa000020",
      "admitType": null,
      "admit_time": null,
      "codes": {
        "CPT": [
          "99381"
        ]
      },
      "description": "Encounter, Performed: Preventive Care- Initial Office Visit, 0 to 17 (Code List: 2.16.840.1.113883.3.464.0003.01.02.0022)",
      "dischargeDisposition": null,
      "discharge_time": null,
      "end_time": 1218340800,
      "free_text": null,
      "mood_code": "EVN",
      "negationInd": null,
      "negationReason": null,
      "performer_id": null,
      "specifics": null,
      "start_time": 924926400,
      "status_code": null,
      "time": null
    },
    {
      "_id": "50536a6a709357c7fa000021",
      "admitType": null,
      "admit_time": null,
      "codes": {
        "CPT": [
          "99401"
        ]
      },
      "description": "Encounter, Performed: Preventive Care Services-Individual Counseling (Code List: 2.16.840.1.113883.3.464.0003.01.02.0026)",
      "dischargeDisposition": null,
      "discharge_time": null,
      "end_time": 1315886400,
      "free_text": null,
      "mood_code": "EVN",
      "negationInd": null,
      "negationReason": null,
      "performer_id": null,
      "specifics": null,
      "start_time": 952059600,
      "status_code": null,
      "time": null
    },
    {
      "_id": "50536a6a709357c7fa000022",
      "admitType": null,
      "admit_time": null,
      "codes": {
        "CPT": [
          "99411"
        ]
      },
      "description": "Encounter, Performed: Preventive Care Services - Group Counseling (Code List: 2.16.840.1.113883.3.464.0003.01.02.0027)",
      "dischargeDisposition": null,
      "discharge_time": null,
      "end_time": 1251864000,
      "free_text": null,
      "mood_code": "EVN",
      "negationInd": null,
      "negationReason": null,
      "performer_id": null,
      "specifics": null,
      "start_time": 1125720000,
      "status_code": null,
      "time": null
    },
    {
      "_id": "50536a6a709357c7fa000023",
      "admitType": null,
      "admit_time": null,
      "codes": {
        "CPT": [
          "99391"
        ]
      },
      "description": "Encounter, Performed: Preventive Care - Established Office Visit, 0 to 17 (Code List: 2.16.840.1.113883.3.464.0003.01.02.0024)",
      "dischargeDisposition": null,
      "discharge_time": null,
      "end_time": 1306209600,
      "free_text": null,
      "mood_code": "EVN",
      "negationInd": null,
      "negationReason": null,
      "performer_id": null,
      "specifics": null,
      "start_time": 1249876800,
      "status_code": null,
      "time": null
    },
    {
      "_id": "50536a6a709357c7fa000024",
      "admitType": null,
      "admit_time": null,
      "codes": {
        "CPT": [
          "99218"
        ]
      },
      "description": "Encounter, Performed: Hospital Observation Care - Initial (Code List: 2.16.840.1.113883.3.464.0003.01.02.0002)",
      "dischargeDisposition": null,
      "discharge_time": null,
      "end_time": 1195016400,
      "free_text": null,
      "mood_code": "EVN",
      "negationInd": null,
      "negationReason": null,
      "performer_id": null,
      "specifics": null,
      "start_time": 1137214800,
      "status_code": null,
      "time": null
    },
    {
      "_id": "50536a6a709357c7fa000025",
      "admitType": null,
      "admit_time": null,
      "codes": {
        "SNOMED-CT": [
          "4525004"
        ]
      },
      "description": "Encounter, Performed: Face-to-Face Interaction (Code List: 2.16.840.1.113883.3.464.0003.01.02.0048)",
      "dischargeDisposition": null,
      "discharge_time": null,
      "end_time": 1327381200,
      "free_text": null,
      "mood_code": "EVN",
      "negationInd": null,
      "negationReason": null,
      "performer_id": null,
      "specifics": null,
      "start_time": 1031803200,
      "status_code": null,
      "time": null
    }
  ],
  "ethnicity": "2186-5",
  "expired": null,
  "first": "Julie",
  "gender": "F",
  "languages": [
    "en-US"
  ],
  "last": "Curtis",
  "marital_status": null,
  "measure_id": null,
  "measure_ids": null,
  "medical_record_number": "8141449695",
  "medications": [
    {
      "_id": "50536a6a709357c7fa00001c",
      "administrationTiming": null,
      "codes": {
        "RxNorm": [
          "102769"
        ]
      },
      "cumulativeMedicationDuration": null,
      "deliveryMethod": null,
      "description": "Medication, Dispensed: Antibiotic Medications (Code List: 2.16.840.1.113883.3.464.0003.96.02.0001)",
      "dose": null,
      "doseIndicator": null,
      "doseRestriction": null,
      "end_time": 983422800,
      "freeTextSig": null,
      "free_text": null,
      "fulfillmentInstructions": null,
      "indication": null,
      "mood_code": "EVN",
      "negationInd": null,
      "negationReason": null,
      "patientInstructions": null,
      "productForm": null,
      "reaction": null,
      "route": null,
      "site": null,
      "specifics": null,
      "start_time": 976770000,
      "statusOfMedication": null,
      "status_code": null,
      "time": null,
      "typeOfMedication": null,
      "vehicle": null
    }
  ],
  "race": "2106-3",
  "religious_affilication": null,
  "source_data_criteria": null,
  "test_id": null,
  "title": null
}