{
  "_id": "50536a6b709357c7fa0001f1",
  "birthdate": 1009688400,
  "clinicalTrialParticipant": null,
  "conditions": [
    {
      "_id": "50536a6b709357c7fa0001fc",
      "causeOfDeath": null,
      "codes": {
        "ICD-9-CM": [
          "365.10"
        ],
        "ICD-10-CM": [
          "H40.10"
        ],
        "SNOMED-CT": [
          "48705003"
        ]
      },
      "description": "Diagnosis, Active: Primary Open Angle Glaucoma (POAG) (Code List: 2.16.840.1.113883.3.526.03.326)",
      "end_time": 1338091200,
      "free_text": null,
      "mood_code": "EVN",
      "name": null,
      "negationInd": null,
      "negationReason": null,
      "ordinality": null,
      "priority": null,
      "severity": null,
      "specifics": null,
      "start_time": 1277352000,
      "status_code": {
        "SNOMED-CT": [
          "55561003"
        ],
        "HL7 ActStatus": [
          "active"
        ]
      },
      "time": null,
      "type": null
    }
  ],
  "deathdate": null,
  "effective_time": null,
  "elimination_population": null,
  "elimination_reason": null,
  "encounters": [
    {
      "_id": "50536a6b709357c7fa0001f3",
      "admitType": null,
      "admit_time": null,
      "codes": {
        "CPT": [
          "92002"
        ]
      },
      "description": "Ophthalmological Services (Code List: 2.16.840.1.113883.3.526.03.1285)",
      "dischargeDisposition": null,
      "discharge_time": null,
      "end_time": 1093060800,
      "free_text": null,
      "mood_code": "EVN",
      "negationInd": null,
      "negationReason": null,
      "performer_id": null,
      "specifics": null,
      "start_time": 929764800,
      "status_code": null,
      "time": null
    },
    {
      "_id": "50536a6b709357c7fa0001f4",
      "admitType": null,
      "admit_time": null,
      "codes": {
        "CPT": [
          "99324"
        ]
      },
      "description": "Care Services in Long-Term Residential Facility (Code List: 2.16.840.1.113883.3.464.0003.01.02.0014)",
      "dischargeDisposition": null,
      "discharge_time": null,
      "end_time": 1297227600,
      "free_text": null,
      "mood_code": "EVN",
      "negationInd": null,
      "negationReason": null,
      "performer_id": null,
      "specifics": null,
      "start_time": 863236800,
      "status_code": null,
      "time": null
    },
    {
      "_id": "50536a6b709357c7fa0001f5",
      "admitType": null,
      "admit_time": null,
      "codes": {
        "CPT": [
          "99304"
        ]
      },
      "description": "Nursing Facility Visit (Code List: 2.16.840.1.113883.3.464.0003.01.02.0012)",
      "dischargeDisposition": null,
      "discharge_time": null,
      "end_time": 830750400,
      "free_text": null,
      "mood_code": "EVN",
      "negationInd": null,
      "negationReason": null,
      "performer_id": null,
      "specifics": null,
      "start_time": 812260800,
      "status_code": null,
      "time": null
    },
    {
      "_id": "50536a6b709357c7fa0001f6",
      "admitType": null,
      "admit_time": null,
      "codes": {
        "CPT": [
          "99201"
        ]
      },
      "description": "Office Visit (Code List: 2.16.840.1.113883.3.464.0003.01.02.0001)",
      "dischargeDisposition": null,
      "discharge_time": null,
      "end_time": 1300334400,
      "free_text": null,
      "mood_code": "EVN",
      "negationInd": null,
      "negationReason": null,
      "performer_id": null,
      "specifics": null,
      "start_time": 1130126400,
      "status_code": null,
      "time": null
    },
    {
      "_id": "50536a6b709357c7fa0001f7",
      "admitType": null,
      "admit_time": null,
      "codes": {
        "CPT": [
          "99241"
        ]
      },
      "description": "Outpatient Consultation (Code List: 2.16.840.1.113883.3.464.0003.01.02.0008)",
      "dischargeDisposition": null,
      "discharge_time": null,
      "end_time": 1326603600,
      "free_text": null,
      "mood_code": "EVN",
      "negationInd": null,
      "negationReason": null,
      "performer_id": null,
      "specifics": null,
      "start_time": 1288065600,
      "status_code": null,
      "time": null
    },
    {
      "_id": "50536a6b709357c7fa0001f8",
      "admitType": null,
      "admit_time": null,
      "codes": {
        "SNOMED-CT": [
          "4525004"
        ]
      },
      "description": "Face-to-Face Interaction (Code List: 2.16.840.1.113883.3.464.0003.01.02.0048)",
      "dischargeDisposition": null,
      "discharge_time": null,
      "end_time": 1310270400,
      "free_text": null,
      "mood_code": "EVN",
      "negationInd": null,
      "negationReason": null,
      "performer_id": null,
      "specifics": null,
      "start_time": 1055736000,
      "status_code": null,
      "time": null
    },
    {
      "_id": "50536a6b709357c7fa0001fd",
      "admitType": null,
      "admit_time": null,
      "codes": {
        "SNOMED-CT": [
          "4525004"
        ]
      },
      "description": "Encounter, Performed: Patient Provider Interaction (Code List: 2.16.840.1.113883.3.526.03.1012)",
      "dischargeDisposition": null,
      "discharge_time": null,
      "end_time": 1284091200,
      "free_text": null,
      "mood_code": "EVN",
      "negationInd": null,
      "negationReason": null,
      "performer_id": null,
      "specifics": null,
      "start_time": 1039410000,
      "status_code": null,
      "time": null
    }
  ],
  "ethnicity": "2186-5",
  "expired": null,
  "first": "Julie",
  "gender": "F",
  "languages": [
    "en-US"
  ],
  "last": "Knight",
  "marital_status": null,
  "measure_id": null,
  "measure_ids": null,
  "medical_record_number": "9815294966",
  "race": "2106-3",
  "religious_affilication": null,
  "results": [
    {
      "_id": "50536a6b709357c7fa0001f2",
      "codes": {
        "LOINC": [
          "XXXXX-X"
        ]
      },
      "description": "Diagnostic Study, Result: Cup to Disc Ratio (Code List: 2.16.840.1.113883.3.526.03.1333)",
      "end_time": 1280376000,
      "free_text": null,
      "interpretation": null,
      "mood_code": "EVN",
      "negationInd": true,
      "negationReason": {
        "SNOMED-CT": [
          "31438003"
        ]
      },
      "referenceRange": null,
      "specifics": null,
      "start_time": 1238817600,
      "status_code": null,
      "time": null
    },
    {
      "_id": "50536a6b709357c7fa0001f9",
      "codes": {
        "LOINC": [
          "XXXXX-X"
        ]
      },
      "description": "Diagnostic Study, Result: Optic Disc Exam for Structural Abnormalities (Code List: 2.16.840.1.113883.3.526.03.1334)",
      "end_time": 1343880000,
      "free_text": null,
      "interpretation": null,
      "mood_code": "EVN",
      "negationInd": true,
      "negationReason": {
        "SNOMED-CT": [
          "31438003"
        ]
      },
      "referenceRange": null,
      "specifics": null,
      "start_time": 1334030400,
      "status_code": null,
      "time": null
    },
    {
      "_id": "50536a6b709357c7fa0001fa",
      "codes": {
        "LOINC": [
          "XXXXX-X"
        ]
      },
      "description": "Diagnostic Study, Result: Cup to Disc Ratio (Code List: 2.16.840.1.113883.3.526.03.1333)",
      "end_time": 1266382800,
      "free_text": null,
      "interpretation": null,
      "mood_code": "EVN",
      "negationInd": null,
      "negationReason": null,
      "referenceRange": null,
      "specifics": null,
      "start_time": 1179720000,
      "status_code": null,
      "time": null
    },
    {
      "_id": "50536a6b709357c7fa0001fb",
      "codes": {
        "LOINC": [
          "XXXXX-X"
        ]
      },
      "description": "Diagnostic Study, Result: Optic Disc Exam for Structural Abnormalities (Code List: 2.16.840.1.113883.3.526.03.1334)",
      "end_time": 1211342400,
      "free_text": null,
      "interpretation": null,
      "mood_code": "EVN",
      "negationInd": null,
      "negationReason": null,
      "referenceRange": null,
      "specifics": null,
      "start_time": 786862800,
      "status_code": null,
      "time": null
    }
  ],
  "source_data_criteria": null,
  "test_id": null,
  "title": null
}