{
  "_id": "50536a6a709357c7fa000026",
  "birthdate": 1189828800,
  "clinicalTrialParticipant": null,
  "conditions": [
    {
      "_id": "50536a6a709357c7fa00002a",
      "causeOfDeath": null,
      "codes": {
        "SNOMED-CT": [
          "5810003"
        ],
        "ICD-9-CM": [
          "042"
        ],
        "ICD-10-CM": [
          "B20"
        ]
      },
      "description": "Diagnosis, Active: HIV (Code List: 2.16.840.1.113883.3.526.03.465)",
      "end_time": 1327381200,
      "free_text": null,
      "mood_code": "EVN",
      "name": null,
      "negationInd": null,
      "negationReason": null,
      "ordinality": null,
      "priority": null,
      "severity": null,
      "specifics": null,
      "start_time": 1313640000,
      "status_code": {
        "SNOMED-CT": [
          "55561003"
        ],
        "HL7 ActStatus": [
          "active"
        ]
      },
      "time": null,
      "type": null
    }
  ],
  "deathdate": null,
  "effective_time": null,
  "elimination_population": null,
  "elimination_reason": null,
  "encounters": [
    {
      "_id": "50536a6a709357c7fa000029",
      "admitType": null,
      "admit_time": null,
      "codes": {
        "CPT": [
          "99391"
        ],
        "SNOMED-CT": [
          "4525004"
        ]
      },
      "description": "HIV Visit (Code List: 2.16.840.1.113883.3.464.0003.01.02.0047)",
      "dischargeDisposition": null,
      "discharge_time": null,
      "end_time": 1272427200,
      "free_text": null,
      "mood_code": "EVN",
      "negationInd": null,
      "negationReason": null,
      "performer_id": null,
      "specifics": null,
      "start_time": 1249012800,
      "status_code": null,
      "time": null
    }
  ],
  "ethnicity": "2186-5",
  "expired": null,
  "first": "Katherine",
  "gender": "F",
  "languages": [
    "en-US"
  ],
  "last": "Moss",
  "marital_status": null,
  "measure_id": null,
  "measure_ids": null,
  "medical_record_number": "6501101433",
  "race": "2028-9",
  "religious_affilication": null,
  "source_data_criteria": null,
  "test_id": null,
  "title": null,
  "vital_signs": [
    {
      "_id": "50536a6a709357c7fa000027",
      "codes": {
        "LOINC": [
          "20447-9"
        ]
      },
      "description": "HIV Viral Load (Code List: 2.16.840.1.113883.3.464.0003.12.02.0002)",
      "end_time": 1301630400,
      "free_text": null,
      "interpretation": null,
      "mood_code": "EVN",
      "negationInd": null,
      "negationReason": null,
      "referenceRange": null,
      "specifics": null,
      "start_time": 1288065600,
      "status_code": null,
      "time": null,
      "values": [
        {
          "_id": "50536a6a709357c7fa000028",
          "scalar": "200",
          "units": "mL"
        }
      ]
    }
  ]
}