{
  "_id": "50536a6c709357c7fa000381",
  "birthdate": 1338264000,
  "clinicalTrialParticipant": null,
  "conditions": [
    {
      "_id": "50536a6c709357c7fa000384",
      "causeOfDeath": null,
      "codes": {
        "ICD-9-CM": [
          "362.02"
        ],
        "SNOMED-CT": [
          "6869001"
        ],
        "ICD-10-CM": [
          "H20.019"
        ]
      },
      "description": "Diagnosis, Active: Acute and Subacute Iridocyclitis (Code List: 2.16.840.1.113883.3.464.0003.15.02.0085)",
      "end_time": 1338264000,
      "free_text": null,
      "mood_code": "EVN",
      "name": null,
      "negationInd": null,
      "negationReason": null,
      "ordinality": null,
      "priority": null,
      "severity": null,
      "specifics": null,
      "start_time": 1301025600,
      "status_code": {
        "SNOMED-CT": [
          "55561003"
        ],
        "HL7 ActStatus": [
          "active"
        ]
      },
      "time": null,
      "type": null
    },
    {
      "_id": "50536a6c709357c7fa000385",
      "causeOfDeath": null,
      "codes": {
        "SNOMED-CT": [
          "2579216010"
        ],
        "ICD-9-CM": [
          "364.70"
        ],
        "ICD-10-CM": [
          "H21.40"
        ]
      },
      "description": "Diagnosis, Active: Adhesions and Disruptions of Iris and ciliary Body (Code List: 2.16.840.1.113883.3.464.0003.15.02.0006)",
      "end_time": 1213761600,
      "free_text": null,
      "mood_code": "EVN",
      "name": null,
      "negationInd": null,
      "negationReason": null,
      "ordinality": null,
      "priority": null,
      "severity": null,
      "specifics": null,
      "start_time": 956203200,
      "status_code": {
        "SNOMED-CT": [
          "55561003"
        ],
        "HL7 ActStatus": [
          "active"
        ]
      },
      "time": null,
      "type": null
    },
    {
      "_id": "50536a6c709357c7fa000386",
      "causeOfDeath": null,
      "codes": {
        "SNOMED-CT": [
          "776009"
        ],
        "ICD-9-CM": [
          "362.31"
        ],
        "ICD-10-CM": [
          "H34.10"
        ]
      },
      "description": "Diagnosis, Active: Retinal Vascular Occlusion (Code List: 2.16.840.1.113883.3.464.0003.15.02.0044)",
      "end_time": 1274500800,
      "free_text": null,
      "mood_code": "EVN",
      "name": null,
      "negationInd": null,
      "negationReason": null,
      "ordinality": null,
      "priority": null,
      "severity": null,
      "specifics": null,
      "start_time": 1272513600,
      "status_code": {
        "SNOMED-CT": [
          "55561003"
        ],
        "HL7 ActStatus": [
          "active"
        ]
      },
      "time": null,
      "type": null
    },
    {
      "_id": "50536a6c709357c7fa000387",
      "causeOfDeath": null,
      "codes": {
        "SNOMED-CT": [
          "63216003"
        ],
        "ICD-9-CM": [
          "371.60"
        ],
        "ICD-10-CM": [
          "H18.601"
        ]
      },
      "description": "Diagnosis, Active: Prior Penetrating Keratoplasty (Code List: 2.16.840.1.113883.3.464.0003.15.02.0045)",
      "end_time": 1316059200,
      "free_text": null,
      "mood_code": "EVN",
      "name": null,
      "negationInd": null,
      "negationReason": null,
      "ordinality": null,
      "priority": null,
      "severity": null,
      "specifics": null,
      "start_time": 1158292800,
      "status_code": {
        "SNOMED-CT": [
          "55561003"
        ],
        "HL7 ActStatus": [
          "active"
        ]
      },
      "time": null,
      "type": null
    },
    {
      "_id": "50536a6c709357c7fa000388",
      "causeOfDeath": null,
      "codes": {
        "SNOMED-CT": [
          "3598000"
        ],
        "ICD-9-CM": [
          "362.41"
        ],
        "ICD-10-CM": [
          "H35.711"
        ]
      },
      "description": "Diagnosis, Active: Separation of Retinal Layers (Code List: 2.16.840.1.113883.3.464.0003.15.02.0038)",
      "end_time": 1304913600,
      "free_text": null,
      "mood_code": "EVN",
      "name": null,
      "negationInd": null,
      "negationReason": null,
      "ordinality": null,
      "priority": null,
      "severity": null,
      "specifics": null,
      "start_time": 1259557200,
      "status_code": {
        "SNOMED-CT": [
          "55561003"
        ],
        "HL7 ActStatus": [
          "active"
        ]
      },
      "time": null,
      "type": null
    },
    {
      "_id": "50536a6c709357c7fa000389",
      "causeOfDeath": null,
      "codes": {
        "ICD-9-CM": [
          "369.00"
        ],
        "ICD-10-CM": [
          "H54.0"
        ],
        "SNOMED-CT": [
          "2790002"
        ]
      },
      "description": "Diagnosis, Active: Profound Impairment, Both Eyes (Code List: 2.16.840.1.113883.3.464.0003.15.02.0046)",
      "end_time": 1174881600,
      "free_text": null,
      "mood_code": "EVN",
      "name": null,
      "negationInd": null,
      "negationReason": null,
      "ordinality": null,
      "priority": null,
      "severity": null,
      "specifics": null,
      "start_time": 1062993600,
      "status_code": {
        "SNOMED-CT": [
          "55561003"
        ],
        "HL7 ActStatus": [
          "active"
        ]
      },
      "time": null,
      "type": null
    },
    {
      "_id": "50536a6c709357c7fa00038a",
      "causeOfDeath": null,
      "codes": {
        "ICD-9-CM": [
          "364.10"
        ],
        "SNOMED-CT": [
          "186266008"
        ],
        "ICD-10-CM": [
          "A18.54"
        ]
      },
      "description": "Diagnosis, Active: Chronic Iridocyclitis (Code List: 2.16.840.1.113883.3.464.0003.15.02.0016)",
      "end_time": 1313553600,
      "free_text": null,
      "mood_code": "EVN",
      "name": null,
      "negationInd": null,
      "negationReason": null,
      "ordinality": null,
      "priority": null,
      "severity": null,
      "specifics": null,
      "start_time": 1266210000,
      "status_code": {
        "SNOMED-CT": [
          "55561003"
        ],
        "HL7 ActStatus": [
          "active"
        ]
      },
      "time": null,
      "type": null
    },
    {
      "_id": "50536a6c709357c7fa00038b",
      "causeOfDeath": null,
      "codes": {
        "SNOMED-CT": [
          "1493002"
        ],
        "ICD-9-CM": [
          "360.00"
        ],
        "ICD-10-CM": [
          "H44.029"
        ]
      },
      "description": "Diagnosis, Active: Purulent Endophthalmitis (Code List: 2.16.840.1.113883.3.464.0003.15.02.0047)",
      "end_time": 1310356800,
      "free_text": null,
      "mood_code": "EVN",
      "name": null,
      "negationInd": null,
      "negationReason": null,
      "ordinality": null,
      "priority": null,
      "severity": null,
      "specifics": null,
      "start_time": 1274414400,
      "status_code": {
        "SNOMED-CT": [
          "55561003"
        ],
        "HL7 ActStatus": [
          "active"
        ]
      },
      "time": null,
      "type": null
    },
    {
      "_id": "50536a6c709357c7fa00038c",
      "causeOfDeath": null,
      "codes": {
        "ICD-10-CM": [
          "H40.20"
        ],
        "SNOMED-CT": [
          "10100008"
        ],
        "ICD-9-CM": [
          "365.20"
        ]
      },
      "description": "Diagnosis, Active: Glaucoma (Code List: 2.16.840.1.113883.3.464.0003.15.02.0022)",
      "end_time": 1018929600,
      "free_text": null,
      "mood_code": "EVN",
      "name": null,
      "negationInd": null,
      "negationReason": null,
      "ordinality": null,
      "priority": null,
      "severity": null,
      "specifics": null,
      "start_time": 809928000,
      "status_code": {
        "SNOMED-CT": [
          "55561003"
        ],
        "HL7 ActStatus": [
          "active"
        ]
      },
      "time": null,
      "type": null
    },
    {
      "_id": "50536a6c709357c7fa00038d",
      "causeOfDeath": null,
      "codes": {
        "SNOMED-CT": [
          "1207009"
        ],
        "ICD-9-CM": [
          "377.10"
        ],
        "ICD-10-CM": [
          "H47.20"
        ]
      },
      "description": "Diagnosis, Active: Optic Atrophy (Code List: 2.16.840.1.113883.3.464.0003.15.02.0048)",
      "end_time": 1339560000,
      "free_text": null,
      "mood_code": "EVN",
      "name": null,
      "negationInd": null,
      "negationReason": null,
      "ordinality": null,
      "priority": null,
      "severity": null,
      "specifics": null,
      "start_time": 1278388800,
      "status_code": {
        "SNOMED-CT": [
          "55561003"
        ],
        "HL7 ActStatus": [
          "active"
        ]
      },
      "time": null,
      "type": null
    },
    {
      "_id": "50536a6c709357c7fa00038e",
      "causeOfDeath": null,
      "codes": {
        "ICD-10-CM": [
          "H46.00"
        ],
        "SNOMED-CT": [
          "25044007"
        ],
        "ICD-9-CM": [
          "377.30"
        ]
      },
      "description": "Diagnosis, Active: Optic Neuritis (Code List: 2.16.840.1.113883.3.464.0003.15.02.0049)",
      "end_time": 1123041600,
      "free_text": null,
      "mood_code": "EVN",
      "name": null,
      "negationInd": null,
      "negationReason": null,
      "ordinality": null,
      "priority": null,
      "severity": null,
      "specifics": null,
      "start_time": 1089604800,
      "status_code": {
        "SNOMED-CT": [
          "55561003"
        ],
        "HL7 ActStatus": [
          "active"
        ]
      },
      "time": null,
      "type": null
    },
    {
      "_id": "50536a6c709357c7fa00038f",
      "causeOfDeath": null,
      "codes": {
        "SNOMED-CT": [
          "7089008"
        ],
        "ICD-9-CM": [
          "362.12"
        ],
        "ICD-10-CM": [
          "H35.029"
        ]
      },
      "description": "Diagnosis, Active: Other Background Retinopathy and Retinal Vascular Changes (Code List: 2.16.840.1.113883.3.464.0003.15.02.0050)",
      "end_time": 1338955200,
      "free_text": null,
      "mood_code": "EVN",
      "name": null,
      "negationInd": null,
      "negationReason": null,
      "ordinality": null,
      "priority": null,
      "severity": null,
      "specifics": null,
      "start_time": 1185163200,
      "status_code": {
        "SNOMED-CT": [
          "55561003"
        ],
        "HL7 ActStatus": [
          "active"
        ]
      },
      "time": null,
      "type": null
    },
    {
      "_id": "50536a6c709357c7fa000390",
      "causeOfDeath": null,
      "codes": {
        "ICD-10-CM": [
          "H16.019"
        ],
        "SNOMED-CT": [
          "42513006"
        ],
        "ICD-9-CM": [
          "370.03"
        ]
      },
      "description": "Diagnosis, Active: Keratitis (Code List: 2.16.840.1.113883.3.464.0003.15.02.0028)",
      "end_time": 1341288000,
      "free_text": null,
      "mood_code": "EVN",
      "name": null,
      "negationInd": null,
      "negationReason": null,
      "ordinality": null,
      "priority": null,
      "severity": null,
      "specifics": null,
      "start_time": 1023681600,
      "status_code": {
        "SNOMED-CT": [
          "55561003"
        ],
        "HL7 ActStatus": [
          "active"
        ]
      },
      "time": null,
      "type": null
    },
    {
      "_id": "50536a6c709357c7fa000391",
      "causeOfDeath": null,
      "codes": {
        "ICD-10-CM": [
          "Q12.0"
        ],
        "SNOMED-CT": [
          "21590003"
        ],
        "ICD-9-CM": [
          "743.30"
        ]
      },
      "description": "Diagnosis, Active: Cataract, Congenital (Code List: 2.16.840.1.113883.3.464.0003.15.02.0012)",
      "end_time": 982904400,
      "free_text": null,
      "mood_code": "EVN",
      "name": null,
      "negationInd": null,
      "negationReason": null,
      "ordinality": null,
      "priority": null,
      "severity": null,
      "specifics": null,
      "start_time": 945838800,
      "status_code": {
        "SNOMED-CT": [
          "55561003"
        ],
        "HL7 ActStatus": [
          "active"
        ]
      },
      "time": null,
      "type": null
    },
    {
      "_id": "50536a6c709357c7fa000392",
      "causeOfDeath": null,
      "codes": {
        "SNOMED-CT": [
          "38101003"
        ],
        "ICD-9-CM": [
          "367.0"
        ],
        "ICD-10-CM": [
          "H52.00"
        ]
      },
      "description": "Diagnosis, Active: High Hyperopia (Code List: 2.16.840.1.113883.3.464.0003.15.02.0024)",
      "end_time": 1082692800,
      "free_text": null,
      "mood_code": "EVN",
      "name": null,
      "negationInd": null,
      "negationReason": null,
      "ordinality": null,
      "priority": null,
      "severity": null,
      "specifics": null,
      "start_time": 927432000,
      "status_code": {
        "SNOMED-CT": [
          "55561003"
        ],
        "HL7 ActStatus": [
          "active"
        ]
      },
      "time": null,
      "type": null
    },
    {
      "_id": "50536a6c709357c7fa000393",
      "causeOfDeath": null,
      "codes": {
        "SNOMED-CT": [
          "849000"
        ],
        "ICD-9-CM": [
          "366.9"
        ],
        "ICD-10-CM": [
          "H26.9"
        ]
      },
      "description": "Diagnosis, Active: Cataract, Mature, Hypermature (Code List: 2.16.840.1.113883.3.464.0003.15.02.0013)",
      "end_time": 1292907600,
      "free_text": null,
      "mood_code": "EVN",
      "name": null,
      "negationInd": null,
      "negationReason": null,
      "ordinality": null,
      "priority": null,
      "severity": null,
      "specifics": null,
      "start_time": 1130299200,
      "status_code": {
        "SNOMED-CT": [
          "55561003"
        ],
        "HL7 ActStatus": [
          "active"
        ]
      },
      "time": null,
      "type": null
    },
    {
      "_id": "50536a6c709357c7fa000394",
      "causeOfDeath": null,
      "codes": {
        "ICD-10-CM": [
          "H26.101"
        ],
        "SNOMED-CT": [
          "8656007"
        ],
        "ICD-9-CM": [
          "366.20"
        ]
      },
      "description": "Diagnosis, Active: Traumatic Cataract (Code List: 2.16.840.1.113883.3.464.0003.15.02.0039)",
      "end_time": 1260766800,
      "free_text": null,
      "mood_code": "EVN",
      "name": null,
      "negationInd": null,
      "negationReason": null,
      "ordinality": null,
      "priority": null,
      "severity": null,
      "specifics": null,
      "start_time": 982299600,
      "status_code": {
        "SNOMED-CT": [
          "55561003"
        ],
        "HL7 ActStatus": [
          "active"
        ]
      },
      "time": null,
      "type": null
    },
    {
      "_id": "50536a6c709357c7fa000395",
      "causeOfDeath": null,
      "codes": {
        "SNOMED-CT": [
          "1412008"
        ],
        "ICD-9-CM": [
          "743.31"
        ],
        "ICD-10-CM": [
          "Q12.0"
        ]
      },
      "description": "Diagnosis, Active: Cataract, Posterior Polar (Code List: 2.16.840.1.113883.3.464.0003.15.02.0014)",
      "end_time": 1085112000,
      "free_text": null,
      "mood_code": "EVN",
      "name": null,
      "negationInd": null,
      "negationReason": null,
      "ordinality": null,
      "priority": null,
      "severity": null,
      "specifics": null,
      "start_time": 877060800,
      "status_code": {
        "SNOMED-CT": [
          "55561003"
        ],
        "HL7 ActStatus": [
          "active"
        ]
      },
      "time": null,
      "type": null
    },
    {
      "_id": "50536a6c709357c7fa000396",
      "causeOfDeath": null,
      "codes": {
        "SNOMED-CT": [
          "6869001"
        ],
        "ICD-9-CM": [
          "364.3"
        ],
        "ICD-10-CM": [
          "H20.9"
        ]
      },
      "description": "Diagnosis, Active: Certain Types of Iridocyclitis (Code List: 2.16.840.1.113883.3.464.0003.15.02.0015)",
      "end_time": 1152763200,
      "free_text": null,
      "mood_code": "EVN",
      "name": null,
      "negationInd": null,
      "negationReason": null,
      "ordinality": null,
      "priority": null,
      "severity": null,
      "specifics": null,
      "start_time": 1148788800,
      "status_code": {
        "SNOMED-CT": [
          "55561003"
        ],
        "HL7 ActStatus": [
          "active"
        ]
      },
      "time": null,
      "type": null
    },
    {
      "_id": "50536a6c709357c7fa000397",
      "causeOfDeath": null,
      "codes": {
        "ICD-9-CM": [
          "364.81"
        ],
        "SNOMED-CT": [
          "232080006"
        ],
        "ICD-10-CM": [
          "H21.81"
        ]
      },
      "description": "Diagnosis, Active: Other Disorders of Iris and Ciliary Body (Code List: 2.16.840.1.113883.3.464.0003.15.02.0030)",
      "end_time": 1326862800,
      "free_text": null,
      "mood_code": "EVN",
      "name": null,
      "negationInd": null,
      "negationReason": null,
      "ordinality": null,
      "priority": null,
      "severity": null,
      "specifics": null,
      "start_time": 1060488000,
      "status_code": {
        "SNOMED-CT": [
          "55561003"
        ],
        "HL7 ActStatus": [
          "active"
        ]
      },
      "time": null,
      "type": null
    },
    {
      "_id": "50536a6c709357c7fa000398",
      "causeOfDeath": null,
      "codes": {
        "SNOMED-CT": [
          "16096002"
        ],
        "ICD-9-CM": [
          "940.0"
        ],
        "ICD-10-CM": [
          "T26.00XA"
        ]
      },
      "description": "Diagnosis, Active: Burn Confined to Eye and Adnexa (Code List: 2.16.840.1.113883.3.464.0003.15.02.0009)",
      "end_time": 1314417600,
      "free_text": null,
      "mood_code": "EVN",
      "name": null,
      "negationInd": null,
      "negationReason": null,
      "ordinality": null,
      "priority": null,
      "severity": null,
      "specifics": null,
      "start_time": 1150516800,
      "status_code": {
        "SNOMED-CT": [
          "55561003"
        ],
        "HL7 ActStatus": [
          "active"
        ]
      },
      "time": null,
      "type": null
    },
    {
      "_id": "50536a6c709357c7fa000399",
      "causeOfDeath": null,
      "codes": {
        "SNOMED-CT": [
          "14748007"
        ],
        "ICD-9-CM": [
          "371.70"
        ],
        "ICD-10-CM": [
          "H18.70"
        ]
      },
      "description": "Diagnosis, Active: Other Corneal Deformities (Code List: 2.16.840.1.113883.3.464.0003.15.02.0051)",
      "end_time": 1316145600,
      "free_text": null,
      "mood_code": "EVN",
      "name": null,
      "negationInd": null,
      "negationReason": null,
      "ordinality": null,
      "priority": null,
      "severity": null,
      "specifics": null,
      "start_time": 1047099600,
      "status_code": {
        "SNOMED-CT": [
          "55561003"
        ],
        "HL7 ActStatus": [
          "active"
        ]
      },
      "time": null,
      "type": null
    },
    {
      "_id": "50536a6c709357c7fa00039a",
      "causeOfDeath": null,
      "codes": {
        "SNOMED-CT": [
          "14357004"
        ],
        "ICD-9-CM": [
          "377.41"
        ],
        "ICD-10-CM": [
          "H47.019"
        ]
      },
      "description": "Diagnosis, Active: Other Disorders of Optic Nerve (Code List: 2.16.840.1.113883.3.464.0003.15.02.0052)",
      "end_time": 887778000,
      "free_text": null,
      "mood_code": "EVN",
      "name": null,
      "negationInd": null,
      "negationReason": null,
      "ordinality": null,
      "priority": null,
      "severity": null,
      "specifics": null,
      "start_time": 869803200,
      "status_code": {
        "SNOMED-CT": [
          "55561003"
        ],
        "HL7 ActStatus": [
          "active"
        ]
      },
      "time": null,
      "type": null
    },
    {
      "_id": "50536a6c709357c7fa00039b",
      "causeOfDeath": null,
      "codes": {
        "SNOMED-CT": [
          "1869002"
        ],
        "ICD-10-CM": [
          "S05.10XA"
        ],
        "ICD-9-CM": [
          "871.0"
        ]
      },
      "description": "Diagnosis, Active: Open Wound of Eyeball (Code List: 2.16.840.1.113883.3.464.0003.15.02.0029)",
      "end_time": 1328590800,
      "free_text": null,
      "mood_code": "EVN",
      "name": null,
      "negationInd": null,
      "negationReason": null,
      "ordinality": null,
      "priority": null,
      "severity": null,
      "specifics": null,
      "start_time": 1225947600,
      "status_code": {
        "SNOMED-CT": [
          "55561003"
        ],
        "HL7 ActStatus": [
          "active"
        ]
      },
      "time": null,
      "type": null
    },
    {
      "_id": "50536a6c709357c7fa00039c",
      "causeOfDeath": null,
      "codes": {
        "ICD-9-CM": [
          "360.11"
        ],
        "SNOMED-CT": [
          "12371008"
        ],
        "ICD-10-CM": [
          "H16.241"
        ]
      },
      "description": "Diagnosis, Active: Other Endophthalmitis (Code List: 2.16.840.1.113883.3.464.0003.15.02.0053)",
      "end_time": 1336363200,
      "free_text": null,
      "mood_code": "EVN",
      "name": null,
      "negationInd": null,
      "negationReason": null,
      "ordinality": null,
      "priority": null,
      "severity": null,
      "specifics": null,
      "start_time": 1275278400,
      "status_code": {
        "SNOMED-CT": [
          "55561003"
        ],
        "HL7 ActStatus": [
          "active"
        ]
      },
      "time": null,
      "type": null
    },
    {
      "_id": "50536a6c709357c7fa00039d",
      "causeOfDeath": null,
      "codes": {
        "SNOMED-CT": [
          "6141006"
        ],
        "ICD-9-CM": [
          "362.81"
        ],
        "ICD-10-CM": [
          "H35.60"
        ]
      },
      "description": "Diagnosis, Active: Other Retinal Disorders (Code List: 2.16.840.1.113883.3.464.0003.15.02.0054)",
      "end_time": 1327726800,
      "free_text": null,
      "mood_code": "EVN",
      "name": null,
      "negationInd": null,
      "negationReason": null,
      "ordinality": null,
      "priority": null,
      "severity": null,
      "specifics": null,
      "start_time": 1260507600,
      "status_code": {
        "SNOMED-CT": [
          "55561003"
        ],
        "HL7 ActStatus": [
          "active"
        ]
      },
      "time": null,
      "type": null
    },
    {
      "_id": "50536a6c709357c7fa00039e",
      "causeOfDeath": null,
      "codes": {
        "SNOMED-CT": [
          "6313001"
        ],
        "ICD-9-CM": [
          "363.20"
        ],
        "ICD-10-CM": [
          "H30.20"
        ]
      },
      "description": "Diagnosis, Active: Other and Unspecified forms of Chorioretinitis and Retinochoroiditis (Code List: 2.16.840.1.113883.3.464.0003.15.02.0055)",
      "end_time": 1324443600,
      "free_text": null,
      "mood_code": "EVN",
      "name": null,
      "negationInd": null,
      "negationReason": null,
      "ordinality": null,
      "priority": null,
      "severity": null,
      "specifics": null,
      "start_time": 1321506000,
      "status_code": {
        "SNOMED-CT": [
          "55561003"
        ],
        "HL7 ActStatus": [
          "active"
        ]
      },
      "time": null,
      "type": null
    },
    {
      "_id": "50536a6c709357c7fa00039f",
      "causeOfDeath": null,
      "codes": {
        "SNOMED-CT": [
          "111514006"
        ],
        "ICD-9-CM": [
          "365.52"
        ],
        "ICD-10-CM": [
          "H40.141"
        ]
      },
      "description": "Diagnosis, Active: Pseudoexfoliation Syndrome (Code List: 2.16.840.1.113883.3.464.0003.15.02.0034)",
      "end_time": 1135400400,
      "free_text": null,
      "mood_code": "EVN",
      "name": null,
      "negationInd": null,
      "negationReason": null,
      "ordinality": null,
      "priority": null,
      "severity": null,
      "specifics": null,
      "start_time": 1132981200,
      "status_code": {
        "SNOMED-CT": [
          "55561003"
        ],
        "HL7 ActStatus": [
          "active"
        ]
      },
      "time": null,
      "type": null
    },
    {
      "_id": "50536a6c709357c7fa0003a0",
      "causeOfDeath": null,
      "codes": {
        "ICD-10-CM": [
          "H44.20"
        ],
        "SNOMED-CT": [
          "3712000"
        ],
        "ICD-9-CM": [
          "360.20"
        ]
      },
      "description": "Diagnosis, Active: Pathologic Myopia (Code List: 2.16.840.1.113883.3.464.0003.15.02.0031)",
      "end_time": 1313899200,
      "free_text": null,
      "mood_code": "EVN",
      "name": null,
      "negationInd": null,
      "negationReason": null,
      "ordinality": null,
      "priority": null,
      "severity": null,
      "specifics": null,
      "start_time": 1026878400,
      "status_code": {
        "SNOMED-CT": [
          "55561003"
        ],
        "HL7 ActStatus": [
          "active"
        ]
      },
      "time": null,
      "type": null
    },
    {
      "_id": "50536a6c709357c7fa0003a1",
      "causeOfDeath": null,
      "codes": {
        "ICD-10-CM": [
          "H55.01"
        ],
        "ICD-9-CM": [
          "379.51"
        ],
        "SNOMED-CT": [
          "64635004"
        ]
      },
      "description": "Diagnosis, Active: Nystagmus and other Irregular Eye Movements (Code List: 2.16.840.1.113883.3.464.0003.15.02.0056)",
      "end_time": 1288843200,
      "free_text": null,
      "mood_code": "EVN",
      "name": null,
      "negationInd": null,
      "negationReason": null,
      "ordinality": null,
      "priority": null,
      "severity": null,
      "specifics": null,
      "start_time": 1174536000,
      "status_code": {
        "SNOMED-CT": [
          "55561003"
        ],
        "HL7 ActStatus": [
          "active"
        ]
      },
      "time": null,
      "type": null
    },
    {
      "_id": "50536a6c709357c7fa0003a2",
      "causeOfDeath": null,
      "codes": {
        "SNOMED-CT": [
          "1909000"
        ],
        "ICD-9-CM": [
          "369.10"
        ],
        "ICD-10-CM": [
          "H54.10"
        ]
      },
      "description": "Diagnosis, Active: Moderate or Severe Impairment, Better Eye, Profound Impairment Lesser Eye (Code List: 2.16.840.1.113883.3.464.0003.15.02.0057)",
      "end_time": 960436800,
      "free_text": null,
      "mood_code": "EVN",
      "name": null,
      "negationInd": null,
      "negationReason": null,
      "ordinality": null,
      "priority": null,
      "severity": null,
      "specifics": null,
      "start_time": 781329600,
      "status_code": {
        "SNOMED-CT": [
          "55561003"
        ],
        "HL7 ActStatus": [
          "active"
        ]
      },
      "time": null,
      "type": null
    },
    {
      "_id": "50536a6c709357c7fa0003a3",
      "causeOfDeath": null,
      "codes": {
        "SNOMED-CT": [
          "15059000"
        ],
        "ICD-9-CM": [
          "362.70"
        ],
        "ICD-10-CM": [
          "E75.6"
        ]
      },
      "description": "Diagnosis, Active: Hereditary Retinal Dystrophies (Code List: 2.16.840.1.113883.3.464.0003.15.02.0058)",
      "end_time": 1321506000,
      "free_text": null,
      "mood_code": "EVN",
      "name": null,
      "negationInd": null,
      "negationReason": null,
      "ordinality": null,
      "priority": null,
      "severity": null,
      "specifics": null,
      "start_time": 1313035200,
      "status_code": {
        "SNOMED-CT": [
          "55561003"
        ],
        "HL7 ActStatus": [
          "active"
        ]
      },
      "time": null,
      "type": null
    },
    {
      "_id": "50536a6c709357c7fa0003a4",
      "causeOfDeath": null,
      "codes": {
        "ICD-10-CM": [
          "H40.9"
        ],
        "SNOMED-CT": [
          "19309007"
        ],
        "ICD-9-CM": [
          "365.9"
        ]
      },
      "description": "Diagnosis, Active: Glaucoma Associated with Congenital Anomalies, Dystrophies, and Systemic Syndromes (Code List: 2.16.840.1.113883.3.464.0003.15.02.0059)",
      "end_time": 1102827600,
      "free_text": null,
      "mood_code": "EVN",
      "name": null,
      "negationInd": null,
      "negationReason": null,
      "ordinality": null,
      "priority": null,
      "severity": null,
      "specifics": null,
      "start_time": 801892800,
      "status_code": {
        "SNOMED-CT": [
          "55561003"
        ],
        "HL7 ActStatus": [
          "active"
        ]
      },
      "time": null,
      "type": null
    },
    {
      "_id": "50536a6c709357c7fa0003a5",
      "causeOfDeath": null,
      "codes": {
        "SNOMED-CT": [
          "1674008"
        ],
        "ICD-9-CM": [
          "371.50"
        ],
        "ICD-10-CM": [
          "H18.50"
        ]
      },
      "description": "Diagnosis, Active: Hereditary Corneal Dystrophies (Code List: 2.16.840.1.113883.3.464.0003.15.02.0023)",
      "end_time": 977202000,
      "free_text": null,
      "mood_code": "EVN",
      "name": null,
      "negationInd": null,
      "negationReason": null,
      "ordinality": null,
      "priority": null,
      "severity": null,
      "specifics": null,
      "start_time": 960609600,
      "status_code": {
        "SNOMED-CT": [
          "55561003"
        ],
        "HL7 ActStatus": [
          "active"
        ]
      },
      "time": null,
      "type": null
    },
    {
      "_id": "50536a6c709357c7fa0003a6",
      "causeOfDeath": null,
      "codes": {
        "SNOMED-CT": [
          "14858001"
        ],
        "ICD-9-CM": [
          "376.50"
        ],
        "ICD-10-CM": [
          "H05.401"
        ]
      },
      "description": "Diagnosis, Active: Enophthalmos (Code List: 2.16.840.1.113883.3.464.0003.15.02.0021)",
      "end_time": 1194584400,
      "free_text": null,
      "mood_code": "EVN",
      "name": null,
      "negationInd": null,
      "negationReason": null,
      "ordinality": null,
      "priority": null,
      "severity": null,
      "specifics": null,
      "start_time": 1181707200,
      "status_code": {
        "SNOMED-CT": [
          "55561003"
        ],
        "HL7 ActStatus": [
          "active"
        ]
      },
      "time": null,
      "type": null
    },
    {
      "_id": "50536a6c709357c7fa0003a7",
      "causeOfDeath": null,
      "codes": {
        "SNOMED-CT": [
          "6313001"
        ],
        "ICD-9-CM": [
          "363.08"
        ],
        "ICD-10-CM": [
          "H30.009"
        ]
      },
      "description": "Diagnosis, Active: Focal Chorioretinitis and Focal Retinochoroiditis (Code List: 2.16.840.1.113883.3.464.0003.15.02.0060)",
      "end_time": 1192161600,
      "free_text": null,
      "mood_code": "EVN",
      "name": null,
      "negationInd": null,
      "negationReason": null,
      "ordinality": null,
      "priority": null,
      "severity": null,
      "specifics": null,
      "start_time": 970718400,
      "status_code": {
        "SNOMED-CT": [
          "55561003"
        ],
        "HL7 ActStatus": [
          "active"
        ]
      },
      "time": null,
      "type": null
    },
    {
      "_id": "50536a6c709357c7fa0003a8",
      "causeOfDeath": null,
      "codes": {
        "SNOMED-CT": [
          "264008"
        ],
        "ICD-9-CM": [
          "360.20"
        ],
        "ICD-10-CM": [
          "E08.39"
        ]
      },
      "description": "Diagnosis, Active: Degenerative Disorders of Globe (Code List: 2.16.840.1.113883.3.464.0003.15.02.0061)",
      "end_time": 1292994000,
      "free_text": null,
      "mood_code": "EVN",
      "name": null,
      "negationInd": null,
      "negationReason": null,
      "ordinality": null,
      "priority": null,
      "severity": null,
      "specifics": null,
      "start_time": 1271736000,
      "status_code": {
        "SNOMED-CT": [
          "55561003"
        ],
        "HL7 ActStatus": [
          "active"
        ]
      },
      "time": null,
      "type": null
    },
    {
      "_id": "50536a6c709357c7fa0003a9",
      "causeOfDeath": null,
      "codes": {
        "ICD-10-CM": [
          "H35.30"
        ],
        "SNOMED-CT": [
          "14046000"
        ],
        "ICD-9-CM": [
          "362.50"
        ]
      },
      "description": "Diagnosis, Active: Degeneration of Macula and Posterior Pole (Code List: 2.16.840.1.113883.3.464.0003.15.02.0062)",
      "end_time": 1084248000,
      "free_text": null,
      "mood_code": "EVN",
      "name": null,
      "negationInd": null,
      "negationReason": null,
      "ordinality": null,
      "priority": null,
      "severity": null,
      "specifics": null,
      "start_time": 914562000,
      "status_code": {
        "SNOMED-CT": [
          "55561003"
        ],
        "HL7 ActStatus": [
          "active"
        ]
      },
      "time": null,
      "type": null
    },
    {
      "_id": "50536a6c709357c7fa0003aa",
      "causeOfDeath": null,
      "codes": {
        "ICD-9-CM": [
          "363.10"
        ],
        "SNOMED-CT": [
          "14894002"
        ],
        "ICD-10-CM": [
          "H30.101"
        ]
      },
      "description": "Diagnosis, Active: Disseminated Chorioretinitis and Disseminated Retinochoroiditis (Code List: 2.16.840.1.113883.3.464.0003.15.02.0063)",
      "end_time": 1273204800,
      "free_text": null,
      "mood_code": "EVN",
      "name": null,
      "negationInd": null,
      "negationReason": null,
      "ordinality": null,
      "priority": null,
      "severity": null,
      "specifics": null,
      "start_time": 1210996800,
      "status_code": {
        "SNOMED-CT": [
          "55561003"
        ],
        "HL7 ActStatus": [
          "active"
        ]
      },
      "time": null,
      "type": null
    },
    {
      "_id": "50536a6c709357c7fa0003ab",
      "causeOfDeath": null,
      "codes": {
        "ICD-10-CM": [
          "E08.311"
        ],
        "SNOMED-CT": [
          "4855003"
        ],
        "ICD-9-CM": [
          "362.01"
        ]
      },
      "description": "Diagnosis, Active: Diabetic Retinopathy (Code List: 2.16.840.1.113883.3.464.0003.15.02.0064)",
      "end_time": 1338004800,
      "free_text": null,
      "mood_code": "EVN",
      "name": null,
      "negationInd": null,
      "negationReason": null,
      "ordinality": null,
      "priority": null,
      "severity": null,
      "specifics": null,
      "start_time": 822373200,
      "status_code": {
        "SNOMED-CT": [
          "55561003"
        ],
        "HL7 ActStatus": [
          "active"
        ]
      },
      "time": null,
      "type": null
    },
    {
      "_id": "50536a6c709357c7fa0003ac",
      "causeOfDeath": null,
      "codes": {
        "SNOMED-CT": [
          "4927003"
        ],
        "ICD-9-CM": [
          "360.11"
        ],
        "ICD-10-CM": [
          "H44.111"
        ]
      },
      "description": "Diagnosis, Active: Uveitis (Code List: 2.16.840.1.113883.3.464.0003.15.02.0040)",
      "end_time": 1341892800,
      "free_text": null,
      "mood_code": "EVN",
      "name": null,
      "negationInd": null,
      "negationReason": null,
      "ordinality": null,
      "priority": null,
      "severity": null,
      "specifics": null,
      "start_time": 1185508800,
      "status_code": {
        "SNOMED-CT": [
          "55561003"
        ],
        "HL7 ActStatus": [
          "active"
        ]
      },
      "time": null,
      "type": null
    },
    {
      "_id": "50536a6c709357c7fa0003ad",
      "causeOfDeath": null,
      "codes": {
        "ICD-10-CM": [
          "E08.311"
        ],
        "ICD-9-CM": [
          "362.07"
        ],
        "SNOMED-CT": [
          "312912001"
        ]
      },
      "description": "Diagnosis, Active: Diabetic Macular Edema (Code List: 2.16.840.1.113883.3.464.0003.15.02.0065)",
      "end_time": 1319169600,
      "free_text": null,
      "mood_code": "EVN",
      "name": null,
      "negationInd": null,
      "negationReason": null,
      "ordinality": null,
      "priority": null,
      "severity": null,
      "specifics": null,
      "start_time": 1211601600,
      "status_code": {
        "SNOMED-CT": [
          "55561003"
        ],
        "HL7 ActStatus": [
          "active"
        ]
      },
      "time": null,
      "type": null
    },
    {
      "_id": "50536a6c709357c7fa0003ae",
      "causeOfDeath": null,
      "codes": {
        "SNOMED-CT": [
          "22135003"
        ],
        "ICD-9-CM": [
          "371.01"
        ],
        "ICD-10-CM": [
          "H17.00"
        ]
      },
      "description": "Diagnosis, Active: Cloudy Cornea (Code List: 2.16.840.1.113883.3.464.0003.15.02.0017)",
      "end_time": 1283918400,
      "free_text": null,
      "mood_code": "EVN",
      "name": null,
      "negationInd": null,
      "negationReason": null,
      "ordinality": null,
      "priority": null,
      "severity": null,
      "specifics": null,
      "start_time": 1041656400,
      "status_code": {
        "SNOMED-CT": [
          "55561003"
        ],
        "HL7 ActStatus": [
          "active"
        ]
      },
      "time": null,
      "type": null
    },
    {
      "_id": "50536a6c709357c7fa0003af",
      "causeOfDeath": null,
      "codes": {
        "SNOMED-CT": [
          "47269005"
        ],
        "ICD-9-CM": [
          "364.60"
        ],
        "ICD-10-CM": [
          "H21.301"
        ]
      },
      "description": "Diagnosis, Active: Cysts of Iris, Ciliary Body, and Anterior Chamber (Code List: 2.16.840.1.113883.3.464.0003.15.02.0020)",
      "end_time": 1102568400,
      "free_text": null,
      "mood_code": "EVN",
      "name": null,
      "negationInd": null,
      "negationReason": null,
      "ordinality": null,
      "priority": null,
      "severity": null,
      "specifics": null,
      "start_time": 946011600,
      "status_code": {
        "SNOMED-CT": [
          "55561003"
        ],
        "HL7 ActStatus": [
          "active"
        ]
      },
      "time": null,
      "type": null
    },
    {
      "_id": "50536a6c709357c7fa0003b0",
      "causeOfDeath": null,
      "codes": {
        "SNOMED-CT": [
          "13282008"
        ],
        "ICD-9-CM": [
          "371.00"
        ],
        "ICD-10-CM": [
          "371.04"
        ]
      },
      "description": "Diagnosis, Active: Corneal Opacity and other Disorders of Cornea (Code List: 2.16.840.1.113883.3.464.0003.15.02.0018)",
      "end_time": 971236800,
      "free_text": null,
      "mood_code": "EVN",
      "name": null,
      "negationInd": null,
      "negationReason": null,
      "ordinality": null,
      "priority": null,
      "severity": null,
      "specifics": null,
      "start_time": 933739200,
      "status_code": {
        "SNOMED-CT": [
          "55561003"
        ],
        "HL7 ActStatus": [
          "active"
        ]
      },
      "time": null,
      "type": null
    },
    {
      "_id": "50536a6c709357c7fa0003b1",
      "causeOfDeath": null,
      "codes": {
        "ICD-10-CM": [
          "H27.10"
        ],
        "ICD-9-CM": [
          "379.32"
        ],
        "SNOMED-CT": [
          "14169000"
        ]
      },
      "description": "Diagnosis, Active: Aphakia and other Disorders of Lens (Code List: 2.16.840.1.113883.3.464.0003.15.02.0008)",
      "end_time": 1240286400,
      "free_text": null,
      "mood_code": "EVN",
      "name": null,
      "negationInd": null,
      "negationReason": null,
      "ordinality": null,
      "priority": null,
      "severity": null,
      "specifics": null,
      "start_time": 1132376400,
      "status_code": {
        "SNOMED-CT": [
          "55561003"
        ],
        "HL7 ActStatus": [
          "active"
        ]
      },
      "time": null,
      "type": null
    },
    {
      "_id": "50536a6c709357c7fa0003b2",
      "causeOfDeath": null,
      "codes": {
        "ICD-10-CM": [
          "H18.10"
        ],
        "ICD-9-CM": [
          "371.20"
        ],
        "SNOMED-CT": [
          "1794009"
        ]
      },
      "description": "Diagnosis, Active: Corneal Edema (Code List: 2.16.840.1.113883.3.464.0003.15.02.0019)",
      "end_time": 1296709200,
      "free_text": null,
      "mood_code": "EVN",
      "name": null,
      "negationInd": null,
      "negationReason": null,
      "ordinality": null,
      "priority": null,
      "severity": null,
      "specifics": null,
      "start_time": 1241668800,
      "status_code": {
        "SNOMED-CT": [
          "55561003"
        ],
        "HL7 ActStatus": [
          "active"
        ]
      },
      "time": null,
      "type": null
    },
    {
      "_id": "50536a6c709357c7fa0003b3",
      "causeOfDeath": null,
      "codes": {
        "SNOMED-CT": [
          "408847006"
        ],
        "ICD-9-CM": [
          "362.21"
        ],
        "ICD-10-CM": [
          "H35.171"
        ]
      },
      "description": "Diagnosis, Active: Retinopathy of Prematurity (Code List: 2.16.840.1.113883.3.464.0003.15.02.0035)",
      "end_time": 1172034000,
      "free_text": null,
      "mood_code": "EVN",
      "name": null,
      "negationInd": null,
      "negationReason": null,
      "ordinality": null,
      "priority": null,
      "severity": null,
      "specifics": null,
      "start_time": 1130644800,
      "status_code": {
        "SNOMED-CT": [
          "55561003"
        ],
        "HL7 ActStatus": [
          "active"
        ]
      },
      "time": null,
      "type": null
    },
    {
      "_id": "50536a6c709357c7fa0003b4",
      "causeOfDeath": null,
      "codes": {
        "SNOMED-CT": [
          "7869006"
        ],
        "ICD-10-CM": [
          "H47.41"
        ],
        "ICD-9-CM": [
          "377.51"
        ]
      },
      "description": "Diagnosis, Active: Disorders of Optic Chiasm (Code List: 2.16.840.1.113883.3.464.0003.15.02.0066)",
      "end_time": 1295672400,
      "free_text": null,
      "mood_code": "EVN",
      "name": null,
      "negationInd": null,
      "negationReason": null,
      "ordinality": null,
      "priority": null,
      "severity": null,
      "specifics": null,
      "start_time": 780033600,
      "status_code": {
        "SNOMED-CT": [
          "55561003"
        ],
        "HL7 ActStatus": [
          "active"
        ]
      },
      "time": null,
      "type": null
    },
    {
      "_id": "50536a6c709357c7fa0003b5",
      "causeOfDeath": null,
      "codes": {
        "SNOMED-CT": [
          "43727009"
        ],
        "ICD-9-CM": [
          "377.75"
        ],
        "ICD-10-CM": [
          "H47.611"
        ]
      },
      "description": "Diagnosis, Active: Disorders of Visual Cortex (Code List: 2.16.840.1.113883.3.464.0003.15.02.0067)",
      "end_time": 1283400000,
      "free_text": null,
      "mood_code": "EVN",
      "name": null,
      "negationInd": null,
      "negationReason": null,
      "ordinality": null,
      "priority": null,
      "severity": null,
      "specifics": null,
      "start_time": 1244779200,
      "status_code": {
        "SNOMED-CT": [
          "55561003"
        ],
        "HL7 ActStatus": [
          "active"
        ]
      },
      "time": null,
      "type": null
    },
    {
      "_id": "50536a6c709357c7fa0003b6",
      "causeOfDeath": null,
      "codes": {
        "SNOMED-CT": [
          "19871000"
        ],
        "ICD-9-CM": [
          "363.43"
        ],
        "ICD-10-CM": [
          "H35.33"
        ]
      },
      "description": "Diagnosis, Active: Choroidal Degenerations (Code List: 2.16.840.1.113883.3.464.0003.15.02.0068)",
      "end_time": 927432000,
      "free_text": null,
      "mood_code": "EVN",
      "name": null,
      "negationInd": null,
      "negationReason": null,
      "ordinality": null,
      "priority": null,
      "severity": null,
      "specifics": null,
      "start_time": 908424000,
      "status_code": {
        "SNOMED-CT": [
          "55561003"
        ],
        "HL7 ActStatus": [
          "active"
        ]
      },
      "time": null,
      "type": null
    },
    {
      "_id": "50536a6c709357c7fa0003b7",
      "causeOfDeath": null,
      "codes": {
        "ICD-10-CM": [
          "H31.411"
        ],
        "SNOMED-CT": [
          "19031009"
        ],
        "ICD-9-CM": [
          "363.72"
        ]
      },
      "description": "Diagnosis, Active: Choroidal Detachment (Code List: 2.16.840.1.113883.3.464.0003.15.02.0069)",
      "end_time": 1193544000,
      "free_text": null,
      "mood_code": "EVN",
      "name": null,
      "negationInd": null,
      "negationReason": null,
      "ordinality": null,
      "priority": null,
      "severity": null,
      "specifics": null,
      "start_time": 1077771600,
      "status_code": {
        "SNOMED-CT": [
          "55561003"
        ],
        "HL7 ActStatus": [
          "active"
        ]
      },
      "time": null,
      "type": null
    },
    {
      "_id": "50536a6c709357c7fa0003b8",
      "causeOfDeath": null,
      "codes": {
        "SNOMED-CT": [
          "63251006"
        ],
        "ICD-9-CM": [
          "379.42"
        ],
        "ICD-10-CM": [
          "H57.03"
        ]
      },
      "description": "Diagnosis, Active: Anomalies of Puillary Function (Code List: 2.16.840.1.113883.3.464.0003.15.02.0007)",
      "end_time": 913352400,
      "free_text": null,
      "mood_code": "EVN",
      "name": null,
      "negationInd": null,
      "negationReason": null,
      "ordinality": null,
      "priority": null,
      "severity": null,
      "specifics": null,
      "start_time": 900388800,
      "status_code": {
        "SNOMED-CT": [
          "55561003"
        ],
        "HL7 ActStatus": [
          "active"
        ]
      },
      "time": null,
      "type": null
    },
    {
      "_id": "50536a6c709357c7fa0003b9",
      "causeOfDeath": null,
      "codes": {
        "SNOMED-CT": [
          "122003"
        ],
        "ICD-9-CM": [
          "363.61"
        ],
        "ICD-10-CM": [
          "H31.301"
        ]
      },
      "description": "Diagnosis, Active: Choroidal Hemorrhage and Rupture (Code List: 2.16.840.1.113883.3.464.0003.15.02.0070)",
      "end_time": 1268712000,
      "free_text": null,
      "mood_code": "EVN",
      "name": null,
      "negationInd": null,
      "negationReason": null,
      "ordinality": null,
      "priority": null,
      "severity": null,
      "specifics": null,
      "start_time": 944629200,
      "status_code": {
        "SNOMED-CT": [
          "55561003"
        ],
        "HL7 ActStatus": [
          "active"
        ]
      },
      "time": null,
      "type": null
    },
    {
      "_id": "50536a6c709357c7fa0003ba",
      "causeOfDeath": null,
      "codes": {
        "SNOMED-CT": [
          "7366009"
        ],
        "ICD-9-CM": [
          "363.30"
        ],
        "ICD-10-CM": [
          "H31.009"
        ]
      },
      "description": "Diagnosis, Active: Chorioretinal Scars (Code List: 2.16.840.1.113883.3.464.0003.15.02.0071)",
      "end_time": 1279857600,
      "free_text": null,
      "mood_code": "EVN",
      "name": null,
      "negationInd": null,
      "negationReason": null,
      "ordinality": null,
      "priority": null,
      "severity": null,
      "specifics": null,
      "start_time": 1184644800,
      "status_code": {
        "SNOMED-CT": [
          "55561003"
        ],
        "HL7 ActStatus": [
          "active"
        ]
      },
      "time": null,
      "type": null
    },
    {
      "_id": "50536a6c709357c7fa0003bb",
      "causeOfDeath": null,
      "codes": {
        "SNOMED-CT": [
          "965003"
        ],
        "ICD-9-CM": [
          "368.01"
        ],
        "ICD-10-CM": [
          "H53.029"
        ]
      },
      "description": "Diagnosis, Active: Amblyopia (Code List: 2.16.840.1.113883.3.464.0003.15.02.0072)",
      "end_time": 963460800,
      "free_text": null,
      "mood_code": "EVN",
      "name": null,
      "negationInd": null,
      "negationReason": null,
      "ordinality": null,
      "priority": null,
      "severity": null,
      "specifics": null,
      "start_time": 814852800,
      "status_code": {
        "SNOMED-CT": [
          "55561003"
        ],
        "HL7 ActStatus": [
          "active"
        ]
      },
      "time": null,
      "type": null
    },
    {
      "_id": "50536a6c709357c7fa0003bc",
      "causeOfDeath": null,
      "codes": {
        "SNOMED-CT": [
          "51995000"
        ],
        "ICD-9-CM": [
          "364.42"
        ],
        "ICD-10-CM": [
          "H21.1X1"
        ]
      },
      "description": "Diagnosis, Active: Vascular Disorders of Iris and Ciliary Body (Code List: 2.16.840.1.113883.3.464.0003.15.02.0041)",
      "end_time": 903153600,
      "free_text": null,
      "mood_code": "EVN",
      "name": null,
      "negationInd": null,
      "negationReason": null,
      "ordinality": null,
      "priority": null,
      "severity": null,
      "specifics": null,
      "start_time": 800596800,
      "status_code": {
        "SNOMED-CT": [
          "55561003"
        ],
        "HL7 ActStatus": [
          "active"
        ]
      },
      "time": null,
      "type": null
    },
    {
      "_id": "50536a6c709357c7fa0003be",
      "causeOfDeath": null,
      "codes": {
        "ICD-9-CM": [
          "366.11"
        ],
        "ICD-10-CM": [
          "H25.89"
        ],
        "SNOMED-CT": [
          "5318001"
        ]
      },
      "description": "Diagnosis, Active: Senile Cataract (Code List: 2.16.840.1.113883.3.464.0003.15.02.0036)",
      "end_time": 1264914000,
      "free_text": null,
      "mood_code": "EVN",
      "name": null,
      "negationInd": null,
      "negationReason": null,
      "ordinality": null,
      "priority": null,
      "severity": null,
      "specifics": null,
      "start_time": 1083124800,
      "status_code": {
        "SNOMED-CT": [
          "55561003"
        ],
        "HL7 ActStatus": [
          "active"
        ]
      },
      "time": null,
      "type": null
    },
    {
      "_id": "50536a6c709357c7fa0003bf",
      "causeOfDeath": null,
      "codes": {
        "SNOMED-CT": [
          "32022003"
        ],
        "ICD-9-CM": [
          "360.21"
        ],
        "ICD-10-CM": [
          "H44.20"
        ]
      },
      "description": "Diagnosis, Active: High Myopia (Code List: 2.16.840.1.113883.3.464.0003.15.02.0025)",
      "end_time": 902894400,
      "free_text": null,
      "mood_code": "EVN",
      "name": null,
      "negationInd": null,
      "negationReason": null,
      "ordinality": null,
      "priority": null,
      "severity": null,
      "specifics": null,
      "start_time": 796021200,
      "status_code": {
        "SNOMED-CT": [
          "55561003"
        ],
        "HL7 ActStatus": [
          "active"
        ]
      },
      "time": null,
      "type": null
    },
    {
      "_id": "50536a6c709357c7fa0003c0",
      "causeOfDeath": null,
      "codes": {
        "SNOMED-CT": [
          "815008"
        ],
        "ICD-9-CM": [
          "379.09"
        ],
        "ICD-10-CM": [
          "A18.51"
        ]
      },
      "description": "Diagnosis, Active: Scleritis and Episcleritis (Code List: 2.16.840.1.113883.3.464.0003.15.02.0037)",
      "end_time": 1105160400,
      "free_text": null,
      "mood_code": "EVN",
      "name": null,
      "negationInd": null,
      "negationReason": null,
      "ordinality": null,
      "priority": null,
      "severity": null,
      "specifics": null,
      "start_time": 880779600,
      "status_code": {
        "SNOMED-CT": [
          "55561003"
        ],
        "HL7 ActStatus": [
          "active"
        ]
      },
      "time": null,
      "type": null
    },
    {
      "_id": "50536a6c709357c7fa0003c1",
      "causeOfDeath": null,
      "codes": {
        "ICD-10-CM": [
          "H44.40"
        ],
        "ICD-9-CM": [
          "360.30"
        ],
        "SNOMED-CT": [
          "2251002"
        ]
      },
      "description": "Diagnosis, Active: Hypotony of Eye (Code List: 2.16.840.1.113883.3.464.0003.15.02.0026)",
      "end_time": 1318651200,
      "free_text": null,
      "mood_code": "EVN",
      "name": null,
      "negationInd": null,
      "negationReason": null,
      "ordinality": null,
      "priority": null,
      "severity": null,
      "specifics": null,
      "start_time": 1061179200,
      "status_code": {
        "SNOMED-CT": [
          "55561003"
        ],
        "HL7 ActStatus": [
          "active"
        ]
      },
      "time": null,
      "type": null
    },
    {
      "_id": "50536a6c709357c7fa0003c2",
      "causeOfDeath": null,
      "codes": {
        "SNOMED-CT": [
          "21818003"
        ],
        "ICD-9-CM": [
          "366.32"
        ],
        "ICD-10-CM": [
          "H26.211"
        ]
      },
      "description": "Diagnosis, Active: Cataract Secondary to Ocular Disorders (Code List: 2.16.840.1.113883.3.464.0003.15.02.0011)",
      "end_time": 957931200,
      "free_text": null,
      "mood_code": "EVN",
      "name": null,
      "negationInd": null,
      "negationReason": null,
      "ordinality": null,
      "priority": null,
      "severity": null,
      "specifics": null,
      "start_time": 846997200,
      "status_code": {
        "SNOMED-CT": [
          "55561003"
        ],
        "HL7 ActStatus": [
          "active"
        ]
      },
      "time": null,
      "type": null
    },
    {
      "_id": "50536a6c709357c7fa0003c3",
      "causeOfDeath": null,
      "codes": {
        "ICD-9-CM": [
          "950.0"
        ],
        "SNOMED-CT": [
          "48233004"
        ],
        "ICD-10-CM": [
          "S04.011A"
        ]
      },
      "description": "Diagnosis, Active: Injury to Optic Nerve and Pathways (Code List: 2.16.840.1.113883.3.464.0003.15.02.0027)",
      "end_time": 1094356800,
      "free_text": null,
      "mood_code": "EVN",
      "name": null,
      "negationInd": null,
      "negationReason": null,
      "ordinality": null,
      "priority": null,
      "severity": null,
      "specifics": null,
      "start_time": 780206400,
      "status_code": {
        "SNOMED-CT": [
          "55561003"
        ],
        "HL7 ActStatus": [
          "active"
        ]
      },
      "time": null,
      "type": null
    },
    {
      "_id": "50536a6c709357c7fa0003c4",
      "causeOfDeath": null,
      "codes": {
        "SNOMED-CT": [
          "1151008"
        ],
        "ICD-9-CM": [
          "368.41"
        ],
        "ICD-10-CM": [
          "H53.411"
        ]
      },
      "description": "Diagnosis, Active: Visual Field Defects (Code List: 2.16.840.1.113883.3.464.0003.15.02.0042)",
      "end_time": 1154404800,
      "free_text": null,
      "mood_code": "EVN",
      "name": null,
      "negationInd": null,
      "negationReason": null,
      "ordinality": null,
      "priority": null,
      "severity": null,
      "specifics": null,
      "start_time": 840600000,
      "status_code": {
        "SNOMED-CT": [
          "55561003"
        ],
        "HL7 ActStatus": [
          "active"
        ]
      },
      "time": null,
      "type": null
    },
    {
      "_id": "50536a6c709357c7fa0003c5",
      "causeOfDeath": null,
      "codes": {
        "ICD-10-CM": [
          "Q12.2"
        ],
        "SNOMED-CT": [
          "95480008"
        ],
        "ICD-9-CM": [
          "743.36"
        ]
      },
      "description": "Diagnosis, Active: Posterior Lenticonus (Code List: 2.16.840.1.113883.3.464.0003.15.02.0032)",
      "end_time": 1289883600,
      "free_text": null,
      "mood_code": "EVN",
      "name": null,
      "negationInd": null,
      "negationReason": null,
      "ordinality": null,
      "priority": null,
      "severity": null,
      "specifics": null,
      "start_time": 998884800,
      "status_code": {
        "SNOMED-CT": [
          "55561003"
        ],
        "HL7 ActStatus": [
          "active"
        ]
      },
      "time": null,
      "type": null
    },
    {
      "_id": "50536a6c709357c7fa0003c6",
      "causeOfDeath": null,
      "codes": {
        "ICD-9-CM": [
          "361.00"
        ],
        "SNOMED-CT": [
          "3598000"
        ],
        "ICD-10-CM": [
          "H33.049"
        ]
      },
      "description": "Diagnosis, Active: Retinal Detachment with Retinal Defect (Code List: 2.16.840.1.113883.3.464.0003.15.02.0043)",
      "end_time": 1180238400,
      "free_text": null,
      "mood_code": "EVN",
      "name": null,
      "negationInd": null,
      "negationReason": null,
      "ordinality": null,
      "priority": null,
      "severity": null,
      "specifics": null,
      "start_time": 982213200,
      "status_code": {
        "SNOMED-CT": [
          "55561003"
        ],
        "HL7 ActStatus": [
          "active"
        ]
      },
      "time": null,
      "type": null
    }
  ],
  "deathdate": null,
  "effective_time": null,
  "elimination_population": null,
  "elimination_reason": null,
  "ethnicity": "2186-5",
  "expired": null,
  "first": "Kathleen",
  "gender": "F",
  "languages": [
    "en-US"
  ],
  "last": "Boyd",
  "marital_status": null,
  "measure_id": null,
  "measure_ids": null,
  "medical_record_number": "2481731120",
  "medications": [
    {
      "_id": "50536a6c709357c7fa0003bd",
      "administrationTiming": null,
      "codes": {
        "RxNorm": [
          "150752"
        ]
      },
      "cumulativeMedicationDuration": null,
      "deliveryMethod": null,
      "description": "Medication, Active: Systemic Sympathetic alpha-1a Antagonist Medication (Code List: 2.16.840.1.113883.3.464.0003.96.02.0002)",
      "dose": null,
      "doseIndicator": null,
      "doseRestriction": null,
      "end_time": 1166590800,
      "freeTextSig": null,
      "free_text": null,
      "fulfillmentInstructions": null,
      "indication": null,
      "mood_code": "EVN",
      "negationInd": null,
      "negationReason": null,
      "patientInstructions": null,
      "productForm": null,
      "reaction": null,
      "route": null,
      "site": null,
      "specifics": null,
      "start_time": 933566400,
      "statusOfMedication": null,
      "status_code": {
        "SNOMED-CT": [
          "55561003"
        ],
        "HL7 ActStatus": [
          "active"
        ]
      },
      "time": null,
      "typeOfMedication": null,
      "vehicle": null
    }
  ],
  "procedures": [
    {
      "_id": "50536a6c709357c7fa000382",
      "codes": {
        "SNOMED-CT": [
          "87021001"
        ],
        "CPT": [
          "67036"
        ]
      },
      "description": "Procedure, Performed: Prior Pars Plana Vitrectomy (Code List: 2.16.840.1.113883.3.464.0003.15.02.0033)",
      "end_time": 1205985600,
      "free_text": null,
      "mood_code": "EVN",
      "negationInd": null,
      "negationReason": null,
      "performer_id": null,
      "site": null,
      "specifics": null,
      "start_time": 928209600,
      "status_code": null,
      "time": null
    },
    {
      "_id": "50536a6c709357c7fa000383",
      "codes": {
        "SNOMED-CT": [
          "5130002"
        ],
        "CPT": [
          "66840"
        ]
      },
      "description": "Cataract Surgery (Code List: 2.16.840.1.113883.3.464.0003.15.02.0010)",
      "end_time": 1012280400,
      "free_text": null,
      "mood_code": "EVN",
      "negationInd": null,
      "negationReason": null,
      "performer_id": null,
      "site": null,
      "specifics": null,
      "start_time": 841723200,
      "status_code": null,
      "time": null
    },
    {
      "_id": "50536a6c709357c7fa0003c7",
      "codes": {
        "CPT": [
          "65235"
        ],
        "SNOMED-CT": [
          "4503005"
        ]
      },
      "description": "Procedure, Performed: Removal Procedures (Code List: 2.16.840.1.113883.3.464.0003.15.02.0075)",
      "end_time": 1138856400,
      "free_text": null,
      "mood_code": "EVN",
      "negationInd": null,
      "negationReason": null,
      "performer_id": null,
      "site": null,
      "specifics": null,
      "start_time": 1065758400,
      "status_code": null,
      "time": null
    },
    {
      "_id": "50536a6c709357c7fa0003c8",
      "codes": {
        "SNOMED-CT": [
          "31222007"
        ],
        "CPT": [
          "65800"
        ]
      },
      "description": "Procedure, Performed: Paracentsis Procedures (Code List: 2.16.840.1.113883.3.464.0003.15.02.0076)",
      "end_time": 1102050000,
      "free_text": null,
      "mood_code": "EVN",
      "negationInd": null,
      "negationReason": null,
      "performer_id": null,
      "site": null,
      "specifics": null,
      "start_time": 893995200,
      "status_code": null,
      "time": null
    },
    {
      "_id": "50536a6c709357c7fa0003c9",
      "codes": {
        "SNOMED-CT": [
          "76240002"
        ],
        "CPT": [
          "65860"
        ]
      },
      "description": "Procedure, Performed: Excision of Adhesions (Code List: 2.16.840.1.113883.3.464.0003.15.02.0077)",
      "end_time": 1298178000,
      "free_text": null,
      "mood_code": "EVN",
      "negationInd": null,
      "negationReason": null,
      "performer_id": null,
      "site": null,
      "specifics": null,
      "start_time": 836193600,
      "status_code": null,
      "time": null
    },
    {
      "_id": "50536a6c709357c7fa0003ca",
      "codes": {
        "SNOMED-CT": [
          "2536007"
        ],
        "CPT": [
          "66030"
        ]
      },
      "description": "Procedure, Performed: Aspiration and Injection Procedures (Code List: 2.16.840.1.113883.3.464.0003.15.02.0078)",
      "end_time": 1338782400,
      "free_text": null,
      "mood_code": "EVN",
      "negationInd": null,
      "negationReason": null,
      "performer_id": null,
      "site": null,
      "specifics": null,
      "start_time": 1259730000,
      "status_code": null,
      "time": null
    },
    {
      "_id": "50536a6c709357c7fa0003cb",
      "codes": {
        "SNOMED-CT": [
          "9137006"
        ],
        "CPT": [
          "66820"
        ]
      },
      "description": "Procedure, Performed: Lens Procedure (Code List: 2.16.840.1.113883.3.464.0003.15.02.0079)",
      "end_time": 1260939600,
      "free_text": null,
      "mood_code": "EVN",
      "negationInd": null,
      "negationReason": null,
      "performer_id": null,
      "site": null,
      "specifics": null,
      "start_time": 1084075200,
      "status_code": null,
      "time": null
    },
    {
      "_id": "50536a6c709357c7fa0003cc",
      "codes": {
        "SNOMED-CT": [
          "3499006"
        ],
        "CPT": [
          "67005"
        ]
      },
      "description": "Procedure, Performed: Vitreous Procedures (Code List: 2.16.840.1.113883.3.464.0003.15.02.0080)",
      "end_time": 1103086800,
      "free_text": null,
      "mood_code": "EVN",
      "negationInd": null,
      "negationReason": null,
      "performer_id": null,
      "site": null,
      "specifics": null,
      "start_time": 860558400,
      "status_code": null,
      "time": null
    },
    {
      "_id": "50536a6c709357c7fa0003cd",
      "codes": {
        "SNOMED-CT": [
          "3938007"
        ],
        "CPT": [
          "67101"
        ]
      },
      "description": "Procedure, Performed: Retinal Repair Procedures (Code List: 2.16.840.1.113883.3.464.0003.15.02.0081)",
      "end_time": 1175400000,
      "free_text": null,
      "mood_code": "EVN",
      "negationInd": null,
      "negationReason": null,
      "performer_id": null,
      "site": null,
      "specifics": null,
      "start_time": 1158638400,
      "status_code": null,
      "time": null
    },
    {
      "_id": "50536a6c709357c7fa0003ce",
      "codes": {
        "CPT": [
          "67250"
        ],
        "SNOMED-CT": [
          "10807008"
        ]
      },
      "description": "Procedure, Performed: Scleral Procedures (Code List: 2.16.840.1.113883.3.464.0003.15.02.0082)",
      "end_time": 1090900800,
      "free_text": null,
      "mood_code": "EVN",
      "negationInd": null,
      "negationReason": null,
      "performer_id": null,
      "site": null,
      "specifics": null,
      "start_time": 977029200,
      "status_code": null,
      "time": null
    },
    {
      "_id": "50536a6c709357c7fa0003cf",
      "codes": {
        "SNOMED-CT": [
          "12868007"
        ],
        "CPT": [
          "66250"
        ]
      },
      "description": "Procedure, Performed: Revision Procedures (Code List: 2.16.840.1.113883.3.464.0003.15.02.0083)",
      "end_time": 938145600,
      "free_text": null,
      "mood_code": "EVN",
      "negationInd": null,
      "negationReason": null,
      "performer_id": null,
      "site": null,
      "specifics": null,
      "start_time": 917326800,
      "status_code": null,
      "time": null
    }
  ],
  "race": "2054-5",
  "religious_affilication": null,
  "source_data_criteria": null,
  "test_id": null,
  "title": null
}