{
  "_id": "50536a6b709357c7fa00014c",
  "birthdate": 875678400,
  "clinicalTrialParticipant": null,
  "conditions": [
    {
      "_id": "50536a6b709357c7fa00015d",
      "causeOfDeath": null,
      "codes": {
        "ICD-10-CM": [
          "E08.311"
        ],
        "ICD-9-CM": [
          "362.01"
        ],
        "SNOMED-CT": [
          "4855003"
        ]
      },
      "description": "Diagnosis, Active: Diabetic Retinopathy (Code List: 2.16.840.1.113883.3.526.03.327)",
      "end_time": 1126584000,
      "free_text": null,
      "mood_code": "EVN",
      "name": null,
      "negationInd": null,
      "negationReason": null,
      "ordinality": null,
      "priority": null,
      "severity": null,
      "specifics": null,
      "start_time": 1123560000,
      "status_code": {
        "SNOMED-CT": [
          "55561003"
        ],
        "HL7 ActStatus": [
          "active"
        ]
      },
      "time": null,
      "type": null
    }
  ],
  "deathdate": null,
  "effective_time": null,
  "elimination_population": null,
  "elimination_reason": null,
  "encounters": [
    {
      "_id": "50536a6b709357c7fa00014e",
      "admitType": null,
      "admit_time": null,
      "codes": {
        "CPT": [
          "92002"
        ]
      },
      "description": "Ophthalmological Services (Code List: 2.16.840.1.113883.3.526.03.1285)",
      "dischargeDisposition": null,
      "discharge_time": null,
      "end_time": 1247544000,
      "free_text": null,
      "mood_code": "EVN",
      "negationInd": null,
      "negationReason": null,
      "performer_id": null,
      "specifics": null,
      "start_time": 833947200,
      "status_code": null,
      "time": null
    },
    {
      "_id": "50536a6b709357c7fa00014f",
      "admitType": null,
      "admit_time": null,
      "codes": {
        "CPT": [
          "99324"
        ]
      },
      "description": "Care Services in Long-Term Residential Facility (Code List: 2.16.840.1.113883.3.464.0003.01.02.0014)",
      "dischargeDisposition": null,
      "discharge_time": null,
      "end_time": 1346731200,
      "free_text": null,
      "mood_code": "EVN",
      "negationInd": null,
      "negationReason": null,
      "performer_id": null,
      "specifics": null,
      "start_time": 1328850000,
      "status_code": null,
      "time": null
    },
    {
      "_id": "50536a6b709357c7fa000150",
      "admitType": null,
      "admit_time": null,
      "codes": {
        "CPT": [
          "99304"
        ]
      },
      "description": "Nursing Facility Visit (Code List: 2.16.840.1.113883.3.464.0003.01.02.0012)",
      "dischargeDisposition": null,
      "discharge_time": null,
      "end_time": 1339300800,
      "free_text": null,
      "mood_code": "EVN",
      "negationInd": null,
      "negationReason": null,
      "performer_id": null,
      "specifics": null,
      "start_time": 838180800,
      "status_code": null,
      "time": null
    },
    {
      "_id": "50536a6b709357c7fa000151",
      "admitType": null,
      "admit_time": null,
      "codes": {
        "CPT": [
          "99201"
        ]
      },
      "description": "Office Visit (Code List: 2.16.840.1.113883.3.464.0003.01.02.0001)",
      "dischargeDisposition": null,
      "discharge_time": null,
      "end_time": 1118894400,
      "free_text": null,
      "mood_code": "EVN",
      "negationInd": null,
      "negationReason": null,
      "performer_id": null,
      "specifics": null,
      "start_time": 1002686400,
      "status_code": null,
      "time": null
    },
    {
      "_id": "50536a6b709357c7fa000152",
      "admitType": null,
      "admit_time": null,
      "codes": {
        "CPT": [
          "99241"
        ]
      },
      "description": "Outpatient Consultation (Code List: 2.16.840.1.113883.3.464.0003.01.02.0008)",
      "dischargeDisposition": null,
      "discharge_time": null,
      "end_time": 1108616400,
      "free_text": null,
      "mood_code": "EVN",
      "negationInd": null,
      "negationReason": null,
      "performer_id": null,
      "specifics": null,
      "start_time": 835070400,
      "status_code": null,
      "time": null
    },
    {
      "_id": "50536a6b709357c7fa000153",
      "admitType": null,
      "admit_time": null,
      "codes": {
        "SNOMED-CT": [
          "4525004"
        ]
      },
      "description": "Face-to-Face Interaction (Code List: 2.16.840.1.113883.3.464.0003.01.02.0048)",
      "dischargeDisposition": null,
      "discharge_time": null,
      "end_time": 1297746000,
      "free_text": null,
      "mood_code": "EVN",
      "negationInd": null,
      "negationReason": null,
      "performer_id": null,
      "specifics": null,
      "start_time": 891752400,
      "status_code": null,
      "time": null
    },
    {
      "_id": "50536a6b709357c7fa00015e",
      "admitType": null,
      "admit_time": null,
      "codes": {
        "SNOMED-CT": [
          "4525004"
        ]
      },
      "description": "Encounter, Performed: Patient Provider Interaction (Code List: 2.16.840.1.113883.3.526.03.1012)",
      "dischargeDisposition": null,
      "discharge_time": null,
      "end_time": 1272427200,
      "free_text": null,
      "mood_code": "EVN",
      "negationInd": null,
      "negationReason": null,
      "performer_id": null,
      "specifics": null,
      "start_time": 1220587200,
      "status_code": null,
      "time": null
    }
  ],
  "ethnicity": "2186-5",
  "expired": null,
  "first": "Katrina",
  "gender": "F",
  "languages": [
    "en-US"
  ],
  "last": "Haynes",
  "marital_status": null,
  "measure_id": null,
  "measure_ids": null,
  "medical_record_number": "7502555905",
  "procedures": [
    {
      "_id": "50536a6b709357c7fa00014d",
      "codes": {
        "SNOMED-CT": [
          "6971000047100"
        ]
      },
      "description": "Communication: From Provider to Provider: Macular Edema Findings Absent (Code List: 2.16.840.1.113883.3.526.03.1286)",
      "end_time": 1037595600,
      "free_text": null,
      "mood_code": "EVN",
      "negationInd": true,
      "negationReason": {
        "SNOMED-CT": [
          "31438003"
        ]
      },
      "performer_id": null,
      "site": null,
      "specifics": null,
      "start_time": 792046800,
      "status_code": null,
      "time": null
    },
    {
      "_id": "50536a6b709357c7fa000154",
      "codes": {
        "SNOMED-CT": [
          "6971000047100"
        ]
      },
      "description": "Communication: From Provider to Provider: Macular Edema Findings Absent (Code List: 2.16.840.1.113883.3.526.03.1286)",
      "end_time": 1117512000,
      "free_text": null,
      "mood_code": "EVN",
      "negationInd": true,
      "negationReason": {
        "SNOMED-CT": [
          "5015009"
        ]
      },
      "performer_id": null,
      "site": null,
      "specifics": null,
      "start_time": 835848000,
      "status_code": null,
      "time": null
    },
    {
      "_id": "50536a6b709357c7fa000155",
      "codes": {
        "SNOMED-CT": [
          "37231002"
        ]
      },
      "description": "Communication: From Provider to Provider: Macular Edema Findings Present (Code List: 2.16.840.1.113883.3.526.03.1323)",
      "end_time": 1345348800,
      "free_text": null,
      "mood_code": "EVN",
      "negationInd": true,
      "negationReason": {
        "SNOMED-CT": [
          "31438003"
        ]
      },
      "performer_id": null,
      "site": null,
      "specifics": null,
      "start_time": 1299301200,
      "status_code": null,
      "time": null
    },
    {
      "_id": "50536a6b709357c7fa000156",
      "codes": {
        "SNOMED-CT": [
          "37231002"
        ]
      },
      "description": "Communication: From Provider to Provider: Macular Edema Findings Present (Code List: 2.16.840.1.113883.3.526.03.1323)",
      "end_time": 1340251200,
      "free_text": null,
      "mood_code": "EVN",
      "negationInd": true,
      "negationReason": {
        "SNOMED-CT": [
          "5015009"
        ]
      },
      "performer_id": null,
      "site": null,
      "specifics": null,
      "start_time": 1300248000,
      "status_code": null,
      "time": null
    },
    {
      "_id": "50536a6b709357c7fa000157",
      "codes": {
        "SNOMED-CT": [
          "193349004"
        ]
      },
      "description": "Communication: From Provider to Provider: Level of Severity of Retinopathy Findings (Code List: 2.16.840.1.113883.3.526.03.1324)",
      "end_time": 1104382800,
      "free_text": null,
      "mood_code": "EVN",
      "negationInd": true,
      "negationReason": {
        "SNOMED-CT": [
          "31438003"
        ]
      },
      "performer_id": null,
      "site": null,
      "specifics": null,
      "start_time": 1007355600,
      "status_code": null,
      "time": null
    },
    {
      "_id": "50536a6b709357c7fa000158",
      "codes": {
        "SNOMED-CT": [
          "193349004"
        ]
      },
      "description": "Communication: From Provider to Provider: Level of Severity of Retinopathy Findings (Code List: 2.16.840.1.113883.3.526.03.1324)",
      "end_time": 993528000,
      "free_text": null,
      "mood_code": "EVN",
      "negationInd": true,
      "negationReason": {
        "SNOMED-CT": [
          "5015009"
        ]
      },
      "performer_id": null,
      "site": null,
      "specifics": null,
      "start_time": 972360000,
      "status_code": null,
      "time": null
    },
    {
      "_id": "50536a6b709357c7fa000159",
      "codes": {
        "SNOMED-CT": [
          "193349004"
        ]
      },
      "description": "Communication: From Provider to Provider: Level of Severity of Retinopathy Findings (Code List: 2.16.840.1.113883.3.526.03.1324)",
      "end_time": 1080363600,
      "free_text": null,
      "mood_code": "EVN",
      "negationInd": null,
      "negationReason": null,
      "performer_id": null,
      "site": null,
      "specifics": null,
      "start_time": 856933200,
      "status_code": null,
      "time": null
    },
    {
      "_id": "50536a6b709357c7fa00015a",
      "codes": {
        "SNOMED-CT": [
          "37231002"
        ]
      },
      "description": "Communication: From Provider to Provider: Macular Edema Findings Present (Code List: 2.16.840.1.113883.3.526.03.1323)",
      "end_time": 1336276800,
      "free_text": null,
      "mood_code": "EVN",
      "negationInd": null,
      "negationReason": null,
      "performer_id": null,
      "site": null,
      "specifics": null,
      "start_time": 1204606800,
      "status_code": null,
      "time": null
    },
    {
      "_id": "50536a6b709357c7fa00015b",
      "codes": {
        "SNOMED-CT": [
          "6971000047100"
        ]
      },
      "description": "Communication: From Provider to Provider: Macular Edema Findings Absent (Code List: 2.16.840.1.113883.3.526.03.1286)",
      "end_time": 1346644800,
      "free_text": null,
      "mood_code": "EVN",
      "negationInd": null,
      "negationReason": null,
      "performer_id": null,
      "site": null,
      "specifics": null,
      "start_time": 921474000,
      "status_code": null,
      "time": null
    }
  ],
  "race": "2106-3",
  "religious_affilication": null,
  "results": [
    {
      "_id": "50536a6b709357c7fa00015c",
      "codes": {
        "LOINC": [
          "XXXXX-X"
        ]
      },
      "description": "Diagnostic Study, Result: Macular Exam (Code List: 2.16.840.1.113883.3.526.03.1251)",
      "end_time": 1296882000,
      "free_text": null,
      "interpretation": null,
      "mood_code": "EVN",
      "negationInd": null,
      "negationReason": null,
      "referenceRange": null,
      "specifics": null,
      "start_time": 1228798800,
      "status_code": null,
      "time": null
    }
  ],
  "source_data_criteria": null,
  "test_id": null,
  "title": null
}