{
  "_id": "50536a6b709357c7fa0000fe",
  "birthdate": 965361600,
  "clinicalTrialParticipant": null,
  "conditions": [
    {
      "_id": "50536a6b709357c7fa0000ff",
      "causeOfDeath": null,
      "codes": {
        "SNOMED-CT": [
          "11687002"
        ],
        "ICD-10-CM": [
          "O24.410"
        ]
      },
      "description": "Diagnosis, Active: Gestational Diabetes (Code List: 2.16.840.1.113883.3.464.0003.03.02.0010)",
      "end_time": 1325394000,
      "free_text": null,
      "mood_code": "EVN",
      "name": null,
      "negationInd": null,
      "negationReason": null,
      "ordinality": null,
      "priority": null,
      "severity": null,
      "specifics": null,
      "start_time": 1156219200,
      "status_code": {
        "SNOMED-CT": [
          "55561003"
        ],
        "HL7 ActStatus": [
          "active"
        ]
      },
      "time": null,
      "type": null
    },
    {
      "_id": "50536a6b709357c7fa00010a",
      "causeOfDeath": null,
      "codes": {
        "ICD-9-CM": [
          "403.00"
        ],
        "ICD-10-CM": [
          "I12.0"
        ],
        "SNOMED-CT": [
          "193003"
        ]
      },
      "description": "Diagnosis, Active: Hypertensive Chronic Kidney Disease (Code List: 2.16.840.1.113883.3.464.0003.09.02.0017)",
      "end_time": 1044075600,
      "free_text": null,
      "mood_code": "EVN",
      "name": null,
      "negationInd": null,
      "negationReason": null,
      "ordinality": null,
      "priority": null,
      "severity": null,
      "specifics": null,
      "start_time": 880347600,
      "status_code": {
        "SNOMED-CT": [
          "55561003"
        ],
        "HL7 ActStatus": [
          "active"
        ]
      },
      "time": null,
      "type": null
    },
    {
      "_id": "50536a6b709357c7fa00010b",
      "causeOfDeath": null,
      "codes": {
        "ICD-9-CM": [
          "580.0"
        ],
        "ICD-10-CM": [
          "N00.0"
        ],
        "SNOMED-CT": [
          "1426004"
        ]
      },
      "description": "Diagnosis, Active: Glomerulonephritis and Nephrotic Syndrome (Code List: 2.16.840.1.113883.3.464.0003.09.02.0018)",
      "end_time": 1292821200,
      "free_text": null,
      "mood_code": "EVN",
      "name": null,
      "negationInd": null,
      "negationReason": null,
      "ordinality": null,
      "priority": null,
      "severity": null,
      "specifics": null,
      "start_time": 1275105600,
      "status_code": {
        "SNOMED-CT": [
          "55561003"
        ],
        "HL7 ActStatus": [
          "active"
        ]
      },
      "time": null,
      "type": null
    },
    {
      "_id": "50536a6b709357c7fa00010c",
      "causeOfDeath": null,
      "codes": {
        "ICD-9-CM": [
          "250.40"
        ],
        "SNOMED-CT": [
          "38046004"
        ],
        "ICD-10-CM": [
          "E08.21"
        ]
      },
      "description": "Diagnosis, Active: Diabetic Nephropathy (Code List: 2.16.840.1.113883.3.464.0003.09.02.0004)",
      "end_time": 1166677200,
      "free_text": null,
      "mood_code": "EVN",
      "name": null,
      "negationInd": null,
      "negationReason": null,
      "ordinality": null,
      "priority": null,
      "severity": null,
      "specifics": null,
      "start_time": 1056427200,
      "status_code": {
        "SNOMED-CT": [
          "55561003"
        ],
        "HL7 ActStatus": [
          "active"
        ]
      },
      "time": null,
      "type": null
    },
    {
      "_id": "50536a6b709357c7fa000110",
      "causeOfDeath": null,
      "codes": {
        "ICD-9-CM": [
          "791.0"
        ],
        "ICD-10-CM": [
          "R80.1"
        ],
        "SNOMED-CT": [
          "12178007"
        ]
      },
      "description": "Diagnosis, Active: Proteinuria (Code List: 2.16.840.1.113883.3.526.03.1003)",
      "end_time": 1311048000,
      "free_text": null,
      "mood_code": "EVN",
      "name": null,
      "negationInd": null,
      "negationReason": null,
      "ordinality": null,
      "priority": null,
      "severity": null,
      "specifics": null,
      "start_time": 1292562000,
      "status_code": {
        "SNOMED-CT": [
          "55561003"
        ],
        "HL7 ActStatus": [
          "active"
        ]
      },
      "time": null,
      "type": null
    },
    {
      "_id": "50536a6b709357c7fa000111",
      "causeOfDeath": null,
      "codes": {
        "ICD-9-CM": [
          "250.00"
        ],
        "ICD-10-CM": [
          "E10.8"
        ],
        "SNOMED-CT": [
          "4783006"
        ]
      },
      "description": "Diagnosis, Active: Diabetes (Code List: 2.16.840.1.113883.3.464.0003.03.02.0001)",
      "end_time": 1144641600,
      "free_text": null,
      "mood_code": "EVN",
      "name": null,
      "negationInd": null,
      "negationReason": null,
      "ordinality": null,
      "priority": null,
      "severity": null,
      "specifics": null,
      "start_time": 803793600,
      "status_code": {
        "SNOMED-CT": [
          "55561003"
        ],
        "HL7 ActStatus": [
          "active"
        ]
      },
      "time": null,
      "type": null
    }
  ],
  "deathdate": null,
  "effective_time": null,
  "elimination_population": null,
  "elimination_reason": null,
  "encounters": [
    {
      "_id": "50536a6b709357c7fa000102",
      "admitType": null,
      "admit_time": null,
      "codes": {
        "CPT": [
          "99201"
        ]
      },
      "description": "Encounter, Performed: Office Visit (Code List: 2.16.840.1.113883.3.464.0003.01.02.0001)",
      "dischargeDisposition": null,
      "discharge_time": null,
      "end_time": 1237089600,
      "free_text": null,
      "mood_code": "EVN",
      "negationInd": null,
      "negationReason": null,
      "performer_id": null,
      "specifics": null,
      "start_time": 1140152400,
      "status_code": null,
      "time": null
    },
    {
      "_id": "50536a6b709357c7fa000103",
      "admitType": null,
      "admit_time": null,
      "codes": {
        "CPT": [
          "99241"
        ]
      },
      "description": "Encounter, Performed: Outpatient Consultation (Code List: 2.16.840.1.113883.3.464.0003.01.02.0008)",
      "dischargeDisposition": null,
      "discharge_time": null,
      "end_time": 1239768000,
      "free_text": null,
      "mood_code": "EVN",
      "negationInd": null,
      "negationReason": null,
      "performer_id": null,
      "specifics": null,
      "start_time": 1104296400,
      "status_code": null,
      "time": null
    },
    {
      "_id": "50536a6b709357c7fa000104",
      "admitType": null,
      "admit_time": null,
      "codes": {
        "SNOMED-CT": [
          "4525004"
        ]
      },
      "description": "Encounter, Performed: Face-to-Face Interaction (Code List: 2.16.840.1.113883.3.464.0003.01.02.0048)",
      "dischargeDisposition": null,
      "discharge_time": null,
      "end_time": 1324011600,
      "free_text": null,
      "mood_code": "EVN",
      "negationInd": null,
      "negationReason": null,
      "performer_id": null,
      "specifics": null,
      "start_time": 1307764800,
      "status_code": null,
      "time": null
    },
    {
      "_id": "50536a6b709357c7fa000109",
      "admitType": null,
      "admit_time": null,
      "codes": {
        "CPT": [
          "90957"
        ]
      },
      "description": "Encounter, Performed: ESRD Monthly Outpatient Services (Code List: 2.16.840.1.113883.3.464.0003.09.02.0014)",
      "dischargeDisposition": null,
      "discharge_time": null,
      "end_time": 1201496400,
      "free_text": null,
      "mood_code": "EVN",
      "negationInd": null,
      "negationReason": null,
      "performer_id": null,
      "specifics": null,
      "start_time": 1174017600,
      "status_code": null,
      "time": null
    }
  ],
  "ethnicity": "2186-5",
  "expired": null,
  "first": "Kim",
  "gender": "F",
  "languages": [
    "en-US"
  ],
  "last": "Tran",
  "marital_status": null,
  "measure_id": null,
  "measure_ids": null,
  "medical_record_number": "4844400210",
  "medications": [
    {
      "_id": "50536a6b709357c7fa000105",
      "administrationTiming": null,
      "codes": {
        "RxNorm": [
          "104370"
        ]
      },
      "cumulativeMedicationDuration": null,
      "deliveryMethod": null,
      "description": "Medication, Active: ACE inhibitor or ARB (Code List: 2.16.840.1.113883.3.526.03.1139)",
      "dose": null,
      "doseIndicator": null,
      "doseRestriction": null,
      "end_time": 1341115200,
      "freeTextSig": null,
      "free_text": null,
      "fulfillmentInstructions": null,
      "indication": null,
      "mood_code": "EVN",
      "negationInd": null,
      "negationReason": null,
      "patientInstructions": null,
      "productForm": null,
      "reaction": null,
      "route": null,
      "site": null,
      "specifics": null,
      "start_time": 1338177600,
      "statusOfMedication": null,
      "status_code": {
        "SNOMED-CT": [
          "55561003"
        ],
        "HL7 ActStatus": [
          "active"
        ]
      },
      "time": null,
      "typeOfMedication": null,
      "vehicle": null
    }
  ],
  "procedures": [
    {
      "_id": "50536a6b709357c7fa000100",
      "codes": {
        "SNOMED-CT": [
          "12976005"
        ],
        "CPT": [
          "50300"
        ]
      },
      "description": "Procedure, Performed: Kidney Transplant (Code List: 2.16.840.1.113883.3.464.0003.09.02.0012)",
      "end_time": 1266469200,
      "free_text": null,
      "mood_code": "EVN",
      "negationInd": null,
      "negationReason": null,
      "performer_id": null,
      "site": null,
      "specifics": null,
      "start_time": 1225947600,
      "status_code": null,
      "time": null
    },
    {
      "_id": "50536a6b709357c7fa000101",
      "codes": {
        "CPT": [
          "36145"
        ],
        "SNOMED-CT": [
          "676002"
        ]
      },
      "description": "Procedure, Performed: Vascular Access for Dialysis (Code List: 2.16.840.1.113883.3.464.0003.09.02.0011)",
      "end_time": 1327640400,
      "free_text": null,
      "mood_code": "EVN",
      "negationInd": null,
      "negationReason": null,
      "performer_id": null,
      "site": null,
      "specifics": null,
      "start_time": 1144209600,
      "status_code": null,
      "time": null
    },
    {
      "_id": "50536a6b709357c7fa000106",
      "codes": {
        "SNOMED-CT": [
          "676002"
        ],
        "CPT": [
          "90920"
        ],
        "HCPCS": [
          "G0257"
        ]
      },
      "description": "Procedure, Performed: Dialysis Services (Code List: 2.16.840.1.113883.3.464.0003.09.02.0013)",
      "end_time": 1216353600,
      "free_text": null,
      "mood_code": "EVN",
      "negationInd": null,
      "negationReason": null,
      "performer_id": null,
      "site": null,
      "specifics": null,
      "start_time": 800164800,
      "status_code": null,
      "time": null
    },
    {
      "_id": "50536a6b709357c7fa000107",
      "codes": {
        "SNOMED-CT": [
          "3257008"
        ]
      },
      "description": "Intervention, Performed: Other Services Related to Dialysis (Code List: 2.16.840.1.113883.3.464.0003.09.02.0015)",
      "end_time": 1336708800,
      "free_text": null,
      "mood_code": "EVN",
      "negationInd": null,
      "negationReason": null,
      "performer_id": null,
      "site": null,
      "specifics": null,
      "start_time": 1326085200,
      "status_code": null,
      "time": null
    },
    {
      "_id": "50536a6b709357c7fa000108",
      "codes": {
        "SNOMED-CT": [
          "59596005"
        ]
      },
      "description": "Intervention, Performed: Dialysis Education (Code List: 2.16.840.1.113883.3.464.0003.09.02.0016)",
      "end_time": 1246334400,
      "free_text": null,
      "mood_code": "EVN",
      "negationInd": null,
      "negationReason": null,
      "performer_id": null,
      "site": null,
      "specifics": null,
      "start_time": 946011600,
      "status_code": null,
      "time": null
    }
  ],
  "race": "2106-3",
  "religious_affilication": null,
  "source_data_criteria": null,
  "test_id": null,
  "title": null,
  "vital_signs": [
    {
      "_id": "50536a6b709357c7fa00010d",
      "codes": {
        "LOINC": [
          "11218-5"
        ]
      },
      "description": "Laboratory Test, Performed: Microalbumin Test (Code List: 2.16.840.1.113883.3.464.0003.09.02.0005)",
      "end_time": 1319342400,
      "free_text": null,
      "interpretation": null,
      "mood_code": "EVN",
      "negationInd": null,
      "negationReason": null,
      "referenceRange": null,
      "specifics": null,
      "start_time": 1179028800,
      "status_code": null,
      "time": null
    },
    {
      "_id": "50536a6b709357c7fa00010e",
      "codes": {
        "LOINC": [
          "1753-3"
        ]
      },
      "description": "Laboratory Test, Result: Macroalbumin Test (Code List: 2.16.840.1.113883.3.464.0003.09.02.0019)",
      "end_time": 1047531600,
      "free_text": null,
      "interpretation": null,
      "mood_code": "EVN",
      "negationInd": null,
      "negationReason": null,
      "referenceRange": null,
      "specifics": null,
      "start_time": 948603600,
      "status_code": null,
      "time": null,
      "values": [
        {
          "_id": "50536a6b709357c7fa00010f",
          "codes": {
            "SNOMED-CT": [
              "441773004"
            ]
          }
        }
      ]
    }
  ]
}