{
  "_id": "50536a6b709357c7fa000163",
  "birthdate": 1246680000,
  "clinicalTrialParticipant": null,
  "conditions": [
    {
      "_id": "50536a6b709357c7fa000164",
      "causeOfDeath": null,
      "codes": {
        "ICD-10-CM": [
          "O00.1"
        ],
        "ICD-9-CM": [
          "633.11"
        ],
        "SNOMED-CT": [
          "9279009"
        ]
      },
      "description": "Diagnosis, Active: Pregnancy (Code List: 2.16.840.1.113883.3.526.03.378)",
      "end_time": 1273118400,
      "free_text": null,
      "mood_code": "EVN",
      "name": null,
      "negationInd": null,
      "negationReason": null,
      "ordinality": null,
      "priority": null,
      "severity": null,
      "specifics": null,
      "start_time": 1249876800,
      "status_code": {
        "SNOMED-CT": [
          "55561003"
        ],
        "HL7 ActStatus": [
          "active"
        ]
      },
      "time": null,
      "type": null
    }
  ],
  "deathdate": null,
  "effective_time": null,
  "elimination_population": null,
  "elimination_reason": null,
  "encounters": [
    {
      "_id": "50536a6b709357c7fa00016a",
      "admitType": null,
      "admit_time": null,
      "codes": {
        "SNOMED-CT": [
          "4525004"
        ]
      },
      "description": "Encounter, Performed: Face-to-Face Interaction (Code List: 2.16.840.1.113883.3.464.0003.01.02.0048)",
      "dischargeDisposition": null,
      "discharge_time": null,
      "end_time": 1321678800,
      "free_text": null,
      "mood_code": "EVN",
      "negationInd": null,
      "negationReason": null,
      "performer_id": null,
      "specifics": null,
      "start_time": 1316750400,
      "status_code": null,
      "time": null
    },
    {
      "_id": "50536a6b709357c7fa00016b",
      "admitType": null,
      "admit_time": null,
      "codes": {
        "CPT": [
          "99201"
        ]
      },
      "description": "Encounter, Performed: Office Visit (Code List: 2.16.840.1.113883.3.464.0003.01.02.0001)",
      "dischargeDisposition": null,
      "discharge_time": null,
      "end_time": 1327813200,
      "free_text": null,
      "mood_code": "EVN",
      "negationInd": null,
      "negationReason": null,
      "performer_id": null,
      "specifics": null,
      "start_time": 1313121600,
      "status_code": null,
      "time": null
    },
    {
      "_id": "50536a6b709357c7fa00016c",
      "admitType": null,
      "admit_time": null,
      "codes": {
        "CPT": [
          "99391"
        ]
      },
      "description": "Encounter, Performed: Preventive Care - Established Office Visit, 0 to 17 (Code List: 2.16.840.1.113883.3.464.0003.01.02.0024)",
      "dischargeDisposition": null,
      "discharge_time": null,
      "end_time": 1345262400,
      "free_text": null,
      "mood_code": "EVN",
      "negationInd": null,
      "negationReason": null,
      "performer_id": null,
      "specifics": null,
      "start_time": 1345262400,
      "status_code": null,
      "time": null
    },
    {
      "_id": "50536a6b709357c7fa00016d",
      "admitType": null,
      "admit_time": null,
      "codes": {
        "CPT": [
          "99411"
        ]
      },
      "description": "Encounter, Performed: Preventive Care Services - Group Counseling (Code List: 2.16.840.1.113883.3.464.0003.01.02.0027)",
      "dischargeDisposition": null,
      "discharge_time": null,
      "end_time": 1294376400,
      "free_text": null,
      "mood_code": "EVN",
      "negationInd": null,
      "negationReason": null,
      "performer_id": null,
      "specifics": null,
      "start_time": 1264741200,
      "status_code": null,
      "time": null
    },
    {
      "_id": "50536a6b709357c7fa00016e",
      "admitType": null,
      "admit_time": null,
      "codes": {
        "CPT": [
          "99401"
        ]
      },
      "description": "Encounter, Performed: Preventive Care Services-Individual Counseling (Code List: 2.16.840.1.113883.3.464.0003.01.02.0026)",
      "dischargeDisposition": null,
      "discharge_time": null,
      "end_time": 1345953600,
      "free_text": null,
      "mood_code": "EVN",
      "negationInd": null,
      "negationReason": null,
      "performer_id": null,
      "specifics": null,
      "start_time": 1308110400,
      "status_code": null,
      "time": null
    },
    {
      "_id": "50536a6b709357c7fa00016f",
      "admitType": null,
      "admit_time": null,
      "codes": {
        "CPT": [
          "99381"
        ]
      },
      "description": "Encounter, Performed: Preventive Care- Initial Office Visit, 0 to 17 (Code List: 2.16.840.1.113883.3.464.0003.01.02.0022)",
      "dischargeDisposition": null,
      "discharge_time": null,
      "end_time": 1302926400,
      "free_text": null,
      "mood_code": "EVN",
      "negationInd": null,
      "negationReason": null,
      "performer_id": null,
      "specifics": null,
      "start_time": 1297832400,
      "status_code": null,
      "time": null
    },
    {
      "_id": "50536a6b709357c7fa000170",
      "admitType": null,
      "admit_time": null,
      "codes": {
        "CPT": [
          "99241"
        ]
      },
      "description": "Encounter, Performed: Outpatient Consultation (Code List: 2.16.840.1.113883.3.464.0003.01.02.0008)",
      "dischargeDisposition": null,
      "discharge_time": null,
      "end_time": 1308801600,
      "free_text": null,
      "mood_code": "EVN",
      "negationInd": null,
      "negationReason": null,
      "performer_id": null,
      "specifics": null,
      "start_time": 1284177600,
      "status_code": null,
      "time": null
    },
    {
      "_id": "50536a6b709357c7fa000171",
      "admitType": null,
      "admit_time": null,
      "codes": {
        "CPT": [
          "99391"
        ]
      },
      "description": "Encounter, Performed: Preventive Care - Established Office Visit, 0 to 17 (Code List: 2.16.840.1.113883.3.464.0003.01.02.0024)",
      "dischargeDisposition": null,
      "discharge_time": null,
      "end_time": 1316404800,
      "free_text": null,
      "mood_code": "EVN",
      "negationInd": null,
      "negationReason": null,
      "performer_id": null,
      "specifics": null,
      "start_time": 1299301200,
      "status_code": null,
      "time": null
    },
    {
      "_id": "50536a6b709357c7fa000172",
      "admitType": null,
      "admit_time": null,
      "codes": {
        "CPT": [
          "99411"
        ]
      },
      "description": "Encounter, Performed: Preventive Care Services - Group Counseling (Code List: 2.16.840.1.113883.3.464.0003.01.02.0027)",
      "dischargeDisposition": null,
      "discharge_time": null,
      "end_time": 1335585600,
      "free_text": null,
      "mood_code": "EVN",
      "negationInd": null,
      "negationReason": null,
      "performer_id": null,
      "specifics": null,
      "start_time": 1326949200,
      "status_code": null,
      "time": null
    },
    {
      "_id": "50536a6b709357c7fa000173",
      "admitType": null,
      "admit_time": null,
      "codes": {
        "CPT": [
          "99401"
        ]
      },
      "description": "Encounter, Performed: Preventive Care Services-Individual Counseling (Code List: 2.16.840.1.113883.3.464.0003.01.02.0026)",
      "dischargeDisposition": null,
      "discharge_time": null,
      "end_time": 1334808000,
      "free_text": null,
      "mood_code": "EVN",
      "negationInd": null,
      "negationReason": null,
      "performer_id": null,
      "specifics": null,
      "start_time": 1276747200,
      "status_code": null,
      "time": null
    },
    {
      "_id": "50536a6b709357c7fa000174",
      "admitType": null,
      "admit_time": null,
      "codes": {
        "CPT": [
          "99381"
        ]
      },
      "description": "Encounter, Performed: Preventive Care- Initial Office Visit, 0 to 17 (Code List: 2.16.840.1.113883.3.464.0003.01.02.0022)",
      "dischargeDisposition": null,
      "discharge_time": null,
      "end_time": 1336363200,
      "free_text": null,
      "mood_code": "EVN",
      "negationInd": null,
      "negationReason": null,
      "performer_id": null,
      "specifics": null,
      "start_time": 1289538000,
      "status_code": null,
      "time": null
    },
    {
      "_id": "50536a6b709357c7fa000175",
      "admitType": null,
      "admit_time": null,
      "codes": {
        "SNOMED-CT": [
          "4525004"
        ]
      },
      "description": "Encounter, Performed: Face-to-Face Interaction (Code List: 2.16.840.1.113883.3.464.0003.01.02.0048)",
      "dischargeDisposition": null,
      "discharge_time": null,
      "end_time": 1316491200,
      "free_text": null,
      "mood_code": "EVN",
      "negationInd": null,
      "negationReason": null,
      "performer_id": null,
      "specifics": null,
      "start_time": 1286942400,
      "status_code": null,
      "time": null
    },
    {
      "_id": "50536a6b709357c7fa000176",
      "admitType": null,
      "admit_time": null,
      "codes": {
        "CPT": [
          "99201"
        ]
      },
      "description": "Encounter, Performed: Office Visit (Code List: 2.16.840.1.113883.3.464.0003.01.02.0001)",
      "dischargeDisposition": null,
      "discharge_time": null,
      "end_time": 1341028800,
      "free_text": null,
      "mood_code": "EVN",
      "negationInd": null,
      "negationReason": null,
      "performer_id": null,
      "specifics": null,
      "start_time": 1339819200,
      "status_code": null,
      "time": null
    },
    {
      "_id": "50536a6b709357c7fa000177",
      "admitType": null,
      "admit_time": null,
      "codes": {
        "CPT": [
          "99241"
        ]
      },
      "description": "Encounter, Performed: Outpatient Consultation (Code List: 2.16.840.1.113883.3.464.0003.01.02.0008)",
      "dischargeDisposition": null,
      "discharge_time": null,
      "end_time": 1347595200,
      "free_text": null,
      "mood_code": "EVN",
      "negationInd": null,
      "negationReason": null,
      "performer_id": null,
      "specifics": null,
      "start_time": 1336968000,
      "status_code": null,
      "time": null
    }
  ],
  "ethnicity": "2186-5",
  "expired": null,
  "first": "Kimberly",
  "gender": "F",
  "languages": [
    "en-US"
  ],
  "last": "Dean",
  "marital_status": null,
  "measure_id": null,
  "measure_ids": null,
  "medical_record_number": "5994965091",
  "procedures": [
    {
      "_id": "50536a6b709357c7fa000168",
      "codes": {
        "CPT": [
          "97802"
        ],
        "SNOMED-CT": [
          "11816003"
        ]
      },
      "description": "Intervention, Performed: Counseling for Nutrition (Code List: 2.16.840.1.113883.3.464.0003.95.02.0003)",
      "end_time": 1164344400,
      "free_text": null,
      "mood_code": "EVN",
      "negationInd": null,
      "negationReason": null,
      "performer_id": null,
      "site": null,
      "specifics": null,
      "start_time": 1135141200,
      "status_code": null,
      "time": null
    },
    {
      "_id": "50536a6b709357c7fa000169",
      "codes": {
        "SNOMED-CT": [
          "103736005"
        ]
      },
      "description": "Intervention, Performed: Counseling for Physical Activity (Code List: 2.16.840.1.113883.3.464.0003.18.02.0035)",
      "end_time": 1320642000,
      "free_text": null,
      "mood_code": "EVN",
      "negationInd": null,
      "negationReason": null,
      "performer_id": null,
      "site": null,
      "specifics": null,
      "start_time": 1259211600,
      "status_code": null,
      "time": null
    }
  ],
  "race": "2106-3",
  "religious_affilication": null,
  "results": [
    {
      "_id": "50536a6b709357c7fa000165",
      "codes": {
        "LOINC": [
          "59574-4"
        ]
      },
      "description": "Physical Exam, Finding: BMI percentile (Code List: 2.16.840.1.113883.3.464.0003.21.02.0012)",
      "end_time": 1274587200,
      "free_text": null,
      "interpretation": null,
      "mood_code": "EVN",
      "negationInd": null,
      "negationReason": null,
      "referenceRange": null,
      "specifics": null,
      "start_time": 1208836800,
      "status_code": null,
      "time": null
    },
    {
      "_id": "50536a6b709357c7fa000166",
      "codes": {
        "LOINC": [
          "3137-7"
        ]
      },
      "description": "Physical Exam, Finding: Height (Code List: 2.16.840.1.113883.3.464.0003.21.02.0014)",
      "end_time": 1165640400,
      "free_text": null,
      "interpretation": null,
      "mood_code": "EVN",
      "negationInd": null,
      "negationReason": null,
      "referenceRange": null,
      "specifics": null,
      "start_time": 1052107200,
      "status_code": null,
      "time": null
    },
    {
      "_id": "50536a6b709357c7fa000167",
      "codes": {
        "LOINC": [
          "18833-4"
        ]
      },
      "description": "Physical Exam, Finding: Weight (Code List: 2.16.840.1.113883.3.464.0003.21.02.0015)",
      "end_time": 1022472000,
      "free_text": null,
      "interpretation": null,
      "mood_code": "EVN",
      "negationInd": null,
      "negationReason": null,
      "referenceRange": null,
      "specifics": null,
      "start_time": 857019600,
      "status_code": null,
      "time": null
    }
  ],
  "source_data_criteria": null,
  "test_id": null,
  "title": null
}