{
  "_id": "50536a6b709357c7fa0002c5",
  "allergies": [
    {
      "_id": "50536a6c709357c7fa0002cd",
      "codes": {
        "RxNorm": [
          "104370"
        ]
      },
      "description": "Medication, Allergy: ACE inhibitor or ARB (Code List: 2.16.840.1.113883.3.526.03.1139)",
      "end_time": 1196744400,
      "free_text": null,
      "mood_code": "EVN",
      "negationInd": null,
      "negationReason": null,
      "reaction": null,
      "severity": null,
      "specifics": null,
      "start_time": 1102222800,
      "status_code": null,
      "time": null,
      "type": null
    }
  ],
  "birthdate": 966398400,
  "clinicalTrialParticipant": null,
  "conditions": [
    {
      "_id": "50536a6c709357c7fa0002d5",
      "causeOfDeath": null,
      "codes": {
        "SNOMED-CT": [
          "295036000"
        ]
      },
      "description": "Diagnosis, Active: Allergy to ACE inhibitor or ARB (Code List: 2.16.840.1.113883.3.526.03.1211)",
      "end_time": 1328331600,
      "free_text": null,
      "mood_code": "EVN",
      "name": null,
      "negationInd": null,
      "negationReason": null,
      "ordinality": null,
      "priority": null,
      "severity": null,
      "specifics": null,
      "start_time": 1188187200,
      "status_code": {
        "SNOMED-CT": [
          "55561003"
        ],
        "HL7 ActStatus": [
          "active"
        ]
      },
      "time": null,
      "type": null
    },
    {
      "_id": "50536a6c709357c7fa0002d6",
      "causeOfDeath": null,
      "codes": {
        "SNOMED-CT": [
          "293500009"
        ]
      },
      "description": "Diagnosis, Active: Intolerance to ACE inhibitor or ARB (Code List: 2.16.840.1.113883.3.526.03.1212)",
      "end_time": 1223179200,
      "free_text": null,
      "mood_code": "EVN",
      "name": null,
      "negationInd": null,
      "negationReason": null,
      "ordinality": null,
      "priority": null,
      "severity": null,
      "specifics": null,
      "start_time": 1039582800,
      "status_code": {
        "SNOMED-CT": [
          "55561003"
        ],
        "HL7 ActStatus": [
          "active"
        ]
      },
      "time": null,
      "type": null
    },
    {
      "_id": "50536a6c709357c7fa0002d7",
      "causeOfDeath": null,
      "codes": {
        "ICD-10-CM": [
          "O00.1"
        ],
        "ICD-9-CM": [
          "633.11"
        ],
        "SNOMED-CT": [
          "9279009"
        ]
      },
      "description": "Diagnosis, Active: Pregnancy (Code List: 2.16.840.1.113883.3.526.03.378)",
      "end_time": 1334548800,
      "free_text": null,
      "mood_code": "EVN",
      "name": null,
      "negationInd": null,
      "negationReason": null,
      "ordinality": null,
      "priority": null,
      "severity": null,
      "specifics": null,
      "start_time": 1297227600,
      "status_code": {
        "SNOMED-CT": [
          "55561003"
        ],
        "HL7 ActStatus": [
          "active"
        ]
      },
      "time": null,
      "type": null
    },
    {
      "_id": "50536a6c709357c7fa0002d8",
      "causeOfDeath": null,
      "codes": {
        "SNOMED-CT": [
          "236429004"
        ]
      },
      "description": "Diagnosis, Active: Renal Failure Due to ACE Inhibitor (Code List: 2.16.840.1.113883.3.526.03.1151)",
      "end_time": 1332216000,
      "free_text": null,
      "mood_code": "EVN",
      "name": null,
      "negationInd": null,
      "negationReason": null,
      "ordinality": null,
      "priority": null,
      "severity": null,
      "specifics": null,
      "start_time": 1052884800,
      "status_code": {
        "SNOMED-CT": [
          "55561003"
        ],
        "HL7 ActStatus": [
          "active"
        ]
      },
      "time": null,
      "type": null
    },
    {
      "_id": "50536a6c709357c7fa0002dd",
      "causeOfDeath": null,
      "codes": {
        "SNOMED-CT": [
          "981000124106"
        ]
      },
      "description": "Diagnosis, Active: Moderate or Severe LVSD (Code List: 2.16.840.1.113883.3.526.03.1090)",
      "end_time": 1031976000,
      "free_text": null,
      "mood_code": "EVN",
      "name": null,
      "negationInd": null,
      "negationReason": null,
      "ordinality": null,
      "priority": null,
      "severity": null,
      "specifics": null,
      "start_time": 947566800,
      "status_code": {
        "SNOMED-CT": [
          "55561003"
        ],
        "HL7 ActStatus": [
          "active"
        ]
      },
      "time": null,
      "type": null
    },
    {
      "_id": "50536a6c709357c7fa0002de",
      "causeOfDeath": null,
      "codes": {
        "SNOMED-CT": [
          "134401001"
        ]
      },
      "description": "Diagnosis, Active: Left ventricular systolic dysfunction (Code List: 2.16.840.1.113883.3.526.03.1091)",
      "end_time": 1305950400,
      "free_text": null,
      "mood_code": "EVN",
      "name": null,
      "negationInd": null,
      "negationReason": null,
      "ordinality": null,
      "priority": null,
      "severity": {
        "SNOMED-CT": [
          "6736007"
        ]
      },
      "specifics": null,
      "start_time": 1270267200,
      "status_code": {
        "SNOMED-CT": [
          "55561003"
        ],
        "HL7 ActStatus": [
          "active"
        ]
      },
      "time": null,
      "type": null
    },
    {
      "_id": "50536a6c709357c7fa0002df",
      "causeOfDeath": null,
      "codes": {
        "ICD-9-CM": [
          "402.01"
        ],
        "ICD-10-CM": [
          "I11.0"
        ],
        "SNOMED-CT": [
          "364006"
        ]
      },
      "description": "Diagnosis, Active: Heart Failure (Code List: 2.16.840.1.113883.3.526.03.376)",
      "end_time": 1092283200,
      "free_text": null,
      "mood_code": "EVN",
      "name": null,
      "negationInd": null,
      "negationReason": null,
      "ordinality": null,
      "priority": null,
      "severity": null,
      "specifics": null,
      "start_time": 1064462400,
      "status_code": {
        "SNOMED-CT": [
          "55561003"
        ],
        "HL7 ActStatus": [
          "active"
        ]
      },
      "time": null,
      "type": null
    }
  ],
  "deathdate": null,
  "effective_time": null,
  "elimination_population": null,
  "elimination_reason": null,
  "encounters": [
    {
      "_id": "50536a6c709357c7fa0002ce",
      "admitType": null,
      "admit_time": null,
      "codes": {
        "CPT": [
          "99324"
        ]
      },
      "description": "Care Services in Long-Term Residential Facility (Code List: 2.16.840.1.113883.3.464.0003.01.02.0014)",
      "dischargeDisposition": null,
      "discharge_time": null,
      "end_time": 1094788800,
      "free_text": null,
      "mood_code": "EVN",
      "negationInd": null,
      "negationReason": null,
      "performer_id": null,
      "specifics": null,
      "start_time": 997934400,
      "status_code": null,
      "time": null
    },
    {
      "_id": "50536a6c709357c7fa0002cf",
      "admitType": null,
      "admit_time": null,
      "codes": {
        "CPT": [
          "99238"
        ]
      },
      "description": "Discharge Services - Hospital Inpatient (Code List: 2.16.840.1.113883.3.464.0003.01.02.0007)",
      "dischargeDisposition": null,
      "discharge_time": null,
      "end_time": 1113710400,
      "free_text": null,
      "mood_code": "EVN",
      "negationInd": null,
      "negationReason": null,
      "performer_id": null,
      "specifics": null,
      "start_time": 1076130000,
      "status_code": null,
      "time": null
    },
    {
      "_id": "50536a6c709357c7fa0002d0",
      "admitType": null,
      "admit_time": null,
      "codes": {
        "CPT": [
          "99341"
        ]
      },
      "description": "Home Healthcare Services (Code List: 2.16.840.1.113883.3.464.0003.01.02.0016)",
      "dischargeDisposition": null,
      "discharge_time": null,
      "end_time": 1297832400,
      "free_text": null,
      "mood_code": "EVN",
      "negationInd": null,
      "negationReason": null,
      "performer_id": null,
      "specifics": null,
      "start_time": 1101877200,
      "status_code": null,
      "time": null
    },
    {
      "_id": "50536a6c709357c7fa0002d1",
      "admitType": null,
      "admit_time": null,
      "codes": {
        "CPT": [
          "99304"
        ]
      },
      "description": "Nursing Facility Visit (Code List: 2.16.840.1.113883.3.464.0003.01.02.0012)",
      "dischargeDisposition": null,
      "discharge_time": null,
      "end_time": 1308196800,
      "free_text": null,
      "mood_code": "EVN",
      "negationInd": null,
      "negationReason": null,
      "performer_id": null,
      "specifics": null,
      "start_time": 948776400,
      "status_code": null,
      "time": null
    },
    {
      "_id": "50536a6c709357c7fa0002d2",
      "admitType": null,
      "admit_time": null,
      "codes": {
        "CPT": [
          "99201"
        ]
      },
      "description": "Office Visit (Code List: 2.16.840.1.113883.3.464.0003.01.02.0001)",
      "dischargeDisposition": null,
      "discharge_time": null,
      "end_time": 1144296000,
      "free_text": null,
      "mood_code": "EVN",
      "negationInd": null,
      "negationReason": null,
      "performer_id": null,
      "specifics": null,
      "start_time": 1057636800,
      "status_code": null,
      "time": null
    },
    {
      "_id": "50536a6c709357c7fa0002d3",
      "admitType": null,
      "admit_time": null,
      "codes": {
        "CPT": [
          "99241"
        ]
      },
      "description": "Outpatient Consultation (Code List: 2.16.840.1.113883.3.464.0003.01.02.0008)",
      "dischargeDisposition": null,
      "discharge_time": null,
      "end_time": 1345003200,
      "free_text": null,
      "mood_code": "EVN",
      "negationInd": null,
      "negationReason": null,
      "performer_id": null,
      "specifics": null,
      "start_time": 1325480400,
      "status_code": null,
      "time": null
    },
    {
      "_id": "50536a6c709357c7fa0002d4",
      "admitType": null,
      "admit_time": null,
      "codes": {
        "SNOMED-CT": [
          "4525004"
        ]
      },
      "description": "Face-to-Face Interaction (Code List: 2.16.840.1.113883.3.464.0003.01.02.0048)",
      "dischargeDisposition": null,
      "discharge_time": null,
      "end_time": 1211601600,
      "free_text": null,
      "mood_code": "EVN",
      "negationInd": null,
      "negationReason": null,
      "performer_id": null,
      "specifics": null,
      "start_time": 1048827600,
      "status_code": null,
      "time": null
    },
    {
      "_id": "50536a6c709357c7fa0002e0",
      "admitType": null,
      "admit_time": null,
      "codes": {
        "SNOMED-CT": [
          "4525004"
        ]
      },
      "description": "Encounter, Performed: Patient Provider Interaction (Code List: 2.16.840.1.113883.3.526.03.1012)",
      "dischargeDisposition": null,
      "discharge_time": null,
      "end_time": 1272859200,
      "free_text": null,
      "mood_code": "EVN",
      "negationInd": null,
      "negationReason": null,
      "performer_id": null,
      "specifics": null,
      "start_time": 1213675200,
      "status_code": null,
      "time": null
    }
  ],
  "ethnicity": "2186-5",
  "expired": null,
  "first": "Leslie",
  "gender": "F",
  "languages": [
    "en-US"
  ],
  "last": "Ellis",
  "marital_status": null,
  "measure_id": null,
  "measure_ids": null,
  "medical_record_number": "5272423555",
  "medications": [
    {
      "_id": "50536a6b709357c7fa0002c6",
      "administrationTiming": null,
      "codes": {
        "RxNorm": [
          "104370"
        ]
      },
      "cumulativeMedicationDuration": null,
      "deliveryMethod": null,
      "description": "Medication, Active: ACE inhibitor or ARB (Code List: 2.16.840.1.113883.3.526.03.1139)",
      "dose": null,
      "doseIndicator": null,
      "doseRestriction": null,
      "end_time": 1189310400,
      "freeTextSig": null,
      "free_text": null,
      "fulfillmentInstructions": null,
      "indication": null,
      "mood_code": "EVN",
      "negationInd": true,
      "negationReason": {
        "SNOMED-CT": [
          "31438003"
        ]
      },
      "patientInstructions": null,
      "productForm": null,
      "reaction": null,
      "route": null,
      "site": null,
      "specifics": null,
      "start_time": 1086321600,
      "statusOfMedication": null,
      "status_code": {
        "SNOMED-CT": [
          "55561003"
        ],
        "HL7 ActStatus": [
          "active"
        ]
      },
      "time": null,
      "typeOfMedication": null,
      "vehicle": null
    },
    {
      "_id": "50536a6c709357c7fa0002c7",
      "administrationTiming": null,
      "codes": {
        "RxNorm": [
          "104370"
        ]
      },
      "cumulativeMedicationDuration": null,
      "deliveryMethod": null,
      "description": "Medication, Active: ACE inhibitor or ARB (Code List: 2.16.840.1.113883.3.526.03.1139)",
      "dose": null,
      "doseIndicator": null,
      "doseRestriction": null,
      "end_time": 1309665600,
      "freeTextSig": null,
      "free_text": null,
      "fulfillmentInstructions": null,
      "indication": null,
      "mood_code": "EVN",
      "negationInd": true,
      "negationReason": {
        "SNOMED-CT": [
          "5015009"
        ]
      },
      "patientInstructions": null,
      "productForm": null,
      "reaction": null,
      "route": null,
      "site": null,
      "specifics": null,
      "start_time": 1279684800,
      "statusOfMedication": null,
      "status_code": {
        "SNOMED-CT": [
          "55561003"
        ],
        "HL7 ActStatus": [
          "active"
        ]
      },
      "time": null,
      "typeOfMedication": null,
      "vehicle": null
    },
    {
      "_id": "50536a6c709357c7fa0002c8",
      "administrationTiming": null,
      "codes": {
        "RxNorm": [
          "104370"
        ]
      },
      "cumulativeMedicationDuration": null,
      "deliveryMethod": null,
      "description": "Medication, Active: ACE inhibitor or ARB (Code List: 2.16.840.1.113883.3.526.03.1139)",
      "dose": null,
      "doseIndicator": null,
      "doseRestriction": null,
      "end_time": 1157169600,
      "freeTextSig": null,
      "free_text": null,
      "fulfillmentInstructions": null,
      "indication": null,
      "mood_code": "EVN",
      "negationInd": true,
      "negationReason": {
        "SNOMED-CT": [
          "107724000"
        ]
      },
      "patientInstructions": null,
      "productForm": null,
      "reaction": null,
      "route": null,
      "site": null,
      "specifics": null,
      "start_time": 971755200,
      "statusOfMedication": null,
      "status_code": {
        "SNOMED-CT": [
          "55561003"
        ],
        "HL7 ActStatus": [
          "active"
        ]
      },
      "time": null,
      "typeOfMedication": null,
      "vehicle": null
    },
    {
      "_id": "50536a6c709357c7fa0002c9",
      "administrationTiming": null,
      "codes": {
        "RxNorm": [
          "104370"
        ]
      },
      "cumulativeMedicationDuration": null,
      "deliveryMethod": null,
      "description": "Medication, Order: ACE inhibitor or ARB (Code List: 2.16.840.1.113883.3.526.03.1139)",
      "dose": null,
      "doseIndicator": null,
      "doseRestriction": null,
      "end_time": 1332216000,
      "freeTextSig": null,
      "free_text": null,
      "fulfillmentInstructions": null,
      "indication": null,
      "mood_code": "EVN",
      "negationInd": true,
      "negationReason": {
        "SNOMED-CT": [
          "31438003"
        ]
      },
      "patientInstructions": null,
      "productForm": null,
      "reaction": null,
      "route": null,
      "site": null,
      "specifics": null,
      "start_time": 932184000,
      "statusOfMedication": null,
      "status_code": null,
      "time": null,
      "typeOfMedication": null,
      "vehicle": null
    },
    {
      "_id": "50536a6c709357c7fa0002ca",
      "administrationTiming": null,
      "codes": {
        "RxNorm": [
          "104370"
        ]
      },
      "cumulativeMedicationDuration": null,
      "deliveryMethod": null,
      "description": "Medication, Order: ACE inhibitor or ARB (Code List: 2.16.840.1.113883.3.526.03.1139)",
      "dose": null,
      "doseIndicator": null,
      "doseRestriction": null,
      "end_time": 1087358400,
      "freeTextSig": null,
      "free_text": null,
      "fulfillmentInstructions": null,
      "indication": null,
      "mood_code": "EVN",
      "negationInd": true,
      "negationReason": {
        "SNOMED-CT": [
          "5015009"
        ]
      },
      "patientInstructions": null,
      "productForm": null,
      "reaction": null,
      "route": null,
      "site": null,
      "specifics": null,
      "start_time": 1025323200,
      "statusOfMedication": null,
      "status_code": null,
      "time": null,
      "typeOfMedication": null,
      "vehicle": null
    },
    {
      "_id": "50536a6c709357c7fa0002cb",
      "administrationTiming": null,
      "codes": {
        "RxNorm": [
          "104370"
        ]
      },
      "cumulativeMedicationDuration": null,
      "deliveryMethod": null,
      "description": "Medication, Order: ACE inhibitor or ARB (Code List: 2.16.840.1.113883.3.526.03.1139)",
      "dose": null,
      "doseIndicator": null,
      "doseRestriction": null,
      "end_time": 1121313600,
      "freeTextSig": null,
      "free_text": null,
      "fulfillmentInstructions": null,
      "indication": null,
      "mood_code": "EVN",
      "negationInd": true,
      "negationReason": {
        "SNOMED-CT": [
          "107724000"
        ]
      },
      "patientInstructions": null,
      "productForm": null,
      "reaction": null,
      "route": null,
      "site": null,
      "specifics": null,
      "start_time": 1075006800,
      "statusOfMedication": null,
      "status_code": null,
      "time": null,
      "typeOfMedication": null,
      "vehicle": null
    },
    {
      "_id": "50536a6c709357c7fa0002d9",
      "administrationTiming": null,
      "codes": {
        "RxNorm": [
          "104370"
        ]
      },
      "cumulativeMedicationDuration": null,
      "deliveryMethod": null,
      "description": "Medication, Order: ACE inhibitor or ARB (Code List: 2.16.840.1.113883.3.526.03.1139)",
      "dose": null,
      "doseIndicator": null,
      "doseRestriction": null,
      "end_time": 992318400,
      "freeTextSig": null,
      "free_text": null,
      "fulfillmentInstructions": null,
      "indication": null,
      "mood_code": "EVN",
      "negationInd": null,
      "negationReason": null,
      "patientInstructions": null,
      "productForm": null,
      "reaction": null,
      "route": null,
      "site": null,
      "specifics": null,
      "start_time": 961214400,
      "statusOfMedication": null,
      "status_code": null,
      "time": null,
      "typeOfMedication": null,
      "vehicle": null
    },
    {
      "_id": "50536a6c709357c7fa0002da",
      "administrationTiming": null,
      "codes": {
        "RxNorm": [
          "104370"
        ]
      },
      "cumulativeMedicationDuration": null,
      "deliveryMethod": null,
      "description": "ACE inhibitor or ARB (Code List: 2.16.840.1.113883.3.526.03.1139)",
      "dose": null,
      "doseIndicator": null,
      "doseRestriction": null,
      "end_time": 1334894400,
      "freeTextSig": null,
      "free_text": null,
      "fulfillmentInstructions": null,
      "indication": null,
      "mood_code": "EVN",
      "negationInd": null,
      "negationReason": null,
      "patientInstructions": null,
      "productForm": null,
      "reaction": null,
      "route": null,
      "site": null,
      "specifics": null,
      "start_time": 1128571200,
      "statusOfMedication": null,
      "status_code": {
        "SNOMED-CT": [
          "55561003"
        ],
        "HL7 ActStatus": [
          "active"
        ]
      },
      "time": null,
      "typeOfMedication": null,
      "vehicle": null
    }
  ],
  "procedures": [
    {
      "_id": "50536a6c709357c7fa0002cc",
      "codes": {
        "SNOMED-CT": [
          "134397009"
        ]
      },
      "description": "Communication: From Patient to Provider: Patient reason for ACE inhibitor or ARB decline (Code List: 2.16.840.1.113883.3.526.03.1140)",
      "end_time": 1337745600,
      "free_text": null,
      "mood_code": "EVN",
      "negationInd": null,
      "negationReason": null,
      "performer_id": null,
      "site": null,
      "specifics": null,
      "start_time": 1299387600,
      "status_code": null,
      "time": null
    }
  ],
  "race": "2106-3",
  "religious_affilication": null,
  "results": [
    {
      "_id": "50536a6c709357c7fa0002db",
      "codes": {
        "LOINC": [
          "10230-1"
        ]
      },
      "description": "Diagnostic Study, Result: Ejection Fraction (Code List: 2.16.840.1.113883.3.526.03.1134)",
      "end_time": 1341979200,
      "free_text": null,
      "interpretation": null,
      "mood_code": "EVN",
      "negationInd": null,
      "negationReason": null,
      "referenceRange": null,
      "specifics": null,
      "start_time": 1294030800,
      "status_code": null,
      "time": null,
      "values": [
        {
          "_id": "50536a6c709357c7fa0002dc",
          "scalar": "40",
          "units": "%"
        }
      ]
    }
  ],
  "source_data_criteria": null,
  "test_id": null,
  "title": null
}