{
  "_id": "50536a6b709357c7fa0000ed",
  "birthdate": 839044800,
  "clinicalTrialParticipant": null,
  "conditions": [
    {
      "_id": "50536a6b709357c7fa0000f4",
      "causeOfDeath": null,
      "codes": {
        "ICD-10-CM": [
          "I20.0"
        ],
        "SNOMED-CT": [
          "1055001"
        ],
        "ICD-9-CM": [
          "411.0"
        ]
      },
      "description": "Diagnosis, Active: Ischemic Vascular Disease (Code List: 2.16.840.1.113883.3.464.0003.04.02.0003)",
      "end_time": 1269921600,
      "free_text": null,
      "mood_code": "EVN",
      "name": null,
      "negationInd": null,
      "negationReason": null,
      "ordinality": null,
      "priority": null,
      "severity": null,
      "specifics": null,
      "start_time": 1261976400,
      "status_code": {
        "SNOMED-CT": [
          "55561003"
        ],
        "HL7 ActStatus": [
          "active"
        ]
      },
      "time": null,
      "type": null
    },
    {
      "_id": "50536a6b709357c7fa0000f5",
      "causeOfDeath": null,
      "codes": {
        "SNOMED-CT": [
          "282006"
        ],
        "ICD-9-CM": [
          "410.01"
        ],
        "ICD-10-CM": [
          "I21.09"
        ]
      },
      "description": "Diagnosis, Active: Acute Myocardial Infarction (Code List: 2.16.840.1.113883.3.464.0003.04.02.0001)",
      "end_time": 1204606800,
      "free_text": null,
      "mood_code": "EVN",
      "name": null,
      "negationInd": null,
      "negationReason": null,
      "ordinality": null,
      "priority": null,
      "severity": null,
      "specifics": null,
      "start_time": 839304000,
      "status_code": {
        "SNOMED-CT": [
          "55561003"
        ],
        "HL7 ActStatus": [
          "active"
        ]
      },
      "time": null,
      "type": null
    }
  ],
  "deathdate": null,
  "effective_time": null,
  "elimination_population": null,
  "elimination_reason": null,
  "ethnicity": "2186-5",
  "expired": null,
  "first": "Lucille",
  "gender": "F",
  "languages": [
    "en-US"
  ],
  "last": "Morris",
  "marital_status": null,
  "measure_id": null,
  "measure_ids": null,
  "medical_record_number": "4858472164",
  "procedures": [
    {
      "_id": "50536a6b709357c7fa0000f6",
      "codes": {
        "SNOMED-CT": [
          "11101003"
        ],
        "CPT": [
          "33140"
        ],
        "HCPCS": [
          "G0290"
        ]
      },
      "description": "Procedure, Performed: Percutaneous Coronary Interventions (Code List: 2.16.840.1.113883.3.464.0003.04.02.0010)",
      "end_time": 1072155600,
      "free_text": null,
      "mood_code": "EVN",
      "negationInd": null,
      "negationReason": null,
      "performer_id": null,
      "site": null,
      "specifics": null,
      "start_time": 1059537600,
      "status_code": null,
      "time": null
    },
    {
      "_id": "50536a6b709357c7fa0000f7",
      "codes": {
        "SNOMED-CT": [
          "1032.6007"
        ],
        "CPT": [
          "33510"
        ],
        "HCPCS": [
          "S2205"
        ]
      },
      "description": "Procedure, Performed: Coronary Artery Bypass Graft (Code List: 2.16.840.1.113883.3.464.0003.04.02.0002)",
      "end_time": 1020398400,
      "free_text": null,
      "mood_code": "EVN",
      "negationInd": null,
      "negationReason": null,
      "performer_id": null,
      "site": null,
      "specifics": null,
      "start_time": 987566400,
      "status_code": null,
      "time": null
    }
  ],
  "race": "2076-8",
  "religious_affilication": null,
  "source_data_criteria": null,
  "test_id": null,
  "title": null,
  "vital_signs": [
    {
      "_id": "50536a6b709357c7fa0000ee",
      "codes": {
        "LOINC": [
          "24331-1"
        ]
      },
      "description": "Laboratory Test, Performed: Complete Lipid Panel (Code List: 2.16.840.1.113883.3.464.0003.04.02.0015)",
      "end_time": 1315972800,
      "free_text": null,
      "interpretation": null,
      "mood_code": "EVN",
      "negationInd": null,
      "negationReason": null,
      "referenceRange": null,
      "specifics": null,
      "start_time": 854686800,
      "status_code": null,
      "time": null
    },
    {
      "_id": "50536a6b709357c7fa0000ef",
      "codes": {
        "LOINC": [
          "2093-3"
        ]
      },
      "description": "Laboratory Test, Performed: Total Cholesterol Laboratory Test (Code List: 2.16.840.1.113883.3.464.0003.04.02.0013)",
      "end_time": 1344052800,
      "free_text": null,
      "interpretation": null,
      "mood_code": "EVN",
      "negationInd": null,
      "negationReason": null,
      "referenceRange": null,
      "specifics": null,
      "start_time": 1313380800,
      "status_code": null,
      "time": null
    },
    {
      "_id": "50536a6b709357c7fa0000f0",
      "codes": {
        "LOINC": [
          "2085-9"
        ]
      },
      "description": "Laboratory Test, Performed: HDL-C Laboratory Test (Code List: 2.16.840.1.113883.3.464.0003.04.02.0012)",
      "end_time": 1314158400,
      "free_text": null,
      "interpretation": null,
      "mood_code": "EVN",
      "negationInd": null,
      "negationReason": null,
      "referenceRange": null,
      "specifics": null,
      "start_time": 1284264000,
      "status_code": null,
      "time": null
    },
    {
      "_id": "50536a6b709357c7fa0000f1",
      "codes": {
        "LOINC": [
          "13457-7"
        ]
      },
      "description": "Laboratory Test, Performed: LDL-C Laboratory Test (Code List: 2.16.840.1.113883.3.526.03.1248)",
      "end_time": 1155182400,
      "free_text": null,
      "interpretation": null,
      "mood_code": "EVN",
      "negationInd": null,
      "negationReason": null,
      "referenceRange": null,
      "specifics": null,
      "start_time": 1028088000,
      "status_code": null,
      "time": null
    },
    {
      "_id": "50536a6b709357c7fa0000f2",
      "codes": {
        "LOINC": [
          "12951-0"
        ]
      },
      "description": "Laboratory Test, Performed: Triglycerides Laboratory Test (Code List: 2.16.840.1.113883.3.464.0003.04.02.0014)",
      "end_time": 1298350800,
      "free_text": null,
      "interpretation": null,
      "mood_code": "EVN",
      "negationInd": null,
      "negationReason": null,
      "referenceRange": null,
      "specifics": null,
      "start_time": 1160366400,
      "status_code": null,
      "time": null
    },
    {
      "_id": "50536a6b709357c7fa0000f3",
      "codes": {
        "LOINC": [
          "13457-7"
        ]
      },
      "description": "LDL-C Laboratory Test (Code List: 2.16.840.1.113883.3.526.03.1248)",
      "end_time": 1063512000,
      "free_text": null,
      "interpretation": null,
      "mood_code": "EVN",
      "negationInd": null,
      "negationReason": null,
      "referenceRange": null,
      "specifics": null,
      "start_time": 1052280000,
      "status_code": null,
      "time": null
    }
  ]
}