{
  "_id": "50536a6c709357c7fa00040b",
  "birthdate": 1080190800,
  "clinicalTrialParticipant": null,
  "conditions": [
    {
      "_id": "50536a6c709357c7fa00040e",
      "causeOfDeath": null,
      "codes": {
        "ICD-9-CM": [
          "630"
        ],
        "ICD-10-CM": [
          "A34"
        ],
        "SNOMED-CT": [
          "9279009"
        ]
      },
      "description": "Diagnosis, Active: Pregnancy (Code List: 2.16.840.1.113883.3.600.1622)",
      "end_time": 1134536400,
      "free_text": null,
      "mood_code": "EVN",
      "name": null,
      "negationInd": null,
      "negationReason": null,
      "ordinality": null,
      "priority": null,
      "severity": null,
      "specifics": null,
      "start_time": 1125547200,
      "status_code": {
        "SNOMED-CT": [
          "55561003"
        ],
        "HL7 ActStatus": [
          "active"
        ]
      },
      "time": null,
      "type": null
    },
    {
      "_id": "50536a6c709357c7fa000418",
      "causeOfDeath": null,
      "codes": {
        "ICD-9-CM": [
          "093.0"
        ],
        "ICD-10-CM": [
          ""
        ]
      },
      "description": "Diagnosis, Active: CHD or CHD Risk Equivalent (Code List: 2.16.840.1.113883.3.600.863)",
      "end_time": 1124424000,
      "free_text": null,
      "mood_code": "EVN",
      "name": null,
      "negationInd": null,
      "negationReason": null,
      "ordinality": null,
      "priority": null,
      "severity": null,
      "specifics": null,
      "start_time": 956808000,
      "status_code": {
        "SNOMED-CT": [
          "55561003"
        ],
        "HL7 ActStatus": [
          "active"
        ]
      },
      "time": null,
      "type": null
    },
    {
      "_id": "50536a6c709357c7fa00041c",
      "causeOfDeath": null,
      "codes": {
        "SNOMED-CT": [
          "56578002"
        ]
      },
      "description": "Diagnosis, Active: Smoking (Code List: 2.16.840.1.113883.3.600.1559)",
      "end_time": 1230872400,
      "free_text": null,
      "mood_code": "EVN",
      "name": null,
      "negationInd": null,
      "negationReason": null,
      "ordinality": null,
      "priority": null,
      "severity": null,
      "specifics": null,
      "start_time": 815029200,
      "status_code": {
        "SNOMED-CT": [
          "55561003"
        ],
        "HL7 ActStatus": [
          "active"
        ]
      },
      "time": null,
      "type": null
    },
    {
      "_id": "50536a6c709357c7fa00041d",
      "causeOfDeath": null,
      "codes": {
        "SNOMED-CT": [
          "2664552011"
        ]
      },
      "description": "Diagnosis, Family History: Family History CHD (Code List: 2.16.840.1.113883.3.600.1557)",
      "end_time": 1242619200,
      "free_text": null,
      "mood_code": "EVN",
      "name": null,
      "negationInd": null,
      "negationReason": null,
      "ordinality": null,
      "priority": null,
      "severity": null,
      "specifics": null,
      "start_time": 1191556800,
      "status_code": null,
      "time": null,
      "type": null
    },
    {
      "_id": "50536a6c709357c7fa000420",
      "causeOfDeath": null,
      "codes": {
        "SNOMED-CT": [
          "2164904016"
        ],
        "ICD-9-CM": [
          "401"
        ],
        "ICD-10-CM": [
          "H35.039"
        ]
      },
      "description": "Diagnosis, Active: Diagnosis of hypertension grouped (Code List: 2.16.840.1.113883.3.600.263)",
      "end_time": 1286424000,
      "free_text": null,
      "mood_code": "EVN",
      "name": null,
      "negationInd": null,
      "negationReason": null,
      "ordinality": null,
      "priority": null,
      "severity": null,
      "specifics": null,
      "start_time": 1107234000,
      "status_code": {
        "SNOMED-CT": [
          "55561003"
        ],
        "HL7 ActStatus": [
          "active"
        ]
      },
      "time": null,
      "type": null
    }
  ],
  "deathdate": null,
  "effective_time": null,
  "elimination_population": null,
  "elimination_reason": null,
  "encounters": [
    {
      "_id": "50536a6c709357c7fa000419",
      "admitType": null,
      "admit_time": null,
      "codes": {
        "SNOMED-CT": [
          "13607009"
        ],
        "HCPCS": [
          "G0101"
        ],
        "CPT": [
          "99201"
        ]
      },
      "description": "Cholesterol Measure Encounter Codes (Code List: 2.16.840.1.113883.3.600.1951)",
      "dischargeDisposition": null,
      "discharge_time": null,
      "end_time": 1277611200,
      "free_text": null,
      "mood_code": "EVN",
      "negationInd": null,
      "negationReason": null,
      "performer_id": null,
      "specifics": null,
      "start_time": 832478400,
      "status_code": null,
      "time": null
    }
  ],
  "ethnicity": "2186-5",
  "expired": null,
  "first": "Lucy",
  "gender": "F",
  "languages": [
    "en-US"
  ],
  "last": "Young",
  "marital_status": null,
  "measure_id": null,
  "measure_ids": null,
  "medical_record_number": "7346848107",
  "medications": [
    {
      "_id": "50536a6c709357c7fa000421",
      "administrationTiming": null,
      "codes": {
        "RxNorm": [
          "7417"
        ]
      },
      "cumulativeMedicationDuration": null,
      "deliveryMethod": null,
      "description": "Medication, Active: Anti-Hypertensive Pharmacologic Therapy (Code List: 2.16.840.1.113883.3.600.1476)",
      "dose": null,
      "doseIndicator": null,
      "doseRestriction": null,
      "end_time": 1345953600,
      "freeTextSig": null,
      "free_text": null,
      "fulfillmentInstructions": null,
      "indication": null,
      "mood_code": "EVN",
      "negationInd": null,
      "negationReason": null,
      "patientInstructions": null,
      "productForm": null,
      "reaction": null,
      "route": null,
      "site": null,
      "specifics": null,
      "start_time": 1345435200,
      "statusOfMedication": null,
      "status_code": {
        "SNOMED-CT": [
          "55561003"
        ],
        "HL7 ActStatus": [
          "active"
        ]
      },
      "time": null,
      "typeOfMedication": null,
      "vehicle": null
    }
  ],
  "procedures": [
    {
      "_id": "50536a6c709357c7fa00040f",
      "codes": {
        "ICD-9-CM": [
          "V66.5"
        ],
        "ICD-10-CM": [
          "Z51.4"
        ],
        "SNOMED-CT": [
          "2817906016"
        ]
      },
      "description": "Procedure, Performed: Palliative Care (Code List: 2.16.840.1.113883.3.600.0001.1579)",
      "end_time": 1303876800,
      "free_text": null,
      "mood_code": "EVN",
      "negationInd": null,
      "negationReason": null,
      "performer_id": null,
      "site": null,
      "specifics": null,
      "start_time": 1277784000,
      "status_code": null,
      "time": null
    },
    {
      "_id": "50536a6c709357c7fa00041a",
      "codes": {
        "SNOMED-CT": [
          "315039001"
        ],
        "LOINC": [
          "65853-4"
        ]
      },
      "description": "Risk Category Assessment: Framingham coronary heart disease 10 year risk (Code List: 2.16.840.1.113883.3.600.1561)",
      "end_time": 1314331200,
      "free_text": null,
      "mood_code": "EVN",
      "negationInd": null,
      "negationReason": null,
      "performer_id": null,
      "site": null,
      "specifics": null,
      "start_time": 1276920000,
      "status_code": null,
      "time": null,
      "values": [
        {
          "_id": "50536a6c709357c7fa00041b",
          "scalar": "20",
          "units": "%"
        }
      ]
    }
  ],
  "race": "2054-5",
  "religious_affilication": null,
  "results": [
    {
      "_id": "50536a6c709357c7fa000422",
      "codes": {
        "LOINC": [
          "8480-6 "
        ]
      },
      "description": "Physical Exam, Finding: Systolic Blood Pressure (Code List: 2.16.840.1.113883.3.526.03.1032)",
      "end_time": 1118203200,
      "free_text": null,
      "interpretation": null,
      "mood_code": "EVN",
      "negationInd": null,
      "negationReason": null,
      "referenceRange": null,
      "specifics": null,
      "start_time": 1104728400,
      "status_code": null,
      "time": null,
      "values": [
        {
          "_id": "50536a6c709357c7fa000423",
          "scalar": "140",
          "units": "mm[Hg]"
        }
      ]
    },
    {
      "_id": "50536a6c709357c7fa000424",
      "codes": {
        "LOINC": [
          "8462-4"
        ]
      },
      "description": "Physical Exam, Finding: Diastolic Blood Pressure (Code List: 2.16.840.1.113883.3.526.03.1033)",
      "end_time": 1274932800,
      "free_text": null,
      "interpretation": null,
      "mood_code": "EVN",
      "negationInd": null,
      "negationReason": null,
      "referenceRange": null,
      "specifics": null,
      "start_time": 1195362000,
      "status_code": null,
      "time": null,
      "values": [
        {
          "_id": "50536a6c709357c7fa000425",
          "scalar": "90",
          "units": "mm[Hg]"
        }
      ]
    }
  ],
  "source_data_criteria": null,
  "test_id": null,
  "title": null,
  "vital_signs": [
    {
      "_id": "50536a6c709357c7fa00040c",
      "codes": {
        "LOINC": [
          "12773-8"
        ]
      },
      "description": "Laboratory Test, Performed: LDL Test (Code List: 2.16.840.1.113883.3.464.0003.98.02.0016)",
      "end_time": 1048741200,
      "free_text": null,
      "interpretation": null,
      "mood_code": "EVN",
      "negationInd": true,
      "negationReason": {
        "SNOMED-CT": [
          "105480006"
        ]
      },
      "referenceRange": null,
      "specifics": null,
      "start_time": 1041915600,
      "status_code": null,
      "time": null
    },
    {
      "_id": "50536a6c709357c7fa00040d",
      "codes": {
        "LOINC": [
          "12773-8"
        ]
      },
      "description": "Laboratory Test, Performed: LDL Test (Code List: 2.16.840.1.113883.3.464.0003.98.02.0016)",
      "end_time": 841204800,
      "free_text": null,
      "interpretation": null,
      "mood_code": "EVN",
      "negationInd": true,
      "negationReason": {
        "SNOMED-CT": [
          "182890002"
        ]
      },
      "referenceRange": null,
      "specifics": null,
      "start_time": 824101200,
      "status_code": null,
      "time": null
    },
    {
      "_id": "50536a6c709357c7fa000410",
      "codes": {
        "LOINC": [
          "12773-8"
        ],
        "CPT": [
          "80061"
        ],
        "SNOMED-CT": [
          "113079009"
        ]
      },
      "description": "Laboratory Test, Result: LDL Code (Code List: 2.16.840.1.113883.3.600.872)",
      "end_time": 1011934800,
      "free_text": null,
      "interpretation": null,
      "mood_code": "EVN",
      "negationInd": null,
      "negationReason": null,
      "referenceRange": null,
      "specifics": null,
      "start_time": 943246800,
      "status_code": null,
      "time": null,
      "values": [
        {
          "_id": "50536a6c709357c7fa000411",
          "scalar": "100",
          "units": "mg/dL"
        }
      ]
    },
    {
      "_id": "50536a6c709357c7fa000412",
      "codes": {
        "CPT": [
          "84478"
        ],
        "LOINC": [
          "12951-0"
        ],
        "SNOMED-CT": [
          "14740000"
        ]
      },
      "description": "Laboratory Test, Result: Triglycerides (Code List: 2.16.840.1.113883.3.600.883)",
      "end_time": 1331355600,
      "free_text": null,
      "interpretation": null,
      "mood_code": "EVN",
      "negationInd": null,
      "negationReason": null,
      "referenceRange": null,
      "specifics": null,
      "start_time": 1223092800,
      "status_code": null,
      "time": null,
      "values": [
        {
          "_id": "50536a6c709357c7fa000413",
          "scalar": "400",
          "units": "mg/dL"
        }
      ]
    },
    {
      "_id": "50536a6c709357c7fa000414",
      "codes": {
        "LOINC": [
          "12773-8"
        ]
      },
      "description": "Laboratory Test, Performed: LDL Test (Code List: 2.16.840.1.113883.3.464.0003.98.02.0016)",
      "end_time": 1140325200,
      "free_text": null,
      "interpretation": null,
      "mood_code": "EVN",
      "negationInd": null,
      "negationReason": null,
      "referenceRange": null,
      "specifics": null,
      "start_time": 992664000,
      "status_code": null,
      "time": null
    },
    {
      "_id": "50536a6c709357c7fa000415",
      "codes": {
        "CPT": [
          "82465"
        ],
        "LOINC": [
          "14647-2"
        ],
        "SNOMED-CT": [
          "77068002"
        ]
      },
      "description": "Laboratory Test, Performed: Total Cholesterol (Code List: 2.16.840.1.113883.3.600.879)",
      "end_time": 1312603200,
      "free_text": null,
      "interpretation": null,
      "mood_code": "EVN",
      "negationInd": null,
      "negationReason": null,
      "referenceRange": null,
      "specifics": null,
      "start_time": 883630800,
      "status_code": null,
      "time": null
    },
    {
      "_id": "50536a6c709357c7fa000416",
      "codes": {
        "LOINC": [
          "14646-4"
        ],
        "SNOMED-CT": [
          "17888004"
        ]
      },
      "description": "Laboratory Test, Performed: High Density Lipoprotein (HDL) (Code List: 2.16.840.1.113883.3.600.875)",
      "end_time": 1291266000,
      "free_text": null,
      "interpretation": null,
      "mood_code": "EVN",
      "negationInd": null,
      "negationReason": null,
      "referenceRange": null,
      "specifics": null,
      "start_time": 1280808000,
      "status_code": null,
      "time": null
    },
    {
      "_id": "50536a6c709357c7fa000417",
      "codes": {
        "CPT": [
          "84478"
        ],
        "LOINC": [
          "12951-0"
        ],
        "SNOMED-CT": [
          "14740000"
        ]
      },
      "description": "Laboratory Test, Performed: Triglycerides (Code List: 2.16.840.1.113883.3.600.883)",
      "end_time": 1220500800,
      "free_text": null,
      "interpretation": null,
      "mood_code": "EVN",
      "negationInd": null,
      "negationReason": null,
      "referenceRange": null,
      "specifics": null,
      "start_time": 1207108800,
      "status_code": null,
      "time": null
    },
    {
      "_id": "50536a6c709357c7fa00041e",
      "codes": {
        "LOINC": [
          "14646-4"
        ],
        "SNOMED-CT": [
          "17888004"
        ]
      },
      "description": "Laboratory Test, Result: High Density Lipoprotein (HDL) (Code List: 2.16.840.1.113883.3.600.875)",
      "end_time": 1339819200,
      "free_text": null,
      "interpretation": null,
      "mood_code": "EVN",
      "negationInd": null,
      "negationReason": null,
      "referenceRange": null,
      "specifics": null,
      "start_time": 1221710400,
      "status_code": null,
      "time": null,
      "values": [
        {
          "_id": "50536a6c709357c7fa00041f",
          "scalar": "40",
          "units": "mg/dL"
        }
      ]
    },
    {
      "_id": "50536a6c709357c7fa000426",
      "codes": {
        "LOINC": [
          "2085-9"
        ]
      },
      "description": "Laboratory Test, Result: HDL-C Laboratory Test (Code List: 2.16.840.1.113883.3.464.0003.04.02.0012)",
      "end_time": 1233810000,
      "free_text": null,
      "interpretation": null,
      "mood_code": "EVN",
      "negationInd": null,
      "negationReason": null,
      "referenceRange": null,
      "specifics": null,
      "start_time": 1116907200,
      "status_code": null,
      "time": null,
      "values": [
        {
          "_id": "50536a6c709357c7fa000427",
          "scalar": "60",
          "units": "mg/dL"
        }
      ]
    }
  ]
}