{
  "_id": "50536a6b709357c7fa000116",
  "birthdate": 1003377600,
  "clinicalTrialParticipant": null,
  "conditions": [
    {
      "_id": "50536a6b709357c7fa000117",
      "causeOfDeath": null,
      "codes": {
        "ICD-9-CM": [
          "070.20"
        ],
        "ICD-10-CM": [
          "B16.0"
        ],
        "SNOMED-CT": [
          "1116000"
        ]
      },
      "description": "Diagnosis, Active: Hepatitis B (Code List: 2.16.840.1.113883.3.67.1.101.1.269)",
      "end_time": 1320987600,
      "free_text": null,
      "mood_code": "EVN",
      "name": null,
      "negationInd": null,
      "negationReason": null,
      "ordinality": null,
      "priority": null,
      "severity": null,
      "specifics": null,
      "start_time": 1313208000,
      "status_code": {
        "SNOMED-CT": [
          "55561003"
        ],
        "HL7 ActStatus": [
          "active"
        ]
      },
      "time": null,
      "type": null
    },
    {
      "_id": "50536a6b709357c7fa000119",
      "causeOfDeath": null,
      "codes": {
        "ICD-9-CM": [
          "070.20"
        ],
        "ICD-10-CM": [
          "B16.0"
        ],
        "SNOMED-CT": [
          "1116000"
        ]
      },
      "description": "Diagnosis, Inactive: Hepatitis B (Code List: 2.16.840.1.113883.3.67.1.101.1.269)",
      "end_time": 1126324800,
      "free_text": null,
      "mood_code": "EVN",
      "name": null,
      "negationInd": null,
      "negationReason": null,
      "ordinality": null,
      "priority": null,
      "severity": null,
      "specifics": null,
      "start_time": 939009600,
      "status_code": {
        "SNOMED-CT": [
          "73425007"
        ]
      },
      "time": null,
      "type": null
    },
    {
      "_id": "50536a6b709357c7fa00011b",
      "causeOfDeath": null,
      "codes": {
        "ICD-10-CM": [
          "025.2"
        ],
        "SNOMED-CT": [
          "4787007"
        ],
        "ICD-9-CM": [
          "642.01"
        ]
      },
      "description": "Diagnosis, Active: Full Term Delivery (Code List: 2.16.840.1.113883.3.67.1.101.1.273)",
      "end_time": 1326862800,
      "free_text": null,
      "mood_code": "EVN",
      "name": null,
      "negationInd": null,
      "negationReason": null,
      "ordinality": null,
      "priority": null,
      "severity": null,
      "specifics": null,
      "start_time": 1243656000,
      "status_code": {
        "SNOMED-CT": [
          "55561003"
        ],
        "HL7 ActStatus": [
          "active"
        ]
      },
      "time": null,
      "type": null
    }
  ],
  "deathdate": null,
  "effective_time": null,
  "elimination_population": null,
  "elimination_reason": null,
  "ethnicity": "2186-5",
  "expired": null,
  "first": "Marjorie",
  "gender": "F",
  "languages": [
    "en-US"
  ],
  "last": "Cannon",
  "marital_status": null,
  "measure_id": null,
  "measure_ids": null,
  "medical_record_number": "9103768829",
  "procedures": [
    {
      "_id": "50536a6b709357c7fa000118",
      "codes": {
        "SNOMED-CT": [
          "5556001"
        ],
        "ICD-9-CM": [
          "72.0"
        ],
        "CPT": [
          "59400"
        ]
      },
      "description": "Delivery (Code List: 2.16.840.1.113883.3.67.1.101.1.278)",
      "end_time": 1141880400,
      "free_text": null,
      "mood_code": "EVN",
      "negationInd": null,
      "negationReason": null,
      "performer_id": null,
      "site": null,
      "specifics": null,
      "start_time": 1122436800,
      "status_code": null,
      "time": null
    }
  ],
  "race": "2106-3",
  "religious_affilication": null,
  "source_data_criteria": null,
  "test_id": null,
  "title": null,
  "vital_signs": [
    {
      "_id": "50536a6b709357c7fa00011a",
      "codes": {
        "LOINC": [
          "10674-0"
        ]
      },
      "description": "Laboratory Test, Performed: HBsAg (Code List: 2.16.840.1.113883.3.67.1.101.1.279)",
      "end_time": 1110517200,
      "free_text": null,
      "interpretation": null,
      "mood_code": "EVN",
      "negationInd": null,
      "negationReason": null,
      "referenceRange": null,
      "specifics": null,
      "start_time": 807422400,
      "status_code": null,
      "time": null
    }
  ]
}