{
  "_id": "50536a6c709357c7fa000428",
  "birthdate": 896673600,
  "clinicalTrialParticipant": null,
  "conditions": [
    {
      "_id": "50536a6c709357c7fa000429",
      "causeOfDeath": null,
      "codes": {
        "SNOMED-CT": [
          "281004"
        ],
        "ICD-9-CM": [
          "291.0"
        ],
        "ICD-10-CM": [
          "F10"
        ]
      },
      "description": "Diagnosis, Active: Alcohol and Drug Dependence (Code List: 2.16.840.1.113883.3.464.0003.06.02.0001)",
      "end_time": 915598800,
      "free_text": null,
      "mood_code": "EVN",
      "name": null,
      "negationInd": null,
      "negationReason": null,
      "ordinality": null,
      "priority": null,
      "severity": null,
      "specifics": null,
      "start_time": 904276800,
      "status_code": {
        "SNOMED-CT": [
          "55561003"
        ],
        "HL7 ActStatus": [
          "active"
        ]
      },
      "time": null,
      "type": null
    }
  ],
  "deathdate": null,
  "effective_time": null,
  "elimination_population": null,
  "elimination_reason": null,
  "encounters": [
    {
      "_id": "50536a6c709357c7fa00042a",
      "admitType": null,
      "admit_time": null,
      "codes": {
        "SNOMED-CT": [
          "24165007"
        ]
      },
      "description": "Alcohol and Drug Dependence Treatment (Code List: 2.16.840.1.113883.3.464.0003.06.02.0005)",
      "dischargeDisposition": null,
      "discharge_time": null,
      "end_time": 1343275200,
      "free_text": null,
      "mood_code": "EVN",
      "negationInd": null,
      "negationReason": null,
      "performer_id": null,
      "specifics": null,
      "start_time": 1340683200,
      "status_code": null,
      "time": null
    },
    {
      "_id": "50536a6c709357c7fa00042b",
      "admitType": null,
      "admit_time": null,
      "codes": {
        "CPT": [
          "90810"
        ]
      },
      "description": "Psych Visit - Individual Outpatient Interactive Psychotherapy (Code List: 2.16.840.1.113883.3.526.03.1015)",
      "dischargeDisposition": null,
      "discharge_time": null,
      "end_time": 811051200,
      "free_text": null,
      "mood_code": "EVN",
      "negationInd": null,
      "negationReason": null,
      "performer_id": null,
      "specifics": null,
      "start_time": 791528400,
      "status_code": null,
      "time": null
    },
    {
      "_id": "50536a6c709357c7fa00042c",
      "admitType": null,
      "admit_time": null,
      "codes": {
        "CPT": [
          "90804"
        ]
      },
      "description": "Psych Visit - Individual Outpatient Psychotherapy (Code List: 2.16.840.1.113883.3.526.03.1014)",
      "dischargeDisposition": null,
      "discharge_time": null,
      "end_time": 1344139200,
      "free_text": null,
      "mood_code": "EVN",
      "negationInd": null,
      "negationReason": null,
      "performer_id": null,
      "specifics": null,
      "start_time": 1108184400,
      "status_code": null,
      "time": null
    },
    {
      "_id": "50536a6c709357c7fa00042d",
      "admitType": null,
      "admit_time": null,
      "codes": {
        "CPT": [
          "97535"
        ],
        "SNOMED-CT": [
          "225967005"
        ]
      },
      "description": "Self Care Training (Code List: 2.16.840.1.113883.3.464.0003.01.02.0044)",
      "dischargeDisposition": null,
      "discharge_time": null,
      "end_time": 1285992000,
      "free_text": null,
      "mood_code": "EVN",
      "negationInd": null,
      "negationReason": null,
      "performer_id": null,
      "specifics": null,
      "start_time": 1245384000,
      "status_code": null,
      "time": null
    },
    {
      "_id": "50536a6c709357c7fa00042e",
      "admitType": null,
      "admit_time": null,
      "codes": {
        "CPT": [
          "99201"
        ]
      },
      "description": "Office Visit (Code List: 2.16.840.1.113883.3.464.0003.01.02.0001)",
      "dischargeDisposition": null,
      "discharge_time": null,
      "end_time": 1299214800,
      "free_text": null,
      "mood_code": "EVN",
      "negationInd": null,
      "negationReason": null,
      "performer_id": null,
      "specifics": null,
      "start_time": 1259470800,
      "status_code": null,
      "time": null
    },
    {
      "_id": "50536a6c709357c7fa00042f",
      "admitType": null,
      "admit_time": null,
      "codes": {
        "CPT": [
          "99241"
        ]
      },
      "description": "Outpatient Consultation (Code List: 2.16.840.1.113883.3.464.0003.01.02.0008)",
      "dischargeDisposition": null,
      "discharge_time": null,
      "end_time": 1281672000,
      "free_text": null,
      "mood_code": "EVN",
      "negationInd": null,
      "negationReason": null,
      "performer_id": null,
      "specifics": null,
      "start_time": 1262926800,
      "status_code": null,
      "time": null
    },
    {
      "_id": "50536a6c709357c7fa000430",
      "admitType": null,
      "admit_time": null,
      "codes": {
        "CPT": [
          "99281"
        ]
      },
      "description": "Emergency Department Visit (Code List: 2.16.840.1.113883.3.464.0003.01.02.0010)",
      "dischargeDisposition": null,
      "discharge_time": null,
      "end_time": 1268884800,
      "free_text": null,
      "mood_code": "EVN",
      "negationInd": null,
      "negationReason": null,
      "performer_id": null,
      "specifics": null,
      "start_time": 1224648000,
      "status_code": null,
      "time": null
    },
    {
      "_id": "50536a6c709357c7fa000431",
      "admitType": null,
      "admit_time": null,
      "codes": {
        "SNOMED-CT": [
          "20093000"
        ]
      },
      "description": "Detoxification Visit (Code List: 2.16.840.1.113883.3.464.0003.01.02.0059)",
      "dischargeDisposition": null,
      "discharge_time": null,
      "end_time": 1247803200,
      "free_text": null,
      "mood_code": "EVN",
      "negationInd": null,
      "negationReason": null,
      "performer_id": null,
      "specifics": null,
      "start_time": 1222574400,
      "status_code": null,
      "time": null
    },
    {
      "_id": "50536a6c709357c7fa000432",
      "admitType": null,
      "admit_time": null,
      "codes": {
        "CPT": [
          "99218"
        ]
      },
      "description": "Hospital Observation Care - Initial (Code List: 2.16.840.1.113883.3.464.0003.01.02.0002)",
      "dischargeDisposition": null,
      "discharge_time": null,
      "end_time": 1235451600,
      "free_text": null,
      "mood_code": "EVN",
      "negationInd": null,
      "negationReason": null,
      "performer_id": null,
      "specifics": null,
      "start_time": 1229490000,
      "status_code": null,
      "time": null
    },
    {
      "_id": "50536a6c709357c7fa000433",
      "admitType": null,
      "admit_time": null,
      "codes": {
        "CPT": [
          "99221"
        ]
      },
      "description": "Hospital Inpatient Visit - Initial (Code List: 2.16.840.1.113883.3.464.0003.01.02.0004)",
      "dischargeDisposition": null,
      "discharge_time": null,
      "end_time": 1155614400,
      "free_text": null,
      "mood_code": "EVN",
      "negationInd": null,
      "negationReason": null,
      "performer_id": null,
      "specifics": null,
      "start_time": 922424400,
      "status_code": null,
      "time": null
    },
    {
      "_id": "50536a6c709357c7fa000434",
      "admitType": null,
      "admit_time": null,
      "codes": {
        "CPT": [
          "99234"
        ]
      },
      "description": "Discharge Services - Hospital Inpatient Same Day Discharge (Code List: 2.16.840.1.113883.3.464.0003.01.02.0006)",
      "dischargeDisposition": null,
      "discharge_time": null,
      "end_time": 1155960000,
      "free_text": null,
      "mood_code": "EVN",
      "negationInd": null,
      "negationReason": null,
      "performer_id": null,
      "specifics": null,
      "start_time": 1111122000,
      "status_code": null,
      "time": null
    },
    {
      "_id": "50536a6c709357c7fa000435",
      "admitType": null,
      "admit_time": null,
      "codes": {
        "CPT": [
          "99238"
        ]
      },
      "description": "Discharge Services - Hospital Inpatient (Code List: 2.16.840.1.113883.3.464.0003.01.02.0007)",
      "dischargeDisposition": null,
      "discharge_time": null,
      "end_time": 1342670400,
      "free_text": null,
      "mood_code": "EVN",
      "negationInd": null,
      "negationReason": null,
      "performer_id": null,
      "specifics": null,
      "start_time": 993268800,
      "status_code": null,
      "time": null
    },
    {
      "_id": "50536a6c709357c7fa000436",
      "admitType": null,
      "admit_time": null,
      "codes": {
        "SNOMED-CT": [
          "4525004"
        ]
      },
      "description": "Face-to-Face Interaction (Code List: 2.16.840.1.113883.3.464.0003.01.02.0048)",
      "dischargeDisposition": null,
      "discharge_time": null,
      "end_time": 1294722000,
      "free_text": null,
      "mood_code": "EVN",
      "negationInd": null,
      "negationReason": null,
      "performer_id": null,
      "specifics": null,
      "start_time": 1288238400,
      "status_code": null,
      "time": null
    }
  ],
  "ethnicity": "2186-5",
  "expired": null,
  "first": "Maureen",
  "gender": "F",
  "languages": [
    "es-US"
  ],
  "last": "Allen",
  "marital_status": null,
  "measure_id": null,
  "measure_ids": null,
  "medical_record_number": "5880696891",
  "race": "2028-9",
  "religious_affilication": null,
  "source_data_criteria": null,
  "test_id": null,
  "title": null
}