{
  "_id": "50536a6b709357c7fa00014a",
  "birthdate": 1211256000,
  "clinicalTrialParticipant": null,
  "deathdate": null,
  "effective_time": null,
  "elimination_population": null,
  "elimination_reason": null,
  "ethnicity": "2186-5",
  "expired": null,
  "first": "Melanie",
  "gender": "F",
  "languages": [
    "en-US"
  ],
  "last": "Logan",
  "marital_status": null,
  "measure_id": null,
  "measure_ids": null,
  "medical_record_number": "6825913783",
  "procedures": [
    {
      "_id": "50536a6b709357c7fa00014b",
      "codes": {
        "SNOMED-CT": [
          "35889000"
        ],
        "CPT": [
          "D1203"
        ]
      },
      "description": "Procedure, Performed: Fluoride Varnish Application for Children (Code List: 2.16.840.1.113883.3.464.0003.103.02.0002)",
      "end_time": 1235970000,
      "free_text": null,
      "mood_code": "EVN",
      "negationInd": null,
      "negationReason": null,
      "performer_id": null,
      "site": null,
      "specifics": null,
      "start_time": 1188705600,
      "status_code": null,
      "time": null
    }
  ],
  "race": "2106-3",
  "religious_affilication": null,
  "source_data_criteria": null,
  "test_id": null,
  "title": null
}