{
  "_id": "50536a6b709357c7fa0001fe",
  "birthdate": 1251691200,
  "clinicalTrialParticipant": null,
  "conditions": [
    {
      "_id": "50536a6b709357c7fa0001ff",
      "causeOfDeath": null,
      "codes": {
        "ICD-10-CM": [
          "O00.1"
        ],
        "ICD-9-CM": [
          "633.11"
        ],
        "SNOMED-CT": [
          "9279009"
        ]
      },
      "description": "Diagnosis, Active: Pregnancy (Code List: 2.16.840.1.113883.3.526.03.378)",
      "end_time": 853650000,
      "free_text": null,
      "mood_code": "EVN",
      "name": null,
      "negationInd": null,
      "negationReason": null,
      "ordinality": null,
      "priority": null,
      "severity": null,
      "specifics": null,
      "start_time": 838526400,
      "status_code": {
        "SNOMED-CT": [
          "55561003"
        ],
        "HL7 ActStatus": [
          "active"
        ]
      },
      "time": null,
      "type": null
    },
    {
      "_id": "50536a6b709357c7fa000200",
      "causeOfDeath": null,
      "codes": {
        "ICD-10-CM": [
          "N18.6"
        ],
        "SNOMED-CT": [
          "46177005"
        ],
        "ICD-9-CM": [
          "585.6"
        ]
      },
      "description": "Diagnosis, Active: End Stage Renal Disease (Code List: 2.16.840.1.113883.3.526.03.353)",
      "end_time": 1263099600,
      "free_text": null,
      "mood_code": "EVN",
      "name": null,
      "negationInd": null,
      "negationReason": null,
      "ordinality": null,
      "priority": null,
      "severity": null,
      "specifics": null,
      "start_time": 1256702400,
      "status_code": {
        "SNOMED-CT": [
          "55561003"
        ],
        "HL7 ActStatus": [
          "active"
        ]
      },
      "time": null,
      "type": null
    },
    {
      "_id": "50536a6b709357c7fa000201",
      "causeOfDeath": null,
      "codes": {
        "ICD-9-CM": [
          "585.5"
        ],
        "ICD-10-CM": [
          "N18.5"
        ],
        "SNOMED-CT": [
          "433146000"
        ]
      },
      "description": "Diagnosis, Active: Chronic Kidney Disease, Stage 5 (Code List: 2.16.840.1.113883.3.526.03.1002)",
      "end_time": 883717200,
      "free_text": null,
      "mood_code": "EVN",
      "name": null,
      "negationInd": null,
      "negationReason": null,
      "ordinality": null,
      "priority": null,
      "severity": null,
      "specifics": null,
      "start_time": 795416400,
      "status_code": {
        "SNOMED-CT": [
          "55561003"
        ],
        "HL7 ActStatus": [
          "active"
        ]
      },
      "time": null,
      "type": null
    },
    {
      "_id": "50536a6b709357c7fa000211",
      "causeOfDeath": null,
      "codes": {
        "SNOMED-CT": [
          "1201005"
        ],
        "ICD-9-CM": [
          "401.0"
        ],
        "ICD-10-CM": [
          "I10"
        ]
      },
      "description": "Diagnosis, Active: Essential Hypertension (Code List: 2.16.840.1.113883.3.464.0003.04.02.0011)",
      "end_time": 1342584000,
      "free_text": null,
      "mood_code": "EVN",
      "name": null,
      "negationInd": null,
      "negationReason": null,
      "ordinality": null,
      "priority": null,
      "severity": null,
      "specifics": null,
      "start_time": 1335931200,
      "status_code": {
        "SNOMED-CT": [
          "55561003"
        ],
        "HL7 ActStatus": [
          "active"
        ]
      },
      "time": null,
      "type": null
    }
  ],
  "deathdate": null,
  "effective_time": null,
  "elimination_population": null,
  "elimination_reason": null,
  "encounters": [
    {
      "_id": "50536a6b709357c7fa000206",
      "admitType": null,
      "admit_time": null,
      "codes": {
        "CPT": [
          "90957"
        ]
      },
      "description": "Encounter, Performed: ESRD Monthly Outpatient Services (Code List: 2.16.840.1.113883.3.464.0003.09.02.0014)",
      "dischargeDisposition": null,
      "discharge_time": null,
      "end_time": 1110776400,
      "free_text": null,
      "mood_code": "EVN",
      "negationInd": null,
      "negationReason": null,
      "performer_id": null,
      "specifics": null,
      "start_time": 957585600,
      "status_code": null,
      "time": null
    },
    {
      "_id": "50536a6b709357c7fa00020a",
      "admitType": null,
      "admit_time": null,
      "codes": {
        "CPT": [
          "99201"
        ]
      },
      "description": "Encounter, Performed: Office Visit (Code List: 2.16.840.1.113883.3.464.0003.01.02.0001)",
      "dischargeDisposition": null,
      "discharge_time": null,
      "end_time": 1304222400,
      "free_text": null,
      "mood_code": "EVN",
      "negationInd": null,
      "negationReason": null,
      "performer_id": null,
      "specifics": null,
      "start_time": 890715600,
      "status_code": null,
      "time": null
    },
    {
      "_id": "50536a6b709357c7fa00020b",
      "admitType": null,
      "admit_time": null,
      "codes": {
        "CPT": [
          "99241"
        ]
      },
      "description": "Encounter, Performed: Outpatient Consultation (Code List: 2.16.840.1.113883.3.464.0003.01.02.0008)",
      "dischargeDisposition": null,
      "discharge_time": null,
      "end_time": 1318651200,
      "free_text": null,
      "mood_code": "EVN",
      "negationInd": null,
      "negationReason": null,
      "performer_id": null,
      "specifics": null,
      "start_time": 799905600,
      "status_code": null,
      "time": null
    },
    {
      "_id": "50536a6b709357c7fa00020c",
      "admitType": null,
      "admit_time": null,
      "codes": {
        "CPT": [
          "99385"
        ]
      },
      "description": "Encounter, Performed: Preventive Care Services-Initial Office Visit, 18 and Up (Code List: 2.16.840.1.113883.3.464.0003.01.02.0023)",
      "dischargeDisposition": null,
      "discharge_time": null,
      "end_time": 1075611600,
      "free_text": null,
      "mood_code": "EVN",
      "negationInd": null,
      "negationReason": null,
      "performer_id": null,
      "specifics": null,
      "start_time": 921560400,
      "status_code": null,
      "time": null
    },
    {
      "_id": "50536a6b709357c7fa00020d",
      "admitType": null,
      "admit_time": null,
      "codes": {
        "CPT": [
          "99395"
        ]
      },
      "description": "Encounter, Performed: Preventive Care Services - Established Office Visit, 18 and Up (Code List: 2.16.840.1.113883.3.464.0003.01.02.0025)",
      "dischargeDisposition": null,
      "discharge_time": null,
      "end_time": 1250481600,
      "free_text": null,
      "mood_code": "EVN",
      "negationInd": null,
      "negationReason": null,
      "performer_id": null,
      "specifics": null,
      "start_time": 1043730000,
      "status_code": null,
      "time": null
    },
    {
      "_id": "50536a6b709357c7fa00020e",
      "admitType": null,
      "admit_time": null,
      "codes": {
        "SNOMED-CT": [
          "4525004"
        ]
      },
      "description": "Encounter, Performed: Face-to-Face Interaction (Code List: 2.16.840.1.113883.3.464.0003.01.02.0048)",
      "dischargeDisposition": null,
      "discharge_time": null,
      "end_time": 976683600,
      "free_text": null,
      "mood_code": "EVN",
      "negationInd": null,
      "negationReason": null,
      "performer_id": null,
      "specifics": null,
      "start_time": 892440000,
      "status_code": null,
      "time": null
    }
  ],
  "ethnicity": "2186-5",
  "expired": null,
  "first": "Mildred",
  "gender": "F",
  "languages": [
    "es-US"
  ],
  "last": "Gregory",
  "marital_status": null,
  "measure_id": null,
  "measure_ids": null,
  "medical_record_number": "3230760566",
  "procedures": [
    {
      "_id": "50536a6b709357c7fa000202",
      "codes": {
        "SNOMED-CT": [
          "12976005"
        ],
        "CPT": [
          "50300"
        ]
      },
      "description": "Procedure, Performed: Kidney Transplant (Code List: 2.16.840.1.113883.3.464.0003.09.02.0012)",
      "end_time": 1075525200,
      "free_text": null,
      "mood_code": "EVN",
      "negationInd": null,
      "negationReason": null,
      "performer_id": null,
      "site": null,
      "specifics": null,
      "start_time": 952750800,
      "status_code": null,
      "time": null
    },
    {
      "_id": "50536a6b709357c7fa000203",
      "codes": {
        "SNOMED-CT": [
          "676002"
        ],
        "CPT": [
          "90920"
        ],
        "HCPCS": [
          "G0257"
        ]
      },
      "description": "Procedure, Performed: Dialysis Services (Code List: 2.16.840.1.113883.3.464.0003.09.02.0013)",
      "end_time": 1346385600,
      "free_text": null,
      "mood_code": "EVN",
      "negationInd": null,
      "negationReason": null,
      "performer_id": null,
      "site": null,
      "specifics": null,
      "start_time": 1344916800,
      "status_code": null,
      "time": null
    },
    {
      "_id": "50536a6b709357c7fa000204",
      "codes": {
        "SNOMED-CT": [
          "3257008"
        ]
      },
      "description": "Intervention, Performed: Other Services Related to Dialysis (Code List: 2.16.840.1.113883.3.464.0003.09.02.0015)",
      "end_time": 1239422400,
      "free_text": null,
      "mood_code": "EVN",
      "negationInd": null,
      "negationReason": null,
      "performer_id": null,
      "site": null,
      "specifics": null,
      "start_time": 1170824400,
      "status_code": null,
      "time": null
    },
    {
      "_id": "50536a6b709357c7fa000205",
      "codes": {
        "SNOMED-CT": [
          "59596005"
        ]
      },
      "description": "Intervention, Performed: Dialysis Education (Code List: 2.16.840.1.113883.3.464.0003.09.02.0016)",
      "end_time": 1135659600,
      "free_text": null,
      "mood_code": "EVN",
      "negationInd": null,
      "negationReason": null,
      "performer_id": null,
      "site": null,
      "specifics": null,
      "start_time": 967867200,
      "status_code": null,
      "time": null
    },
    {
      "_id": "50536a6b709357c7fa000207",
      "codes": {
        "CPT": [
          "36145"
        ],
        "SNOMED-CT": [
          "676002"
        ]
      },
      "description": "Procedure, Performed: Vascular Access for Dialysis (Code List: 2.16.840.1.113883.3.464.0003.09.02.0011)",
      "end_time": 996465600,
      "free_text": null,
      "mood_code": "EVN",
      "negationInd": null,
      "negationReason": null,
      "performer_id": null,
      "site": null,
      "specifics": null,
      "start_time": 904536000,
      "status_code": null,
      "time": null
    }
  ],
  "race": "2106-3",
  "religious_affilication": null,
  "results": [
    {
      "_id": "50536a6b709357c7fa000208",
      "codes": {
        "LOINC": [
          "8462-4"
        ]
      },
      "description": "Physical Exam, Finding: Diastolic Blood Pressure (Code List: 2.16.840.1.113883.3.526.03.1033)",
      "end_time": 1283054400,
      "free_text": null,
      "interpretation": null,
      "mood_code": "EVN",
      "negationInd": null,
      "negationReason": null,
      "referenceRange": null,
      "specifics": null,
      "start_time": 1052971200,
      "status_code": null,
      "time": null,
      "values": [
        {
          "_id": "50536a6b709357c7fa000209",
          "scalar": "90",
          "units": "mm[Hg]"
        }
      ]
    },
    {
      "_id": "50536a6b709357c7fa00020f",
      "codes": {
        "LOINC": [
          "8480-6 "
        ]
      },
      "description": "Physical Exam, Finding: Systolic Blood Pressure (Code List: 2.16.840.1.113883.3.526.03.1032)",
      "end_time": 1217822400,
      "free_text": null,
      "interpretation": null,
      "mood_code": "EVN",
      "negationInd": null,
      "negationReason": null,
      "referenceRange": null,
      "specifics": null,
      "start_time": 1154145600,
      "status_code": null,
      "time": null,
      "values": [
        {
          "_id": "50536a6b709357c7fa000210",
          "scalar": "140",
          "units": "mm[Hg]"
        }
      ]
    }
  ],
  "source_data_criteria": null,
  "test_id": null,
  "title": null
}