{
  "_id": "50536a6b709357c7fa0001af",
  "birthdate": 1347644011,
  "clinicalTrialParticipant": null,
  "conditions": [
    {
      "_id": "50536a6b709357c7fa0001b0",
      "causeOfDeath": null,
      "codes": {
        "SNOMED-CT": [
          "3200003"
        ],
        "ICD-9-CM": [
          "338.3"
        ],
        "ICD-10-CM": [
          "G89.3"
        ]
      },
      "description": "Diagnosis, Active: Pain Related to Prostate Cancer (Code List: 2.16.840.1.113883.3.526.03.451)",
      "end_time": 1343793600,
      "free_text": null,
      "mood_code": "EVN",
      "name": null,
      "negationInd": null,
      "negationReason": null,
      "ordinality": null,
      "priority": null,
      "severity": null,
      "specifics": null,
      "start_time": 1340337600,
      "status_code": {
        "SNOMED-CT": [
          "55561003"
        ],
        "HL7 ActStatus": [
          "active"
        ]
      },
      "time": null,
      "type": null
    },
    {
      "_id": "50536a6b709357c7fa0001b1",
      "causeOfDeath": null,
      "codes": {
        "ICD-9-CM": [
          "185"
        ],
        "ICD-10-CM": [
          "C61"
        ],
        "SNOMED-CT": [
          "93974005"
        ]
      },
      "description": "Prostate Cancer (Code List: 2.16.840.1.113883.3.526.03.319)",
      "end_time": 1319169600,
      "free_text": null,
      "mood_code": "EVN",
      "name": null,
      "negationInd": null,
      "negationReason": null,
      "ordinality": null,
      "priority": null,
      "severity": null,
      "specifics": null,
      "start_time": 937972800,
      "status_code": {
        "SNOMED-CT": [
          "55561003"
        ],
        "HL7 ActStatus": [
          "active"
        ]
      },
      "time": null,
      "type": null
    }
  ],
  "deathdate": null,
  "effective_time": null,
  "elimination_population": null,
  "elimination_reason": null,
  "ethnicity": "2186-5",
  "expired": null,
  "first": "Norma",
  "gender": "F",
  "languages": [
    "en-US"
  ],
  "last": "George",
  "marital_status": null,
  "measure_id": null,
  "measure_ids": null,
  "medical_record_number": "1645208805",
  "procedures": [
    {
      "_id": "50536a6b709357c7fa0001b2",
      "codes": {
        "CPT": [
          "51597"
        ],
        "SNOMED-CT": [
          "236209003"
        ]
      },
      "description": "Procedure, Performed: Salvage Therapy (Code List: 2.16.840.1.113883.3.526.03.399)",
      "end_time": 1210132800,
      "free_text": null,
      "mood_code": "EVN",
      "negationInd": null,
      "negationReason": null,
      "performer_id": null,
      "site": null,
      "specifics": null,
      "start_time": 996206400,
      "status_code": null,
      "time": null
    },
    {
      "_id": "50536a6b709357c7fa0001b3",
      "codes": {
        "LOINC": [
          "25031-6"
        ]
      },
      "description": "Diagnostic Study, Performed: Bone Scan (Code List: 2.16.840.1.113883.3.526.03.320)",
      "end_time": 1334894400,
      "free_text": null,
      "mood_code": "EVN",
      "negationInd": null,
      "negationReason": null,
      "performer_id": null,
      "site": null,
      "specifics": null,
      "start_time": 1333252800,
      "status_code": null,
      "time": null
    },
    {
      "_id": "50536a6b709357c7fa0001b4",
      "codes": {
        "LOINC": [
          "25031-6"
        ]
      },
      "description": "Diagnostic Study, Order: Bone Scan (Code List: 2.16.840.1.113883.3.526.03.320)",
      "end_time": 1258952400,
      "free_text": null,
      "mood_code": "EVN",
      "negationInd": null,
      "negationReason": null,
      "performer_id": null,
      "site": null,
      "specifics": null,
      "start_time": 1158897600,
      "status_code": null,
      "time": null
    },
    {
      "_id": "50536a6b709357c7fa0001b5",
      "codes": {
        "LOINC": [
          "25031-6"
        ]
      },
      "description": "Diagnostic Study, Performed: Bone Scan (Code List: 2.16.840.1.113883.3.526.03.320)",
      "end_time": 1332648000,
      "free_text": null,
      "mood_code": "EVN",
      "negationInd": null,
      "negationReason": null,
      "performer_id": null,
      "site": null,
      "specifics": null,
      "start_time": 1278475200,
      "status_code": null,
      "time": null
    },
    {
      "_id": "50536a6b709357c7fa0001b6",
      "codes": {
        "CPT": [
          "55810"
        ],
        "SNOMED-CT": [
          "8782006"
        ]
      },
      "description": "Prostate Cancer Treatment (Code List: 2.16.840.1.113883.3.526.03.398)",
      "end_time": 1216958400,
      "free_text": null,
      "mood_code": "EVN",
      "negationInd": null,
      "negationReason": null,
      "performer_id": null,
      "site": null,
      "specifics": null,
      "start_time": 1146110400,
      "status_code": null,
      "time": null
    }
  ],
  "race": "2106-3",
  "religious_affilication": null,
  "results": [
    {
      "_id": "50536a6b709357c7fa0001bb",
      "codes": {
        "SNOMED-CT": [
          "116783008"
        ]
      },
      "description": "Procedure, Result: Clinical Staging Procedure (Code List: 2.16.840.1.113883.3.526.03.1098)",
      "end_time": 1305691200,
      "free_text": null,
      "interpretation": null,
      "mood_code": "EVN",
      "negationInd": null,
      "negationReason": null,
      "referenceRange": null,
      "specifics": null,
      "start_time": 1107752400,
      "status_code": null,
      "time": null,
      "values": [
        {
          "_id": "50536a6b709357c7fa0001bc",
          "codes": {
            "SNOMED-CT": [
              "8091000047104"
            ]
          }
        }
      ]
    }
  ],
  "source_data_criteria": null,
  "test_id": null,
  "title": null,
  "vital_signs": [
    {
      "_id": "50536a6b709357c7fa0001b7",
      "codes": {
        "LOINC": [
          "10508-0"
        ]
      },
      "description": "Laboratory Test, Result: Prostate Specific Antigen Test (Code List: 2.16.840.1.113883.3.526.03.401)",
      "end_time": 1309492800,
      "free_text": null,
      "interpretation": null,
      "mood_code": "EVN",
      "negationInd": null,
      "negationReason": null,
      "referenceRange": null,
      "specifics": null,
      "start_time": 1309060800,
      "status_code": null,
      "time": null,
      "values": [
        {
          "_id": "50536a6b709357c7fa0001b8",
          "scalar": "10",
          "units": "ng/dL"
        }
      ]
    },
    {
      "_id": "50536a6b709357c7fa0001b9",
      "codes": {
        "LOINC": [
          "35266-6"
        ]
      },
      "description": "Laboratory Test, Result: Gleason Score (Code List: 2.16.840.1.113883.3.526.03.397)",
      "end_time": 1052107200,
      "free_text": null,
      "interpretation": null,
      "mood_code": "EVN",
      "negationInd": null,
      "negationReason": null,
      "referenceRange": null,
      "specifics": null,
      "start_time": 884149200,
      "status_code": null,
      "time": null,
      "values": [
        {
          "_id": "50536a6b709357c7fa0001ba",
          "scalar": "6",
          "units": null
        }
      ]
    }
  ]
}