{
  "_id": "50536a6b709357c7fa00023e",
  "birthdate": 1347644011,
  "clinicalTrialParticipant": null,
  "conditions": [
    {
      "_id": "50536a6b709357c7fa00023f",
      "causeOfDeath": null,
      "codes": {
        "SNOMED-CT": [
          "7041000047105"
        ]
      },
      "description": "Diagnosis, Active: Severe Dementia (Code List: 2.16.840.1.113883.3.526.03.1025)",
      "end_time": 1222228800,
      "free_text": null,
      "mood_code": "EVN",
      "name": null,
      "negationInd": null,
      "negationReason": null,
      "ordinality": null,
      "priority": null,
      "severity": null,
      "specifics": null,
      "start_time": 1205380800,
      "status_code": {
        "SNOMED-CT": [
          "55561003"
        ],
        "HL7 ActStatus": [
          "active"
        ]
      },
      "time": null,
      "type": null
    },
    {
      "_id": "50536a6b709357c7fa000253",
      "causeOfDeath": null,
      "codes": {
        "ICD-9-CM": [
          "094.1"
        ],
        "ICD-10-CM": [
          "A52.17"
        ],
        "SNOMED-CT": [
          "281004"
        ]
      },
      "description": "Diagnosis, Active: Dementia & Mental Degenerations (Code List: 2.16.840.1.113883.3.526.03.1005)",
      "end_time": 1341460800,
      "free_text": null,
      "mood_code": "EVN",
      "name": null,
      "negationInd": null,
      "negationReason": null,
      "ordinality": null,
      "priority": null,
      "severity": null,
      "specifics": null,
      "start_time": 1325739600,
      "status_code": {
        "SNOMED-CT": [
          "55561003"
        ],
        "HL7 ActStatus": [
          "active"
        ]
      },
      "time": null,
      "type": null
    }
  ],
  "deathdate": null,
  "effective_time": null,
  "elimination_population": null,
  "elimination_reason": null,
  "encounters": [
    {
      "_id": "50536a6b709357c7fa000244",
      "admitType": null,
      "admit_time": null,
      "codes": {
        "CPT": [
          "90801"
        ]
      },
      "description": "Psych Visit - Diagnostic or Evaluative Interview (Code List: 2.16.840.1.113883.3.526.03.1013)",
      "dischargeDisposition": null,
      "discharge_time": null,
      "end_time": 1041915600,
      "free_text": null,
      "mood_code": "EVN",
      "negationInd": null,
      "negationReason": null,
      "performer_id": null,
      "specifics": null,
      "start_time": 900993600,
      "status_code": null,
      "time": null
    },
    {
      "_id": "50536a6b709357c7fa000245",
      "admitType": null,
      "admit_time": null,
      "codes": {
        "CPT": [
          "90804"
        ]
      },
      "description": "Psych Visit - Individual Outpatient Psychotherapy (Code List: 2.16.840.1.113883.3.526.03.1014)",
      "dischargeDisposition": null,
      "discharge_time": null,
      "end_time": 1208923200,
      "free_text": null,
      "mood_code": "EVN",
      "negationInd": null,
      "negationReason": null,
      "performer_id": null,
      "specifics": null,
      "start_time": 917845200,
      "status_code": null,
      "time": null
    },
    {
      "_id": "50536a6b709357c7fa000246",
      "admitType": null,
      "admit_time": null,
      "codes": {
        "CPT": [
          "90816"
        ]
      },
      "description": "Psych Visit - Individual Inpatient Psychotherapy (Code List: 2.16.840.1.113883.3.526.03.1016)",
      "dischargeDisposition": null,
      "discharge_time": null,
      "end_time": 1237262400,
      "free_text": null,
      "mood_code": "EVN",
      "negationInd": null,
      "negationReason": null,
      "performer_id": null,
      "specifics": null,
      "start_time": 1162789200,
      "status_code": null,
      "time": null
    },
    {
      "_id": "50536a6b709357c7fa000247",
      "admitType": null,
      "admit_time": null,
      "codes": {
        "CPT": [
          "90823"
        ]
      },
      "description": "Psych Visit - Individual Inpatient Interactive Psychotherapy (Code List: 2.16.840.1.113883.3.526.03.1017)",
      "dischargeDisposition": null,
      "discharge_time": null,
      "end_time": 931579200,
      "free_text": null,
      "mood_code": "EVN",
      "negationInd": null,
      "negationReason": null,
      "performer_id": null,
      "specifics": null,
      "start_time": 828680400,
      "status_code": null,
      "time": null
    },
    {
      "_id": "50536a6b709357c7fa000248",
      "admitType": null,
      "admit_time": null,
      "codes": {
        "CPT": [
          "90862"
        ]
      },
      "description": "Psych Visit - Medication Management (Code List: 2.16.840.1.113883.3.526.03.1019)",
      "dischargeDisposition": null,
      "discharge_time": null,
      "end_time": 1303099200,
      "free_text": null,
      "mood_code": "EVN",
      "negationInd": null,
      "negationReason": null,
      "performer_id": null,
      "specifics": null,
      "start_time": 1216526400,
      "status_code": null,
      "time": null
    },
    {
      "_id": "50536a6b709357c7fa000249",
      "admitType": null,
      "admit_time": null,
      "codes": {
        "SNOMED-CT": [
          "4525004"
        ]
      },
      "description": "Face-to-Face Interaction (Code List: 2.16.840.1.113883.3.464.0003.01.02.0048)",
      "dischargeDisposition": null,
      "discharge_time": null,
      "end_time": 1034136000,
      "free_text": null,
      "mood_code": "EVN",
      "negationInd": null,
      "negationReason": null,
      "performer_id": null,
      "specifics": null,
      "start_time": 930369600,
      "status_code": null,
      "time": null
    },
    {
      "_id": "50536a6b709357c7fa00024a",
      "admitType": null,
      "admit_time": null,
      "codes": {
        "CPT": [
          "96116"
        ]
      },
      "description": "Behavioral/Neuropsych Assessment (Code List: 2.16.840.1.113883.3.526.03.1023)",
      "dischargeDisposition": null,
      "discharge_time": null,
      "end_time": 889074000,
      "free_text": null,
      "mood_code": "EVN",
      "negationInd": null,
      "negationReason": null,
      "performer_id": null,
      "specifics": null,
      "start_time": 819694800,
      "status_code": null,
      "time": null
    },
    {
      "_id": "50536a6b709357c7fa00024b",
      "admitType": null,
      "admit_time": null,
      "codes": {
        "CPT": [
          "97003"
        ]
      },
      "description": "Occupational Therapy Evaluation (Code List: 2.16.840.1.113883.3.526.03.1011)",
      "dischargeDisposition": null,
      "discharge_time": null,
      "end_time": 1214193600,
      "free_text": null,
      "mood_code": "EVN",
      "negationInd": null,
      "negationReason": null,
      "performer_id": null,
      "specifics": null,
      "start_time": 1163221200,
      "status_code": null,
      "time": null
    },
    {
      "_id": "50536a6b709357c7fa00024c",
      "admitType": null,
      "admit_time": null,
      "codes": {
        "CPT": [
          "99201"
        ]
      },
      "description": "Office Visit (Code List: 2.16.840.1.113883.3.464.0003.01.02.0001)",
      "dischargeDisposition": null,
      "discharge_time": null,
      "end_time": 1324357200,
      "free_text": null,
      "mood_code": "EVN",
      "negationInd": null,
      "negationReason": null,
      "performer_id": null,
      "specifics": null,
      "start_time": 1287720000,
      "status_code": null,
      "time": null
    },
    {
      "_id": "50536a6b709357c7fa00024d",
      "admitType": null,
      "admit_time": null,
      "codes": {
        "CPT": [
          "99241"
        ]
      },
      "description": "Outpatient Consultation (Code List: 2.16.840.1.113883.3.464.0003.01.02.0008)",
      "dischargeDisposition": null,
      "discharge_time": null,
      "end_time": 1124510400,
      "free_text": null,
      "mood_code": "EVN",
      "negationInd": null,
      "negationReason": null,
      "performer_id": null,
      "specifics": null,
      "start_time": 1069563600,
      "status_code": null,
      "time": null
    },
    {
      "_id": "50536a6b709357c7fa00024e",
      "admitType": null,
      "admit_time": null,
      "codes": {
        "CPT": [
          "99304"
        ]
      },
      "description": "Nursing Facility Visit (Code List: 2.16.840.1.113883.3.464.0003.01.02.0012)",
      "dischargeDisposition": null,
      "discharge_time": null,
      "end_time": 1260075600,
      "free_text": null,
      "mood_code": "EVN",
      "negationInd": null,
      "negationReason": null,
      "performer_id": null,
      "specifics": null,
      "start_time": 1176177600,
      "status_code": null,
      "time": null
    },
    {
      "_id": "50536a6b709357c7fa00024f",
      "admitType": null,
      "admit_time": null,
      "codes": {
        "CPT": [
          "99324"
        ]
      },
      "description": "Care Services in Long-Term Residential Facility (Code List: 2.16.840.1.113883.3.464.0003.01.02.0014)",
      "dischargeDisposition": null,
      "discharge_time": null,
      "end_time": 1342843200,
      "free_text": null,
      "mood_code": "EVN",
      "negationInd": null,
      "negationReason": null,
      "performer_id": null,
      "specifics": null,
      "start_time": 1296795600,
      "status_code": null,
      "time": null
    },
    {
      "_id": "50536a6b709357c7fa000250",
      "admitType": null,
      "admit_time": null,
      "codes": {
        "CPT": [
          "99341"
        ]
      },
      "description": "Home Healthcare Services (Code List: 2.16.840.1.113883.3.464.0003.01.02.0016)",
      "dischargeDisposition": null,
      "discharge_time": null,
      "end_time": 1045976400,
      "free_text": null,
      "mood_code": "EVN",
      "negationInd": null,
      "negationReason": null,
      "performer_id": null,
      "specifics": null,
      "start_time": 839131200,
      "status_code": null,
      "time": null
    },
    {
      "_id": "50536a6b709357c7fa000251",
      "admitType": null,
      "admit_time": null,
      "codes": {
        "CPT": [
          "90810"
        ]
      },
      "description": "Psych Visit - Individual Outpatient Interactive Psychotherapy (Code List: 2.16.840.1.113883.3.526.03.1015)",
      "dischargeDisposition": null,
      "discharge_time": null,
      "end_time": 1341806400,
      "free_text": null,
      "mood_code": "EVN",
      "negationInd": null,
      "negationReason": null,
      "performer_id": null,
      "specifics": null,
      "start_time": 1021176000,
      "status_code": null,
      "time": null
    },
    {
      "_id": "50536a6b709357c7fa000254",
      "admitType": null,
      "admit_time": null,
      "codes": {
        "SNOMED-CT": [
          "4525004"
        ]
      },
      "description": "Encounter, Performed: Patient Provider Interaction (Code List: 2.16.840.1.113883.3.526.03.1012)",
      "dischargeDisposition": null,
      "discharge_time": null,
      "end_time": 1167454800,
      "free_text": null,
      "mood_code": "EVN",
      "negationInd": null,
      "negationReason": null,
      "performer_id": null,
      "specifics": null,
      "start_time": 844747200,
      "status_code": null,
      "time": null
    }
  ],
  "ethnicity": "2186-5",
  "expired": null,
  "first": "Patsy",
  "gender": "F",
  "languages": [
    "en-US"
  ],
  "last": "Newton",
  "marital_status": null,
  "measure_id": null,
  "measure_ids": null,
  "medical_record_number": "1337852008",
  "procedures": [
    {
      "_id": "50536a6b709357c7fa000240",
      "codes": {
        "LOINC": [
          "58151-2"
        ]
      },
      "description": "Risk Category Assessment: Standardized Tools for Assessment of Cognition (Code List: 2.16.840.1.113883.3.526.03.1006)",
      "end_time": 1261458000,
      "free_text": null,
      "mood_code": "EVN",
      "negationInd": true,
      "negationReason": {
        "SNOMED-CT": [
          "31438003"
        ]
      },
      "performer_id": null,
      "site": null,
      "specifics": null,
      "start_time": 1139806800,
      "status_code": null,
      "time": null
    },
    {
      "_id": "50536a6b709357c7fa000241",
      "codes": {
        "LOINC": [
          "58151-2"
        ]
      },
      "description": "Risk Category Assessment: Standardized Tools for Assessment of Cognition (Code List: 2.16.840.1.113883.3.526.03.1006)",
      "end_time": 1314849600,
      "free_text": null,
      "mood_code": "EVN",
      "negationInd": true,
      "negationReason": {
        "SNOMED-CT": [
          "5015009"
        ]
      },
      "performer_id": null,
      "site": null,
      "specifics": null,
      "start_time": 1237780800,
      "status_code": null,
      "time": null
    },
    {
      "_id": "50536a6b709357c7fa000242",
      "codes": {
        "SNOMED-CT": [
          "103735009"
        ]
      },
      "description": "Intervention, Performed: Palliative Care (Code List: 2.16.840.1.113883.3.526.03.1024)",
      "end_time": 1340337600,
      "free_text": null,
      "mood_code": "EVN",
      "negationInd": null,
      "negationReason": null,
      "performer_id": null,
      "site": null,
      "specifics": null,
      "start_time": 1327208400,
      "status_code": null,
      "time": null
    },
    {
      "_id": "50536a6b709357c7fa000243",
      "codes": {
        "LOINC": [
          "58151-2"
        ]
      },
      "description": "Risk Category Assessment: Standardized Tools for Assessment of Cognition (Code List: 2.16.840.1.113883.3.526.03.1006)",
      "end_time": 1206504000,
      "free_text": null,
      "mood_code": "EVN",
      "negationInd": null,
      "negationReason": null,
      "performer_id": null,
      "site": null,
      "specifics": null,
      "start_time": 1048568400,
      "status_code": null,
      "time": null
    },
    {
      "_id": "50536a6b709357c7fa000252",
      "codes": {
        "SNOMED-CT": [
          "4719001"
        ]
      },
      "description": "Intervention, Performed: Cognitive Assessment (Code List: 2.16.840.1.113883.3.526.03.1332)",
      "end_time": 1262408400,
      "free_text": null,
      "mood_code": "EVN",
      "negationInd": null,
      "negationReason": null,
      "performer_id": null,
      "site": null,
      "specifics": null,
      "start_time": 1256616000,
      "status_code": null,
      "time": null
    }
  ],
  "race": "2106-3",
  "religious_affilication": null,
  "source_data_criteria": null,
  "test_id": null,
  "title": null
}