{
  "_id": "50536a6c709357c7fa0003e6",
  "allergies": [
    {
      "_id": "50536a6c709357c7fa0003f9",
      "codes": {
        "RxNorm": [
          "152916"
        ]
      },
      "description": "Medication, Allergy: Beta Blocker Therapy (Code List: 2.16.840.1.113883.3.526.03.1174)",
      "end_time": 1269144000,
      "free_text": null,
      "mood_code": "EVN",
      "negationInd": null,
      "negationReason": null,
      "reaction": null,
      "severity": null,
      "specifics": null,
      "start_time": 864446400,
      "status_code": null,
      "time": null,
      "type": null
    }
  ],
  "birthdate": 990676800,
  "clinicalTrialParticipant": null,
  "conditions": [
    {
      "_id": "50536a6c709357c7fa0003f6",
      "causeOfDeath": null,
      "codes": {
        "ICD-9-CM": [
          "427.9"
        ],
        "ICD-10-CM": [
          "I49.8"
        ],
        "SNOMED-CT": [
          "184004"
        ]
      },
      "description": "Diagnosis, Active: Arrhythmia (Code List: 2.16.840.1.113883.3.526.03.366)",
      "end_time": 962510400,
      "free_text": null,
      "mood_code": "EVN",
      "name": null,
      "negationInd": null,
      "negationReason": null,
      "ordinality": null,
      "priority": null,
      "severity": null,
      "specifics": null,
      "start_time": 931320000,
      "status_code": {
        "SNOMED-CT": [
          "55561003"
        ],
        "HL7 ActStatus": [
          "active"
        ]
      },
      "time": null,
      "type": null
    },
    {
      "_id": "50536a6c709357c7fa0003f7",
      "causeOfDeath": null,
      "codes": {
        "ICD-9-CM": [
          "458.0"
        ],
        "ICD-10-CM": [
          "I95.0"
        ],
        "SNOMED-CT": [
          "45007003"
        ]
      },
      "description": "Diagnosis, Active: Hypotension (Code List: 2.16.840.1.113883.3.526.03.370)",
      "end_time": 1248667200,
      "free_text": null,
      "mood_code": "EVN",
      "name": null,
      "negationInd": null,
      "negationReason": null,
      "ordinality": null,
      "priority": null,
      "severity": null,
      "specifics": null,
      "start_time": 1181188800,
      "status_code": {
        "SNOMED-CT": [
          "55561003"
        ],
        "HL7 ActStatus": [
          "active"
        ]
      },
      "time": null,
      "type": null
    },
    {
      "_id": "50536a6c709357c7fa0003f8",
      "causeOfDeath": null,
      "codes": {
        "ICD-9-CM": [
          "493.00"
        ],
        "ICD-10-CM": [
          "J45.20"
        ],
        "SNOMED-CT": [
          "11641008"
        ]
      },
      "description": "Diagnosis, Active: Asthma (Code List: 2.16.840.1.113883.3.526.03.362)",
      "end_time": 1331096400,
      "free_text": null,
      "mood_code": "EVN",
      "name": null,
      "negationInd": null,
      "negationReason": null,
      "ordinality": null,
      "priority": null,
      "severity": null,
      "specifics": null,
      "start_time": 1323406800,
      "status_code": {
        "SNOMED-CT": [
          "55561003"
        ],
        "HL7 ActStatus": [
          "active"
        ]
      },
      "time": null,
      "type": null
    },
    {
      "_id": "50536a6c709357c7fa0003fa",
      "causeOfDeath": null,
      "codes": {
        "SNOMED-CT": [
          "293962009"
        ]
      },
      "description": "Diagnosis, Active: Allergy to Beta Blocker Therapy (Code List: 2.16.840.1.113883.3.526.03.1177)",
      "end_time": 1248408000,
      "free_text": null,
      "mood_code": "EVN",
      "name": null,
      "negationInd": null,
      "negationReason": null,
      "ordinality": null,
      "priority": null,
      "severity": null,
      "specifics": null,
      "start_time": 834033600,
      "status_code": {
        "SNOMED-CT": [
          "55561003"
        ],
        "HL7 ActStatus": [
          "active"
        ]
      },
      "time": null,
      "type": null
    },
    {
      "_id": "50536a6c709357c7fa0003fb",
      "causeOfDeath": null,
      "codes": {
        "SNOMED-CT": [
          "292419005"
        ]
      },
      "description": "Diagnosis, Active: Intolerance to Beta Blocker Therapy (Code List: 2.16.840.1.113883.3.526.03.1178)",
      "end_time": 1211688000,
      "free_text": null,
      "mood_code": "EVN",
      "name": null,
      "negationInd": null,
      "negationReason": null,
      "ordinality": null,
      "priority": null,
      "severity": null,
      "specifics": null,
      "start_time": 1111899600,
      "status_code": {
        "SNOMED-CT": [
          "55561003"
        ],
        "HL7 ActStatus": [
          "active"
        ]
      },
      "time": null,
      "type": null
    },
    {
      "_id": "50536a6c709357c7fa0003fc",
      "causeOfDeath": null,
      "codes": {
        "SNOMED-CT": [
          "29894000"
        ],
        "ICD-9-CM": [
          "427.81"
        ],
        "ICD-10-CM": [
          "I49.5"
        ]
      },
      "description": "Diagnosis, Active: Bradycardia (Code List: 2.16.840.1.113883.3.526.03.412)",
      "end_time": 1277006400,
      "free_text": null,
      "mood_code": "EVN",
      "name": null,
      "negationInd": null,
      "negationReason": null,
      "ordinality": null,
      "priority": null,
      "severity": null,
      "specifics": null,
      "start_time": 1118030400,
      "status_code": {
        "SNOMED-CT": [
          "55561003"
        ],
        "HL7 ActStatus": [
          "active"
        ]
      },
      "time": null,
      "type": null
    },
    {
      "_id": "50536a6c709357c7fa0003fd",
      "causeOfDeath": null,
      "codes": {
        "ICD-9-CM": [
          "426.0"
        ],
        "SNOMED-CT": [
          "27885002"
        ],
        "ICD-10-CM": [
          "I44.1"
        ]
      },
      "description": "Diagnosis, Active: Atrioventricular Block (Code List: 2.16.840.1.113883.3.526.03.367)",
      "end_time": 1139115600,
      "free_text": null,
      "mood_code": "EVN",
      "name": null,
      "negationInd": null,
      "negationReason": null,
      "ordinality": null,
      "priority": null,
      "severity": null,
      "specifics": null,
      "start_time": 1090728000,
      "status_code": {
        "SNOMED-CT": [
          "55561003"
        ],
        "HL7 ActStatus": [
          "active"
        ]
      },
      "time": null,
      "type": null
    },
    {
      "_id": "50536a6c709357c7fa0003fe",
      "causeOfDeath": null,
      "codes": {
        "ICD-9-CM": [
          "V45.01"
        ],
        "ICD-10-CM": [
          "Z95.0"
        ]
      },
      "description": "Diagnosis, Active: Cardiac Pacer in Situ (Code List: 2.16.840.1.113883.3.526.03.368)",
      "end_time": 1269921600,
      "free_text": null,
      "mood_code": "EVN",
      "name": null,
      "negationInd": null,
      "negationReason": null,
      "ordinality": null,
      "priority": null,
      "severity": null,
      "specifics": null,
      "start_time": 1205899200,
      "status_code": {
        "SNOMED-CT": [
          "55561003"
        ],
        "HL7 ActStatus": [
          "active"
        ]
      },
      "time": null,
      "type": null
    },
    {
      "_id": "50536a6c709357c7fa000404",
      "causeOfDeath": null,
      "codes": {
        "SNOMED-CT": [
          "981000124106"
        ]
      },
      "description": "Diagnosis, Active: Moderate or Severe LVSD (Code List: 2.16.840.1.113883.3.526.03.1090)",
      "end_time": 1294894800,
      "free_text": null,
      "mood_code": "EVN",
      "name": null,
      "negationInd": null,
      "negationReason": null,
      "ordinality": null,
      "priority": null,
      "severity": null,
      "specifics": null,
      "start_time": 1013403600,
      "status_code": {
        "SNOMED-CT": [
          "55561003"
        ],
        "HL7 ActStatus": [
          "active"
        ]
      },
      "time": null,
      "type": null
    },
    {
      "_id": "50536a6c709357c7fa000405",
      "causeOfDeath": null,
      "codes": {
        "SNOMED-CT": [
          "134401001"
        ]
      },
      "description": "Diagnosis, Active: Left ventricular systolic dysfunction (Code List: 2.16.840.1.113883.3.526.03.1091)",
      "end_time": 1318824000,
      "free_text": null,
      "mood_code": "EVN",
      "name": null,
      "negationInd": null,
      "negationReason": null,
      "ordinality": null,
      "priority": null,
      "severity": {
        "SNOMED-CT": [
          "6736007"
        ]
      },
      "specifics": null,
      "start_time": 1201150800,
      "status_code": {
        "SNOMED-CT": [
          "55561003"
        ],
        "HL7 ActStatus": [
          "active"
        ]
      },
      "time": null,
      "type": null
    },
    {
      "_id": "50536a6c709357c7fa000406",
      "causeOfDeath": null,
      "codes": {
        "ICD-9-CM": [
          "402.01"
        ],
        "ICD-10-CM": [
          "I11.0"
        ],
        "SNOMED-CT": [
          "364006"
        ]
      },
      "description": "Diagnosis, Active: Heart Failure (Code List: 2.16.840.1.113883.3.526.03.376)",
      "end_time": 1234760400,
      "free_text": null,
      "mood_code": "EVN",
      "name": null,
      "negationInd": null,
      "negationReason": null,
      "ordinality": null,
      "priority": null,
      "severity": null,
      "specifics": null,
      "start_time": 998798400,
      "status_code": {
        "SNOMED-CT": [
          "55561003"
        ],
        "HL7 ActStatus": [
          "active"
        ]
      },
      "time": null,
      "type": null
    }
  ],
  "deathdate": null,
  "effective_time": null,
  "elimination_population": null,
  "elimination_reason": null,
  "encounters": [
    {
      "_id": "50536a6c709357c7fa0003e9",
      "admitType": null,
      "admit_time": null,
      "codes": {
        "CPT": [
          "99324"
        ]
      },
      "description": "Care Services in Long-Term Residential Facility (Code List: 2.16.840.1.113883.3.464.0003.01.02.0014)",
      "dischargeDisposition": null,
      "discharge_time": null,
      "end_time": 1250827200,
      "free_text": null,
      "mood_code": "EVN",
      "negationInd": null,
      "negationReason": null,
      "performer_id": null,
      "specifics": null,
      "start_time": 1172552400,
      "status_code": null,
      "time": null
    },
    {
      "_id": "50536a6c709357c7fa0003ea",
      "admitType": null,
      "admit_time": null,
      "codes": {
        "CPT": [
          "99238"
        ]
      },
      "description": "Discharge Services - Hospital Inpatient (Code List: 2.16.840.1.113883.3.464.0003.01.02.0007)",
      "dischargeDisposition": null,
      "discharge_time": null,
      "end_time": 1316923200,
      "free_text": null,
      "mood_code": "EVN",
      "negationInd": null,
      "negationReason": null,
      "performer_id": null,
      "specifics": null,
      "start_time": 1233810000,
      "status_code": null,
      "time": null
    },
    {
      "_id": "50536a6c709357c7fa0003eb",
      "admitType": null,
      "admit_time": null,
      "codes": {
        "SNOMED-CT": [
          "4525004"
        ]
      },
      "description": "Face-to-Face Interaction (Code List: 2.16.840.1.113883.3.464.0003.01.02.0048)",
      "dischargeDisposition": null,
      "discharge_time": null,
      "end_time": 1225339200,
      "free_text": null,
      "mood_code": "EVN",
      "negationInd": null,
      "negationReason": null,
      "performer_id": null,
      "specifics": null,
      "start_time": 976856400,
      "status_code": null,
      "time": null
    },
    {
      "_id": "50536a6c709357c7fa0003ec",
      "admitType": null,
      "admit_time": null,
      "codes": {
        "CPT": [
          "99341"
        ]
      },
      "description": "Home Healthcare Services (Code List: 2.16.840.1.113883.3.464.0003.01.02.0016)",
      "dischargeDisposition": null,
      "discharge_time": null,
      "end_time": 1040878800,
      "free_text": null,
      "mood_code": "EVN",
      "negationInd": null,
      "negationReason": null,
      "performer_id": null,
      "specifics": null,
      "start_time": 897451200,
      "status_code": null,
      "time": null
    },
    {
      "_id": "50536a6c709357c7fa0003ed",
      "admitType": null,
      "admit_time": null,
      "codes": {
        "CPT": [
          "99304"
        ]
      },
      "description": "Nursing Facility Visit (Code List: 2.16.840.1.113883.3.464.0003.01.02.0012)",
      "dischargeDisposition": null,
      "discharge_time": null,
      "end_time": 1326085200,
      "free_text": null,
      "mood_code": "EVN",
      "negationInd": null,
      "negationReason": null,
      "performer_id": null,
      "specifics": null,
      "start_time": 1306209600,
      "status_code": null,
      "time": null
    },
    {
      "_id": "50536a6c709357c7fa0003ee",
      "admitType": null,
      "admit_time": null,
      "codes": {
        "CPT": [
          "99241"
        ]
      },
      "description": "Outpatient Consultation (Code List: 2.16.840.1.113883.3.464.0003.01.02.0008)",
      "dischargeDisposition": null,
      "discharge_time": null,
      "end_time": 1240977600,
      "free_text": null,
      "mood_code": "EVN",
      "negationInd": null,
      "negationReason": null,
      "performer_id": null,
      "specifics": null,
      "start_time": 1222142400,
      "status_code": null,
      "time": null
    },
    {
      "_id": "50536a6c709357c7fa0003ef",
      "admitType": null,
      "admit_time": null,
      "codes": {
        "CPT": [
          "99201"
        ]
      },
      "description": "Office Visit (Code List: 2.16.840.1.113883.3.464.0003.01.02.0001)",
      "dischargeDisposition": null,
      "discharge_time": null,
      "end_time": 1303012800,
      "free_text": null,
      "mood_code": "EVN",
      "negationInd": null,
      "negationReason": null,
      "performer_id": null,
      "specifics": null,
      "start_time": 838440000,
      "status_code": null,
      "time": null
    },
    {
      "_id": "50536a6c709357c7fa000407",
      "admitType": null,
      "admit_time": null,
      "codes": {
        "SNOMED-CT": [
          "4525004"
        ]
      },
      "description": "Encounter, Performed: Patient Provider Interaction (Code List: 2.16.840.1.113883.3.526.03.1012)",
      "dischargeDisposition": null,
      "discharge_time": null,
      "end_time": 1331697600,
      "free_text": null,
      "mood_code": "EVN",
      "negationInd": null,
      "negationReason": null,
      "performer_id": null,
      "specifics": null,
      "start_time": 1327640400,
      "status_code": null,
      "time": null
    }
  ],
  "ethnicity": "2186-5",
  "expired": null,
  "first": "Rosemary",
  "gender": "F",
  "languages": [
    "en-US"
  ],
  "last": "Walton",
  "marital_status": null,
  "measure_id": null,
  "measure_ids": null,
  "medical_equipment": [
    {
      "_id": "50536a6c709357c7fa0003ff",
      "codes": {
        "SNOMED-CT": [
          "14106009"
        ]
      },
      "description": "Device, Applied: Cardiac Pacer (Code List: 2.16.840.1.113883.3.526.03.1193)",
      "end_time": 1178337600,
      "free_text": null,
      "manufacturer": null,
      "mood_code": "EVN",
      "negationInd": null,
      "negationReason": null,
      "specifics": null,
      "start_time": 1054353600,
      "status_code": null,
      "time": null
    }
  ],
  "medical_record_number": "9129940587",
  "medications": [
    {
      "_id": "50536a6c709357c7fa0003f0",
      "administrationTiming": null,
      "codes": {
        "RxNorm": [
          "200031"
        ]
      },
      "cumulativeMedicationDuration": null,
      "deliveryMethod": null,
      "description": "Medication, Active: Beta Blocker Therapy for LVSD (Code List: 2.16.840.1.113883.3.526.03.1184)",
      "dose": null,
      "doseIndicator": null,
      "doseRestriction": null,
      "end_time": 1347163200,
      "freeTextSig": null,
      "free_text": null,
      "fulfillmentInstructions": null,
      "indication": null,
      "mood_code": "EVN",
      "negationInd": true,
      "negationReason": {
        "SNOMED-CT": [
          "31438003"
        ]
      },
      "patientInstructions": null,
      "productForm": null,
      "reaction": null,
      "route": null,
      "site": null,
      "specifics": null,
      "start_time": 1340078400,
      "statusOfMedication": null,
      "status_code": {
        "SNOMED-CT": [
          "55561003"
        ],
        "HL7 ActStatus": [
          "active"
        ]
      },
      "time": null,
      "typeOfMedication": null,
      "vehicle": null
    },
    {
      "_id": "50536a6c709357c7fa0003f1",
      "administrationTiming": null,
      "codes": {
        "RxNorm": [
          "200031"
        ]
      },
      "cumulativeMedicationDuration": null,
      "deliveryMethod": null,
      "description": "Medication, Active: Beta Blocker Therapy for LVSD (Code List: 2.16.840.1.113883.3.526.03.1184)",
      "dose": null,
      "doseIndicator": null,
      "doseRestriction": null,
      "end_time": 1309060800,
      "freeTextSig": null,
      "free_text": null,
      "fulfillmentInstructions": null,
      "indication": null,
      "mood_code": "EVN",
      "negationInd": true,
      "negationReason": {
        "SNOMED-CT": [
          "5015009"
        ]
      },
      "patientInstructions": null,
      "productForm": null,
      "reaction": null,
      "route": null,
      "site": null,
      "specifics": null,
      "start_time": 945666000,
      "statusOfMedication": null,
      "status_code": {
        "SNOMED-CT": [
          "55561003"
        ],
        "HL7 ActStatus": [
          "active"
        ]
      },
      "time": null,
      "typeOfMedication": null,
      "vehicle": null
    },
    {
      "_id": "50536a6c709357c7fa0003f2",
      "administrationTiming": null,
      "codes": {
        "RxNorm": [
          "200031"
        ]
      },
      "cumulativeMedicationDuration": null,
      "deliveryMethod": null,
      "description": "Medication, Active: Beta Blocker Therapy for LVSD (Code List: 2.16.840.1.113883.3.526.03.1184)",
      "dose": null,
      "doseIndicator": null,
      "doseRestriction": null,
      "end_time": 1313899200,
      "freeTextSig": null,
      "free_text": null,
      "fulfillmentInstructions": null,
      "indication": null,
      "mood_code": "EVN",
      "negationInd": true,
      "negationReason": {
        "SNOMED-CT": [
          "107724000"
        ]
      },
      "patientInstructions": null,
      "productForm": null,
      "reaction": null,
      "route": null,
      "site": null,
      "specifics": null,
      "start_time": 1205038800,
      "statusOfMedication": null,
      "status_code": {
        "SNOMED-CT": [
          "55561003"
        ],
        "HL7 ActStatus": [
          "active"
        ]
      },
      "time": null,
      "typeOfMedication": null,
      "vehicle": null
    },
    {
      "_id": "50536a6c709357c7fa0003f3",
      "administrationTiming": null,
      "codes": {
        "RxNorm": [
          "200031"
        ]
      },
      "cumulativeMedicationDuration": null,
      "deliveryMethod": null,
      "description": "Medication, Order: Beta Blocker Therapy for LVSD (Code List: 2.16.840.1.113883.3.526.03.1184)",
      "dose": null,
      "doseIndicator": null,
      "doseRestriction": null,
      "end_time": 1347422400,
      "freeTextSig": null,
      "free_text": null,
      "fulfillmentInstructions": null,
      "indication": null,
      "mood_code": "EVN",
      "negationInd": true,
      "negationReason": {
        "SNOMED-CT": [
          "31438003"
        ]
      },
      "patientInstructions": null,
      "productForm": null,
      "reaction": null,
      "route": null,
      "site": null,
      "specifics": null,
      "start_time": 1167886800,
      "statusOfMedication": null,
      "status_code": null,
      "time": null,
      "typeOfMedication": null,
      "vehicle": null
    },
    {
      "_id": "50536a6c709357c7fa0003f4",
      "administrationTiming": null,
      "codes": {
        "RxNorm": [
          "200031"
        ]
      },
      "cumulativeMedicationDuration": null,
      "deliveryMethod": null,
      "description": "Medication, Order: Beta Blocker Therapy for LVSD (Code List: 2.16.840.1.113883.3.526.03.1184)",
      "dose": null,
      "doseIndicator": null,
      "doseRestriction": null,
      "end_time": 1197694800,
      "freeTextSig": null,
      "free_text": null,
      "fulfillmentInstructions": null,
      "indication": null,
      "mood_code": "EVN",
      "negationInd": true,
      "negationReason": {
        "SNOMED-CT": [
          "5015009"
        ]
      },
      "patientInstructions": null,
      "productForm": null,
      "reaction": null,
      "route": null,
      "site": null,
      "specifics": null,
      "start_time": 1154577600,
      "statusOfMedication": null,
      "status_code": null,
      "time": null,
      "typeOfMedication": null,
      "vehicle": null
    },
    {
      "_id": "50536a6c709357c7fa0003f5",
      "administrationTiming": null,
      "codes": {
        "RxNorm": [
          "200031"
        ]
      },
      "cumulativeMedicationDuration": null,
      "deliveryMethod": null,
      "description": "Medication, Order: Beta Blocker Therapy for LVSD (Code List: 2.16.840.1.113883.3.526.03.1184)",
      "dose": null,
      "doseIndicator": null,
      "doseRestriction": null,
      "end_time": 1123041600,
      "freeTextSig": null,
      "free_text": null,
      "fulfillmentInstructions": null,
      "indication": null,
      "mood_code": "EVN",
      "negationInd": true,
      "negationReason": {
        "SNOMED-CT": [
          "107724000"
        ]
      },
      "patientInstructions": null,
      "productForm": null,
      "reaction": null,
      "route": null,
      "site": null,
      "specifics": null,
      "start_time": 1114228800,
      "statusOfMedication": null,
      "status_code": null,
      "time": null,
      "typeOfMedication": null,
      "vehicle": null
    },
    {
      "_id": "50536a6c709357c7fa000400",
      "administrationTiming": null,
      "codes": {
        "RxNorm": [
          "200031"
        ]
      },
      "cumulativeMedicationDuration": null,
      "deliveryMethod": null,
      "description": "Medication, Order: Beta Blocker Therapy for LVSD (Code List: 2.16.840.1.113883.3.526.03.1184)",
      "dose": null,
      "doseIndicator": null,
      "doseRestriction": null,
      "end_time": 1254110400,
      "freeTextSig": null,
      "free_text": null,
      "fulfillmentInstructions": null,
      "indication": null,
      "mood_code": "EVN",
      "negationInd": null,
      "negationReason": null,
      "patientInstructions": null,
      "productForm": null,
      "reaction": null,
      "route": null,
      "site": null,
      "specifics": null,
      "start_time": 805953600,
      "statusOfMedication": null,
      "status_code": null,
      "time": null,
      "typeOfMedication": null,
      "vehicle": null
    },
    {
      "_id": "50536a6c709357c7fa000401",
      "administrationTiming": null,
      "codes": {
        "RxNorm": [
          "200031"
        ]
      },
      "cumulativeMedicationDuration": null,
      "deliveryMethod": null,
      "description": "Beta Blocker Therapy for LVSD (Code List: 2.16.840.1.113883.3.526.03.1184)",
      "dose": null,
      "doseIndicator": null,
      "doseRestriction": null,
      "end_time": 1232859600,
      "freeTextSig": null,
      "free_text": null,
      "fulfillmentInstructions": null,
      "indication": null,
      "mood_code": "EVN",
      "negationInd": null,
      "negationReason": null,
      "patientInstructions": null,
      "productForm": null,
      "reaction": null,
      "route": null,
      "site": null,
      "specifics": null,
      "start_time": 1051934400,
      "statusOfMedication": null,
      "status_code": {
        "SNOMED-CT": [
          "55561003"
        ],
        "HL7 ActStatus": [
          "active"
        ]
      },
      "time": null,
      "typeOfMedication": null,
      "vehicle": null
    }
  ],
  "race": "2106-3",
  "religious_affilication": null,
  "results": [
    {
      "_id": "50536a6c709357c7fa0003e7",
      "codes": {
        "LOINC": [
          "8867-4"
        ]
      },
      "description": "Physical Exam, Finding: Heart Rate (Code List: 2.16.840.1.113883.3.526.03.1176)",
      "end_time": 1192593600,
      "free_text": null,
      "interpretation": null,
      "mood_code": "EVN",
      "negationInd": null,
      "negationReason": null,
      "referenceRange": null,
      "specifics": null,
      "start_time": 1045371600,
      "status_code": null,
      "time": null,
      "values": [
        {
          "_id": "50536a6c709357c7fa0003e8",
          "scalar": "50",
          "units": "{H.B}/min"
        }
      ]
    },
    {
      "_id": "50536a6c709357c7fa000402",
      "codes": {
        "LOINC": [
          "10230-1"
        ]
      },
      "description": "Diagnostic Study, Result: Ejection Fraction (Code List: 2.16.840.1.113883.3.526.03.1134)",
      "end_time": 1341115200,
      "free_text": null,
      "interpretation": null,
      "mood_code": "EVN",
      "negationInd": null,
      "negationReason": null,
      "referenceRange": null,
      "specifics": null,
      "start_time": 1213156800,
      "status_code": null,
      "time": null,
      "values": [
        {
          "_id": "50536a6c709357c7fa000403",
          "scalar": "40",
          "units": "%"
        }
      ]
    }
  ],
  "source_data_criteria": null,
  "test_id": null,
  "title": null
}