{
  "_id": "50536a6b709357c7fa000186",
  "birthdate": 820126800,
  "clinicalTrialParticipant": null,
  "deathdate": null,
  "effective_time": null,
  "elimination_population": null,
  "elimination_reason": null,
  "ethnicity": "2186-5",
  "expired": null,
  "first": "Sherri",
  "gender": "F",
  "languages": [
    "en-US"
  ],
  "last": "Harvey",
  "marital_status": null,
  "measure_id": null,
  "measure_ids": null,
  "medical_record_number": "2366331599",
  "medications": [
    {
      "_id": "50536a6b709357c7fa000187",
      "administrationTiming": null,
      "codes": {
        "RxNorm": [
          "197622"
        ]
      },
      "cumulativeMedicationDuration": null,
      "deliveryMethod": null,
      "description": "Medication, Active: High Risk Medications for the Elderly (Code List: 2.16.840.1.113883.3.464.0003.96.02.0203)",
      "dose": null,
      "doseIndicator": null,
      "doseRestriction": null,
      "end_time": 1122350400,
      "freeTextSig": null,
      "free_text": null,
      "fulfillmentInstructions": null,
      "indication": null,
      "mood_code": "EVN",
      "negationInd": null,
      "negationReason": null,
      "patientInstructions": null,
      "productForm": null,
      "reaction": null,
      "route": null,
      "site": null,
      "specifics": null,
      "start_time": 1074661200,
      "statusOfMedication": null,
      "status_code": {
        "SNOMED-CT": [
          "55561003"
        ],
        "HL7 ActStatus": [
          "active"
        ]
      },
      "time": null,
      "typeOfMedication": null,
      "vehicle": null
    }
  ],
  "race": "2106-3",
  "religious_affilication": null,
  "source_data_criteria": null,
  "test_id": null,
  "title": null
}