{
  "_id": "50536a6a709357c7fa00002b",
  "birthdate": 788331600,
  "clinicalTrialParticipant": null,
  "conditions": [
    {
      "_id": "50536a6a709357c7fa000030",
      "causeOfDeath": null,
      "codes": {
        "ICD-10-CM": [
          "F32.0"
        ],
        "ICD-9-CM": [
          "296.20"
        ],
        "SNOMED-CT": [
          "832007"
        ]
      },
      "description": "Major Depression (Code List: 2.16.840.1.113883.3.464.0003.05.02.0007)",
      "end_time": 1325307600,
      "free_text": null,
      "mood_code": "EVN",
      "name": null,
      "negationInd": null,
      "negationReason": null,
      "ordinality": null,
      "priority": null,
      "severity": null,
      "specifics": null,
      "start_time": 1285905600,
      "status_code": {
        "SNOMED-CT": [
          "55561003"
        ],
        "HL7 ActStatus": [
          "active"
        ]
      },
      "time": null,
      "type": null
    }
  ],
  "deathdate": null,
  "effective_time": null,
  "elimination_population": null,
  "elimination_reason": null,
  "ethnicity": "2186-5",
  "expired": null,
  "first": "Sherry",
  "gender": "F",
  "languages": [
    "es-US"
  ],
  "last": "Mcguire",
  "marital_status": null,
  "measure_id": null,
  "measure_ids": null,
  "medical_record_number": "4927848367",
  "medications": [
    {
      "_id": "50536a6a709357c7fa00002c",
      "administrationTiming": null,
      "codes": {
        "RxNorm": [
          "197909"
        ]
      },
      "cumulativeMedicationDuration": null,
      "deliveryMethod": null,
      "description": "Medication, Active: Antidepressant Medication (Code List: 2.16.840.1.113883.3.464.0003.96.02.0213)",
      "dose": null,
      "doseIndicator": null,
      "doseRestriction": null,
      "end_time": 1238126400,
      "freeTextSig": null,
      "free_text": null,
      "fulfillmentInstructions": null,
      "indication": null,
      "mood_code": "EVN",
      "negationInd": null,
      "negationReason": null,
      "patientInstructions": null,
      "productForm": null,
      "reaction": null,
      "route": null,
      "site": null,
      "specifics": null,
      "start_time": 1194930000,
      "statusOfMedication": null,
      "status_code": {
        "SNOMED-CT": [
          "55561003"
        ],
        "HL7 ActStatus": [
          "active"
        ]
      },
      "time": null,
      "typeOfMedication": null,
      "vehicle": null
    },
    {
      "_id": "50536a6a709357c7fa00002d",
      "administrationTiming": null,
      "codes": {
        "RxNorm": [
          "197909"
        ]
      },
      "cumulativeMedicationDuration": null,
      "deliveryMethod": null,
      "description": "Antidepressant Medication (Code List: 2.16.840.1.113883.3.464.0003.96.02.0213)",
      "dose": null,
      "doseIndicator": null,
      "doseRestriction": null,
      "end_time": 1150171200,
      "freeTextSig": null,
      "free_text": null,
      "fulfillmentInstructions": null,
      "indication": null,
      "mood_code": "EVN",
      "negationInd": null,
      "negationReason": null,
      "patientInstructions": null,
      "productForm": null,
      "reaction": null,
      "route": null,
      "site": null,
      "specifics": null,
      "start_time": 1123128000,
      "statusOfMedication": null,
      "status_code": null,
      "time": null,
      "typeOfMedication": null,
      "vehicle": null
    },
    {
      "_id": "50536a6a709357c7fa00002e",
      "administrationTiming": null,
      "codes": {
        "RxNorm": [
          "197909"
        ]
      },
      "cumulativeMedicationDuration": {
        "scalar": "84",
        "units": "days"
      },
      "deliveryMethod": null,
      "description": "Medication, Active: Antidepressant Medication (Code List: 2.16.840.1.113883.3.464.0003.96.02.0213)",
      "dose": null,
      "doseIndicator": null,
      "doseRestriction": null,
      "end_time": 1159329600,
      "freeTextSig": null,
      "free_text": null,
      "fulfillmentInstructions": null,
      "indication": null,
      "mood_code": "EVN",
      "negationInd": null,
      "negationReason": null,
      "patientInstructions": null,
      "productForm": null,
      "reaction": null,
      "route": null,
      "site": null,
      "specifics": null,
      "start_time": 1122350400,
      "statusOfMedication": null,
      "status_code": {
        "SNOMED-CT": [
          "55561003"
        ],
        "HL7 ActStatus": [
          "active"
        ]
      },
      "time": null,
      "typeOfMedication": null,
      "vehicle": null
    },
    {
      "_id": "50536a6a709357c7fa00002f",
      "administrationTiming": null,
      "codes": {
        "RxNorm": [
          "197909"
        ]
      },
      "cumulativeMedicationDuration": {
        "scalar": "180",
        "units": "days"
      },
      "deliveryMethod": null,
      "description": "Medication, Active: Antidepressant Medication (Code List: 2.16.840.1.113883.3.464.0003.96.02.0213)",
      "dose": null,
      "doseIndicator": null,
      "doseRestriction": null,
      "end_time": 1319947200,
      "freeTextSig": null,
      "free_text": null,
      "fulfillmentInstructions": null,
      "indication": null,
      "mood_code": "EVN",
      "negationInd": null,
      "negationReason": null,
      "patientInstructions": null,
      "productForm": null,
      "reaction": null,
      "route": null,
      "site": null,
      "specifics": null,
      "start_time": 1146456000,
      "statusOfMedication": null,
      "status_code": {
        "SNOMED-CT": [
          "55561003"
        ],
        "HL7 ActStatus": [
          "active"
        ]
      },
      "time": null,
      "typeOfMedication": null,
      "vehicle": null
    }
  ],
  "race": "2106-3",
  "religious_affilication": null,
  "source_data_criteria": null,
  "test_id": null,
  "title": null
}