{
  "_id": "50536a6b709357c7fa000132",
  "birthdate": 1205380800,
  "clinicalTrialParticipant": null,
  "conditions": [
    {
      "_id": "50536a6b709357c7fa000137",
      "causeOfDeath": null,
      "codes": {
        "SNOMED-CT": [
          "27143004"
        ]
      },
      "description": "Diagnosis, Active: Limited Life Expectancy (Code List: 2.16.840.1.113883.3.526.03.1259)",
      "end_time": 1315800000,
      "free_text": null,
      "mood_code": "EVN",
      "name": null,
      "negationInd": null,
      "negationReason": null,
      "ordinality": null,
      "priority": null,
      "severity": null,
      "specifics": null,
      "start_time": 1275364800,
      "status_code": {
        "SNOMED-CT": [
          "55561003"
        ],
        "HL7 ActStatus": [
          "active"
        ]
      },
      "time": null,
      "type": null
    }
  ],
  "deathdate": null,
  "effective_time": null,
  "elimination_population": null,
  "elimination_reason": null,
  "encounters": [
    {
      "_id": "50536a6b709357c7fa00013b",
      "admitType": null,
      "admit_time": null,
      "codes": {
        "CPT": [
          "90862"
        ]
      },
      "description": "Encounter, Performed: Psych Visit - Medication Management (Code List: 2.16.840.1.113883.3.526.03.1019)",
      "dischargeDisposition": null,
      "discharge_time": null,
      "end_time": 1282536000,
      "free_text": null,
      "mood_code": "EVN",
      "negationInd": null,
      "negationReason": null,
      "performer_id": null,
      "specifics": null,
      "start_time": 1224388800,
      "status_code": null,
      "time": null
    },
    {
      "_id": "50536a6b709357c7fa00013c",
      "admitType": null,
      "admit_time": null,
      "codes": {
        "CPT": [
          "96150"
        ]
      },
      "description": "Encounter, Performed: Health and Behavioral Assessment - Initial (Code List: 2.16.840.1.113883.3.526.03.1245)",
      "dischargeDisposition": null,
      "discharge_time": null,
      "end_time": 1334721600,
      "free_text": null,
      "mood_code": "EVN",
      "negationInd": null,
      "negationReason": null,
      "performer_id": null,
      "specifics": null,
      "start_time": 1235624400,
      "status_code": null,
      "time": null
    },
    {
      "_id": "50536a6b709357c7fa00013d",
      "admitType": null,
      "admit_time": null,
      "codes": {
        "CPT": [
          "96152"
        ]
      },
      "description": "Encounter, Performed: Health & Behavioral Assessment - Individual (Code List: 2.16.840.1.113883.3.526.03.1020)",
      "dischargeDisposition": null,
      "discharge_time": null,
      "end_time": 1322802000,
      "free_text": null,
      "mood_code": "EVN",
      "negationInd": null,
      "negationReason": null,
      "performer_id": null,
      "specifics": null,
      "start_time": 1270612800,
      "status_code": null,
      "time": null
    },
    {
      "_id": "50536a6b709357c7fa00013e",
      "admitType": null,
      "admit_time": null,
      "codes": {
        "CPT": [
          "97003"
        ]
      },
      "description": "Encounter, Performed: Occupational Therapy Evaluation (Code List: 2.16.840.1.113883.3.526.03.1011)",
      "dischargeDisposition": null,
      "discharge_time": null,
      "end_time": 1345003200,
      "free_text": null,
      "mood_code": "EVN",
      "negationInd": null,
      "negationReason": null,
      "performer_id": null,
      "specifics": null,
      "start_time": 1339819200,
      "status_code": null,
      "time": null
    },
    {
      "_id": "50536a6b709357c7fa00013f",
      "admitType": null,
      "admit_time": null,
      "codes": {
        "CPT": [
          "99201"
        ]
      },
      "description": "Encounter, Performed: Office Visit (Code List: 2.16.840.1.113883.3.464.0003.01.02.0001)",
      "dischargeDisposition": null,
      "discharge_time": null,
      "end_time": 1280376000,
      "free_text": null,
      "mood_code": "EVN",
      "negationInd": null,
      "negationReason": null,
      "performer_id": null,
      "specifics": null,
      "start_time": 1215921600,
      "status_code": null,
      "time": null
    },
    {
      "_id": "50536a6b709357c7fa000140",
      "admitType": null,
      "admit_time": null,
      "codes": {
        "CPT": [
          "90801"
        ]
      },
      "description": "Encounter, Performed: Psych Visit - Diagnostic or Evaluative Interview (Code List: 2.16.840.1.113883.3.526.03.1013)",
      "dischargeDisposition": null,
      "discharge_time": null,
      "end_time": 1346040000,
      "free_text": null,
      "mood_code": "EVN",
      "negationInd": null,
      "negationReason": null,
      "performer_id": null,
      "specifics": null,
      "start_time": 1287460800,
      "status_code": null,
      "time": null
    },
    {
      "_id": "50536a6b709357c7fa000141",
      "admitType": null,
      "admit_time": null,
      "codes": {
        "CPT": [
          "90804"
        ]
      },
      "description": "Encounter, Performed: Psych Visit - Individual Outpatient Psychotherapy (Code List: 2.16.840.1.113883.3.526.03.1014)",
      "dischargeDisposition": null,
      "discharge_time": null,
      "end_time": 1347595200,
      "free_text": null,
      "mood_code": "EVN",
      "negationInd": null,
      "negationReason": null,
      "performer_id": null,
      "specifics": null,
      "start_time": 1242619200,
      "status_code": null,
      "time": null
    },
    {
      "_id": "50536a6b709357c7fa000142",
      "admitType": null,
      "admit_time": null,
      "codes": {
        "CPT": [
          "90810"
        ]
      },
      "description": "Encounter, Performed: Psych Visit - Individual Outpatient Interactive Psychotherapy (Code List: 2.16.840.1.113883.3.526.03.1015)",
      "dischargeDisposition": null,
      "discharge_time": null,
      "end_time": 1271995200,
      "free_text": null,
      "mood_code": "EVN",
      "negationInd": null,
      "negationReason": null,
      "performer_id": null,
      "specifics": null,
      "start_time": 1235797200,
      "status_code": null,
      "time": null
    },
    {
      "_id": "50536a6b709357c7fa000143",
      "admitType": null,
      "admit_time": null,
      "codes": {
        "CPT": [
          "90845"
        ]
      },
      "description": "Encounter, Performed: Psychoanalysis (Code List: 2.16.840.1.113883.3.526.03.1141)",
      "dischargeDisposition": null,
      "discharge_time": null,
      "end_time": 1311048000,
      "free_text": null,
      "mood_code": "EVN",
      "negationInd": null,
      "negationReason": null,
      "performer_id": null,
      "specifics": null,
      "start_time": 1224302400,
      "status_code": null,
      "time": null
    },
    {
      "_id": "50536a6b709357c7fa000144",
      "admitType": null,
      "admit_time": null,
      "codes": {
        "CPT": [
          "99411"
        ]
      },
      "description": "Encounter, Performed: Preventive Care Services - Group Counseling (Code List: 2.16.840.1.113883.3.464.0003.01.02.0027)",
      "dischargeDisposition": null,
      "discharge_time": null,
      "end_time": 1306555200,
      "free_text": null,
      "mood_code": "EVN",
      "negationInd": null,
      "negationReason": null,
      "performer_id": null,
      "specifics": null,
      "start_time": 1302840000,
      "status_code": null,
      "time": null
    },
    {
      "_id": "50536a6b709357c7fa000145",
      "admitType": null,
      "admit_time": null,
      "codes": {
        "CPT": [
          "99420"
        ]
      },
      "description": "Encounter, Performed: Preventive Care Services - Other (Code List: 2.16.840.1.113883.3.464.0003.01.02.0030)",
      "dischargeDisposition": null,
      "discharge_time": null,
      "end_time": 1338696000,
      "free_text": null,
      "mood_code": "EVN",
      "negationInd": null,
      "negationReason": null,
      "performer_id": null,
      "specifics": null,
      "start_time": 1252900800,
      "status_code": null,
      "time": null
    },
    {
      "_id": "50536a6b709357c7fa000146",
      "admitType": null,
      "admit_time": null,
      "codes": {
        "CPT": [
          "99385"
        ]
      },
      "description": "Encounter, Performed: Preventive Care Services-Initial Office Visit, 18 and Up (Code List: 2.16.840.1.113883.3.464.0003.01.02.0023)",
      "dischargeDisposition": null,
      "discharge_time": null,
      "end_time": 1318132800,
      "free_text": null,
      "mood_code": "EVN",
      "negationInd": null,
      "negationReason": null,
      "performer_id": null,
      "specifics": null,
      "start_time": 1305864000,
      "status_code": null,
      "time": null
    },
    {
      "_id": "50536a6b709357c7fa000147",
      "admitType": null,
      "admit_time": null,
      "codes": {
        "CPT": [
          "99395"
        ]
      },
      "description": "Encounter, Performed: Preventive Care Services - Established Office Visit, 18 and Up (Code List: 2.16.840.1.113883.3.464.0003.01.02.0025)",
      "dischargeDisposition": null,
      "discharge_time": null,
      "end_time": 1336881600,
      "free_text": null,
      "mood_code": "EVN",
      "negationInd": null,
      "negationReason": null,
      "performer_id": null,
      "specifics": null,
      "start_time": 1235451600,
      "status_code": null,
      "time": null
    },
    {
      "_id": "50536a6b709357c7fa000148",
      "admitType": null,
      "admit_time": null,
      "codes": {
        "CPT": [
          "99401"
        ]
      },
      "description": "Encounter, Performed: Preventive Care Services-Individual Counseling (Code List: 2.16.840.1.113883.3.464.0003.01.02.0026)",
      "dischargeDisposition": null,
      "discharge_time": null,
      "end_time": 1303444800,
      "free_text": null,
      "mood_code": "EVN",
      "negationInd": null,
      "negationReason": null,
      "performer_id": null,
      "specifics": null,
      "start_time": 1233032400,
      "status_code": null,
      "time": null
    },
    {
      "_id": "50536a6b709357c7fa000149",
      "admitType": null,
      "admit_time": null,
      "codes": {
        "SNOMED-CT": [
          "4525004"
        ]
      },
      "description": "Encounter, Performed: Face-to-Face Interaction (Code List: 2.16.840.1.113883.3.464.0003.01.02.0048)",
      "dischargeDisposition": null,
      "discharge_time": null,
      "end_time": 1299128400,
      "free_text": null,
      "mood_code": "EVN",
      "negationInd": null,
      "negationReason": null,
      "performer_id": null,
      "specifics": null,
      "start_time": 1268024400,
      "status_code": null,
      "time": null
    }
  ],
  "ethnicity": "2186-5",
  "expired": null,
  "first": "Sue",
  "gender": "F",
  "languages": [
    "en-US"
  ],
  "last": "Terry",
  "marital_status": null,
  "measure_id": null,
  "measure_ids": null,
  "medical_record_number": "4661645680",
  "medications": [
    {
      "_id": "50536a6b709357c7fa000135",
      "administrationTiming": null,
      "codes": {
        "RxNorm": [
          "151226"
        ]
      },
      "cumulativeMedicationDuration": null,
      "deliveryMethod": null,
      "description": "Medication, Active: Tobacco Use Cessation Pharmacotherapy (Code List: 2.16.840.1.113883.3.526.03.1190)",
      "dose": null,
      "doseIndicator": null,
      "doseRestriction": null,
      "end_time": 1337659200,
      "freeTextSig": null,
      "free_text": null,
      "fulfillmentInstructions": null,
      "indication": null,
      "mood_code": "EVN",
      "negationInd": true,
      "negationReason": {
        "SNOMED-CT": [
          "31438003"
        ]
      },
      "patientInstructions": null,
      "productForm": null,
      "reaction": null,
      "route": null,
      "site": null,
      "specifics": null,
      "start_time": 1085371200,
      "statusOfMedication": null,
      "status_code": {
        "SNOMED-CT": [
          "55561003"
        ],
        "HL7 ActStatus": [
          "active"
        ]
      },
      "time": null,
      "typeOfMedication": null,
      "vehicle": null
    },
    {
      "_id": "50536a6b709357c7fa000136",
      "administrationTiming": null,
      "codes": {
        "RxNorm": [
          "151226"
        ]
      },
      "cumulativeMedicationDuration": null,
      "deliveryMethod": null,
      "description": "Medication, Order: Tobacco Use Cessation Pharmacotherapy (Code List: 2.16.840.1.113883.3.526.03.1190)",
      "dose": null,
      "doseIndicator": null,
      "doseRestriction": null,
      "end_time": 1184558400,
      "freeTextSig": null,
      "free_text": null,
      "fulfillmentInstructions": null,
      "indication": null,
      "mood_code": "EVN",
      "negationInd": true,
      "negationReason": {
        "SNOMED-CT": [
          "31438003"
        ]
      },
      "patientInstructions": null,
      "productForm": null,
      "reaction": null,
      "route": null,
      "site": null,
      "specifics": null,
      "start_time": 1148011200,
      "statusOfMedication": null,
      "status_code": null,
      "time": null,
      "typeOfMedication": null,
      "vehicle": null
    },
    {
      "_id": "50536a6b709357c7fa000139",
      "administrationTiming": null,
      "codes": {
        "RxNorm": [
          "151226"
        ]
      },
      "cumulativeMedicationDuration": null,
      "deliveryMethod": null,
      "description": "Medication, Active: Tobacco Use Cessation Pharmacotherapy (Code List: 2.16.840.1.113883.3.526.03.1190)",
      "dose": null,
      "doseIndicator": null,
      "doseRestriction": null,
      "end_time": 1180929600,
      "freeTextSig": null,
      "free_text": null,
      "fulfillmentInstructions": null,
      "indication": null,
      "mood_code": "EVN",
      "negationInd": null,
      "negationReason": null,
      "patientInstructions": null,
      "productForm": null,
      "reaction": null,
      "route": null,
      "site": null,
      "specifics": null,
      "start_time": 1067317200,
      "statusOfMedication": null,
      "status_code": {
        "SNOMED-CT": [
          "55561003"
        ],
        "HL7 ActStatus": [
          "active"
        ]
      },
      "time": null,
      "typeOfMedication": null,
      "vehicle": null
    },
    {
      "_id": "50536a6b709357c7fa00013a",
      "administrationTiming": null,
      "codes": {
        "RxNorm": [
          "151226"
        ]
      },
      "cumulativeMedicationDuration": null,
      "deliveryMethod": null,
      "description": "Medication, Order: Tobacco Use Cessation Pharmacotherapy (Code List: 2.16.840.1.113883.3.526.03.1190)",
      "dose": null,
      "doseIndicator": null,
      "doseRestriction": null,
      "end_time": 1026964800,
      "freeTextSig": null,
      "free_text": null,
      "fulfillmentInstructions": null,
      "indication": null,
      "mood_code": "EVN",
      "negationInd": null,
      "negationReason": null,
      "patientInstructions": null,
      "productForm": null,
      "reaction": null,
      "route": null,
      "site": null,
      "specifics": null,
      "start_time": 810187200,
      "statusOfMedication": null,
      "status_code": null,
      "time": null,
      "typeOfMedication": null,
      "vehicle": null
    }
  ],
  "procedures": [
    {
      "_id": "50536a6b709357c7fa000133",
      "codes": {
        "LOINC": [
          "11366-2"
        ]
      },
      "description": "Intervention, Performed: Tobacco Use Screening (Code List: 2.16.840.1.113883.3.526.03.1278)",
      "end_time": 1092628800,
      "free_text": null,
      "mood_code": "EVN",
      "negationInd": true,
      "negationReason": {
        "SNOMED-CT": [
          "31438003"
        ]
      },
      "performer_id": null,
      "site": null,
      "specifics": null,
      "start_time": 1069390800,
      "status_code": null,
      "time": null
    },
    {
      "_id": "50536a6b709357c7fa000134",
      "codes": {
        "CPT": [
          "99406"
        ],
        "SNOMED-CT": [
          "171055003"
        ]
      },
      "description": "Intervention, Performed: Tobacco Use Cessation Counseling (Code List: 2.16.840.1.113883.3.526.03.509)",
      "end_time": 1237003200,
      "free_text": null,
      "mood_code": "EVN",
      "negationInd": true,
      "negationReason": {
        "SNOMED-CT": [
          "31438003"
        ]
      },
      "performer_id": null,
      "site": null,
      "specifics": null,
      "start_time": 1093060800,
      "status_code": null,
      "time": null
    },
    {
      "_id": "50536a6b709357c7fa000138",
      "codes": {
        "CPT": [
          "99406"
        ],
        "SNOMED-CT": [
          "171055003"
        ]
      },
      "description": "Intervention, Performed: Tobacco Use Cessation Counseling (Code List: 2.16.840.1.113883.3.526.03.509)",
      "end_time": 1311652800,
      "free_text": null,
      "mood_code": "EVN",
      "negationInd": null,
      "negationReason": null,
      "performer_id": null,
      "site": null,
      "specifics": null,
      "start_time": 1297314000,
      "status_code": null,
      "time": null
    }
  ],
  "race": "2106-3",
  "religious_affilication": null,
  "source_data_criteria": null,
  "test_id": null,
  "title": null
}