{
  "_id": "50536a6a709357c7fa000012",
  "birthdate": 1347644010,
  "clinicalTrialParticipant": null,
  "deathdate": null,
  "effective_time": null,
  "elimination_population": null,
  "elimination_reason": null,
  "ethnicity": "2186-5",
  "expired": null,
  "first": "Suzanne",
  "gender": "F",
  "languages": [
    "en-US"
  ],
  "last": "Lane",
  "marital_status": null,
  "measure_id": null,
  "measure_ids": null,
  "medical_record_number": "8359735292",
  "procedures": [
    {
      "_id": "50536a6a709357c7fa000013",
      "codes": {
        "SNOMED-CT": [
          "371530004"
        ]
      },
      "description": "Consultant Report (Code List: 2.16.840.1.113883.3.464.0003.21.02.0006)",
      "end_time": 1230958800,
      "free_text": null,
      "mood_code": "EVN",
      "negationInd": null,
      "negationReason": null,
      "performer_id": null,
      "site": null,
      "specifics": null,
      "start_time": 1017118800,
      "status_code": null,
      "time": null
    },
    {
      "_id": "50536a6a709357c7fa000014",
      "codes": {
        "SNOMED-CT": [
          "54395008"
        ]
      },
      "description": "Referral (Code List: 2.16.840.1.113883.3.464.0003.01.02.0046)",
      "end_time": 1307160000,
      "free_text": null,
      "mood_code": "EVN",
      "negationInd": null,
      "negationReason": null,
      "performer_id": null,
      "site": null,
      "specifics": null,
      "start_time": 1292389200,
      "status_code": null,
      "time": null
    }
  ],
  "race": "2106-3",
  "religious_affilication": null,
  "source_data_criteria": null,
  "test_id": null,
  "title": null
}