{
  "_id": "50536a6b709357c7fa0001bd",
  "birthdate": 1262840400,
  "clinicalTrialParticipant": null,
  "conditions": [
    {
      "_id": "50536a6b709357c7fa0001be",
      "causeOfDeath": null,
      "codes": {
        "SNOMED-CT": [
          "93683002"
        ],
        "ICD-9-CM": [
          "153.0"
        ],
        "ICD-10-CM": [
          "C18.1"
        ]
      },
      "description": "Diagnosis, Resolved: Malignant Neoplasm of Colon (Code List: 2.16.840.1.113883.3.464.0003.08.02.0001)",
      "end_time": 1301025600,
      "free_text": null,
      "mood_code": "EVN",
      "name": null,
      "negationInd": null,
      "negationReason": null,
      "ordinality": null,
      "priority": null,
      "severity": null,
      "specifics": null,
      "start_time": 1298437200,
      "status_code": {
        "SNOMED-CT": [
          "413322009"
        ]
      },
      "time": null,
      "type": null
    }
  ],
  "deathdate": null,
  "effective_time": null,
  "elimination_population": null,
  "elimination_reason": null,
  "ethnicity": "2186-5",
  "expired": null,
  "first": "Sylvia",
  "gender": "F",
  "languages": [
    "en-US"
  ],
  "last": "Manning",
  "marital_status": null,
  "measure_id": null,
  "measure_ids": null,
  "medical_record_number": "4245384948",
  "procedures": [
    {
      "_id": "50536a6b709357c7fa0001bf",
      "codes": {
        "SNOMED-CT": [
          "456004"
        ],
        "CPT": [
          "44150"
        ]
      },
      "description": "Procedure, Performed: Total Colectomy (Code List: 2.16.840.1.113883.3.464.0003.98.02.0019)",
      "end_time": 875937600,
      "free_text": null,
      "mood_code": "EVN",
      "negationInd": null,
      "negationReason": null,
      "performer_id": null,
      "site": null,
      "specifics": null,
      "start_time": 853563600,
      "status_code": null,
      "time": null
    },
    {
      "_id": "50536a6b709357c7fa0001c0",
      "codes": {
        "CPT": [
          "44388"
        ],
        "HCPCS": [
          "G0105"
        ],
        "SNOMED-CT": [
          "8180007"
        ]
      },
      "description": "Procedure, Performed: Colonoscopy (Code List: 2.16.840.1.113883.3.464.0003.08.02.0020)",
      "end_time": 1242187200,
      "free_text": null,
      "mood_code": "EVN",
      "negationInd": null,
      "negationReason": null,
      "performer_id": null,
      "site": null,
      "specifics": null,
      "start_time": 1091851200,
      "status_code": null,
      "time": null
    },
    {
      "_id": "50536a6b709357c7fa0001c2",
      "codes": {
        "CPT": [
          "45330"
        ],
        "HCPCS": [
          "G0104"
        ],
        "SNOMED-CT": [
          "44441009"
        ]
      },
      "description": "Procedure, Performed: Flexible Sigmoidoscopy (Code List: 2.16.840.1.113883.3.464.0003.98.02.0010)",
      "end_time": 1313380800,
      "free_text": null,
      "mood_code": "EVN",
      "negationInd": null,
      "negationReason": null,
      "performer_id": null,
      "site": null,
      "specifics": null,
      "start_time": 1018411200,
      "status_code": null,
      "time": null
    }
  ],
  "race": "2106-3",
  "religious_affilication": null,
  "source_data_criteria": null,
  "test_id": null,
  "title": null,
  "vital_signs": [
    {
      "_id": "50536a6b709357c7fa0001c1",
      "codes": {
        "LOINC": [
          "12503-9"
        ]
      },
      "description": "Laboratory Test, Performed: Fecal Occult Blood Test (FOBT) (Code List: 2.16.840.1.113883.3.464.0003.98.02.0011)",
      "end_time": 1229835600,
      "free_text": null,
      "interpretation": null,
      "mood_code": "EVN",
      "negationInd": null,
      "negationReason": null,
      "referenceRange": null,
      "specifics": null,
      "start_time": 833860800,
      "status_code": null,
      "time": null
    }
  ]
}