{
  "_id": "50536a6a709357c7fa000031",
  "birthdate": 963892800,
  "clinicalTrialParticipant": null,
  "conditions": [
    {
      "_id": "50536a6a709357c7fa000032",
      "causeOfDeath": null,
      "codes": {
        "SNOMED-CT": [
          "13645005"
        ],
        "ICD-9-CM": [
          "493.20"
        ],
        "ICD-10-CM": [
          "J44.0"
        ]
      },
      "description": "Diagnosis, Active: Chronic Obstructive Pulmonary Disease (Code List: 2.16.840.1.113883.3.464.0003.02.02.0007)",
      "end_time": 1341374400,
      "free_text": null,
      "mood_code": "EVN",
      "name": null,
      "negationInd": null,
      "negationReason": null,
      "ordinality": null,
      "priority": null,
      "severity": null,
      "specifics": null,
      "start_time": 1280721600,
      "status_code": {
        "SNOMED-CT": [
          "55561003"
        ],
        "HL7 ActStatus": [
          "active"
        ]
      },
      "time": null,
      "type": null
    },
    {
      "_id": "50536a6a709357c7fa000033",
      "causeOfDeath": null,
      "codes": {
        "SNOMED-CT": [
          "2912004"
        ],
        "ICD-9-CM": [
          "492.0"
        ],
        "ICD-10-CM": [
          "J43.0"
        ]
      },
      "description": "Diagnosis, Active: Emphysema (Code List: 2.16.840.1.113883.3.464.0003.02.02.0004)",
      "end_time": 1129435200,
      "free_text": null,
      "mood_code": "EVN",
      "name": null,
      "negationInd": null,
      "negationReason": null,
      "ordinality": null,
      "priority": null,
      "severity": null,
      "specifics": null,
      "start_time": 853045200,
      "status_code": {
        "SNOMED-CT": [
          "55561003"
        ],
        "HL7 ActStatus": [
          "active"
        ]
      },
      "time": null,
      "type": null
    },
    {
      "_id": "50536a6a709357c7fa000034",
      "causeOfDeath": null,
      "codes": {
        "SNOMED-CT": [
          "81423003"
        ],
        "ICD-9-CM": [
          "277.00"
        ],
        "ICD-10-CM": [
          "E84.0"
        ]
      },
      "description": "Diagnosis, Active: Cystic Fibrosis (Code List: 2.16.840.1.113883.3.464.0003.02.02.0002)",
      "end_time": 1203915600,
      "free_text": null,
      "mood_code": "EVN",
      "name": null,
      "negationInd": null,
      "negationReason": null,
      "ordinality": null,
      "priority": null,
      "severity": null,
      "specifics": null,
      "start_time": 1081483200,
      "status_code": {
        "SNOMED-CT": [
          "55561003"
        ],
        "HL7 ActStatus": [
          "active"
        ]
      },
      "time": null,
      "type": null
    },
    {
      "_id": "50536a6a709357c7fa000035",
      "causeOfDeath": null,
      "codes": {
        "ICD-10-CM": [
          "J96.00"
        ],
        "SNOMED-CT": [
          "65710008"
        ],
        "ICD-9-CM": [
          "518.81"
        ]
      },
      "description": "Diagnosis, Active: Acute Respiratory Failure (Code List: 2.16.840.1.113883.3.464.0003.02.02.0018)",
      "end_time": 1211169600,
      "free_text": null,
      "mood_code": "EVN",
      "name": null,
      "negationInd": null,
      "negationReason": null,
      "ordinality": null,
      "priority": null,
      "severity": null,
      "specifics": null,
      "start_time": 1015045200,
      "status_code": {
        "SNOMED-CT": [
          "55561003"
        ],
        "HL7 ActStatus": [
          "active"
        ]
      },
      "time": null,
      "type": null
    },
    {
      "_id": "50536a6a709357c7fa000037",
      "causeOfDeath": null,
      "codes": {
        "ICD-10-CM": [
          "J45.30"
        ],
        "SNOMED-CT": [
          "426656000"
        ]
      },
      "description": "Diagnosis, Active: Persistent Asthma (Code List: 2.16.840.1.113883.3.464.0003.02.02.0023)",
      "end_time": 1242014400,
      "free_text": null,
      "mood_code": "EVN",
      "name": null,
      "negationInd": null,
      "negationReason": null,
      "ordinality": null,
      "priority": null,
      "severity": null,
      "specifics": null,
      "start_time": 1225252800,
      "status_code": {
        "SNOMED-CT": [
          "55561003"
        ],
        "HL7 ActStatus": [
          "active"
        ]
      },
      "time": null,
      "type": null
    }
  ],
  "deathdate": null,
  "effective_time": null,
  "elimination_population": null,
  "elimination_reason": null,
  "ethnicity": "2186-5",
  "expired": null,
  "first": "Vanessa",
  "gender": "F",
  "languages": [
    "en-US"
  ],
  "last": "Moran",
  "marital_status": null,
  "measure_id": null,
  "measure_ids": null,
  "medical_record_number": "9366099875",
  "medications": [
    {
      "_id": "50536a6a709357c7fa000036",
      "administrationTiming": null,
      "codes": {
        "RxNorm": [
          "403866"
        ]
      },
      "cumulativeMedicationDuration": null,
      "deliveryMethod": null,
      "description": "Medication, Dispensed: Preferred Asthma Therapy (Code List: 2.16.840.1.113883.3.464.0003.96.02.0212)",
      "dose": null,
      "doseIndicator": null,
      "doseRestriction": null,
      "end_time": 1251086400,
      "freeTextSig": null,
      "free_text": null,
      "fulfillmentInstructions": null,
      "indication": null,
      "mood_code": "EVN",
      "negationInd": null,
      "negationReason": null,
      "patientInstructions": null,
      "productForm": null,
      "reaction": null,
      "route": null,
      "site": null,
      "specifics": null,
      "start_time": 1237521600,
      "statusOfMedication": null,
      "status_code": null,
      "time": null,
      "typeOfMedication": null,
      "vehicle": null
    }
  ],
  "race": "2106-3",
  "religious_affilication": null,
  "source_data_criteria": null,
  "test_id": null,
  "title": null
}