{
  "_id": "50536a6c709357c7fa0002ef",
  "birthdate": 877492800,
  "clinicalTrialParticipant": null,
  "conditions": [
    {
      "_id": "50536a6c709357c7fa0002f1",
      "causeOfDeath": null,
      "codes": {
        "SNOMED-CT": [
          "1532007"
        ],
        "ICD-9-CM": [
          "034.0"
        ],
        "ICD-10-CM": [
          "J02.8"
        ]
      },
      "description": "Acute Pharyngitis (Code List: 2.16.840.1.113883.3.464.0003.02.02.0011)",
      "end_time": 1230613200,
      "free_text": null,
      "mood_code": "EVN",
      "name": null,
      "negationInd": null,
      "negationReason": null,
      "ordinality": null,
      "priority": null,
      "severity": null,
      "specifics": null,
      "start_time": 996379200,
      "status_code": {
        "SNOMED-CT": [
          "55561003"
        ],
        "HL7 ActStatus": [
          "active"
        ]
      },
      "time": null,
      "type": null
    },
    {
      "_id": "50536a6c709357c7fa0002f2",
      "causeOfDeath": null,
      "codes": {
        "SNOMED-CT": [
          "17741008"
        ],
        "ICD-9-CM": [
          "463"
        ],
        "ICD-10-CM": [
          "J03.80"
        ]
      },
      "description": "Acute Tonsillitis (Code List: 2.16.840.1.113883.3.464.0003.02.02.0012)",
      "end_time": 1261890000,
      "free_text": null,
      "mood_code": "EVN",
      "name": null,
      "negationInd": null,
      "negationReason": null,
      "ordinality": null,
      "priority": null,
      "severity": null,
      "specifics": null,
      "start_time": 1253419200,
      "status_code": {
        "SNOMED-CT": [
          "55561003"
        ],
        "HL7 ActStatus": [
          "active"
        ]
      },
      "time": null,
      "type": null
    }
  ],
  "deathdate": null,
  "effective_time": null,
  "elimination_population": null,
  "elimination_reason": null,
  "encounters": [
    {
      "_id": "50536a6c709357c7fa0002f4",
      "admitType": null,
      "admit_time": null,
      "codes": {
        "CPT": [
          "99281"
        ]
      },
      "description": "Emergency Department Visit (Code List: 2.16.840.1.113883.3.464.0003.01.02.0010)",
      "dischargeDisposition": null,
      "discharge_time": null,
      "end_time": 1282708800,
      "free_text": null,
      "mood_code": "EVN",
      "negationInd": null,
      "negationReason": null,
      "performer_id": null,
      "specifics": null,
      "start_time": 1237348800,
      "status_code": null,
      "time": null
    },
    {
      "_id": "50536a6c709357c7fa0002f5",
      "admitType": null,
      "admit_time": null,
      "codes": {
        "SNOMED-CT": [
          "4525004"
        ]
      },
      "description": "Face-to-Face Interaction (Code List: 2.16.840.1.113883.3.464.0003.01.02.0048)",
      "dischargeDisposition": null,
      "discharge_time": null,
      "end_time": 1189396800,
      "free_text": null,
      "mood_code": "EVN",
      "negationInd": null,
      "negationReason": null,
      "performer_id": null,
      "specifics": null,
      "start_time": 1136696400,
      "status_code": null,
      "time": null
    },
    {
      "_id": "50536a6c709357c7fa0002f6",
      "admitType": null,
      "admit_time": null,
      "codes": {
        "CPT": [
          "99218"
        ]
      },
      "description": "Hospital Observation Care - Initial (Code List: 2.16.840.1.113883.3.464.0003.01.02.0002)",
      "dischargeDisposition": null,
      "discharge_time": null,
      "end_time": 1109480400,
      "free_text": null,
      "mood_code": "EVN",
      "negationInd": null,
      "negationReason": null,
      "performer_id": null,
      "specifics": null,
      "start_time": 873518400,
      "status_code": null,
      "time": null
    },
    {
      "_id": "50536a6c709357c7fa0002f7",
      "admitType": null,
      "admit_time": null,
      "codes": {
        "CPT": [
          "99201"
        ]
      },
      "description": "Office Visit (Code List: 2.16.840.1.113883.3.464.0003.01.02.0001)",
      "dischargeDisposition": null,
      "discharge_time": null,
      "end_time": 1240200000,
      "free_text": null,
      "mood_code": "EVN",
      "negationInd": null,
      "negationReason": null,
      "performer_id": null,
      "specifics": null,
      "start_time": 1170046800,
      "status_code": null,
      "time": null
    },
    {
      "_id": "50536a6c709357c7fa0002f8",
      "admitType": null,
      "admit_time": null,
      "codes": {
        "CPT": [
          "99241"
        ]
      },
      "description": "Outpatient Consultation (Code List: 2.16.840.1.113883.3.464.0003.01.02.0008)",
      "dischargeDisposition": null,
      "discharge_time": null,
      "end_time": 1020312000,
      "free_text": null,
      "mood_code": "EVN",
      "negationInd": null,
      "negationReason": null,
      "performer_id": null,
      "specifics": null,
      "start_time": 954993600,
      "status_code": null,
      "time": null
    },
    {
      "_id": "50536a6c709357c7fa0002f9",
      "admitType": null,
      "admit_time": null,
      "codes": {
        "CPT": [
          "99391"
        ]
      },
      "description": "Preventive Care - Established Office Visit, 0 to 17 (Code List: 2.16.840.1.113883.3.464.0003.01.02.0024)",
      "dischargeDisposition": null,
      "discharge_time": null,
      "end_time": 1116561600,
      "free_text": null,
      "mood_code": "EVN",
      "negationInd": null,
      "negationReason": null,
      "performer_id": null,
      "specifics": null,
      "start_time": 1071637200,
      "status_code": null,
      "time": null
    },
    {
      "_id": "50536a6c709357c7fa0002fa",
      "admitType": null,
      "admit_time": null,
      "codes": {
        "CPT": [
          "99385"
        ]
      },
      "description": "Preventive Care Services-Initial Office Visit, 18 and Up (Code List: 2.16.840.1.113883.3.464.0003.01.02.0023)",
      "dischargeDisposition": null,
      "discharge_time": null,
      "end_time": 1143262800,
      "free_text": null,
      "mood_code": "EVN",
      "negationInd": null,
      "negationReason": null,
      "performer_id": null,
      "specifics": null,
      "start_time": 1133413200,
      "status_code": null,
      "time": null
    },
    {
      "_id": "50536a6c709357c7fa0002fb",
      "admitType": null,
      "admit_time": null,
      "codes": {
        "CPT": [
          "99381"
        ]
      },
      "description": "Preventive Care- Initial Office Visit, 0 to 17 (Code List: 2.16.840.1.113883.3.464.0003.01.02.0022)",
      "dischargeDisposition": null,
      "discharge_time": null,
      "end_time": 1344916800,
      "free_text": null,
      "mood_code": "EVN",
      "negationInd": null,
      "negationReason": null,
      "performer_id": null,
      "specifics": null,
      "start_time": 1327726800,
      "status_code": null,
      "time": null
    },
    {
      "_id": "50536a6c709357c7fa0002fc",
      "admitType": null,
      "admit_time": null,
      "codes": {
        "CPT": [
          "99395"
        ]
      },
      "description": "Preventive Care Services - Established Office Visit, 18 and Up (Code List: 2.16.840.1.113883.3.464.0003.01.02.0025)",
      "dischargeDisposition": null,
      "discharge_time": null,
      "end_time": 1344225600,
      "free_text": null,
      "mood_code": "EVN",
      "negationInd": null,
      "negationReason": null,
      "performer_id": null,
      "specifics": null,
      "start_time": 1343793600,
      "status_code": null,
      "time": null
    }
  ],
  "ethnicity": "2186-5",
  "expired": null,
  "first": "Victoria",
  "gender": "F",
  "languages": [
    "es-US"
  ],
  "last": "Wagner",
  "marital_status": null,
  "measure_id": null,
  "measure_ids": null,
  "medical_record_number": "8844995452",
  "medications": [
    {
      "_id": "50536a6c709357c7fa0002f0",
      "administrationTiming": null,
      "codes": {
        "RxNorm": [
          "102769"
        ]
      },
      "cumulativeMedicationDuration": null,
      "deliveryMethod": null,
      "description": "Medication, Active: Antibiotic Medications (Code List: 2.16.840.1.113883.3.464.0003.96.02.0001)",
      "dose": null,
      "doseIndicator": null,
      "doseRestriction": null,
      "end_time": 1298523600,
      "freeTextSig": null,
      "free_text": null,
      "fulfillmentInstructions": null,
      "indication": null,
      "mood_code": "EVN",
      "negationInd": null,
      "negationReason": null,
      "patientInstructions": null,
      "productForm": null,
      "reaction": null,
      "route": null,
      "site": null,
      "specifics": null,
      "start_time": 1074834000,
      "statusOfMedication": null,
      "status_code": {
        "SNOMED-CT": [
          "55561003"
        ],
        "HL7 ActStatus": [
          "active"
        ]
      },
      "time": null,
      "typeOfMedication": null,
      "vehicle": null
    },
    {
      "_id": "50536a6c709357c7fa0002fd",
      "administrationTiming": null,
      "codes": {
        "RxNorm": [
          "102769"
        ]
      },
      "cumulativeMedicationDuration": null,
      "deliveryMethod": null,
      "description": "Medication, Order: Antibiotic Medications (Code List: 2.16.840.1.113883.3.464.0003.96.02.0001)",
      "dose": null,
      "doseIndicator": null,
      "doseRestriction": null,
      "end_time": 1261371600,
      "freeTextSig": null,
      "free_text": null,
      "fulfillmentInstructions": null,
      "indication": null,
      "mood_code": "EVN",
      "negationInd": null,
      "negationReason": null,
      "patientInstructions": null,
      "productForm": null,
      "reaction": null,
      "route": null,
      "site": null,
      "specifics": null,
      "start_time": 1127102400,
      "statusOfMedication": null,
      "status_code": null,
      "time": null,
      "typeOfMedication": null,
      "vehicle": null
    }
  ],
  "race": "1002-5",
  "religious_affilication": null,
  "source_data_criteria": null,
  "test_id": null,
  "title": null,
  "vital_signs": [
    {
      "_id": "50536a6c709357c7fa0002f3",
      "codes": {
        "LOINC": [
          "11268-0"
        ]
      },
      "description": "Laboratory Test, Performed: Group A Streptococcus Test (Code List: 2.16.840.1.113883.3.464.0003.98.02.0012)",
      "end_time": 1231045200,
      "free_text": null,
      "interpretation": null,
      "mood_code": "EVN",
      "negationInd": null,
      "negationReason": null,
      "referenceRange": null,
      "specifics": null,
      "start_time": 1214971200,
      "status_code": null,
      "time": null
    }
  ]
}