{
  "_id": "50536a6b709357c7fa0000dc",
  "birthdate": 911538000,
  "clinicalTrialParticipant": null,
  "conditions": [
    {
      "_id": "50536a6b709357c7fa0000dd",
      "causeOfDeath": null,
      "codes": {
        "SNOMED-CT": [
          "11687002"
        ],
        "ICD-10-CM": [
          "O24.410"
        ]
      },
      "description": "Diagnosis, Active: Gestational Diabetes (Code List: 2.16.840.1.113883.3.464.0003.03.02.0010)",
      "end_time": 1306900800,
      "free_text": null,
      "mood_code": "EVN",
      "name": null,
      "negationInd": null,
      "negationReason": null,
      "ordinality": null,
      "priority": null,
      "severity": null,
      "specifics": null,
      "start_time": 1239768000,
      "status_code": {
        "SNOMED-CT": [
          "55561003"
        ],
        "HL7 ActStatus": [
          "active"
        ]
      },
      "time": null,
      "type": null
    },
    {
      "_id": "50536a6b709357c7fa0000de",
      "causeOfDeath": null,
      "codes": {
        "ICD-9-CM": [
          "249.00"
        ],
        "ICD-10-CM": [
          "E08.00"
        ],
        "SNOMED-CT": [
          "190416008"
        ]
      },
      "description": "Diagnosis, Active: Steroid Induced Diabetes (Code List: 2.16.840.1.113883.3.464.0003.03.02.0011)",
      "end_time": 1282795200,
      "free_text": null,
      "mood_code": "EVN",
      "name": null,
      "negationInd": null,
      "negationReason": null,
      "ordinality": null,
      "priority": null,
      "severity": null,
      "specifics": null,
      "start_time": 1219809600,
      "status_code": {
        "SNOMED-CT": [
          "55561003"
        ],
        "HL7 ActStatus": [
          "active"
        ]
      },
      "time": null,
      "type": null
    },
    {
      "_id": "50536a6b709357c7fa0000df",
      "causeOfDeath": null,
      "codes": {
        "ICD-9-CM": [
          "256.4"
        ],
        "ICD-10-CM": [
          "E28.2"
        ],
        "SNOMED-CT": [
          "45248009"
        ]
      },
      "description": "Diagnosis, Active: Polycystic Ovary Disease (Code List: 2.16.840.1.113883.3.464.0003.99.02.0019)",
      "end_time": 1015563600,
      "free_text": null,
      "mood_code": "EVN",
      "name": null,
      "negationInd": null,
      "negationReason": null,
      "ordinality": null,
      "priority": null,
      "severity": null,
      "specifics": null,
      "start_time": 1004418000,
      "status_code": {
        "SNOMED-CT": [
          "55561003"
        ],
        "HL7 ActStatus": [
          "active"
        ]
      },
      "time": null,
      "type": null
    },
    {
      "_id": "50536a6b709357c7fa0000e1",
      "causeOfDeath": null,
      "codes": {
        "ICD-9-CM": [
          "250.00"
        ],
        "ICD-10-CM": [
          "E10.8"
        ],
        "SNOMED-CT": [
          "4783006"
        ]
      },
      "description": "Diagnosis, Active: Diabetes (Code List: 2.16.840.1.113883.3.464.0003.03.02.0001)",
      "end_time": 1249012800,
      "free_text": null,
      "mood_code": "EVN",
      "name": null,
      "negationInd": null,
      "negationReason": null,
      "ordinality": null,
      "priority": null,
      "severity": null,
      "specifics": null,
      "start_time": 1202360400,
      "status_code": {
        "SNOMED-CT": [
          "55561003"
        ],
        "HL7 ActStatus": [
          "active"
        ]
      },
      "time": null,
      "type": null
    }
  ],
  "deathdate": null,
  "effective_time": null,
  "elimination_population": null,
  "elimination_reason": null,
  "encounters": [
    {
      "_id": "50536a6b709357c7fa0000e2",
      "admitType": null,
      "admit_time": null,
      "codes": {
        "CPT": [
          "99391"
        ],
        "SNOMED-CT": [
          "4525004"
        ]
      },
      "description": "Diabetes Visit (Code List: 2.16.840.1.113883.3.464.0003.03.02.0012)",
      "dischargeDisposition": null,
      "discharge_time": null,
      "end_time": 1205038800,
      "free_text": null,
      "mood_code": "EVN",
      "negationInd": null,
      "negationReason": null,
      "performer_id": null,
      "specifics": null,
      "start_time": 995169600,
      "status_code": null,
      "time": null
    }
  ],
  "ethnicity": "2186-5",
  "expired": null,
  "first": "Wanda",
  "gender": "F",
  "languages": [
    "en-US"
  ],
  "last": "Mason",
  "marital_status": null,
  "measure_id": null,
  "measure_ids": null,
  "medical_record_number": "5706552396",
  "race": "2106-3",
  "religious_affilication": null,
  "source_data_criteria": null,
  "test_id": null,
  "title": null,
  "vital_signs": [
    {
      "_id": "50536a6b709357c7fa0000e0",
      "codes": {
        "LOINC": [
          "17855-8"
        ]
      },
      "description": "Laboratory Test, Result: HbA1c Laboratory Test (Code List: 2.16.840.1.113883.3.464.0003.98.02.0013)",
      "end_time": 1256184000,
      "free_text": null,
      "interpretation": null,
      "mood_code": "EVN",
      "negationInd": null,
      "negationReason": null,
      "referenceRange": null,
      "specifics": null,
      "start_time": 1225512000,
      "status_code": null,
      "time": null
    }
  ]
}