{
  "_id": "50536a6b709357c7fa000178",
  "birthdate": 1157169600,
  "clinicalTrialParticipant": null,
  "conditions": [
    {
      "_id": "50536a6b709357c7fa00017c",
      "causeOfDeath": null,
      "codes": {
        "ICD-10-CM": [
          "A34"
        ],
        "ICD-9-CM": [
          "630"
        ],
        "SNOMED-CT": [
          "9279009"
        ]
      },
      "description": "Diagnosis, Active: Pregnancy Dx (Code List: 2.16.840.1.113883.3.600.0001.1623)",
      "end_time": 1120708800,
      "free_text": null,
      "mood_code": "EVN",
      "name": null,
      "negationInd": null,
      "negationReason": null,
      "ordinality": null,
      "priority": null,
      "severity": null,
      "specifics": null,
      "start_time": 941778000,
      "status_code": {
        "SNOMED-CT": [
          "55561003"
        ],
        "HL7 ActStatus": [
          "active"
        ]
      },
      "time": null,
      "type": null
    }
  ],
  "deathdate": null,
  "effective_time": null,
  "elimination_population": null,
  "elimination_reason": null,
  "encounters": [
    {
      "_id": "50536a6b709357c7fa00017a",
      "admitType": null,
      "admit_time": null,
      "codes": {
        "CPT": [
          "90802"
        ],
        "HCPCS": [
          "G0270"
        ],
        "SNOMED-CT": [
          "2471894011"
        ]
      },
      "description": "BMI Encounter Code Set (Code List: 2.16.840.1.113883.3.600.0001.1751)",
      "dischargeDisposition": null,
      "discharge_time": null,
      "end_time": 1075957200,
      "free_text": null,
      "mood_code": "EVN",
      "negationInd": null,
      "negationReason": null,
      "performer_id": null,
      "specifics": null,
      "start_time": 1039064400,
      "status_code": null,
      "time": null
    }
  ],
  "ethnicity": "2135-2",
  "expired": null,
  "first": "Wanda",
  "gender": "F",
  "languages": [
    "en-US"
  ],
  "last": "Gonzalez",
  "marital_status": null,
  "measure_id": null,
  "measure_ids": null,
  "medical_record_number": "6009809853",
  "medications": [
    {
      "_id": "50536a6b709357c7fa000182",
      "administrationTiming": null,
      "codes": {
        "RxNorm": [
          "226917"
        ]
      },
      "cumulativeMedicationDuration": null,
      "deliveryMethod": null,
      "description": "Medication, Order: Above Normal Medications (Code List: 2.16.840.1.113883.3.600.0001.1498)",
      "dose": null,
      "doseIndicator": null,
      "doseRestriction": null,
      "end_time": 1143781200,
      "freeTextSig": null,
      "free_text": null,
      "fulfillmentInstructions": null,
      "indication": null,
      "mood_code": "EVN",
      "negationInd": null,
      "negationReason": null,
      "patientInstructions": null,
      "productForm": null,
      "reaction": null,
      "route": null,
      "site": null,
      "specifics": null,
      "start_time": 826002000,
      "statusOfMedication": null,
      "status_code": null,
      "time": null,
      "typeOfMedication": null,
      "vehicle": null
    },
    {
      "_id": "50536a6b709357c7fa000185",
      "administrationTiming": null,
      "codes": {
        "RxNorm": [
          "541605"
        ]
      },
      "cumulativeMedicationDuration": null,
      "deliveryMethod": null,
      "description": "Medication, Order: Below Normal Medications (Code List: 2.16.840.1.113883.3.600.0001.1499)",
      "dose": null,
      "doseIndicator": null,
      "doseRestriction": null,
      "end_time": 1254974400,
      "freeTextSig": null,
      "free_text": null,
      "fulfillmentInstructions": null,
      "indication": null,
      "mood_code": "EVN",
      "negationInd": null,
      "negationReason": null,
      "patientInstructions": null,
      "productForm": null,
      "reaction": null,
      "route": null,
      "site": null,
      "specifics": null,
      "start_time": 1037077200,
      "statusOfMedication": null,
      "status_code": null,
      "time": null,
      "typeOfMedication": null,
      "vehicle": null
    }
  ],
  "procedures": [
    {
      "_id": "50536a6b709357c7fa00017d",
      "codes": {
        "ICD-9-CM": [
          "V66.5"
        ],
        "ICD-10-CM": [
          "Z51.4"
        ],
        "SNOMED-CT": [
          "2817906016"
        ]
      },
      "description": "Procedure, Order: Palliative Care (Code List: 2.16.840.1.113883.3.600.0001.1579)",
      "end_time": 1146024000,
      "free_text": null,
      "mood_code": "EVN",
      "negationInd": null,
      "negationReason": null,
      "performer_id": null,
      "site": null,
      "specifics": null,
      "start_time": 1140066000,
      "status_code": null,
      "time": null
    },
    {
      "_id": "50536a6b709357c7fa000180",
      "codes": {
        "HCPCS": [
          "G8417"
        ],
        "ICD-9-CM": [
          "V65.3"
        ],
        "ICD-10-CM": [
          "Z71.3"
        ],
        "CPT": [
          "43644"
        ],
        "SNOMED-CT": [
          "307818003"
        ]
      },
      "description": "Intervention, Order: Above Normal Follow-up (Code List: 2.16.840.1.113883.3.600.0001.1525)",
      "end_time": 1201410000,
      "free_text": null,
      "mood_code": "EVN",
      "negationInd": null,
      "negationReason": null,
      "performer_id": null,
      "site": null,
      "specifics": null,
      "start_time": 1192593600,
      "status_code": null,
      "time": null
    },
    {
      "_id": "50536a6b709357c7fa000181",
      "codes": {
        "SNOMED-CT": [
          "2469453010"
        ]
      },
      "description": "Intervention, Order: Above Normal Referrals (Code List: 2.16.840.1.113883.3.600.0001.1527)",
      "end_time": 1309233600,
      "free_text": null,
      "mood_code": "EVN",
      "negationInd": null,
      "negationReason": null,
      "performer_id": null,
      "site": null,
      "specifics": null,
      "start_time": 1214625600,
      "status_code": null,
      "time": null
    },
    {
      "_id": "50536a6b709357c7fa000183",
      "codes": {
        "ICD-9-CM": [
          "V65.3"
        ],
        "ICD-10-CM": [
          "Z71.3"
        ],
        "HCPCS": [
          "G8418"
        ]
      },
      "description": "Intervention, Order: Below Normal Follow up (Code List: 2.16.840.1.113883.3.600.0001.1528)",
      "end_time": 1290402000,
      "free_text": null,
      "mood_code": "EVN",
      "negationInd": null,
      "negationReason": null,
      "performer_id": null,
      "site": null,
      "specifics": null,
      "start_time": 780292800,
      "status_code": null,
      "time": null
    },
    {
      "_id": "50536a6b709357c7fa000184",
      "codes": {
        "SNOMED-CT": [
          "2469453010"
        ]
      },
      "description": "Intervention, Order: Below Normal Referrals (Code List: 2.16.840.1.113883.3.600.0001.1529)",
      "end_time": 1340251200,
      "free_text": null,
      "mood_code": "EVN",
      "negationInd": null,
      "negationReason": null,
      "performer_id": null,
      "site": null,
      "specifics": null,
      "start_time": 1312948800,
      "status_code": null,
      "time": null
    }
  ],
  "race": "2106-3",
  "religious_affilication": null,
  "results": [
    {
      "_id": "50536a6b709357c7fa00017e",
      "codes": {
        "SNOMED-CT": [
          "6497000"
        ],
        "ICD-9-CM": [
          "V85"
        ],
        "ICD-10-CM": [
          "Z68.1"
        ],
        "LOINC": [
          "39156-5 "
        ]
      },
      "description": "Physical Exam, Finding: BMI Finding Code Set (Code List: 2.16.840.1.113883.3.600.0001.890)",
      "end_time": 1042520400,
      "free_text": null,
      "interpretation": null,
      "mood_code": "EVN",
      "negationInd": null,
      "negationReason": null,
      "referenceRange": null,
      "specifics": null,
      "start_time": 988862400,
      "status_code": null,
      "time": null,
      "values": [
        {
          "_id": "50536a6b709357c7fa00017f",
          "scalar": "23",
          "units": "kg/m2"
        }
      ]
    }
  ],
  "source_data_criteria": null,
  "test_id": null,
  "title": null,
  "vital_signs": [
    {
      "_id": "50536a6b709357c7fa000179",
      "codes": {
        "LOINC": [
          "39156-5 "
        ]
      },
      "description": "Laboratory Test, Performed: BMI LOINC calculation (Code List: 2.16.840.1.113883.3.600.0001.1500)",
      "end_time": 1232082000,
      "free_text": null,
      "interpretation": null,
      "mood_code": "EVN",
      "negationInd": true,
      "negationReason": {
      },
      "referenceRange": null,
      "specifics": null,
      "start_time": 987998400,
      "status_code": null,
      "time": null
    },
    {
      "_id": "50536a6b709357c7fa00017b",
      "codes": {
        "LOINC": [
          "39156-5 "
        ]
      },
      "description": "Laboratory Test, Performed: BMI LOINC calculation (Code List: 2.16.840.1.113883.3.600.0001.1500)",
      "end_time": 1252900800,
      "free_text": null,
      "interpretation": null,
      "mood_code": "EVN",
      "negationInd": true,
      "negationReason": {
      },
      "referenceRange": null,
      "specifics": null,
      "start_time": 881816400,
      "status_code": null,
      "time": null
    }
  ]
}