{
  "_id": "50536a6b709357c7fa0000a4",
  "birthdate": 1026619200,
  "clinicalTrialParticipant": null,
  "conditions": [
    {
      "_id": "50536a6b709357c7fa0000a7",
      "causeOfDeath": null,
      "codes": {
        "ICD-9-CM": [
          "630"
        ],
        "ICD-10-CM": [
          "A34"
        ],
        "SNOMED-CT": [
          "9279009"
        ]
      },
      "description": "Diagnosis, Active: Pregnancy (Code List: 2.16.840.1.113883.3.600.1622)",
      "end_time": 1347422400,
      "free_text": null,
      "mood_code": "EVN",
      "name": null,
      "negationInd": null,
      "negationReason": null,
      "ordinality": null,
      "priority": null,
      "severity": null,
      "specifics": null,
      "start_time": 1346385600,
      "status_code": {
        "SNOMED-CT": [
          "55561003"
        ],
        "HL7 ActStatus": [
          "active"
        ]
      },
      "time": null,
      "type": null
    },
    {
      "_id": "50536a6b709357c7fa0000ad",
      "causeOfDeath": null,
      "codes": {
        "ICD-9-CM": [
          "093.0"
        ],
        "ICD-10-CM": [
          ""
        ]
      },
      "description": "Diagnosis, Active: CHD or CHD Risk Equivalent (Code List: 2.16.840.1.113883.3.600.863)",
      "end_time": 1216785600,
      "free_text": null,
      "mood_code": "EVN",
      "name": null,
      "negationInd": null,
      "negationReason": null,
      "ordinality": null,
      "priority": null,
      "severity": null,
      "specifics": null,
      "start_time": 896155200,
      "status_code": {
        "SNOMED-CT": [
          "55561003"
        ],
        "HL7 ActStatus": [
          "active"
        ]
      },
      "time": null,
      "type": null
    },
    {
      "_id": "50536a6b709357c7fa0000af",
      "causeOfDeath": null,
      "codes": {
        "SNOMED-CT": [
          "56578002"
        ]
      },
      "description": "Diagnosis, Active: Smoking (Code List: 2.16.840.1.113883.3.600.1559)",
      "end_time": 1189483200,
      "free_text": null,
      "mood_code": "EVN",
      "name": null,
      "negationInd": null,
      "negationReason": null,
      "ordinality": null,
      "priority": null,
      "severity": null,
      "specifics": null,
      "start_time": 1009861200,
      "status_code": {
        "SNOMED-CT": [
          "55561003"
        ],
        "HL7 ActStatus": [
          "active"
        ]
      },
      "time": null,
      "type": null
    },
    {
      "_id": "50536a6b709357c7fa0000b0",
      "causeOfDeath": null,
      "codes": {
        "SNOMED-CT": [
          "2664552011"
        ]
      },
      "description": "Diagnosis, Family History: Family History CHD (Code List: 2.16.840.1.113883.3.600.1557)",
      "end_time": 1244088000,
      "free_text": null,
      "mood_code": "EVN",
      "name": null,
      "negationInd": null,
      "negationReason": null,
      "ordinality": null,
      "priority": null,
      "severity": null,
      "specifics": null,
      "start_time": 1093752000,
      "status_code": null,
      "time": null,
      "type": null
    },
    {
      "_id": "50536a6b709357c7fa0000b3",
      "causeOfDeath": null,
      "codes": {
        "SNOMED-CT": [
          "2164904016"
        ],
        "ICD-9-CM": [
          "401"
        ],
        "ICD-10-CM": [
          "H35.039"
        ]
      },
      "description": "Diagnosis, Active: Diagnosis of hypertension grouped (Code List: 2.16.840.1.113883.3.600.263)",
      "end_time": 1174968000,
      "free_text": null,
      "mood_code": "EVN",
      "name": null,
      "negationInd": null,
      "negationReason": null,
      "ordinality": null,
      "priority": null,
      "severity": null,
      "specifics": null,
      "start_time": 1115870400,
      "status_code": {
        "SNOMED-CT": [
          "55561003"
        ],
        "HL7 ActStatus": [
          "active"
        ]
      },
      "time": null,
      "type": null
    }
  ],
  "deathdate": null,
  "effective_time": null,
  "elimination_population": null,
  "elimination_reason": null,
  "encounters": [
    {
      "_id": "50536a6b709357c7fa0000ae",
      "admitType": null,
      "admit_time": null,
      "codes": {
        "SNOMED-CT": [
          "13607009"
        ],
        "HCPCS": [
          "G0101"
        ],
        "CPT": [
          "99201"
        ]
      },
      "description": "Cholesterol Measure Encounter Codes (Code List: 2.16.840.1.113883.3.600.1951)",
      "dischargeDisposition": null,
      "discharge_time": null,
      "end_time": 1148443200,
      "free_text": null,
      "mood_code": "EVN",
      "negationInd": null,
      "negationReason": null,
      "performer_id": null,
      "specifics": null,
      "start_time": 835070400,
      "status_code": null,
      "time": null
    }
  ],
  "ethnicity": "2186-5",
  "expired": null,
  "first": "Yvonne",
  "gender": "F",
  "languages": [
    "en-US"
  ],
  "last": "Shaw",
  "marital_status": null,
  "measure_id": null,
  "measure_ids": null,
  "medical_record_number": "4878420074",
  "medications": [
    {
      "_id": "50536a6b709357c7fa0000b4",
      "administrationTiming": null,
      "codes": {
        "RxNorm": [
          "7417"
        ]
      },
      "cumulativeMedicationDuration": null,
      "deliveryMethod": null,
      "description": "Medication, Active: Anti-Hypertensive Pharmacologic Therapy (Code List: 2.16.840.1.113883.3.600.1476)",
      "dose": null,
      "doseIndicator": null,
      "doseRestriction": null,
      "end_time": 1324962000,
      "freeTextSig": null,
      "free_text": null,
      "fulfillmentInstructions": null,
      "indication": null,
      "mood_code": "EVN",
      "negationInd": null,
      "negationReason": null,
      "patientInstructions": null,
      "productForm": null,
      "reaction": null,
      "route": null,
      "site": null,
      "specifics": null,
      "start_time": 1138942800,
      "statusOfMedication": null,
      "status_code": {
        "SNOMED-CT": [
          "55561003"
        ],
        "HL7 ActStatus": [
          "active"
        ]
      },
      "time": null,
      "typeOfMedication": null,
      "vehicle": null
    }
  ],
  "procedures": [
    {
      "_id": "50536a6b709357c7fa0000a8",
      "codes": {
        "ICD-9-CM": [
          "V66.5"
        ],
        "ICD-10-CM": [
          "Z51.4"
        ],
        "SNOMED-CT": [
          "2817906016"
        ]
      },
      "description": "Procedure, Performed: Palliative Care (Code List: 2.16.840.1.113883.3.600.0001.1579)",
      "end_time": 1014613200,
      "free_text": null,
      "mood_code": "EVN",
      "negationInd": null,
      "negationReason": null,
      "performer_id": null,
      "site": null,
      "specifics": null,
      "start_time": 945579600,
      "status_code": null,
      "time": null
    }
  ],
  "race": "2106-3",
  "religious_affilication": null,
  "results": [
    {
      "_id": "50536a6b709357c7fa0000b5",
      "codes": {
        "LOINC": [
          "8480-6 "
        ]
      },
      "description": "Physical Exam, Finding: Systolic Blood Pressure (Code List: 2.16.840.1.113883.3.526.03.1032)",
      "end_time": 1270958400,
      "free_text": null,
      "interpretation": null,
      "mood_code": "EVN",
      "negationInd": null,
      "negationReason": null,
      "referenceRange": null,
      "specifics": null,
      "start_time": 1118203200,
      "status_code": null,
      "time": null,
      "values": [
        {
          "_id": "50536a6b709357c7fa0000b6",
          "scalar": "140",
          "units": "mm[Hg]"
        }
      ]
    },
    {
      "_id": "50536a6b709357c7fa0000b7",
      "codes": {
        "LOINC": [
          "8462-4"
        ]
      },
      "description": "Physical Exam, Finding: Diastolic Blood Pressure (Code List: 2.16.840.1.113883.3.526.03.1033)",
      "end_time": 1168318800,
      "free_text": null,
      "interpretation": null,
      "mood_code": "EVN",
      "negationInd": null,
      "negationReason": null,
      "referenceRange": null,
      "specifics": null,
      "start_time": 1072328400,
      "status_code": null,
      "time": null,
      "values": [
        {
          "_id": "50536a6b709357c7fa0000b8",
          "scalar": "90",
          "units": "mm[Hg]"
        }
      ]
    }
  ],
  "source_data_criteria": null,
  "test_id": null,
  "title": null,
  "vital_signs": [
    {
      "_id": "50536a6b709357c7fa0000a5",
      "codes": {
        "LOINC": [
          "12773-8"
        ]
      },
      "description": "Laboratory Test, Performed: LDL Test (Code List: 2.16.840.1.113883.3.464.0003.98.02.0016)",
      "end_time": 1324702800,
      "free_text": null,
      "interpretation": null,
      "mood_code": "EVN",
      "negationInd": true,
      "negationReason": {
        "SNOMED-CT": [
          "105480006"
        ]
      },
      "referenceRange": null,
      "specifics": null,
      "start_time": 1264050000,
      "status_code": null,
      "time": null
    },
    {
      "_id": "50536a6b709357c7fa0000a6",
      "codes": {
        "LOINC": [
          "12773-8"
        ]
      },
      "description": "Laboratory Test, Performed: LDL Test (Code List: 2.16.840.1.113883.3.464.0003.98.02.0016)",
      "end_time": 1333080000,
      "free_text": null,
      "interpretation": null,
      "mood_code": "EVN",
      "negationInd": true,
      "negationReason": {
        "SNOMED-CT": [
          "182890002"
        ]
      },
      "referenceRange": null,
      "specifics": null,
      "start_time": 932961600,
      "status_code": null,
      "time": null
    },
    {
      "_id": "50536a6b709357c7fa0000a9",
      "codes": {
        "LOINC": [
          "12773-8"
        ]
      },
      "description": "Laboratory Test, Performed: LDL Test (Code List: 2.16.840.1.113883.3.464.0003.98.02.0016)",
      "end_time": 1178510400,
      "free_text": null,
      "interpretation": null,
      "mood_code": "EVN",
      "negationInd": null,
      "negationReason": null,
      "referenceRange": null,
      "specifics": null,
      "start_time": 1101186000,
      "status_code": null,
      "time": null
    },
    {
      "_id": "50536a6b709357c7fa0000aa",
      "codes": {
        "CPT": [
          "82465"
        ],
        "LOINC": [
          "14647-2"
        ],
        "SNOMED-CT": [
          "77068002"
        ]
      },
      "description": "Laboratory Test, Performed: Total Cholesterol (Code List: 2.16.840.1.113883.3.600.879)",
      "end_time": 1181188800,
      "free_text": null,
      "interpretation": null,
      "mood_code": "EVN",
      "negationInd": null,
      "negationReason": null,
      "referenceRange": null,
      "specifics": null,
      "start_time": 1025928000,
      "status_code": null,
      "time": null
    },
    {
      "_id": "50536a6b709357c7fa0000ab",
      "codes": {
        "LOINC": [
          "14646-4"
        ],
        "SNOMED-CT": [
          "17888004"
        ]
      },
      "description": "Laboratory Test, Performed: High Density Lipoprotein (HDL) (Code List: 2.16.840.1.113883.3.600.875)",
      "end_time": 1283832000,
      "free_text": null,
      "interpretation": null,
      "mood_code": "EVN",
      "negationInd": null,
      "negationReason": null,
      "referenceRange": null,
      "specifics": null,
      "start_time": 1243310400,
      "status_code": null,
      "time": null
    },
    {
      "_id": "50536a6b709357c7fa0000ac",
      "codes": {
        "CPT": [
          "84478"
        ],
        "LOINC": [
          "12951-0"
        ],
        "SNOMED-CT": [
          "14740000"
        ]
      },
      "description": "Laboratory Test, Performed: Triglycerides (Code List: 2.16.840.1.113883.3.600.883)",
      "end_time": 1294030800,
      "free_text": null,
      "interpretation": null,
      "mood_code": "EVN",
      "negationInd": null,
      "negationReason": null,
      "referenceRange": null,
      "specifics": null,
      "start_time": 1113105600,
      "status_code": null,
      "time": null
    },
    {
      "_id": "50536a6b709357c7fa0000b1",
      "codes": {
        "LOINC": [
          "14646-4"
        ],
        "SNOMED-CT": [
          "17888004"
        ]
      },
      "description": "Laboratory Test, Result: High Density Lipoprotein (HDL) (Code List: 2.16.840.1.113883.3.600.875)",
      "end_time": 1310529600,
      "free_text": null,
      "interpretation": null,
      "mood_code": "EVN",
      "negationInd": null,
      "negationReason": null,
      "referenceRange": null,
      "specifics": null,
      "start_time": 1108530000,
      "status_code": null,
      "time": null,
      "values": [
        {
          "_id": "50536a6b709357c7fa0000b2",
          "scalar": "40",
          "units": "mg/dL"
        }
      ]
    },
    {
      "_id": "50536a6b709357c7fa0000b9",
      "codes": {
        "LOINC": [
          "2085-9"
        ]
      },
      "description": "Laboratory Test, Result: HDL-C Laboratory Test (Code List: 2.16.840.1.113883.3.464.0003.04.02.0012)",
      "end_time": 1111208400,
      "free_text": null,
      "interpretation": null,
      "mood_code": "EVN",
      "negationInd": null,
      "negationReason": null,
      "referenceRange": null,
      "specifics": null,
      "start_time": 1103605200,
      "status_code": null,
      "time": null,
      "values": [
        {
          "_id": "50536a6b709357c7fa0000ba",
          "scalar": "60",
          "units": "mg/dL"
        }
      ]
    }
  ]
}