[{"_id":"50536a6d709357c7fa000437","measure_id":"0031","sub_id":null,"nqf_id":"0031","population_ids":null,"effective_date":1293858000,"test_id":null,"filters":null,"population":5,"denominator":5,"numerator":1,"antinumerator":4,"exclusions":0,"considered":37,"execution_time":1},{"_id":"50536a6e709357c7fa000438","measure_id":"0088","sub_id":null,"nqf_id":"0088","population_ids":null,"effective_date":1293858000,"test_id":null,"filters":null,"population":2,"denominator":2,"numerator":0,"antinumerator":2,"exclusions":0,"considered":37,"execution_time":1},{"_id":"50536a6e709357c7fa000439","measure_id":"ClosingReferralLoop","sub_id":null,"nqf_id":"ClosingReferralLoop","population_ids":null,"effective_date":1293858000,"test_id":null,"filters":null,"population":2,"denominator":2,"numerator":1,"antinumerator":1,"exclusions":0,"considered":37,"execution_time":0},{"_id":"50536a6f709357c7fa00043a","measure_id":"0403","sub_id":null,"nqf_id":"0403","population_ids":null,"effective_date":1293858000,"test_id":null,"filters":null,"population":2,"denominator":2,"numerator":2,"antinumerator":0,"exclusions":0,"considered":37,"execution_time":1},{"_id":"50536a70709357c7fa00043b","measure_id":"0069","sub_id":null,"nqf_id":"0069","population_ids":null,"effective_date":1293858000,"test_id":null,"filters":null,"population":5,"denominator":4,"numerator":3,"antinumerator":1,"exclusions":1,"considered":37,"execution_time":1},{"_id":"50536a70709357c7fa00043c","measure_id":"0407","sub_id":null,"nqf_id":"0407","population_ids":null,"effective_date":1293858000,"test_id":null,"filters":null,"population":2,"denominator":2,"numerator":1,"antinumerator":1,"exclusions":0,"considered":37,"execution_time":0},{"_id":"50536a71709357c7fa00043d","measure_id":"0105","sub_id":"a","nqf_id":"0105","population_ids":null,"effective_date":1293858000,"test_id":null,"filters":null,"population":2,"denominator":2,"numerator":1,"antinumerator":1,"exclusions":0,"considered":37,"execution_time":0},{"_id":"50536a72709357c7fa00043e","measure_id":"0105","sub_id":"b","nqf_id":"0105","population_ids":null,"effective_date":1293858000,"test_id":null,"filters":null,"population":2,"denominator":2,"numerator":1,"antinumerator":1,"exclusions":0,"considered":37,"execution_time":1},{"_id":"50536a73709357c7fa00043f","measure_id":"0036","sub_id":"a","nqf_id":"0036","population_ids":null,"effective_date":1293858000,"test_id":null,"filters":null,"population":3,"denominator":2,"numerator":1,"antinumerator":1,"exclusions":1,"considered":37,"execution_time":0},{"_id":"50536a74709357c7fa000440","measure_id":"0036","sub_id":"b","nqf_id":"0036","population_ids":null,"effective_date":1293858000,"test_id":null,"filters":null,"population":0,"denominator":0,"numerator":0,"antinumerator":0,"exclusions":0,"considered":37,"execution_time":1},{"_id":"50536a74709357c7fa000441","measure_id":"0036","sub_id":"c","nqf_id":"0036","population_ids":null,"effective_date":1293858000,"test_id":null,"filters":null,"population":3,"denominator":2,"numerator":1,"antinumerator":1,"exclusions":1,"considered":37,"execution_time":0},{"_id":"50536a74709357c7fa000442","measure_id":"0036","sub_id":"d","nqf_id":"0036","population_ids":null,"effective_date":1293858000,"test_id":null,"filters":null,"population":0,"denominator":0,"numerator":0,"antinumerator":0,"exclusions":0,"considered":37,"execution_time":0},{"_id":"50536a74709357c7fa000443","measure_id":"0036","sub_id":"e","nqf_id":"0036","population_ids":null,"effective_date":1293858000,"test_id":null,"filters":null,"population":0,"denominator":0,"numerator":0,"antinumerator":0,"exclusions":0,"considered":37,"execution_time":0},{"_id":"50536a7a709357c7fa000444","measure_id":"0033","sub_id":"a","nqf_id":"0033","population_ids":null,"effective_date":1293858000,"test_id":null,"filters":null,"population":5,"denominator":4,"numerator":1,"antinumerator":3,"exclusions":1,"considered":37,"execution_time":1},{"_id":"50536a7c709357c7fa000445","measure_id":"0033","sub_id":"b","nqf_id":"0033","population_ids":null,"effective_date":1293858000,"test_id":null,"filters":null,"population":3,"denominator":2,"numerator":1,"antinumerator":1,"exclusions":1,"considered":37,"execution_time":2},{"_id":"50536a7d709357c7fa000446","measure_id":"0033","sub_id":"c","nqf_id":"0033","population_ids":null,"effective_date":1293858000,"test_id":null,"filters":null,"population":2,"denominator":2,"numerator":0,"antinumerator":2,"exclusions":0,"considered":37,"execution_time":1},{"_id":"50536a7e709357c7fa000447","measure_id":"1365","sub_id":null,"nqf_id":"1365","population_ids":null,"effective_date":1293858000,"test_id":null,"filters":null,"population":2,"denominator":2,"numerator":1,"antinumerator":1,"exclusions":0,"considered":37,"execution_time":1},{"_id":"50536a81709357c7fa000448","measure_id":"0565","sub_id":null,"nqf_id":"0565","population_ids":null,"effective_date":1293858000,"test_id":null,"filters":null,"population":2,"denominator":2,"numerator":1,"antinumerator":1,"exclusions":0,"considered":37,"execution_time":1},{"_id":"50536a85709357c7fa000449","measure_id":"CholesterolScreeningTest","sub_id":"a","nqf_id":"CholesterolScreeningTest","population_ids":null,"effective_date":1293858000,"test_id":null,"filters":null,"population":17,"denominator":6,"numerator":5,"antinumerator":1,"exclusions":0,"considered":37,"execution_time":1},{"_id":"50536a86709357c7fa00044a","measure_id":"CholesterolScreeningTest","sub_id":"b","nqf_id":"CholesterolScreeningTest","population_ids":null,"effective_date":1293858000,"test_id":null,"filters":null,"population":17,"denominator":6,"numerator":4,"antinumerator":2,"exclusions":1,"considered":37,"execution_time":1},{"_id":"50536a86709357c7fa00044b","measure_id":"CholesterolScreeningTest","sub_id":"c","nqf_id":"CholesterolScreeningTest","population_ids":null,"effective_date":1293858000,"test_id":null,"filters":null,"population":17,"denominator":10,"numerator":1,"antinumerator":9,"exclusions":0,"considered":37,"execution_time":0},{"_id":"50536a87709357c7fa00044c","measure_id":"0056","sub_id":null,"nqf_id":"0056","population_ids":null,"effective_date":1293858000,"test_id":null,"filters":null,"population":2,"denominator":2,"numerator":1,"antinumerator":1,"exclusions":0,"considered":37,"execution_time":1},{"_id":"50536a88709357c7fa00044d","measure_id":"0104","sub_id":null,"nqf_id":"0104","population_ids":null,"effective_date":1293858000,"test_id":null,"filters":null,"population":2,"denominator":2,"numerator":1,"antinumerator":1,"exclusions":0,"considered":37,"execution_time":1},{"_id":"50536a88709357c7fa00044e","measure_id":"1401","sub_id":null,"nqf_id":"1401","population_ids":null,"effective_date":1293858000,"test_id":null,"filters":null,"population":2,"denominator":2,"numerator":1,"antinumerator":1,"exclusions":0,"considered":37,"execution_time":0},{"_id":"50536a8a709357c7fa00044f","measure_id":"FSAKnee","sub_id":null,"nqf_id":"FSAKnee","population_ids":null,"effective_date":1293858000,"test_id":null,"filters":null,"population":1,"denominator":1,"numerator":0,"antinumerator":1,"exclusions":0,"considered":37,"execution_time":1},{"_id":"50536a8a709357c7fa000450","measure_id":"0060","sub_id":null,"nqf_id":"0060","population_ids":null,"effective_date":1293858000,"test_id":null,"filters":null,"population":2,"denominator":2,"numerator":1,"antinumerator":1,"exclusions":0,"considered":37,"execution_time":0},{"_id":"50536a8b709357c7fa000451","measure_id":"0055","sub_id":null,"nqf_id":"0055","population_ids":null,"effective_date":1293858000,"test_id":null,"filters":null,"population":2,"denominator":2,"numerator":1,"antinumerator":1,"exclusions":0,"considered":37,"execution_time":0},{"_id":"50536a8c709357c7fa000452","measure_id":"0075","sub_id":"a","nqf_id":"0075","population_ids":null,"effective_date":1293858000,"test_id":null,"filters":null,"population":2,"denominator":2,"numerator":1,"antinumerator":1,"exclusions":0,"considered":37,"execution_time":0},{"_id":"50536a8c709357c7fa000453","measure_id":"0075","sub_id":"b","nqf_id":"0075","population_ids":null,"effective_date":1293858000,"test_id":null,"filters":null,"population":2,"denominator":2,"numerator":0,"antinumerator":2,"exclusions":0,"considered":37,"execution_time":0},{"_id":"50536a8d709357c7fa000454","measure_id":"0068","sub_id":null,"nqf_id":"0068","population_ids":null,"effective_date":1293858000,"test_id":null,"filters":null,"population":2,"denominator":2,"numerator":1,"antinumerator":1,"exclusions":0,"considered":37,"execution_time":1},{"_id":"50536a8d709357c7fa000455","measure_id":"0062","sub_id":null,"nqf_id":"0062","population_ids":null,"effective_date":1293858000,"test_id":null,"filters":null,"population":2,"denominator":2,"numerator":2,"antinumerator":0,"exclusions":0,"considered":37,"execution_time":0},{"_id":"50536a8e709357c7fa000456","measure_id":"0059","sub_id":null,"nqf_id":"0059","population_ids":null,"effective_date":1293858000,"test_id":null,"filters":null,"population":2,"denominator":2,"numerator":1,"antinumerator":1,"exclusions":0,"considered":37,"execution_time":0},{"_id":"50536a8e709357c7fa000457","measure_id":"0608","sub_id":null,"nqf_id":"0608","population_ids":null,"effective_date":1293858000,"test_id":null,"filters":null,"population":2,"denominator":2,"numerator":1,"antinumerator":1,"exclusions":0,"considered":37,"execution_time":0},{"_id":"50536a90709357c7fa000458","measure_id":"FSACHF","sub_id":null,"nqf_id":"FSACHF","population_ids":null,"effective_date":1293858000,"test_id":null,"filters":null,"population":3,"denominator":2,"numerator":1,"antinumerator":1,"exclusions":1,"considered":37,"execution_time":1},{"_id":"50536a91709357c7fa000459","measure_id":"0101","sub_id":null,"nqf_id":"0101","population_ids":null,"effective_date":1293858000,"test_id":null,"filters":null,"population":5,"denominator":5,"numerator":1,"antinumerator":4,"exclusions":0,"considered":37,"execution_time":1},{"_id":"50536a92709357c7fa00045a","measure_id":"0028","sub_id":null,"nqf_id":"0028","population_ids":null,"effective_date":1293858000,"test_id":null,"filters":null,"population":14,"denominator":13,"numerator":0,"antinumerator":13,"exclusions":0,"considered":37,"execution_time":1},{"_id":"50536a92709357c7fa00045b","measure_id":"PrimaryCariesPrevention","sub_id":null,"nqf_id":"PrimaryCariesPrevention","population_ids":null,"effective_date":1293858000,"test_id":null,"filters":null,"population":15,"denominator":15,"numerator":1,"antinumerator":14,"exclusions":0,"considered":37,"execution_time":0},{"_id":"50536a93709357c7fa00045c","measure_id":"0089","sub_id":null,"nqf_id":"0089","population_ids":null,"effective_date":1293858000,"test_id":null,"filters":null,"population":2,"denominator":2,"numerator":1,"antinumerator":1,"exclusions":0,"considered":37,"execution_time":0},{"_id":"50536a94709357c7fa00045d","measure_id":"0043","sub_id":null,"nqf_id":"0043","population_ids":null,"effective_date":1293858000,"test_id":null,"filters":null,"population":7,"denominator":7,"numerator":1,"antinumerator":6,"exclusions":0,"considered":37,"execution_time":0},{"_id":"50536a9c709357c7fa00045e","measure_id":"0024","sub_id":"a","nqf_id":"0024","population_ids":null,"effective_date":1293858000,"test_id":null,"filters":null,"population":9,"denominator":9,"numerator":2,"antinumerator":7,"exclusions":0,"considered":37,"execution_time":1},{"_id":"50536a9c709357c7fa00045f","measure_id":"0024","sub_id":"b","nqf_id":"0024","population_ids":null,"effective_date":1293858000,"test_id":null,"filters":null,"population":9,"denominator":8,"numerator":0,"antinumerator":8,"exclusions":1,"considered":37,"execution_time":0},{"_id":"50536a9d709357c7fa000460","measure_id":"0024","sub_id":"c","nqf_id":"0024","population_ids":null,"effective_date":1293858000,"test_id":null,"filters":null,"population":9,"denominator":8,"numerator":0,"antinumerator":8,"exclusions":1,"considered":37,"execution_time":1},{"_id":"50536a9e709357c7fa000461","measure_id":"0024","sub_id":"d","nqf_id":"0024","population_ids":null,"effective_date":1293858000,"test_id":null,"filters":null,"population":4,"denominator":4,"numerator":0,"antinumerator":4,"exclusions":0,"considered":37,"execution_time":1},{"_id":"50536a9e709357c7fa000462","measure_id":"0024","sub_id":"e","nqf_id":"0024","population_ids":null,"effective_date":1293858000,"test_id":null,"filters":null,"population":5,"denominator":5,"numerator":2,"antinumerator":3,"exclusions":0,"considered":37,"execution_time":0},{"_id":"50536a9f709357c7fa000463","measure_id":"0024","sub_id":"f","nqf_id":"0024","population_ids":null,"effective_date":1293858000,"test_id":null,"filters":null,"population":4,"denominator":4,"numerator":0,"antinumerator":4,"exclusions":0,"considered":37,"execution_time":1},{"_id":"50536aa0709357c7fa000464","measure_id":"0024","sub_id":"g","nqf_id":"0024","population_ids":null,"effective_date":1293858000,"test_id":null,"filters":null,"population":5,"denominator":4,"numerator":0,"antinumerator":4,"exclusions":1,"considered":37,"execution_time":1},{"_id":"50536aa0709357c7fa000465","measure_id":"0024","sub_id":"h","nqf_id":"0024","population_ids":null,"effective_date":1293858000,"test_id":null,"filters":null,"population":4,"denominator":4,"numerator":0,"antinumerator":4,"exclusions":0,"considered":37,"execution_time":0},{"_id":"50536aa1709357c7fa000466","measure_id":"0024","sub_id":"i","nqf_id":"0024","population_ids":null,"effective_date":1293858000,"test_id":null,"filters":null,"population":5,"denominator":4,"numerator":0,"antinumerator":4,"exclusions":1,"considered":37,"execution_time":1},{"_id":"50536aa3709357c7fa000467","measure_id":"0421","sub_id":"a","nqf_id":"0421","population_ids":null,"effective_date":1293858000,"test_id":null,"filters":null,"population":5,"denominator":4,"numerator":0,"antinumerator":4,"exclusions":1,"considered":37,"execution_time":1},{"_id":"50536aa3709357c7fa000468","measure_id":"0421","sub_id":"b","nqf_id":"0421","population_ids":null,"effective_date":1293858000,"test_id":null,"filters":null,"population":12,"denominator":12,"numerator":1,"antinumerator":11,"exclusions":0,"considered":37,"execution_time":0},{"_id":"50536aa4709357c7fa000469","measure_id":"0022","sub_id":"a","nqf_id":"0022","population_ids":null,"effective_date":1293858000,"test_id":null,"filters":null,"population":7,"denominator":7,"numerator":1,"antinumerator":6,"exclusions":0,"considered":37,"execution_time":0},{"_id":"50536aa4709357c7fa00046a","measure_id":"0022","sub_id":"b","nqf_id":"0022","population_ids":null,"effective_date":1293858000,"test_id":null,"filters":null,"population":7,"denominator":7,"numerator":0,"antinumerator":7,"exclusions":0,"considered":37,"execution_time":0},{"_id":"50536aa6709357c7fa00046b","measure_id":"0110","sub_id":null,"nqf_id":"0110","population_ids":null,"effective_date":1293858000,"test_id":null,"filters":null,"population":22,"denominator":2,"numerator":1,"antinumerator":1,"exclusions":0,"considered":37,"execution_time":1},{"_id":"50536aa7709357c7fa00046c","measure_id":"HypertensionImprovement","sub_id":null,"nqf_id":"HypertensionImprovement","population_ids":null,"effective_date":1293858000,"test_id":null,"filters":null,"population":2,"denominator":2,"numerator":0,"antinumerator":2,"exclusions":0,"considered":37,"execution_time":0},{"_id":"50536aa8709357c7fa00046d","measure_id":"0064","sub_id":null,"nqf_id":"0064","population_ids":null,"effective_date":1293858000,"test_id":null,"filters":null,"population":2,"denominator":2,"numerator":1,"antinumerator":1,"exclusions":0,"considered":37,"execution_time":1},{"_id":"50536aa8709357c7fa00046e","measure_id":"0419","sub_id":null,"nqf_id":"0419","population_ids":null,"effective_date":1293858000,"test_id":null,"filters":null,"population":19,"denominator":19,"numerator":2,"antinumerator":17,"exclusions":0,"considered":37,"execution_time":0},{"_id":"50536aa9709357c7fa00046f","measure_id":"0389","sub_id":null,"nqf_id":"0389","population_ids":null,"effective_date":1293858000,"test_id":null,"filters":null,"population":2,"denominator":0,"numerator":0,"antinumerator":0,"exclusions":0,"considered":37,"execution_time":1},{"_id":"50536aa9709357c7fa000470","measure_id":"0034","sub_id":null,"nqf_id":"0034","population_ids":null,"effective_date":1293858000,"test_id":null,"filters":null,"population":7,"denominator":7,"numerator":1,"antinumerator":6,"exclusions":0,"considered":37,"execution_time":0},{"_id":"50536aab709357c7fa000471","measure_id":"FSAHip","sub_id":null,"nqf_id":"FSAHip","population_ids":null,"effective_date":1293858000,"test_id":null,"filters":null,"population":2,"denominator":2,"numerator":1,"antinumerator":1,"exclusions":0,"considered":37,"execution_time":1},{"_id":"50536aac709357c7fa000472","measure_id":"0041","sub_id":null,"nqf_id":"0041","population_ids":null,"effective_date":1293858000,"test_id":null,"filters":null,"population":22,"denominator":8,"numerator":1,"antinumerator":7,"exclusions":0,"considered":37,"execution_time":1},{"_id":"50536aae709357c7fa000473","measure_id":"0384","sub_id":null,"nqf_id":"0384","population_ids":null,"effective_date":1293858000,"test_id":null,"filters":null,"population":2,"denominator":2,"numerator":1,"antinumerator":1,"exclusions":0,"considered":37,"execution_time":1},{"_id":"50536aaf709357c7fa000474","measure_id":"0086","sub_id":null,"nqf_id":"0086","population_ids":null,"effective_date":1293858000,"test_id":null,"filters":null,"population":2,"denominator":2,"numerator":2,"antinumerator":0,"exclusions":0,"considered":37,"execution_time":0},{"_id":"50536ab0709357c7fa000475","measure_id":"0018","sub_id":null,"nqf_id":"0018","population_ids":null,"effective_date":1293858000,"test_id":null,"filters":null,"population":3,"denominator":2,"numerator":1,"antinumerator":1,"exclusions":1,"considered":37,"execution_time":0},{"_id":"50536ab2709357c7fa000476","measure_id":"0418","sub_id":null,"nqf_id":"0418","population_ids":null,"effective_date":1293858000,"test_id":null,"filters":null,"population":20,"denominator":17,"numerator":1,"antinumerator":16,"exclusions":3,"considered":37,"execution_time":1},{"_id":"50536ab4709357c7fa000477","measure_id":"0387","sub_id":null,"nqf_id":"0387","population_ids":null,"effective_date":1293858000,"test_id":null,"filters":null,"population":2,"denominator":0,"numerator":0,"antinumerator":0,"exclusions":0,"considered":37,"execution_time":1},{"_id":"50536ab5709357c7fa000478","measure_id":"DementiaCognitive","sub_id":null,"nqf_id":"DementiaCognitive","population_ids":null,"effective_date":1293858000,"test_id":null,"filters":null,"population":3,"denominator":3,"numerator":1,"antinumerator":2,"exclusions":0,"considered":37,"execution_time":1},{"_id":"50536ab8709357c7fa000479","measure_id":"0385","sub_id":null,"nqf_id":"0385","population_ids":null,"effective_date":1293858000,"test_id":null,"filters":null,"population":2,"denominator":0,"numerator":0,"antinumerator":0,"exclusions":0,"considered":37,"execution_time":1},{"_id":"50536abc709357c7fa00047a","measure_id":"0108","sub_id":"a","nqf_id":"0108","population_ids":null,"effective_date":1293858000,"test_id":null,"filters":null,"population":1,"denominator":1,"numerator":1,"antinumerator":0,"exclusions":0,"considered":37,"execution_time":0},{"_id":"50536abd709357c7fa00047b","measure_id":"0108","sub_id":"b","nqf_id":"0108","population_ids":null,"effective_date":1293858000,"test_id":null,"filters":null,"population":2,"denominator":2,"numerator":1,"antinumerator":1,"exclusions":0,"considered":37,"execution_time":1},{"_id":"50536ac5709357c7fa00047e","measure_id":"0081","sub_id":null,"nqf_id":"0081","population_ids":null,"effective_date":1293858000,"test_id":null,"filters":null,"population":3,"denominator":2,"numerator":1,"antinumerator":1,"exclusions":0,"considered":37,"execution_time":0},{"_id":"50536ac2709357c7fa00047c","measure_id":"0070","sub_id":"a","nqf_id":"0070","population_ids":null,"effective_date":1293858000,"test_id":null,"filters":null,"population":2,"denominator":2,"numerator":1,"antinumerator":1,"exclusions":0,"considered":37,"execution_time":1},{"_id":"50536ac3709357c7fa00047d","measure_id":"0070","sub_id":"b","nqf_id":"0070","population_ids":null,"effective_date":1293858000,"test_id":null,"filters":null,"population":2,"denominator":2,"numerator":1,"antinumerator":1,"exclusions":0,"considered":37,"execution_time":1},{"_id":"50536aca709357c7fa00047f","measure_id":"0052","sub_id":null,"nqf_id":"0052","population_ids":null,"effective_date":1293858000,"test_id":null,"filters":null,"population":3,"denominator":2,"numerator":1,"antinumerator":1,"exclusions":1,"considered":37,"execution_time":2},{"_id":"50536ad0709357c7fa000480","measure_id":"0002","sub_id":null,"nqf_id":"0002","population_ids":null,"effective_date":1293858000,"test_id":null,"filters":null,"population":9,"denominator":8,"numerator":1,"antinumerator":7,"exclusions":1,"considered":37,"execution_time":4},{"_id":"50536ad4709357c7fa000481","measure_id":"0710","sub_id":null,"nqf_id":"0710","population_ids":null,"effective_date":1293858000,"test_id":null,"filters":null,"population":0,"denominator":0,"numerator":0,"antinumerator":0,"exclusions":0,"considered":37,"execution_time":3},{"_id":"50536ad5709357c7fa000482","measure_id":"0405","sub_id":"a","nqf_id":"0405","population_ids":null,"effective_date":1293858000,"test_id":null,"filters":null,"population":2,"denominator":2,"numerator":1,"antinumerator":1,"exclusions":0,"considered":37,"execution_time":0},{"_id":"50536ad6709357c7fa000483","measure_id":"0405","sub_id":"b","nqf_id":"0405","population_ids":null,"effective_date":1293858000,"test_id":null,"filters":null,"population":0,"denominator":0,"numerator":0,"antinumerator":0,"exclusions":0,"considered":37,"execution_time":1},{"_id":"50536add709357c7fa000484","measure_id":"0712","sub_id":"a","nqf_id":"0712","population_ids":null,"effective_date":1293858000,"test_id":null,"filters":null,"population":2,"denominator":2,"numerator":1,"antinumerator":1,"exclusions":0,"considered":37,"execution_time":2},{"_id":"50536adf709357c7fa000485","measure_id":"0712","sub_id":"b","nqf_id":"0712","population_ids":null,"effective_date":1293858000,"test_id":null,"filters":null,"population":2,"denominator":2,"numerator":0,"antinumerator":2,"exclusions":0,"considered":37,"execution_time":2},{"_id":"50536ae1709357c7fa000486","measure_id":"0712","sub_id":"c","nqf_id":"0712","population_ids":null,"effective_date":1293858000,"test_id":null,"filters":null,"population":0,"denominator":0,"numerator":0,"antinumerator":0,"exclusions":0,"considered":37,"execution_time":2},{"_id":"50536ae7709357c7fa000487","measure_id":"0038","sub_id":null,"nqf_id":"0038","population_ids":null,"effective_date":1293858000,"test_id":null,"filters":null,"population":2,"denominator":2,"numerator":1,"antinumerator":1,"exclusions":0,"considered":37,"execution_time":2},{"_id":"50536ae9709357c7fa000488","measure_id":"0564","sub_id":null,"nqf_id":"0564","population_ids":null,"effective_date":1293858000,"test_id":null,"filters":null,"population":2,"denominator":2,"numerator":1,"antinumerator":1,"exclusions":0,"considered":37,"execution_time":0},{"_id":"50536aeb709357c7fa000489","measure_id":"BPScreening","sub_id":null,"nqf_id":"BPScreening","population_ids":null,"effective_date":1293858000,"test_id":null,"filters":null,"population":17,"denominator":14,"numerator":1,"antinumerator":13,"exclusions":3,"considered":37,"execution_time":1},{"_id":"50536aee709357c7fa00048a","measure_id":"0083","sub_id":null,"nqf_id":"0083","population_ids":null,"effective_date":1293858000,"test_id":null,"filters":null,"population":3,"denominator":2,"numerator":1,"antinumerator":1,"exclusions":0,"considered":37,"execution_time":1},{"_id":"50536aee709357c7fa00048b","measure_id":"0032","sub_id":null,"nqf_id":"0032","population_ids":null,"effective_date":1293858000,"test_id":null,"filters":null,"population":6,"denominator":6,"numerator":1,"antinumerator":5,"exclusions":0,"considered":37,"execution_time":0},{"_id":"50536af3709357c7fa00048c","measure_id":"CholesterolScreeningRisk","sub_id":"a","nqf_id":"CholesterolScreeningRisk","population_ids":null,"effective_date":1293858000,"test_id":null,"filters":null,"population":17,"denominator":5,"numerator":2,"antinumerator":3,"exclusions":0,"considered":37,"execution_time":1},{"_id":"50536af4709357c7fa00048d","measure_id":"CholesterolScreeningRisk","sub_id":"b","nqf_id":"CholesterolScreeningRisk","population_ids":null,"effective_date":1293858000,"test_id":null,"filters":null,"population":17,"denominator":2,"numerator":0,"antinumerator":2,"exclusions":0,"considered":37,"execution_time":1},{"_id":"50536af5709357c7fa00048e","measure_id":"CholesterolScreeningRisk","sub_id":"c","nqf_id":"CholesterolScreeningRisk","population_ids":null,"effective_date":1293858000,"test_id":null,"filters":null,"population":17,"denominator":1,"numerator":1,"antinumerator":0,"exclusions":0,"considered":37,"execution_time":1},{"_id":"50536afd709357c7fa00048f","measure_id":"0004","sub_id":"a","nqf_id":"0004","population_ids":null,"effective_date":1293858000,"test_id":null,"filters":null,"population":4,"denominator":4,"numerator":1,"antinumerator":3,"exclusions":0,"considered":37,"execution_time":1},{"_id":"50536afd709357c7fa000490","measure_id":"0004","sub_id":"b","nqf_id":"0004","population_ids":null,"effective_date":1293858000,"test_id":null,"filters":null,"population":4,"denominator":4,"numerator":0,"antinumerator":4,"exclusions":0,"considered":37,"execution_time":0},{"_id":"50536afe709357c7fa000491","measure_id":"0004","sub_id":"c","nqf_id":"0004","population_ids":null,"effective_date":1293858000,"test_id":null,"filters":null,"population":0,"denominator":0,"numerator":0,"antinumerator":0,"exclusions":0,"considered":37,"execution_time":1},{"_id":"50536aff709357c7fa000492","measure_id":"0004","sub_id":"d","nqf_id":"0004","population_ids":null,"effective_date":1293858000,"test_id":null,"filters":null,"population":4,"denominator":4,"numerator":1,"antinumerator":3,"exclusions":0,"considered":37,"execution_time":1},{"_id":"50536aff709357c7fa000493","measure_id":"0004","sub_id":"e","nqf_id":"0004","population_ids":null,"effective_date":1293858000,"test_id":null,"filters":null,"population":0,"denominator":0,"numerator":0,"antinumerator":0,"exclusions":0,"considered":37,"execution_time":0},{"_id":"50536b00709357c7fa000494","measure_id":"0004","sub_id":"f","nqf_id":"0004","population_ids":null,"effective_date":1293858000,"test_id":null,"filters":null,"population":4,"denominator":4,"numerator":0,"antinumerator":4,"exclusions":0,"considered":37,"execution_time":1}]