{
  "endorser": "NQF",
  "id": "0004",
  "properties": [
    "NQF_Retooled_Measure_0004.xlsx.json"
  ],
  "name": "Initiation and Engagement of Alcohol and Other Drug Dependence Treatment",
  "description": "The percentage of adolescent and adult patients with a new episode of alcohol and other drug (AOD) dependence who initiate treatment through an inpatient AOD admission, outpatient visit, intensive outpatient encounter or partial hospitalization within 14 days of the diagnosis and who initiated treatment and who had two or more additional services with an AOD diagnosis within 30 days of the initiation visit. ",
  "category": "Miscellaneous",
  "steward": "NCQA",
  "parameters": {
    "effective_date": {
      "description": "Effective end date for measure",
      "type": "number",
      "format": "utc-sec"
    }
  },
  "patient": {
    "birthdate": {
      "description": "Date of birth",
      "type": "number",
      "category_type": "patient_characteristic",
      "format": "utc-sec",
      "codes": [
        {
          "set": "HL7",
          "version": "3.0",
          "values": [
            "00110"
          ]
        }
      ]
    }
  },
  "denominator": {
    "category": "Diagnosis Active",
    "title": "No diagnosis of Alcohol or Drug Dependence less than 60 days prior to FIRST"
  },
  "exclusions": {
  },
  "map_fn": "function() {\n  var patient = this;\n  var measure = patient.measures[\"0004\"];\n  if (measure == null)\n    measure={};\n\n  <%= init_js_frameworks %>\n\n  var day = 24 * 60 * 60;\n  var year = 365 * day;\n  var effective_date = <%= effective_date %>;\n\n  var measurement_period_start = effective_date - (1 * year);\n  var latest_birthdate = latestBirthdayForThisAge(17, measurement_period_start);\n\n  var population = function() {\n    return((patient.birthdate < latest_birthdate) &&\n            alcoholDrugFirstEvent(measure, effective_date));\n  };\n\n  var denominator = function() {\n    return(alcohol_drug_denominator(measure));\n  };\n\n  var numerator = function() {\n    return(alcohol_drug_numerator1(measure) && alcohol_drug_numerator2(measure));\n  };\n\n  var exclusion = function() {\n    return false;\n  };\n\n  map(patient, population, denominator, numerator, exclusion);\n};",
  "measure": {
    "alcohol_or_drug_dependence_diagnosis_active": {
      "standard_concept": "alcohol_or_drug_dependence",
      "standard_category": "diagnosis_condition_problem",
      "standard_concept_id": "N_c608",
      "qds_data_type": "diagnosis_active",
      "qds_id": "N_2024",
      "type": "array",
      "items": {
        "type": "number",
        "format": "utc-sec"
      },
      "codes": [
        {
          "set": "ICD-10-CM",
          "version": "06/2009",
          "standard_concept": "alcohol_or_drug_dependence",
          "standard_concept_id": "N_c607",
          "qds_id": "N_2023",
          "values": [
            "F10",
            "F10.2",
            "F10.22",
            "F11",
            "F12",
            "F13",
            "F14",
            "F15",
            "F16",
            "F17",
            "F18",
            "F19",
            "F19.12",
            "F19.14",
            "F19.15",
            "F19.16",
            "F19.17",
            "F19.18",
            "F19.24",
            "F19.25",
            "F19.29",
            "F19.9",
            "K29.2",
            "K70.1"
          ]
        },
        {
          "set": "ICD-9-CM",
          "version": "06/2009",
          "standard_concept": "alcohol_or_drug_dependence",
          "standard_concept_id": "N_c606",
          "qds_id": "N_2022",
          "values": [
            "291",
            "291.0",
            "291.1",
            "291.2",
            "291.3",
            "291.4",
            "291.5",
            "291.8",
            "291.81",
            "291.82",
            "291.89",
            "291.9",
            "292",
            "292.0",
            "292.1",
            "292.11",
            "292.12",
            "292.2",
            "292.8",
            "292.81",
            "292.82",
            "292.83",
            "292.84",
            "292.85",
            "292.89",
            "292.9",
            "303.00",
            "303.01",
            "303.02",
            "303.90",
            "303.91",
            "303.92",
            "304.00",
            "304.01",
            "304.02",
            "304.10",
            "304.11",
            "304.12",
            "304.20",
            "304.21",
            "304.22",
            "304.30",
            "304.31",
            "304.32",
            "304.40",
            "304.41",
            "304.42",
            "304.50",
            "304.51",
            "304.52",
            "304.60",
            "304.61",
            "304.62",
            "304.70",
            "304.71",
            "304.72",
            "304.80",
            "304.81",
            "304.82",
            "304.90",
            "304.91",
            "304.92",
            "305.00",
            "305.01",
            "305.02",
            "305.20",
            "305.21",
            "305.22",
            "305.30",
            "305.31",
            "305.32",
            "305.40",
            "305.41",
            "305.42",
            "305.50",
            "305.51",
            "305.52",
            "305.60",
            "305.61",
            "305.62",
            "305.70",
            "305.71",
            "305.72",
            "305.80",
            "305.81",
            "305.82",
            "305.90",
            "305.91",
            "305.92",
            "535.3",
            "535.30",
            "535.31",
            "571.1"
          ]
        },
        {
          "set": "SNOMED-CT",
          "version": "07/2009",
          "standard_concept": "alcohol_or_drug_dependence",
          "standard_concept_id": "N_c600",
          "qds_id": "N_2012",
          "values": [
            "191811004",
            "191812006",
            "191816009",
            "191819002",
            "191820008",
            "191825003",
            "191826002",
            "191829009",
            "191831000",
            "191832007",
            "191837001",
            "191838006",
            "191839003",
            "191849000",
            "191850000",
            "191853003",
            "191855005",
            "191856006",
            "191865004",
            "191867007",
            "191868002",
            "191869005",
            "191871005",
            "191873008",
            "191874002",
            "191875001",
            "191877009",
            "199255000",
            "21647008",
            "231468005",
            "231469002",
            "231470001",
            "231472009",
            "231473004",
            "231474005",
            "231475006",
            "231477003",
            "231478008",
            "231479000",
            "231480002",
            "231481003",
            "231482005",
            "237228001",
            "2403008",
            "267206008",
            "268640002",
            "268641003",
            "31956009",
            "38247002",
            "426001001",
            "426873000",
            "427327003",
            "429299000",
            "441681009",
            "442406005",
            "5002000",
            "51339003",
            "56294008",
            "58727001",
            "66590003",
            "7200002",
            "75544000",
            "85005007",
            "87858002"
          ]
        }
      ]
    },
    "alcohol_drug_rehab_and_detox_interventions_procedure_performed": {
      "standard_concept": "alcohol_drug_rehab_and_detox_interventions",
      "standard_category": "procedure",
      "standard_concept_id": "N_c632",
      "qds_data_type": "procedure_performed",
      "qds_id": "N_2062",
      "type": "array",
      "items": {
        "type": "number",
        "format": "utc-sec"
      },
      "codes": [
        {
          "set": "ICD-9-CM",
          "version": "06/2009",
          "standard_concept": "alcohol_drug_rehab_and_detox_interventions",
          "standard_concept_id": "N_c626",
          "qds_id": "N_2052",
          "values": [
            "94.61",
            "94.63",
            "94.64",
            "94.66",
            "94.67",
            "94.69"
          ]
        },
        {
          "set": "SNOMED-CT",
          "version": "07/2009",
          "standard_concept": "alcohol_drug_rehab_and_detox_interventions",
          "standard_concept_id": "N_c602",
          "qds_id": "N_2014",
          "values": [
            "20093000",
            "23915005",
            "35637008",
            "52052004",
            "56876005",
            "62213004",
            "78092008"
          ]
        }
      ]
    },
    "detoxification_interventions_procedure_performed": {
      "standard_concept": "detoxification_interventions",
      "standard_category": "procedure",
      "standard_concept_id": "N_c631",
      "qds_data_type": "procedure_performed",
      "qds_id": "N_2061",
      "type": "array",
      "items": {
        "type": "number",
        "format": "utc-sec"
      },
      "codes": [
        {
          "set": "ICD-9-CM",
          "version": "06/2009",
          "standard_concept": "detoxification_interventions",
          "standard_concept_id": "N_c627",
          "qds_id": "N_2049",
          "values": [
            "94.62",
            "94.65",
            "94.68"
          ]
        },
        {
          "set": "SNOMED-CT",
          "version": "07/2009",
          "standard_concept": "detoxification_interventions",
          "standard_concept_id": "N_c630",
          "qds_id": "N_2063",
          "values": [
            "67516001"
          ]
        }
      ]
    },
    "encounter_inpt_ed_non_acute_inpatient_bh_outpatient_encounter": {
      "standard_concept": "encounter_inpt_ed_non_acute_inpatient_bh_outpatient",
      "standard_category": "encounter",
      "standard_concept_id": "added-N_c60-N_c28-N_c603-N_c604-N_c605-N_c26",
      "qds_data_type": "encounter",
      "qds_id": "added",
      "type": "array",
      "items": {
        "type": "number",
        "format": "utc-sec"
      },
      "codes": [
        {
          "set": "CPT",
          "version": "06/2009",
          "standard_concept": "encounter_acute_inpt",
          "standard_concept_id": "N_c26",
          "qds_id": "N_2060",
          "values": [
            "99221",
            "99222",
            "99223",
            "99231",
            "99232",
            "99233",
            "99238",
            "99239",
            "99251",
            "99252",
            "99253",
            "99254",
            "99255",
            "99291"
          ]
        },
        {
          "set": "CPT",
          "version": "06/2009",
          "standard_concept": "encounter_ed",
          "standard_concept_id": "N_c60",
          "qds_id": "N_2015",
          "values": [
            "99281",
            "99282",
            "99283",
            "99284",
            "99285"
          ]
        },
        {
          "set": "CPT",
          "version": "06/2009",
          "standard_concept": "encounter_non_acute_inpatient",
          "standard_concept_id": "N_c28",
          "qds_id": "N_2059",
          "values": [
            "99304",
            "99305",
            "99306",
            "99307",
            "99308",
            "99309",
            "99310",
            "99315",
            "99316",
            "99318",
            "99324",
            "99325",
            "99326",
            "99327",
            "99328",
            "99334",
            "99335",
            "99336",
            "99337"
          ]
        },
        {
          "set": "CPT",
          "version": "06/2009",
          "standard_concept": "encounter_outpatient_bh",
          "standard_concept_id": "N_c603",
          "qds_id": "N_2016",
          "values": [
            "90804",
            "90805",
            "90806",
            "90807",
            "90808",
            "90809",
            "90810",
            "90811",
            "90812",
            "90813",
            "90814",
            "90815",
            "98960",
            "98961",
            "98962",
            "99078",
            "99201",
            "99202",
            "99203",
            "99204",
            "99205",
            "99211",
            "99212",
            "99213",
            "99214",
            "99215",
            "99217",
            "99218",
            "99219",
            "99220",
            "99241",
            "99242",
            "99243",
            "99244",
            "99245",
            "99341",
            "99342",
            "99343",
            "99344",
            "99345",
            "99347",
            "99348",
            "99349",
            "99350",
            "99384",
            "99385",
            "99386",
            "99387",
            "99394",
            "99395",
            "99396",
            "99397",
            "99401",
            "99402",
            "99403",
            "99404",
            "99408",
            "99409",
            "99411",
            "99412",
            "99510"
          ]
        },
        {
          "set": "CPT",
          "version": "06/2009",
          "standard_concept": "encounter_outpt_bh_req_pos",
          "standard_concept_id": "N_c604",
          "qds_id": "N_2018",
          "values": [
            "90801",
            "90802",
            "90816",
            "90817",
            "90818",
            "90819",
            "90821",
            "90822",
            "90823",
            "90824",
            "90826",
            "90827",
            "90828",
            "90829",
            "90845",
            "90847",
            "90849",
            "90853",
            "90857",
            "90862",
            "90875",
            "90876",
            "99221",
            "99222",
            "99223",
            "99231",
            "99232",
            "99233",
            "99238",
            "99239",
            "99251",
            "99252",
            "99253",
            "99254",
            "99255"
          ]
        },
        {
          "set": "CPT",
          "version": "06/2009",
          "standard_concept": "encounter_point_of_service_modifier",
          "standard_concept_id": "N_c605",
          "qds_id": "N_2021",
          "values": [
            "03",
            "05",
            "07",
            "09",
            "11",
            "12",
            "13",
            "14",
            "15",
            "20",
            "22",
            "33",
            "49",
            "50",
            "52",
            "53",
            "57",
            "71",
            "72"
          ]
        }
      ]
    },
    "encounter_acute_inpt_encounter": {
      "standard_concept": "encounter_acute_inpt",
      "standard_category": "encounter",
      "standard_concept_id": "N_c26",
      "qds_data_type": "encounter",
      "qds_id": "N_2060",
      "type": "array",
      "items": {
        "type": "number",
        "format": "utc-sec"
      },
      "codes": [
        {
          "set": "CPT",
          "version": "06/2009",
          "standard_concept": "encounter_acute_inpt",
          "standard_concept_id": "N_c26",
          "qds_id": "N_2060",
          "values": [
            "99221",
            "99222",
            "99223",
            "99231",
            "99232",
            "99233",
            "99238",
            "99239",
            "99251",
            "99252",
            "99253",
            "99254",
            "99255",
            "99291"
          ]
        }
      ]
    },
    "encounter_ed_encounter": {
      "standard_concept": "encounter_ed",
      "standard_category": "encounter",
      "standard_concept_id": "N_c60",
      "qds_data_type": "encounter",
      "qds_id": "N_2015",
      "type": "array",
      "items": {
        "type": "number",
        "format": "utc-sec"
      },
      "codes": [
        {
          "set": "CPT",
          "version": "06/2009",
          "standard_concept": "encounter_ed",
          "standard_concept_id": "N_c60",
          "qds_id": "N_2015",
          "values": [
            "99281",
            "99282",
            "99283",
            "99284",
            "99285"
          ]
        }
      ]
    },
    "encounter_non_acute_inpatient_encounter": {
      "standard_concept": "encounter_non_acute_inpatient",
      "standard_category": "encounter",
      "standard_concept_id": "N_c28",
      "qds_data_type": "encounter",
      "qds_id": "N_2059",
      "type": "array",
      "items": {
        "type": "number",
        "format": "utc-sec"
      },
      "codes": [
        {
          "set": "CPT",
          "version": "06/2009",
          "standard_concept": "encounter_non_acute_inpatient",
          "standard_concept_id": "N_c28",
          "qds_id": "N_2059",
          "values": [
            "99304",
            "99305",
            "99306",
            "99307",
            "99308",
            "99309",
            "99310",
            "99315",
            "99316",
            "99318",
            "99324",
            "99325",
            "99326",
            "99327",
            "99328",
            "99334",
            "99335",
            "99336",
            "99337"
          ]
        }
      ]
    },
    "encounter_outpatient_bh_encounter": {
      "standard_concept": "encounter_outpatient_bh",
      "standard_category": "encounter",
      "standard_concept_id": "N_c603",
      "qds_data_type": "encounter",
      "qds_id": "N_2016",
      "type": "array",
      "items": {
        "type": "number",
        "format": "utc-sec"
      },
      "codes": [
        {
          "set": "CPT",
          "version": "06/2009",
          "standard_concept": "encounter_outpatient_bh",
          "standard_concept_id": "N_c603",
          "qds_id": "N_2016",
          "values": [
            "90804",
            "90805",
            "90806",
            "90807",
            "90808",
            "90809",
            "90810",
            "90811",
            "90812",
            "90813",
            "90814",
            "90815",
            "98960",
            "98961",
            "98962",
            "99078",
            "99201",
            "99202",
            "99203",
            "99204",
            "99205",
            "99211",
            "99212",
            "99213",
            "99214",
            "99215",
            "99217",
            "99218",
            "99219",
            "99220",
            "99241",
            "99242",
            "99243",
            "99244",
            "99245",
            "99341",
            "99342",
            "99343",
            "99344",
            "99345",
            "99347",
            "99348",
            "99349",
            "99350",
            "99384",
            "99385",
            "99386",
            "99387",
            "99394",
            "99395",
            "99396",
            "99397",
            "99401",
            "99402",
            "99403",
            "99404",
            "99408",
            "99409",
            "99411",
            "99412",
            "99510"
          ]
        }
      ]
    },
    "encounter_outpt_bh_req_pos_encounter": {
      "standard_concept": "encounter_outpt_bh_req_pos",
      "standard_category": "encounter",
      "standard_concept_id": "N_c604",
      "qds_data_type": "encounter",
      "qds_id": "N_2018",
      "type": "array",
      "items": {
        "type": "number",
        "format": "utc-sec"
      },
      "codes": [
        {
          "set": "CPT",
          "version": "06/2009",
          "standard_concept": "encounter_outpt_bh_req_pos",
          "standard_concept_id": "N_c604",
          "qds_id": "N_2018",
          "values": [
            "90801",
            "90802",
            "90816",
            "90817",
            "90818",
            "90819",
            "90821",
            "90822",
            "90823",
            "90824",
            "90826",
            "90827",
            "90828",
            "90829",
            "90845",
            "90847",
            "90849",
            "90853",
            "90857",
            "90862",
            "90875",
            "90876",
            "99221",
            "99222",
            "99223",
            "99231",
            "99232",
            "99233",
            "99238",
            "99239",
            "99251",
            "99252",
            "99253",
            "99254",
            "99255"
          ]
        }
      ]
    },
    "encounter_point_of_service_modifier_encounter": {
      "standard_concept": "encounter_point_of_service_modifier",
      "standard_category": "encounter",
      "standard_concept_id": "N_c605",
      "qds_data_type": "encounter",
      "qds_id": "N_2021",
      "type": "array",
      "items": {
        "type": "number",
        "format": "utc-sec"
      },
      "codes": [
        {
          "set": "CPT",
          "version": "06/2009",
          "standard_concept": "encounter_point_of_service_modifier",
          "standard_concept_id": "N_c605",
          "qds_id": "N_2021",
          "values": [
            "03",
            "05",
            "07",
            "09",
            "11",
            "12",
            "13",
            "14",
            "15",
            "20",
            "22",
            "33",
            "49",
            "50",
            "52",
            "53",
            "57",
            "71",
            "72"
          ]
        }
      ]
    }
  },
  "sub_id": "d",
  "subtitle": "Age 17+ with followup within 14 and 30 days.",
  "short_subtitle": "Adult30",
  "population": {
    "conjunction": "and",
    "items": [
      {
        "category": "Patient characteristic",
        "title": "Age 17 years of age or older before the measurement period"
      },
      {
        "conjunction": "or",
        "items": [
          {
            "category": "Diagnosis active",
            "title": "First diagnosis of alcohol or drug dependence during an ED, acute or non-acute inpatient, or BH encounter from one year to 45 days before the end of the measurement period = FIRST"
          },
          {
            "category": "Procedure performed",
            "title": "First Alcohol, drug rehab and detox interventions during an acute or non-acute inpatient encounter from one year to 45 days before the end of the measurement period = FIRST"
          },
          {
            "category": "Procedure Performed",
            "title": "First detoxification intervention from one year to 45 days before the end of the measurement period = FIRST"
          }
        ]
      }
    ]
  },
  "numerator": {
    "conjunction": "or",
    "items": [
      {
        "category": "Encounter",
        "title": "Acute or non-acute inpatient encounter or BH encounter within 30 days of FIRST_TREATMENT"
      }
    ]
  }
}