{
  "endorser": "NQF",
  "id": "0012",
  "properties": [
    "NQF_Retooled_Measure_0012.xlsx.json"
  ],
  "name": "Prenatal Care: Screening for Human Immunodeficiency Virus (HIV)",
  "description": "Percentage of patients, regardless of age, who gave birth during a 12-month period who were screened for HIV infection during the first or second prenatal visit.",
  "category": "Women's Health",
  "steward": "AMA",
  "parameters": {
    "effective_date": {
      "description": "Effective end date for measure",
      "type": "number",
      "format": "utc-sec"
    }
  },
  "patient": {
    "birthdate": {
      "description": "Date of birth",
      "type": "number",
      "standard_category": "characteristic",
      "format": "utc-sec",
      "codes": [
        {
          "set": "HL7",
          "version": "3.0",
          "values": [
            "00110"
          ]
        }
      ]
    }
  },
  "population": {
    "and": [
      {
        "category": "Diagnosis Active",
        "title": "Live birth delivery"
      },
      {
        "category": "Procedure Performed",
        "title": "Live birth delivery"
      }
    ]
  },
  "denominator": {
    "and": [
      {
        "category": "Encounter",
        "title": "Prenatal visit after estimated date of conception"
      }
    ]
  },
  "numerator": {
    "and": [
      {
        "category": "Patient characteristic",
        "title": "Estimated date of conception 0 to 10 months, inclusive, before live birth delivery procedure"
      },
      {
        "or": [
          {
            "category": "Laboratory Test Performed",
            "title": "HIV Screening 0 to 30 days, inclusive, after first prenatal visit"
          },
          {
            "category": "Laboratory Test Performed",
            "title": "HIV Screening 0 to 30 days, inclusive, after second prenatal visit"
          }
        ]
      }
    ]
  },
  "exclusions": {
    "or": [
      {
        "category": "Diagnosis active",
        "title": "HIV"
      },
      {
        "category": "Diagnosis inactive",
        "title": "HIV"
      },
      {
        "category": "Laboratory test not done",
        "title": "medical reason"
      },
      {
        "category": "Laboratory test not done",
        "title": "patient reason"
      }
    ]
  },
  "map_fn": "function() {\n  var patient = this;\n  var measure = patient.measures[\"0012\"];\n  if (measure == null)\n    measure={};\n\n  <%= init_js_frameworks %>\n\n  var day = 24*60*60;\n  var year = 365 * day;\n  var effective_date =  <%= effective_date %>;\n  var earliest_encounter = effective_date - year;\n  var conception = normalize(measure.estimated_date_of_conception_patient_characteristic);\n  var estimated_conception = null;\n\n  var population = function() {\n    var live_birth_diagnosis = inRange(measure.delivery_live_births_diagnosis_diagnosis_active, earliest_encounter, effective_date);\n    var live_birth_procedure = inRange(measure.delivery_live_births_procedure_procedure_performed, earliest_encounter, effective_date);\n    return live_birth_diagnosis && live_birth_procedure;\n  }\n\n  var denominator = function() {\n    if (conception.length==0)\n      return false;\n    estimated_conception = _.max(conception);\n    return inRange(measure.prenatal_visit_encounter, estimated_conception, effective_date);\n  }\n\n  var numerator = function() {\n    var estimated_conception_within_ten_months = actionFollowingSomething(estimated_conception, measure.delivery_live_births_procedure_procedure_performed, 304*day);\n    var encounters_in_range = _.sortBy(selectWithinRange(measure.prenatal_visit_encounter, estimated_conception, effective_date), function(num){ return num; });  // there has to be at least 1 due to denominator\n    var first_encounter = encounters_in_range[0];\n    var hiv_screen_after_first = actionFollowingSomething(first_encounter, measure.hiv_screening_laboratory_test_performed, 30*day);\n    var hiv_screen_after_second = false;\n    if(encounters_in_range.length > 1) {\n      var second_encounter = encounters_in_range[1];\n      hiv_screen_after_second = actionFollowingSomething(second_encounter, measure.hiv_screening_laboratory_test_performed, 30*day);\n    }\n    return estimated_conception_within_ten_months && (hiv_screen_after_first || hiv_screen_after_second);\n  }\n\n  var exclusion = function() {\n    var hiv_prior_to_encounter = actionFollowingSomething(measure.hiv_diagnosis_active, measure.prenatal_visit_encounter, year) +\n                                 actionFollowingSomething(measure.hiv_diagnosis_inactive, measure.prenatal_visit_encounter, year);\n    var medical_reason = inRange(measure.medical_reason_laboratory_test_not_done, earliest_encounter, effective_date);\n    var patient_reason = inRange(measure.patient_reason_laboratory_test_not_done, earliest_encounter, effective_date);\n    return hiv_prior_to_encounter || medical_reason || patient_reason;\n  }\n\n  map(patient, population, denominator, numerator, exclusion);\n};\n",
  "measure": {
    "delivery_live_births_diagnosis_diagnosis_active": {
      "standard_concept": "delivery_live_births_diagnosis",
      "standard_category": "diagnosis_condition_problem",
      "standard_concept_id": "A_c394",
      "qds_data_type": "diagnosis_active",
      "qds_id": "A_1328",
      "type": "array",
      "items": {
        "type": "number",
        "format": "utc-sec"
      },
      "codes": [
        {
          "set": "ICD-10-CM",
          "version": "2010",
          "standard_concept": "delivery_live_births_diagnosis",
          "standard_concept_id": "A_c88",
          "qds_id": "A_7009",
          "values": [
            "E07",
            "F10",
            "I10",
            "N96",
            "O10.2",
            "O10.21",
            "O10.211",
            "O10.212",
            "O10.213",
            "O10.219",
            "O10.41",
            "O10.412",
            "O10.413",
            "O10.419",
            "O13",
            "O14",
            "O14.00",
            "O14.02",
            "O14.03",
            "O15",
            "O15.0",
            "O15.00",
            "O15.02",
            "O15.03",
            "O16",
            "O16.1",
            "O16.2",
            "O16.3",
            "O16.9",
            "O21.2",
            "O21.8",
            "O24",
            "O26",
            "O26.0",
            "O26.5",
            "O26.6",
            "O26.82",
            "O26.83",
            "O26.84",
            "O26.85",
            "O30",
            "O30.0",
            "O30.1",
            "O30.2",
            "O30.9",
            "O31.0",
            "O31.2",
            "O31.20",
            "O31.3",
            "O32",
            "O32.1",
            "O32.2",
            "O32.3",
            "O32.4",
            "O33",
            "O33.0",
            "O33.1",
            "O33.2",
            "O33.4",
            "O33.5",
            "O33.6",
            "O33.7",
            "O33.8",
            "O33.9",
            "O34.0",
            "O34.1",
            "O34.3",
            "O34.4",
            "O34.5",
            "O34.52",
            "O34.59",
            "O34.6",
            "O34.7",
            "O34.8",
            "O35",
            "O35.1",
            "O35.2",
            "O35.3",
            "O35.5",
            "O35.6",
            "O35.8",
            "O36.0",
            "O36.1",
            "O36.5",
            "O36.6",
            "O36.81",
            "O41",
            "O43.1",
            "O43.8",
            "O44",
            "O44.1",
            "O45",
            "O45.01",
            "O45.011",
            "O45.012",
            "O45.013",
            "O46",
            "O48.0",
            "O48.1",
            "O60.10",
            "O61",
            "O61.1",
            "O61.8",
            "O61.9",
            "O62.0",
            "O62.1",
            "O62.2",
            "O62.3",
            "O62.4",
            "O62.9",
            "O63.0",
            "O63.1",
            "O63.2",
            "O63.9",
            "O64.0",
            "O64.4",
            "O64.9",
            "O65",
            "O65.8",
            "O66.0",
            "O66.1",
            "O66.4",
            "O66.5",
            "O66.8",
            "O66.9",
            "O69.0",
            "O69.1",
            "O69.2",
            "O69.3",
            "O69.4",
            "O69.5",
            "O69.8",
            "O69.9",
            "O70.0",
            "O70.1",
            "O70.2",
            "O70.3",
            "O70.9",
            "O71",
            "O71.1",
            "O71.3",
            "O71.4",
            "O71.5",
            "O71.7",
            "O71.8",
            "O71.9",
            "O72.0",
            "O72.1",
            "O72.2",
            "O72.3",
            "O73",
            "O73.1",
            "O74",
            "O74.1",
            "O74.2",
            "O74.3",
            "O74.8",
            "O74.9",
            "O75.0",
            "O75.1",
            "O75.2",
            "O75.3",
            "O75.5",
            "O77",
            "O90.4",
            "O90.8",
            "O90.89",
            "O98",
            "O98.01",
            "O98.1",
            "O98.2",
            "O98.211",
            "O98.212",
            "O98.213",
            "O98.219",
            "O98.3",
            "O98.31",
            "O98.8",
            "O99",
            "O99.32",
            "O99.33",
            "O99.4",
            "O99.81",
            "O99.810",
            "O99.814",
            "O99.815",
            "P01.1",
            "P01.2",
            "P01.3",
            "P02.1",
            "P03.2",
            "P03.3",
            "P03.4",
            "P03.9",
            "P29",
            "P29.8",
            "P39.2"
          ]
        },
        {
          "set": "ICD-9-CM",
          "version": "2009",
          "standard_concept": "delivery_live_births_diagnosis",
          "standard_concept_id": "A_c87",
          "qds_id": "A_7003",
          "values": [
            "641.01",
            "641.11",
            "641.21",
            "641.31",
            "641.81",
            "641.91",
            "642.01",
            "642.02",
            "642.11",
            "642.12",
            "642.21",
            "642.22",
            "642.31",
            "642.32",
            "642.41",
            "642.42",
            "642.51",
            "642.52",
            "642.61",
            "642.62",
            "642.71",
            "642.72",
            "642.91",
            "642.92",
            "643.21",
            "643.81",
            "644.21",
            "645.11",
            "645.21",
            "646.01",
            "646.11",
            "646.12",
            "646.21",
            "646.22",
            "646.31",
            "646.41",
            "646.42",
            "646.71",
            "646.91",
            "647.01",
            "647.02",
            "647.11",
            "647.12",
            "647.21",
            "647.22",
            "647.31",
            "647.32",
            "647.41",
            "647.42",
            "647.51",
            "647.52",
            "647.61",
            "647.62",
            "647.81",
            "647.82",
            "647.91",
            "647.92",
            "648.01",
            "648.02",
            "648.11",
            "648.12",
            "648.21",
            "648.22",
            "648.31",
            "648.32",
            "648.41",
            "648.42",
            "648.51",
            "648.52",
            "648.61",
            "648.62",
            "648.71",
            "648.72",
            "648.81",
            "648.82",
            "648.91",
            "648.92",
            "649.01",
            "649.02",
            "649.11",
            "649.12",
            "649.21",
            "649.22",
            "649.31",
            "649.32",
            "649.41",
            "649.42",
            "649.51",
            "649.61",
            "649.62",
            "65.621",
            "651.01",
            "651.11",
            "651.21",
            "651.31",
            "651.41",
            "651.51",
            "651.61",
            "651.71",
            "651.81",
            "651.91",
            "652.01",
            "652.11",
            "652.21",
            "652.31",
            "652.41",
            "652.51",
            "652.61",
            "652.71",
            "652.81",
            "652.91",
            "653.01",
            "653.11",
            "653.21",
            "653.31",
            "653.41",
            "653.51",
            "653.61",
            "653.71",
            "653.81",
            "653.91",
            "654.01",
            "654.02",
            "654.11",
            "654.12",
            "654.31",
            "654.32",
            "654.41",
            "654.42",
            "654.51",
            "654.52",
            "654.61",
            "654.62",
            "654.71",
            "654.72",
            "654.81",
            "654.82",
            "654.91",
            "654.92",
            "655.01",
            "655.11",
            "655.21",
            "655.31",
            "655.41",
            "655.51",
            "655.61",
            "655.71",
            "655.81",
            "655.91",
            "656.01",
            "656.11",
            "656.31",
            "656.51",
            "656.61",
            "656.71",
            "656.81",
            "656.91",
            "657.01",
            "658.01",
            "658.11",
            "658.21",
            "658.31",
            "658.41",
            "658.81",
            "658.91",
            "659.01",
            "659.11",
            "659.21",
            "659.31",
            "659.41",
            "659.51",
            "659.61",
            "659.71",
            "659.81",
            "659.91",
            "660.01",
            "660.11",
            "660.21",
            "660.31",
            "660.41",
            "660.51",
            "660.61",
            "660.71",
            "660.81",
            "660.91",
            "661.01",
            "661.11",
            "661.21",
            "661.31",
            "661.41",
            "661.91",
            "662.01",
            "662.11",
            "662.21",
            "662.31",
            "663.01",
            "663.11",
            "663.21",
            "663.31",
            "663.41",
            "663.51",
            "663.61",
            "663.81",
            "663.91",
            "664.01",
            "664.11",
            "664.21",
            "664.31",
            "664.41",
            "664.51",
            "664.61",
            "664.81",
            "664.91",
            "665.01",
            "665.11",
            "665.31",
            "665.41",
            "665.51",
            "665.61",
            "665.71",
            "665.72",
            "665.81",
            "665.91",
            "665.92",
            "666.02",
            "666.12",
            "666.22",
            "666.32",
            "667.02",
            "667.12",
            "668.01",
            "668.02",
            "668.11",
            "668.12",
            "668.21",
            "668.22",
            "668.81",
            "668.82",
            "668.91",
            "668.92",
            "669.01",
            "669.02",
            "669.11",
            "669.12",
            "669.21",
            "669.22",
            "669.32",
            "669.41",
            "669.42",
            "669.51",
            "669.61",
            "669.71",
            "669.81",
            "669.82",
            "669.91",
            "669.92"
          ]
        },
        {
          "set": "SNOMED-CT",
          "version": "07/09",
          "standard_concept": "delivery_live_births_diagnosis",
          "standard_concept_id": "A_c442",
          "qds_id": "A_7004",
          "values": [
            "102500002",
            "102501003",
            "102502005",
            "102503000",
            "102879009",
            "112071002",
            "112075006",
            "118185001",
            "118215003",
            "118216002",
            "13859001",
            "15898009",
            "169826009",
            "169828005",
            "169831006",
            "169836001",
            "169961004",
            "17333005",
            "199314001",
            "199317008",
            "199321001",
            "199325005",
            "199329004",
            "199330009",
            "199331008",
            "199334000",
            "199714004",
            "199718001",
            "200129000",
            "200130005",
            "200133007",
            "200134001",
            "200138003",
            "200141007",
            "200142000",
            "200144004",
            "200145003",
            "200146002",
            "200147006",
            "200148001",
            "200149009",
            "200150009",
            "200151008",
            "200154000",
            "20236002",
            "20272009",
            "21127004",
            "21243004",
            "23667007",
            "237313003",
            "24146004",
            "249032005",
            "249037004",
            "249141002",
            "249145006",
            "249161008",
            "249162001",
            "249195007",
            "267278005",
            "271368004",
            "271369007",
            "271370008",
            "271373005",
            "273984003",
            "274124007",
            "274125008",
            "274127000",
            "274128005",
            "274129002",
            "278094007",
            "278095008",
            "278096009",
            "28030000",
            "281050002",
            "281052005",
            "282020008",
            "288209009",
            "288210004",
            "288265000",
            "288266004",
            "289210008",
            "289216002",
            "289217006",
            "289218001",
            "289222006",
            "289223001",
            "289224007",
            "289226009",
            "289227000",
            "289228005",
            "289229002",
            "289230007",
            "289231006",
            "289232004",
            "289233009",
            "289234003",
            "289235002",
            "289236001",
            "289237005",
            "289238000",
            "289242002",
            "289247008",
            "289253008",
            "289256000",
            "289257009",
            "289258004",
            "289259007",
            "289261003",
            "289574008",
            "289699001",
            "289740006",
            "289762006",
            "289763001",
            "29997008",
            "302080006",
            "302253005",
            "302254004",
            "309469004",
            "35874009",
            "364738009",
            "366327005",
            "366328000",
            "366329008",
            "38250004",
            "390959009",
            "42783002",
            "42857002",
            "45384004",
            "45757002",
            "47574003",
            "48782003",
            "4886009",
            "49550006",
            "50758004",
            "52483005",
            "55466006",
            "58289000",
            "59403008",
            "6383007",
            "6893006",
            "71096001",
            "7888004",
            "8333008",
            "86803008",
            "90306000",
            "9343003"
          ]
        }
      ]
    },
    "delivery_live_births_procedure_procedure_performed": {
      "standard_concept": "delivery_live_births_procedure",
      "standard_category": "procedure",
      "standard_concept_id": "A_c393",
      "qds_data_type": "procedure_performed",
      "qds_id": "A_1329",
      "type": "array",
      "items": {
        "type": "number",
        "format": "utc-sec"
      },
      "codes": [
        {
          "set": "CPT",
          "version": "2010",
          "standard_concept": "delivery_live_births_procedure",
          "standard_concept_id": "A_c112",
          "qds_id": "A_7038",
          "values": [
            "59400",
            "59409",
            "59410",
            "59425",
            "59426",
            "59510",
            "59514",
            "59515",
            "59610",
            "59612",
            "59614",
            "59618",
            "59620",
            "59622"
          ]
        },
        {
          "set": "SNOMED-CT",
          "version": "7/2009",
          "standard_concept": "delivery_live_births_procedure",
          "standard_concept_id": "A_c89",
          "qds_id": "A_7006",
          "values": [
            "10745001",
            "14119008",
            "15413009",
            "164817009",
            "169224002",
            "169225001",
            "169228004",
            "169229007",
            "169230002",
            "169235007",
            "169668007",
            "169669004",
            "169670003",
            "177152009",
            "177154005",
            "177157003",
            "177158008",
            "177161009",
            "177162002",
            "177164001",
            "177167008",
            "177168003",
            "177170007",
            "177171006",
            "177173009",
            "177174003",
            "177175002",
            "177176001",
            "177177005",
            "177179008",
            "177180006",
            "177181005",
            "177184002",
            "177185001",
            "177188004",
            "177203002",
            "177204008",
            "177205009",
            "177212000",
            "17860005",
            "1807002",
            "182619004",
            "18489003",
            "18625004",
            "19390001",
            "21623001",
            "22633006",
            "2321005",
            "236973005",
            "236974004",
            "236975003",
            "236976002",
            "236978001",
            "236980007",
            "236981006",
            "236982004",
            "236983009",
            "236984003",
            "236991000",
            "236992007",
            "236994008",
            "237311001",
            "241491007",
            "241493005",
            "241494004",
            "25296001",
            "25828002",
            "26313002",
            "265639000",
            "268445003",
            "271442007",
            "275168001",
            "275169009",
            "28542003",
            "287976008",
            "287977004",
            "288193006",
            "288194000",
            "28860009",
            "29613008",
            "302382009",
            "302383004",
            "302384005",
            "30476003",
            "306727001",
            "307813007",
            "315308008",
            "31998007",
            "33807004",
            "359940006",
            "359943008",
            "384729004",
            "38479009",
            "386622003",
            "386637004",
            "387711001",
            "40219000",
            "40704000",
            "40792007",
            "408814002",
            "408815001",
            "408819007",
            "414880004",
            "416055001",
            "417121007",
            "418090003",
            "425551008",
            "426295007",
            "426840007",
            "427623005",
            "430063002",
            "430064008",
            "432246004",
            "433153009",
            "4504004",
            "45718005",
            "46972000",
            "48204000",
            "5191001",
            "54973000",
            "55052008",
            "5556001",
            "56620000",
            "58705005",
            "61027002",
            "61586001",
            "62508004",
            "62688006",
            "63407004",
            "65243006",
            "66201006",
            "69162008",
            "69422002",
            "69621003",
            "71166009",
            "72492007",
            "75928003",
            "79966006",
            "85403009",
            "85548006",
            "86599005",
            "89346004",
            "89849000",
            "90438006"
          ]
        }
      ]
    },
    "hiv_diagnosis_active": {
      "standard_concept": "hiv",
      "standard_category": "diagnosis_condition_problem",
      "standard_concept_id": "A_c465",
      "qds_data_type": "diagnosis_active",
      "qds_id": "A_1495",
      "type": "array",
      "items": {
        "type": "number",
        "format": "utc-sec"
      },
      "codes": [
        {
          "set": "ICD-10-CM",
          "version": "2010",
          "standard_concept": "hiv",
          "standard_concept_id": "A_c464",
          "qds_id": "A_7051",
          "values": [
            "O98.7",
            "O98.71",
            "O98.711",
            "O98.712",
            "O98.713",
            "O98.714",
            "O98.72"
          ]
        },
        {
          "set": "ICD-10-CM",
          "version": "2010",
          "standard_concept": "hiv",
          "standard_concept_id": "A_c464",
          "qds_id": "A_7052",
          "values": [
            "O98.7",
            "O98.71",
            "O98.711",
            "O98.712",
            "O98.713",
            "O98.714",
            "O98.72"
          ]
        },
        {
          "set": "ICD-9-CM",
          "version": "2010",
          "standard_concept": "hiv",
          "standard_concept_id": "A_c463",
          "qds_id": "A_7091",
          "values": [
            "042",
            "V08"
          ]
        },
        {
          "set": "ICD-9-CM",
          "version": "2010",
          "standard_concept": "hiv",
          "standard_concept_id": "A_c463",
          "qds_id": "A_7092",
          "values": [
            "042",
            "V08"
          ]
        },
        {
          "set": "SNOMED-CT",
          "version": "07/09",
          "standard_concept": "hiv",
          "standard_concept_id": "A_c462",
          "qds_id": "A_7015",
          "values": [
            "111880001",
            "186706006",
            "186707002",
            "186708007",
            "186709004",
            "186717007",
            "186718002",
            "186719005",
            "186721000",
            "186723002",
            "186725009",
            "186726005",
            "230180003",
            "230201009",
            "230598008",
            "235009000",
            "235726002",
            "236406007",
            "240103002",
            "240611008",
            "276665006",
            "276666007",
            "281390005",
            "315019000",
            "359791000",
            "397763006",
            "398329009",
            "402915006",
            "402916007",
            "40780007",
            "416491000",
            "48794007",
            "52079000",
            "5810003",
            "62246005",
            "62479008",
            "77070006",
            "79019005",
            "86406008",
            "87117006",
            "91923005",
            "91947003",
            "91948008",
            "95892003"
          ]
        },
        {
          "set": "SNOMED-CT",
          "version": "07/09",
          "standard_concept": "hiv",
          "standard_concept_id": "A_c462",
          "qds_id": "A_7016",
          "values": [
            "111880001",
            "186706006",
            "186707002",
            "186708007",
            "186709004",
            "186717007",
            "186718002",
            "186719005",
            "186721000",
            "186723002",
            "186725009",
            "186726005",
            "230180003",
            "230201009",
            "230598008",
            "235009000",
            "235726002",
            "236406007",
            "240103002",
            "240611008",
            "276665006",
            "276666007",
            "281390005",
            "315019000",
            "359791000",
            "397763006",
            "398329009",
            "402915006",
            "402916007",
            "40780007",
            "416491000",
            "48794007",
            "52079000",
            "5810003",
            "62246005",
            "62479008",
            "77070006",
            "79019005",
            "86406008",
            "87117006",
            "91923005",
            "91947003",
            "91948008",
            "95892003"
          ]
        }
      ]
    },
    "hiv_diagnosis_inactive": {
      "standard_concept": "hiv",
      "standard_category": "diagnosis_condition_problem",
      "standard_concept_id": "A_c465",
      "qds_data_type": "diagnosis_inactive",
      "qds_id": "A_1496",
      "type": "array",
      "items": {
        "type": "number",
        "format": "utc-sec"
      },
      "codes": [
        {
          "set": "ICD-10-CM",
          "version": "2010",
          "standard_concept": "hiv",
          "standard_concept_id": "A_c464",
          "qds_id": "A_7051",
          "values": [
            "O98.7",
            "O98.71",
            "O98.711",
            "O98.712",
            "O98.713",
            "O98.714",
            "O98.72"
          ]
        },
        {
          "set": "ICD-10-CM",
          "version": "2010",
          "standard_concept": "hiv",
          "standard_concept_id": "A_c464",
          "qds_id": "A_7052",
          "values": [
            "O98.7",
            "O98.71",
            "O98.711",
            "O98.712",
            "O98.713",
            "O98.714",
            "O98.72"
          ]
        },
        {
          "set": "ICD-9-CM",
          "version": "2010",
          "standard_concept": "hiv",
          "standard_concept_id": "A_c463",
          "qds_id": "A_7091",
          "values": [
            "042",
            "V08"
          ]
        },
        {
          "set": "ICD-9-CM",
          "version": "2010",
          "standard_concept": "hiv",
          "standard_concept_id": "A_c463",
          "qds_id": "A_7092",
          "values": [
            "042",
            "V08"
          ]
        },
        {
          "set": "SNOMED-CT",
          "version": "07/09",
          "standard_concept": "hiv",
          "standard_concept_id": "A_c462",
          "qds_id": "A_7015",
          "values": [
            "111880001",
            "186706006",
            "186707002",
            "186708007",
            "186709004",
            "186717007",
            "186718002",
            "186719005",
            "186721000",
            "186723002",
            "186725009",
            "186726005",
            "230180003",
            "230201009",
            "230598008",
            "235009000",
            "235726002",
            "236406007",
            "240103002",
            "240611008",
            "276665006",
            "276666007",
            "281390005",
            "315019000",
            "359791000",
            "397763006",
            "398329009",
            "402915006",
            "402916007",
            "40780007",
            "416491000",
            "48794007",
            "52079000",
            "5810003",
            "62246005",
            "62479008",
            "77070006",
            "79019005",
            "86406008",
            "87117006",
            "91923005",
            "91947003",
            "91948008",
            "95892003"
          ]
        },
        {
          "set": "SNOMED-CT",
          "version": "07/09",
          "standard_concept": "hiv",
          "standard_concept_id": "A_c462",
          "qds_id": "A_7016",
          "values": [
            "111880001",
            "186706006",
            "186707002",
            "186708007",
            "186709004",
            "186717007",
            "186718002",
            "186719005",
            "186721000",
            "186723002",
            "186725009",
            "186726005",
            "230180003",
            "230201009",
            "230598008",
            "235009000",
            "235726002",
            "236406007",
            "240103002",
            "240611008",
            "276665006",
            "276666007",
            "281390005",
            "315019000",
            "359791000",
            "397763006",
            "398329009",
            "402915006",
            "402916007",
            "40780007",
            "416491000",
            "48794007",
            "52079000",
            "5810003",
            "62246005",
            "62479008",
            "77070006",
            "79019005",
            "86406008",
            "87117006",
            "91923005",
            "91947003",
            "91948008",
            "95892003"
          ]
        }
      ]
    },
    "hiv_screening_laboratory_test_performed": {
      "standard_concept": "hiv_screening",
      "standard_category": "laboratory_test",
      "standard_concept_id": "A_c395",
      "qds_data_type": "laboratory_test_performed",
      "qds_id": "A_1597",
      "type": "array",
      "items": {
        "type": "number",
        "format": "utc-sec"
      },
      "codes": [
        {
          "set": "CPT",
          "version": "2010",
          "standard_concept": "hiv_screening",
          "standard_concept_id": "A_c165",
          "qds_id": "A_405",
          "values": [
            "87390",
            "87391",
            "87534",
            "87535",
            "87536",
            "87537",
            "87538",
            "87539"
          ]
        },
        {
          "set": "LOINC",
          "version": "2.27, Released: July 07, 2009",
          "standard_concept": "hiv_screening",
          "standard_concept_id": "A_c166",
          "qds_id": "A_406",
          "values": [
            "35437-3",
            "35438-1",
            "35439-9",
            "35440-7",
            "35441-5",
            "35442-3",
            "35443-1",
            "35444-9",
            "35445-6",
            "35446-4",
            "35447-2",
            "35448-0",
            "35449-8",
            "35450-6",
            "35452-2",
            "35564-4",
            "35565-1",
            "38998-1",
            "40437-6",
            "40438-4",
            "40439-2",
            "40732-0",
            "40733-8",
            "41143-9",
            "41144-7",
            "41145-4",
            "41290-8",
            "41497-9",
            "41498-7",
            "41513-3",
            "41514-1",
            "41515-8",
            "41516-6",
            "42339-2",
            "42600-7",
            "42627-0",
            "42768-2",
            "42917-5",
            "43008-2",
            "43009-0",
            "43010-8",
            "43011-6",
            "43012-4",
            "43013-2",
            "5017-9",
            "5018-7",
            "5220-9",
            "5221-7",
            "5222-5",
            "5223-3",
            "5224-1",
            "5225-8",
            "7917-8",
            "7918-6",
            "7919-4",
            "9660-2",
            "9661-0",
            "9662-8",
            "9663-6",
            "9664-4",
            "9665-1",
            "9666-9",
            "9667-7",
            "9668-5",
            "9669-3",
            "9821-0",
            "9836-8",
            "9837-6"
          ]
        },
        {
          "set": "SNOMED-CT",
          "version": "July 2009",
          "standard_concept": "hiv_screening",
          "standard_concept_id": "A_c167",
          "qds_id": "A_407",
          "values": [
            "104332002",
            "117747006",
            "117749009",
            "117750009",
            "117751008",
            "118018009",
            "118038005",
            "118039002",
            "118040000",
            "118041001",
            "118042008",
            "118043003",
            "118044009",
            "118045005",
            "118046006",
            "118047002",
            "118048007",
            "118049004",
            "118050004",
            "118051000",
            "118052007",
            "118053002",
            "118054008",
            "118055009",
            "118056005",
            "118057001",
            "118058006",
            "118059003",
            "118060008",
            "118061007",
            "118062000",
            "118063005",
            "118064004",
            "118065003",
            "118066002",
            "118067006",
            "118068001",
            "118069009",
            "118070005",
            "118071009",
            "118072002",
            "118073007",
            "118074001",
            "118075000",
            "118076004",
            "25578009",
            "27494001",
            "28804003",
            "31676001",
            "390786002",
            "399256002",
            "409788009",
            "49914005",
            "50806003",
            "53479004",
            "74915004",
            "76381007",
            "86253009"
          ]
        }
      ]
    },
    "prenatal_visit_encounter": {
      "standard_concept": "prenatal_visit",
      "standard_category": "encounter",
      "standard_concept_id": "A_c396",
      "qds_data_type": "encounter",
      "qds_id": "A_1331",
      "type": "array",
      "items": {
        "type": "number",
        "format": "utc-sec"
      },
      "codes": [
        {
          "set": "ICD-10-CM",
          "version": "2010",
          "standard_concept": "prenatal_visit",
          "standard_concept_id": "A_c328",
          "qds_id": "A_7061",
          "values": [
            "Z34  ",
            "Z34.0  ",
            "Z34.8  ",
            "Z34.9  "
          ]
        },
        {
          "set": "ICD-9-CM",
          "version": "2010",
          "standard_concept": "prenatal_visit",
          "standard_concept_id": "A_c466",
          "qds_id": "A_7074",
          "values": [
            "V22.0",
            "V22.1",
            "V22.2"
          ]
        },
        {
          "set": "SNOMED-CT",
          "version": "July 2009",
          "standard_concept": "prenatal_visit",
          "standard_concept_id": "A_c338",
          "qds_id": "A_7072",
          "values": [
            "424441002",
            "424619006"
          ]
        }
      ]
    },
    "estimated_date_of_conception_patient_characteristic": {
      "standard_concept": "estimated_date_of_conception",
      "standard_category": "individual_characteristic",
      "standard_concept_id": "A_c517",
      "qds_data_type": "patient_characteristic",
      "qds_id": "A_1598",
      "type": "array",
      "items": {
        "type": "number",
        "format": "utc-sec"
      },
      "codes": [
        {
          "set": "SNOMED-CT",
          "version": "07/09",
          "standard_concept": "estimated_date_of_conception",
          "standard_concept_id": "A_c517",
          "qds_id": "A_1598",
          "values": [
            "248986005"
          ]
        }
      ]
    },
    "medical_reason_laboratory_test_not_done": {
      "standard_concept": "medical_reason",
      "standard_category": "negation_rationale",
      "standard_concept_id": "A_c313",
      "qds_data_type": "laboratory_test_not_done",
      "qds_id": "A_971",
      "type": "array",
      "items": {
        "type": "number",
        "format": "utc-sec"
      },
      "codes": [
        {
          "set": "HL7",
          "version": "3.0",
          "standard_concept": "medical_reason",
          "standard_concept_id": "A_c313",
          "qds_id": "A_971",
          "values": [
            "21703",
            "21704",
            "21738",
            "21745",
            "21747",
            "21815",
            "21990",
            "22259",
            "22261",
            "22855"
          ]
        }
      ]
    },
    "patient_reason_laboratory_test_not_done": {
      "standard_concept": "patient_reason",
      "standard_category": "negation_rationale",
      "standard_concept_id": "A_c311",
      "qds_data_type": "laboratory_test_not_done",
      "qds_id": "A_972",
      "type": "array",
      "items": {
        "type": "number",
        "format": "utc-sec"
      },
      "codes": [
        {
          "set": "HL7",
          "version": "3.0",
          "standard_concept": "patient_reason",
          "standard_concept_id": "A_c311",
          "qds_id": "A_972",
          "values": [
            "14880",
            "15985",
            "19729",
            "21708",
            "21710",
            "21741",
            "21743",
            "21746",
            "22260",
            "22851"
          ]
        }
      ]
    }
  }
}