{
  "endorser": "NQF",
  "id": "0027",
  "properties": [
    "NQF_Retooled_Measure_0027.xlsx.json"
  ],
  "name": "Smoking and Tobacco Use Cessation, Medical assistance",
  "description": "The percentage of patients 18 years of age and older who were current smokers or tobacco users, who were seen by a practitioner during the measurement year and who received advice to quit smoking or tobacco use or whose practitioner recommended or discussed smoking or tobacco use cessation medications, methods or strategies.",
  "category": "Miscellaneous",
  "steward": "NCQA",
  "parameters": {
    "effective_date": {
      "description": "Effective end date for measure",
      "type": "number",
      "format": "utc-sec"
    }
  },
  "patient": {
    "birthdate": {
      "description": "Date of birth",
      "type": "number",
      "category_type": "characteristic",
      "format": "utc-sec",
      "codes": [
        {
          "set": "HL7",
          "version": "3.0",
          "values": [
            "00110"
          ]
        }
      ]
    }
  },
  "population": {
    "conjunction": "and",
    "items": [
      {
        "category": "Patient characteristic",
        "title": "Age >= 17 years"
      }
    ]
  },
  "denominator": {
    "conjunction": "or",
    "items": [
      {
        "category": "Encounter",
        "title": "Outpatient encounter 0 to 2 years, inclusive, before measurement end date"
      }
    ]
  },
  "exclusions": {
  },
  "map_fn": "function() {\n  var patient = this;\n  var measure = patient.measures[\"0027\"];\n  if (measure == null)\n    measure={};\n\n  <%= init_js_frameworks %>\n\n  var day = 24 * 60 * 60;\n  var year = 365 * day;\n  var effective_date =        <%= effective_date %>;\n\n  var measurement_period_start =  effective_date - (1 * year);\n  var latest_birthdate = latestBirthdayForThisAge(17, measurement_period_start);\n\n  var earliest_encounter =        effective_date - (2 * year);\n  var earliest_tobacco_user =     effective_date - (1 * year);\n\n  var population = function() {\n    return (patient.birthdate <= latest_birthdate);\n  }\n\n  var denominator = function() {\n    return inRange(measure.encounter_outpatient_encounter,\n                   earliest_encounter,\n                   effective_date);\n  }\n\n  var numerator = function() {\n    encounter = inRange(measure.tobacco_use_cessation_counseling_encounter, earliest_tobacco_user, effective_date);\n    communication = inRange(measure.tobacco_use_cessation_counseling_communication_to_patient, earliest_tobacco_user, effective_date);\n    return (encounter || communication);\n  }\n\n  var exclusion = function() {\n    return false;\n  }\n\n  map(patient, population, denominator, numerator, exclusion);\n};",
  "measure": {
    "encounter_outpatient_encounter": {
      "standard_concept": "encounter_outpatient",
      "standard_category": "encounter",
      "standard_concept_id": "N_c552",
      "qds_data_type": "encounter",
      "qds_id": "N_1827",
      "type": "array",
      "items": {
        "type": "number",
        "format": "utc-sec"
      },
      "codes": [
        {
          "set": "CPT",
          "version": "06/2009",
          "standard_concept": "encounter_outpatient",
          "standard_concept_id": "N_c27",
          "qds_id": "N_520",
          "values": [
            "99201",
            "99202",
            "99203",
            "99204",
            "99205",
            "99211",
            "99212",
            "99213",
            "99214",
            "99215",
            "99217",
            "99218",
            "99219",
            "99220",
            "99241",
            "99242",
            "99243",
            "99244",
            "99245",
            "99341",
            "99342",
            "99343",
            "99344",
            "99345",
            "99347",
            "99348",
            "99349",
            "99350",
            "99384",
            "99385",
            "99386",
            "99387",
            "99394",
            "99395",
            "99396",
            "99397",
            "99401",
            "99402",
            "99403",
            "99404",
            "99411",
            "99412",
            "99420",
            "99429",
            "99455",
            "99456"
          ]
        },
        {
          "set": "ICD-9-CM",
          "version": "06/2009",
          "standard_concept": "encounter_outpatient",
          "standard_concept_id": "N_c159",
          "qds_id": "N_521",
          "values": [
            "V70.0",
            "V70.3",
            "V70.5",
            "V70.6",
            "V70.8",
            "V70.9"
          ]
        }
      ]
    },
    "tobacco_use_cessation_counseling_encounter": {
      "standard_concept": "tobacco_use_cessation_counseling",
      "standard_category": "encounter",
      "standard_concept_id": "N_c127",
      "qds_data_type": "encounter",
      "qds_id": "N_326",
      "type": "array",
      "items": {
        "type": "number",
        "format": "utc-sec"
      },
      "codes": [
        {
          "set": "CPT",
          "version": "06/2009",
          "standard_concept": "tobacco_use_cessation_counseling",
          "standard_concept_id": "N_c127",
          "qds_id": "N_326",
          "values": [
            "99406",
            "99407"
          ]
        }
      ]
    },
    "tobacco_use_cessation_counseling_communication_to_patient": {
      "standard_concept": "tobacco_use_cessation_counseling",
      "standard_category": "communication",
      "standard_concept_id": "N_c42",
      "qds_data_type": "communication_to_patient",
      "qds_id": "N_1685",
      "type": "array",
      "items": {
        "type": "number",
        "format": "utc-sec"
      },
      "codes": [
        {
          "set": "SNOMED-CT",
          "version": "07/2009",
          "standard_concept": "tobacco_use_cessation_counseling",
          "standard_concept_id": "N_c42",
          "qds_id": "N_1685",
          "values": [
            "171055003",
            "225323000",
            "225324006",
            "315232003",
            "384742004",
            "395700008"
          ]
        }
      ]
    },
    "tobacco_user_patient_characteristic": {
      "standard_concept": "tobacco_user",
      "standard_category": "individual_characteristic",
      "standard_concept_id": "N_c128",
      "qds_data_type": "patient_characteristic",
      "qds_id": "N_324",
      "type": "array",
      "items": {
        "type": "number",
        "format": "utc-sec"
      },
      "codes": [
        {
          "set": "SNOMED-CT",
          "version": "07/2009",
          "standard_concept": "tobacco_user",
          "standard_concept_id": "N_c128",
          "qds_id": "N_324",
          "values": [
            "160603005",
            "160604004",
            "160605003",
            "160606002",
            "160619003",
            "228494002",
            "228504007",
            "228514003",
            "228515002",
            "228516001",
            "228517005",
            "228518000",
            "230059006",
            "230060001",
            "230062009",
            "230063004",
            "230064005",
            "230065006",
            "266920004",
            "81703003"
          ]
        }
      ]
    }
  },
  "sub_id": "b",
  "subtitle": "Discussing Smoking and Tobacco Use Cessation Medications and Strategies",
  "short_subtitle": "Counsel",
  "numerator": {
    "and": [
      {
        "or": [
          {
            "category": "Encounter",
            "title": "Tobacco use cessation counseling 0 to 1 years, inclusive, before measurement period"
          },
          {
            "category": "Communication to patient",
            "title": "Tobacco use cessation counseling 0 to 1 years, inclusive, before measurement end date"
          }
        ]
      }
    ]
  }
}