{
  "id": "0028",
  "properties": [
    "NQF_Retooled_Measure_0028a.xlsx.json",
    "NQF_Retooled_Measure_0028b.xlsx.json"
  ],
  "endorser": "NQF",
  "name": "Preventive Care and Screening: Tobacco",
  "description": "Percentage of patients aged 18 years or older who have been seen for at least 2 office visits, who were queried about tobacco use one or more times within 24 months. If identified as tobacco users, patient received cessation intervention.",
  "steward": "AMA",
  "category": "Core",
  "parameters": {
    "effective_date": {
      "name": "Effective end date for measure",
      "type": "number",
      "format": "utc-sec"
    }
  },
  "patient": {
    "birthdate": {
      "description": "Date of birth",
      "critical": true,
      "standard_category": "characteristic",
      "type": "number",
      "format": "utc-sec",
      "codes": [
        {
          "set": "HL7",
          "version": "3.0",
          "values": [
            "00110"
          ]
        }
      ]
    }
  },
  "population": {
    "and": [
      {
        "category": "Patient Characteristic",
        "title": "Age >= 18"
      },
      {
        "or": [
          {
            "category": "Encounter",
            "title": ">= 2 counts of health and behavior assessment OR occupational therapy OR office visit OR psychiatric and psychologic"
          },
          {
            "category": "Encounter",
            "title": ">= 1 count of preventive medicine services 18 and older"
          },
          {
            "category": "Encounter",
            "title": ">=1 count of preventive medicine other services"
          },
          {
            "category": "Encounter",
            "title": ">=1 count of preventive medicine individual counseling"
          },
          {
            "category": "Encounter",
            "title": ">= 1 count of preventive medicine group counseling"
          }
        ]
      }
    ]
  },
  "exclusions": {
  },
  "map_fn": "function() {\n  var patient = this;\n  var measure = patient.measures[\"0028\"];\n  if (measure == null)\n    measure={};\n\n  <%= init_js_frameworks %>\n\n  var day = 24 * 60 * 60;\n  var year = 365 * day;\n  var twenty_four_months = 2 * year;   // interval used in numerator\n  var effective_date =        <%= effective_date %>;\n\n  var measurement_period_start =  effective_date - (1 * year);\n  var latest_birthdate = latestBirthdayForThisAge(18, measurement_period_start);\n\n  var earliest_encounter = measurement_period_start;\n  var latest_encounter =   effective_date;\n  var preventive_encounters = normalize(measure.encounter_prev_med_services_18_and_older_encounter,\n    measure.encounter_prev_med_other_services_encounter,\n    measure.encounter_prev_med_individual_counseling_encounter,\n    measure.encounter_prev_med_group_counseling_encounter);\n  var other_encounters = normalize(measure.encounter_health_and_behavior_assessment_encounter,\n    measure.encounter_occupational_therapy_encounter,\n    measure.encounter_office_visit_encounter,\n    measure.encounter_psychiatric_psychologic_encounter);\n  var all_encounters = normalize(preventive_encounters, other_encounters);\n\n  // Qualify the lists of encounters with the measurement period\n  var preventive_encounters_in_measurement_period = selectWithinRange(preventive_encounters, earliest_encounter, latest_encounter);\n  var other_encounters_in_measurement_period = selectWithinRange(other_encounters, earliest_encounter, latest_encounter);\n  var all_encounters_in_measurement_period = selectWithinRange(all_encounters, earliest_encounter, latest_encounter);\n\n  var population = function() {\n    return (patient.birthdate <= latest_birthdate &&\n            ((other_encounters_in_measurement_period.length >= 2) ||\n             (preventive_encounters_in_measurement_period.length >= 1)));\n  }\n\n  var denominator = function() {\n    return true;\n  }\n\n  var numerator = function() {\n    // Look for an encounter within the measurement period that follows within 24 months of tobacco use/non-use\n    var tobacco_user = actionFollowingSomething(measure.tobacco_user_patient_characteristic,\n                                                all_encounters_in_measurement_period,\n                                                twenty_four_months);\n    var tobacco_non_user = actionFollowingSomething(measure.tobacco_non_user_patient_characteristic,\n                                                    all_encounters_in_measurement_period,\n                                                    twenty_four_months);\n    return (tobacco_user || tobacco_non_user);\n  }\n\n  var exclusion = function() {\n    return false;\n  }\n\n  map(patient, population, denominator, numerator, exclusion);\n};\n",
  "measure": {
    "encounter_health_and_behavior_assessment_encounter": {
      "standard_concept": "encounter_health_and_behavior_assessment",
      "standard_category": "encounter",
      "standard_concept_id": "A_c105",
      "qds_data_type": "encounter",
      "qds_id": "A_1396",
      "type": "array",
      "items": {
        "type": "number",
        "format": "utc-sec"
      },
      "codes": [
        {
          "set": "CPT",
          "version": "2010",
          "standard_concept": "encounter_health_and_behavior_assessment",
          "standard_concept_id": "A_c105",
          "qds_id": "A_1396",
          "values": [
            "96150",
            "96152"
          ]
        }
      ]
    },
    "encounter_occupational_therapy_encounter": {
      "standard_concept": "encounter_occupational_therapy",
      "standard_category": "encounter",
      "standard_concept_id": "A_c102",
      "qds_data_type": "encounter",
      "qds_id": "A_1397",
      "type": "array",
      "items": {
        "type": "number",
        "format": "utc-sec"
      },
      "codes": [
        {
          "set": "CPT",
          "version": "2010",
          "standard_concept": "encounter_occupational_therapy",
          "standard_concept_id": "A_c102",
          "qds_id": "A_1397",
          "values": [
            "97003",
            "97004"
          ]
        }
      ]
    },
    "encounter_office_visit_encounter": {
      "standard_concept": "encounter_office_visit",
      "standard_category": "encounter",
      "standard_concept_id": "A_c114",
      "qds_data_type": "encounter",
      "qds_id": "A_1398",
      "type": "array",
      "items": {
        "type": "number",
        "format": "utc-sec"
      },
      "codes": [
        {
          "set": "CPT",
          "version": "2010",
          "standard_concept": "encounter_office_visit",
          "standard_concept_id": "A_c114",
          "qds_id": "A_1398",
          "values": [
            "99201",
            "99202",
            "99203",
            "99204",
            "99205",
            "99212",
            "99213",
            "99214",
            "99215"
          ]
        }
      ]
    },
    "encounter_prev_med_group_counseling_encounter": {
      "standard_concept": "encounter_prev_med_group_counseling",
      "standard_category": "encounter",
      "standard_concept_id": "A_c107",
      "qds_data_type": "encounter",
      "qds_id": "A_1403",
      "type": "array",
      "items": {
        "type": "number",
        "format": "utc-sec"
      },
      "codes": [
        {
          "set": "CPT",
          "version": "2010",
          "standard_concept": "encounter_prev_med_group_counseling",
          "standard_concept_id": "A_c107",
          "qds_id": "A_1403",
          "values": [
            "99411",
            "99412"
          ]
        }
      ]
    },
    "encounter_prev_med_other_services_encounter": {
      "standard_concept": "encounter_prev_med_other_services",
      "standard_category": "encounter",
      "standard_concept_id": "A_c108",
      "qds_data_type": "encounter",
      "qds_id": "A_1400",
      "type": "array",
      "items": {
        "type": "number",
        "format": "utc-sec"
      },
      "codes": [
        {
          "set": "CPT",
          "version": "2010",
          "standard_concept": "encounter_prev_med_other_services",
          "standard_concept_id": "A_c108",
          "qds_id": "A_1400",
          "values": [
            "99420",
            "99429"
          ]
        }
      ]
    },
    "encounter_prev_med_services_18_and_older_encounter": {
      "standard_concept": "encounter_prev_med_services_18_and_older",
      "standard_category": "encounter",
      "standard_concept_id": "A_c104",
      "qds_data_type": "encounter",
      "qds_id": "A_1399",
      "type": "array",
      "items": {
        "type": "number",
        "format": "utc-sec"
      },
      "codes": [
        {
          "set": "CPT",
          "version": "2010",
          "standard_concept": "encounter_prev_med_services_18_and_older",
          "standard_concept_id": "A_c104",
          "qds_id": "A_1399",
          "values": [
            "99385",
            "99386",
            "99387",
            "99395",
            "99396",
            "99397"
          ]
        }
      ]
    },
    "encounter_prev_med_individual_counseling_encounter": {
      "standard_concept": "encounter_prev_med_individual_counseling",
      "standard_category": "encounter",
      "standard_concept_id": "A_c106",
      "qds_data_type": "encounter",
      "qds_id": "A_1401",
      "type": "array",
      "items": {
        "type": "number",
        "format": "utc-sec"
      },
      "codes": [
        {
          "set": "CPT",
          "version": "2010",
          "standard_concept": "encounter_prev_med_individual_counseling",
          "standard_concept_id": "A_c106",
          "qds_id": "A_1401",
          "values": [
            "99401",
            "99402",
            "99403",
            "99404"
          ]
        }
      ]
    },
    "encounter_psychiatric_psychologic_encounter": {
      "standard_concept": "encounter_psychiatric_psychologic",
      "standard_category": "encounter",
      "standard_concept_id": "A_c103",
      "qds_data_type": "encounter",
      "qds_id": "A_1402",
      "type": "array",
      "items": {
        "type": "number",
        "format": "utc-sec"
      },
      "codes": [
        {
          "set": "CPT",
          "version": "2010",
          "standard_concept": "encounter_psychiatric_psychologic",
          "standard_concept_id": "A_c103",
          "qds_id": "A_1402",
          "values": [
            "90801",
            "90802",
            "90804",
            "90805",
            "90806",
            "90807",
            "90808",
            "90809",
            "90810",
            "90811",
            "90812",
            "90813",
            "90814",
            "90815",
            "90845",
            "90862"
          ]
        }
      ]
    },
    "tobacco_non_user_patient_characteristic": {
      "standard_concept": "tobacco_non_user",
      "standard_category": "individual_characteristic",
      "standard_concept_id": "A_c511",
      "qds_data_type": "patient_characteristic",
      "qds_id": "A_1571",
      "type": "array",
      "items": {
        "type": "number",
        "format": "utc-sec"
      },
      "codes": [
        {
          "set": "SNOMED-CT",
          "version": "07/09",
          "standard_concept": "tobacco_non_user",
          "standard_concept_id": "A_c511",
          "qds_id": "A_1571",
          "values": [
            "105539002",
            "105540000",
            "105541001",
            "160618006",
            "160620009",
            "160621008",
            "228501004",
            "228502006",
            "228503001",
            "228512004",
            "266919005",
            "266921000",
            "266922007",
            "266923002",
            "266924008",
            "266925009",
            "266928006",
            "26921000",
            "281018007",
            "360890004",
            "360900008",
            "360918006",
            "360929005",
            "405746006",
            "53896009",
            "8392000",
            "8517006",
            "87739003"
          ]
        }
      ]
    },
    "tobacco_user_patient_characteristic": {
      "standard_concept": "tobacco_user",
      "standard_category": "individual_characteristic",
      "standard_concept_id": "A_c422",
      "qds_data_type": "patient_characteristic",
      "qds_id": "A_1411",
      "type": "array",
      "items": {
        "type": "number",
        "format": "utc-sec"
      },
      "codes": [
        {
          "set": "SNOMED-CT",
          "version": "07/09",
          "standard_concept": "tobacco_user",
          "standard_concept_id": "A_c422",
          "qds_id": "A_1411",
          "values": [
            "160603005",
            "160604004",
            "160605003",
            "160606002",
            "160619003",
            "228494002",
            "228504007",
            "228514003",
            "228515002",
            "228516001",
            "228517005",
            "228518000",
            "230059006",
            "230060001",
            "230062009",
            "230063004",
            "230064005",
            "230065006",
            "266920004",
            "65568007",
            "81703003",
            "82302008"
          ]
        }
      ]
    },
    "tobacco_use_cessation_counseling_procedure_performed": {
      "standard_concept": "tobacco_use_cessation_counseling",
      "standard_category": "procedure",
      "standard_concept_id": "A_c509",
      "qds_data_type": "procedure_performed",
      "qds_id": "A_1521",
      "type": "array",
      "items": {
        "type": "number",
        "format": "utc-sec"
      },
      "codes": [
        {
          "set": "CPT",
          "version": "2010",
          "standard_concept": "tobacco_use_cessation_counseling",
          "standard_concept_id": "A_c424",
          "qds_id": "A_7086",
          "values": [
            "99406",
            "99407"
          ]
        },
        {
          "set": "SNOMED-CT",
          "version": "07/09",
          "standard_concept": "tobacco_use_cessation_counseling",
          "standard_concept_id": "A_c425",
          "qds_id": "A_7036",
          "values": [
            "171055003",
            "185792005",
            "185793000",
            "185794006",
            "185795007",
            "185796008",
            "225323000",
            "225324006",
            "310429001",
            "315232003",
            "384742004"
          ]
        }
      ]
    },
    "smoking_cessation_agents_medication_active": {
      "standard_concept": "smoking_cessation_agents",
      "standard_category": "medication",
      "standard_concept_id": "A_c423",
      "qds_data_type": "medication_active",
      "qds_id": "A_1535",
      "type": "array",
      "items": {
        "type": "number",
        "format": "utc-sec"
      },
      "codes": [
        {
          "set": "RxNorm",
          "version": "12/2009",
          "standard_concept": "smoking_cessation_agents",
          "standard_concept_id": "A_c423",
          "qds_id": "A_1535",
          "values": [
            "105075",
            "198029",
            "198030",
            "198031",
            "198406",
            "198407",
            "199677",
            "227177",
            "250983",
            "311975",
            "314119",
            "359817",
            "359818",
            "388082",
            "636353"
          ]
        }
      ]
    },
    "smoking_cessation_agents_medication_order": {
      "standard_concept": "smoking_cessation_agents",
      "standard_category": "medication",
      "standard_concept_id": "A_c423",
      "qds_data_type": "medication_order",
      "qds_id": "A_1528",
      "type": "array",
      "items": {
        "type": "number",
        "format": "utc-sec"
      },
      "codes": [
        {
          "set": "RxNorm",
          "version": "12/2009",
          "standard_concept": "smoking_cessation_agents",
          "standard_concept_id": "A_c423",
          "qds_id": "A_1528",
          "values": [
            "105075",
            "198029",
            "198030",
            "198031",
            "198406",
            "198407",
            "199677",
            "227177",
            "250983",
            "311975",
            "314119",
            "359817",
            "359818",
            "388082",
            "636353"
          ]
        }
      ]
    }
  },
  "sub_id": "a",
  "subtitle": "Use Assessment",
  "short_subtitle": "Use",
  "numerator": {
    "or": [
      {
        "category": "Patient Characteristic",
        "title": "Tobacco user"
      },
      {
        "category": "Patient Characteristic",
        "title": "Tobacco non-user"
      }
    ]
  },
  "denominator": {
  }
}