{
  "endorser": "NQF",
  "id": "0031",
  "properties": [
    "NQF_Retooled_Measure_0031.xlsx.json"
  ],
  "name": "Breast Cancer Screening",
  "description": "The percentage of women 40-69 years of age who had a mammogram to screen for breast cancer.",
  "category": "Women's Health",
  "steward": "NCQA",
  "parameters": {
    "effective_date": {
      "description": "Effective end date for measure",
      "type": "number",
      "format": "utc-sec"
    }
  },
  "patient": {
    "birthdate": {
      "description": "Date of birth",
      "type": "number",
      "standard_category": "patient_characteristic",
      "format": "utc-sec",
      "codes": [
        {
          "set": "HL7",
          "version": "3.0",
          "values": [
            "00110"
          ]
        }
      ]
    }
  },
  "population": {
    "and": [
      {
        "category": "Patient Characteristic",
        "title": "41 <= age <= 68"
      }
    ]
  },
  "denominator": {
    "and": [
      {
        "category": "Encounter",
        "title": "Outpatient within 2 years of measurement period end"
      },
      {
        "or": [
          {
            "category": "Procedure NOT performed",
            "title": "Bilateral mastectomy, before measurement period end"
          },
          {
            "category": "Procedure performed",
            "title": "No more than 1 unilateral mastectomy with no bilateral mastectomy modifier, before measurement period end"
          }
        ]
      }
    ]
  },
  "numerator": {
    "and": [
      {
        "category": "Diagnostic Study",
        "title": "Breast cancer screen performed within 2 years of measurement period end"
      }
    ]
  },
  "exclusions": {
  },
  "map_fn": "function() {\n  var patient = this;\n  var measure = patient.measures[\"0031\"];\n  if (measure == null)\n    measure={};\n\n  <%= init_js_frameworks %>\n\n  var day = 24 * 60 * 60;\n  var year = 365 * day;\n  var effective_date = <%= effective_date %>;\n\n  var measurement_period_start = effective_date - (1 * year);\n  var earliest_birthdate = earliestBirthdayForThisAge(68, measurement_period_start);\n  var latest_birthdate = latestBirthdayForThisAge(41, measurement_period_start);\n  var earliest_encounter = effective_date - (2 * year);\n\n  var population = function() {\n    return inRange(patient.birthdate, earliest_birthdate, latest_birthdate);\n  }\n\n  var denominator = function() {\n    var outpatient_encounter = inRange(measure.encounter_outpatient_encounter, earliest_encounter, effective_date);\n    // look for bilateral mastectomy or unilateral mastectomy\n    unilateral = _.uniq(normalize(measure.unilateral_mastectomy_procedure_performed));\n    bilateral = normalize(measure.bilateral_mastectomy_procedure_performed);\n    modifier = normalize(measure.bilateral_mastectomy_modifier_procedure_performed);\n    var no_breast = (\n      (bilateral.length > 0) ||\n      (unilateral.length > 0 && modifier.length > 0) ||\n      (unilateral.length > 1)  \n    );\n    return (outpatient_encounter && !no_breast);\n  }\n\n  var numerator = function() {\n    return inRange(measure.breast_cancer_screening_diagnostic_study_performed, earliest_encounter, effective_date);\n  }\n\n  var exclusion = function() {\n    return false;\n  }\n\n  map(patient, population, denominator, numerator, exclusion);\n};",
  "measure": {
    "bilateral_mastectomy_procedure_performed": {
      "standard_concept": "bilateral_mastectomy",
      "standard_category": "procedure",
      "standard_concept_id": "N_c443",
      "qds_data_type": "procedure_performed",
      "qds_id": "N_1939",
      "type": "array",
      "items": {
        "type": "number",
        "format": "utc-sec"
      },
      "codes": [
        {
          "set": "ICD-9-CM",
          "version": "06/2009",
          "standard_concept": "bilateral_mastectomy",
          "standard_concept_id": "N_c77",
          "qds_id": "N_1282",
          "values": [
            "85.42",
            "85.44",
            "85.46",
            "85.48"
          ]
        },
        {
          "set": "SNOMED-CT",
          "version": "07/2009",
          "standard_concept": "bilateral_mastectomy",
          "standard_concept_id": "N_c83",
          "qds_id": "N_1283",
          "values": [
            "14693006",
            "14714006",
            "17086001",
            "172046003",
            "172049005",
            "22418005",
            "237370008",
            "27865001",
            "287654001",
            "359734005",
            "359740003",
            "367502008",
            "384723003",
            "395165008",
            "52314009",
            "59860000",
            "60633004",
            "66398006",
            "76468001"
          ]
        }
      ]
    },
    "breast_cancer_screening_diagnostic_study_performed": {
      "standard_concept": "breast_cancer_screening",
      "standard_category": "diagnostic_study",
      "standard_concept_id": "N_c444",
      "qds_data_type": "diagnostic_study_performed",
      "qds_id": "N_1941",
      "type": "array",
      "items": {
        "type": "number",
        "format": "utc-sec"
      },
      "codes": [
        {
          "set": "ICD-10-CM",
          "version": "06/2009",
          "standard_concept": "breast_cancer_screening",
          "standard_concept_id": "N_c81",
          "qds_id": "N_100",
          "values": [
            "Z12.31"
          ]
        },
        {
          "set": "SNOMED-CT",
          "version": "07/2009",
          "standard_concept": "breast_cancer_screening",
          "standard_concept_id": "N_c82",
          "qds_id": "N_101",
          "values": [
            "12389009",
            "241055006",
            "241056007",
            "241057003",
            "241058008",
            "241189009",
            "241539009",
            "24623002",
            "258172002",
            "35482003",
            "418074003",
            "418378007",
            "43204002",
            "439324009",
            "71651007"
          ]
        },
        {
          "set": "CPT",
          "version": "06/2009",
          "standard_concept": "breast_cancer_screening",
          "standard_concept_id": "N_c72",
          "qds_id": "N_90",
          "values": [
            "76090",
            "76091",
            "76092",
            "77055",
            "77056",
            "77057"
          ]
        },
        {
          "set": "HCPCS",
          "version": "06/2009",
          "standard_concept": "breast_cancer_screening",
          "standard_concept_id": "N_c73",
          "qds_id": "N_91",
          "values": [
            "G0202",
            "G0204",
            "G0206"
          ]
        },
        {
          "set": "ICD-9-CM",
          "version": "06/2009",
          "standard_concept": "breast_cancer_screening",
          "standard_concept_id": "N_c74",
          "qds_id": "N_92",
          "values": [
            "87.36",
            "87.37",
            "V76.11",
            "V76.12"
          ]
        }
      ]
    },
    "encounter_outpatient_encounter": {
      "standard_concept": "encounter_outpatient",
      "standard_category": "encounter",
      "standard_concept_id": "N_c552",
      "qds_data_type": "encounter",
      "qds_id": "N_1938",
      "type": "array",
      "items": {
        "type": "number",
        "format": "utc-sec"
      },
      "codes": [
        {
          "set": "ICD-9-CM",
          "version": "06/2009",
          "standard_concept": "encounter_outpatient",
          "standard_concept_id": "N_c159",
          "qds_id": "N_1686",
          "values": [
            "V70.0",
            "V70.3",
            "V70.5",
            "V70.6",
            "V70.8",
            "V70.9"
          ]
        },
        {
          "set": "CPT",
          "version": "06/2009",
          "standard_concept": "encounter_outpatient",
          "standard_concept_id": "N_c27",
          "qds_id": "N_381",
          "values": [
            "99201",
            "99202",
            "99203",
            "99204",
            "99205",
            "99211",
            "99212",
            "99213",
            "99214",
            "99215",
            "99217",
            "99218",
            "99219",
            "99220",
            "99241",
            "99242",
            "99243",
            "99244",
            "99245",
            "99341",
            "99342",
            "99343",
            "99344",
            "99345",
            "99347",
            "99348",
            "99349",
            "99350",
            "99384",
            "99385",
            "99386",
            "99387",
            "99394",
            "99395",
            "99396",
            "99397",
            "99401",
            "99402",
            "99403",
            "99404",
            "99411",
            "99412",
            "99420",
            "99429",
            "99455",
            "99456"
          ]
        }
      ]
    },
    "unilateral_mastectomy_procedure_performed": {
      "standard_concept": "unilateral_mastectomy",
      "standard_category": "procedure",
      "standard_concept_id": "N_c445",
      "qds_data_type": "procedure_performed",
      "qds_id": "N_1940",
      "type": "array",
      "items": {
        "type": "number",
        "format": "utc-sec"
      },
      "codes": [
        {
          "set": "CPT",
          "version": "06/2009",
          "standard_concept": "unilateral_mastectomy_cpt",
          "standard_concept_id": "N_c79",
          "qds_id": "N_1284",
          "values": [
            "19180",
            "19200",
            "19220",
            "19240",
            "19303",
            "19304",
            "19305",
            "19306",
            "19307"
          ]
        },
        {
          "set": "ICD-9-CM",
          "version": "06/2009",
          "standard_concept": "unilateral_mastectomy",
          "standard_concept_id": "N_c80",
          "qds_id": "N_1285",
          "values": [
            "85.41",
            "85.43",
            "85.45",
            "85.47"
          ]
        },
        {
          "set": "SNOMED-CT",
          "version": "07/2009",
          "standard_concept": "unilateral_mastectomy",
          "standard_concept_id": "N_c85",
          "qds_id": "N_1286",
          "values": [
            "172043006",
            "172044000",
            "237367009",
            "237368004",
            "274957008",
            "287653007",
            "318190001",
            "359728003",
            "359731002",
            "395702000",
            "406505007",
            "41104003",
            "428564008",
            "428571003",
            "429400009",
            "70183006"
          ]
        }
      ]
    },
    "bilateral_mastectomy_modifier_procedure_performed": {
      "standard_concept": "bilateral_mastectomy_modifier",
      "standard_category": "procedure",
      "standard_concept_id": "N_c46",
      "qds_data_type": "procedure_performed",
      "qds_id": "N_1281",
      "type": "array",
      "items": {
        "type": "number",
        "format": "utc-sec"
      },
      "codes": [
        {
          "set": "CPT-Mod",
          "version": "06/2009",
          "standard_concept": "bilateral_mastectomy_modifier",
          "standard_concept_id": "N_c46",
          "qds_id": "N_1281",
          "values": [
            "09950",
            ".50"
          ]
        }
      ]
    }
  }
}