{
  "endorser": "NQF",
  "id": "0033",
  "properties": [
    "NQF_Retooled_Measure_0033.xlsx.json"
  ],
  "name": "Chlamydia Screening for Women",
  "description": "The percentage of women 15‐24 years of age who were identified as sexually active and who had at least one test for chlamydia during the measurement year.",
  "category": "Women's Health",
  "steward": "NCQA",
  "parameters": {
    "effective_date": {
      "description": "Effective end date for measure",
      "type": "number",
      "format": "utc-sec"
    }
  },
  "patient": {
    "birthdate": {
      "description": "Date of birth",
      "type": "number",
      "category_type": "patient_characteristic",
      "format": "utc-sec",
      "codes": [
        {
          "set": "HL7",
          "version": "3.0",
          "values": [
            "00110"
          ]
        }
      ]
    }
  },
  "denominator": {
    "conjunction": "and",
    "items": [
      {
        "category": "Encounter",
        "title": "Outpatient, before or simultaneously to the measurement end date"
      },
      {
        "conjunction": "or",
        "items": [
          {
            "category": "Procedure Performed",
            "title": "Procedure Indicative of Sexually Active Women, during the measurement period"
          },
          {
            "category": "Laboratory Test Performed or Result",
            "title": "Pregnancy test, during the measurement period"
          },
          {
            "category": "Device Applied or Allergy",
            "title": "IUD, before or simultaneously to the measurement end date"
          },
          {
            "category": "Communication to Patient",
            "title": "Contraceptive use education, before or simultaneously to the measurement end date"
          },
          {
            "category": "Medication Active, Order or Dispensed",
            "title": "Contraceptives, before or simultaneously to the measurement end date"
          },
          {
            "category": "Encounter",
            "title": "Pregnancy, during the measurement period"
          },
          {
            "category": "Laboratory Test Performed",
            "title": "Lab test indicative of sexually active women, before or simultaneously to the measurement end date"
          },
          {
            "category": "Diagnosis Active",
            "title": "Sexually active woman, before or simultaneously to the measurement end date"
          }
        ]
      }
    ]
  },
  "numerator": {
    "conjunction": "or",
    "items": [
      {
        "category": "Laboratory Test Performed",
        "title": "Chlamydia screening, during the measurement period"
      },
      {
        "category": "Laboratory Test Result",
        "title": "Chlamydia screening, during the measurement period"
      }
    ]
  },
  "exclusions": {
    "conjunction": "and",
    "items": [
      {
        "category": "Laboratory Test Performed or Result",
        "title": "Pregnancy test, during the measurement period"
      },
      {
        "conjunction": "or",
        "items": [
          {
            "category": "Medication Active, Order or Dispensed",
            "title": "Retinoid within 7 days of pregnancy test"
          },
          {
            "category": "Diagnostic study performed or result",
            "title": "X-Ray within 7 days of pregnancy test"
          }
        ]
      }
    ]
  },
  "map_fn": "function () {\n  var patient = this;\n  var measure = patient.measures[\"0033\"];\n  if (measure==null)\n    measure={};\n\n  <%= init_js_frameworks %>\n\n  var day = 24 * 60 * 60;\n  var year = 365 * day;\n  var effective_date = <%= effective_date %>;\n  var measurement_period_start = effective_date - 1*year;\n/*\n            AND: “Patient characteristic: birth date” (age) >=15 and <= 23 years (at beginning of measurement period) \n                  to expect screening for patients within one year after reaching 15 years until 24 years;\n*/\n var earliest_birthdate = earliestBirthdayForThisAge(23, measurement_period_start);\n var latest_birthdate = latestBirthdayForThisAge(15, measurement_period_start);\n  var earliest_encounter = effective_date - 1 * year;\n  var pregnancy_tests = normalize(measure.pregnancy_test_laboratory_test_performed,\n    measure.pregnancy_test_laboratory_test_result);\n\n  var population = function() {\n    return inRange(patient.birthdate, earliest_birthdate, latest_birthdate);\n  }\n\n  var denominator = function() {\n    return chlamydiaDenominator(measure, pregnancy_tests, earliest_encounter, effective_date);\n  }\n  \n  var numerator = function() {\n    var screening = normalize(measure.chlamydia_screening_laboratory_test_performed,\n      measure.chlamydia_screening_laboratory_test_result);\n    return inRange(screening, earliest_encounter, effective_date);\n  }\n  \n  var exclusion = function() {\n    return chlamydiaExclusion(measure, pregnancy_tests, earliest_encounter, effective_date);\n  }\n\n  map(patient, population, denominator, numerator, exclusion);\n};\n",
  "measure": {
    "chlamydia_screening_laboratory_test_result": {
      "standard_concept": "chlamydia_screening",
      "standard_category": "laboratory_test",
      "standard_concept_id": "N_c486",
      "qds_data_type": "laboratory_test_result",
      "qds_id": "N_1828",
      "type": "array",
      "items": {
        "type": "number",
        "format": "utc-sec"
      },
      "codes": [
        {
          "set": "SNOMED-CT",
          "version": "07/2009",
          "standard_concept": "chlamydia_screening",
          "standard_concept_id": "N_c220",
          "qds_id": "N_696",
          "values": [
            "104281002",
            "104282009",
            "117775008",
            "121258006",
            "121953005",
            "121954004",
            "121955003",
            "121956002",
            "121957006",
            "121958001",
            "121959009",
            "122172008",
            "122173003",
            "122254005",
            "122322003",
            "134254001",
            "134255000",
            "134256004",
            "1484819014",
            "1484820015",
            "1488887010",
            "1488888017",
            "148888901"
          ]
        },
        {
          "set": "LOINC",
          "version": "06/2009",
          "standard_concept": "chlamydia_screening",
          "standard_concept_id": "N_c219",
          "qds_id": "N_695",
          "values": [
            "14463-4",
            "14464-2",
            "14467-5",
            "14470-9",
            "14471-7",
            "14474-1",
            "14509-4",
            "14510-2",
            "14513-6",
            "16600-9",
            "16601-7",
            "21189-6",
            "21190-4",
            "21191-2",
            "21192-0",
            "21613-5",
            "23838-6",
            "31771-9",
            "31772-7",
            "31775-0",
            "31777-6",
            "4993-2",
            "50387-0",
            "53925-4",
            "53926-2"
          ]
        }
      ]
    },
    "encounter_outpatient_encounter": {
      "standard_concept": "encounter_outpatient",
      "standard_category": "encounter",
      "standard_concept_id": "N_c552",
      "qds_data_type": "encounter",
      "qds_id": "N_1825",
      "type": "array",
      "items": {
        "type": "number",
        "format": "utc-sec"
      },
      "codes": [
        {
          "set": "CPT",
          "version": "06/2009",
          "standard_concept": "encounter_outpatient",
          "standard_concept_id": "N_c27",
          "qds_id": "N_685",
          "values": [
            "99201",
            "99202",
            "99203",
            "99204",
            "99205",
            "99211",
            "99212",
            "99213",
            "99214",
            "99215",
            "99217",
            "99218",
            "99219",
            "99220",
            "99241",
            "99242",
            "99243",
            "99244",
            "99245",
            "99341",
            "99342",
            "99343",
            "99344",
            "99345",
            "99347",
            "99348",
            "99349",
            "99350",
            "99384",
            "99385",
            "99386",
            "99387",
            "99394",
            "99395",
            "99396",
            "99397",
            "99401",
            "99402",
            "99403",
            "99404",
            "99411",
            "99412",
            "99420",
            "99429",
            "99455",
            "99456"
          ]
        },
        {
          "set": "ICD-9-CM",
          "version": "06/2009",
          "standard_concept": "encounter_outpatient",
          "standard_concept_id": "N_c159",
          "qds_id": "N_686",
          "values": [
            "V70.0",
            "V70.3",
            "V70.5",
            "V70.6",
            "V70.8",
            "V70.9"
          ]
        }
      ]
    },
    "laboratory_tests_indicative_of_sexually_active_women_laboratory_test_performed": {
      "standard_concept": "laboratory_tests_indicative_of_sexually_active_women",
      "standard_category": "laboratory_test",
      "standard_concept_id": "N_c525",
      "qds_data_type": "laboratory_test_performed",
      "qds_id": "N_1688",
      "type": "array",
      "items": {
        "type": "number",
        "format": "utc-sec"
      },
      "codes": [
        {
          "set": "LOINC",
          "version": "06/2009",
          "standard_concept": "laboratory_tests_indicative_of_sexually_active_women",
          "standard_concept_id": "N_c210",
          "qds_id": "N_691",
          "values": [
            "10705-2",
            "11083-3",
            "11084-1",
            "11481-9",
            "11597-2",
            "12222-6",
            "12223-4",
            "14499-8",
            "14500-3",
            "14502-9",
            "14503-7",
            "14504-5",
            "14506-0",
            "15019-3",
            "16280-0",
            "17398-9",
            "17399-7",
            "17400-3",
            "17401-1",
            "17402-9",
            "17403-7",
            "17404-5",
            "17405-2",
            "17406-0",
            "17407-8",
            "17408-6",
            "17409-4",
            "17410-2",
            "17411-0",
            "17412-8",
            "17723-8",
            "17724-6",
            "17725-3",
            "17726-1",
            "17727-9",
            "17728-7",
            "17729-5",
            "1832-5",
            "1834-1",
            "19080-1",
            "19171-8",
            "19176-7",
            "19177-5",
            "20403-2",
            "20404-0",
            "20415-6",
            "20507-0",
            "20508-8",
            "21414-8",
            "21415-5",
            "21416-3",
            "21440-3",
            "21441-1",
            "22461-8",
            "22462-6",
            "22587-0",
            "22590-4",
            "22592-0",
            "22594-6",
            "24110-9",
            "24111-7",
            "24312-1",
            "26009-1",
            "29311-8",
            "30167-1",
            "31147-2",
            "31905-3",
            "31906-1",
            "31993-9",
            "32198-4",
            "32199-2",
            "32705-6",
            "34147-9",
            "34382-2",
            "34493-7",
            "34656-9",
            "34718-7",
            "35457-1",
            "36902-5",
            "36903-3",
            "38372-9",
            "40679-3",
            "40680-1",
            "41273-4",
            "41274-2",
            "42316-0",
            "42481-2",
            "42931-6",
            "43304-5",
            "43305-2",
            "43403-5",
            "43404-3",
            "43406-8",
            "43798-8",
            "44543-7",
            "44544-5",
            "44546-0",
            "44547-8",
            "44549-4",
            "44550-2",
            "44806-8",
            "44807-6",
            "45067-6",
            "45068-4",
            "45069-2",
            "45070-0",
            "45074-2",
            "45076-7",
            "45078-3",
            "45080-9",
            "45084-1",
            "45091-6",
            "45095-7",
            "45098-1",
            "45100-5",
            "45327-4",
            "45331-6",
            "45332-4",
            "46731-6",
            "46989-0",
            "47211-8",
            "47212-6",
            "47236-5",
            "47237-3",
            "47238-1",
            "47387-6",
            "48030-1",
            "48039-2",
            "48560-7",
            "48781-9",
            "49096-1",
            "49246-2",
            "49318-9",
            "49891-5",
            "49896-4",
            "5028-6",
            "50388-8",
            "50690-7",
            "51838-1",
            "51839-9",
            "5291-0",
            "5292-8",
            "53605-2",
            "53762-1",
            "53879-3",
            "5392-6",
            "53927-0",
            "5393-4",
            "5394-2",
            "55299-2",
            "557-9",
            "560-3",
            "6487-3",
            "6488-1",
            "6489-9",
            "6510-2",
            "6511-0",
            "6514-4",
            "6516-9",
            "6561-5",
            "6562-3",
            "660-1",
            "688-2",
            "690-8",
            "691-6",
            "692-4",
            "693-2",
            "698-1",
            "7975-6",
            "8041-6"
          ]
        },
        {
          "set": "CPT",
          "version": "06/2009",
          "standard_concept": "laboratory_tests_indicative_of_sexually_active_women",
          "standard_concept_id": "N_c518",
          "qds_id": "N_1619",
          "values": [
            "86592",
            "86593",
            "87164",
            "87166",
            "87590",
            "87591",
            "87592",
            "87620",
            "87621",
            "87622",
            "87660",
            "87800",
            "87801",
            "87808",
            "87850"
          ]
        }
      ]
    },
    "pregnancy_test_laboratory_test_performed": {
      "standard_concept": "pregnancy_test",
      "standard_category": "laboratory_test",
      "standard_concept_id": "N_c526",
      "qds_data_type": "laboratory_test_performed",
      "qds_id": "N_1689",
      "type": "array",
      "items": {
        "type": "number",
        "format": "utc-sec"
      },
      "codes": [
        {
          "set": "CPT",
          "version": "06/2009",
          "standard_concept": "pregnancy_test",
          "standard_concept_id": "N_c212",
          "qds_id": "N_697",
          "values": [
            "81025",
            "84702",
            "84703"
          ]
        },
        {
          "set": "LOINC",
          "version": "06/2009",
          "standard_concept": "pregnancy_test",
          "standard_concept_id": "N_c214",
          "qds_id": "N_1879",
          "values": [
            "19080-1",
            "19180-9",
            "20415-6",
            "20994-0",
            "2106-3",
            "2107-1",
            "2110-5",
            "2111-3",
            "2112-1",
            "2113-9",
            "2114-7",
            "2115-4",
            "2118-8",
            "2119-6",
            "21198-7",
            "25372-4",
            "25373-2",
            "34670-0"
          ]
        },
        {
          "set": "CPT",
          "version": "06/2009",
          "standard_concept": "pregnancy_test",
          "standard_concept_id": "N_c212",
          "qds_id": "N_1880",
          "values": [
            "81025",
            "84702",
            "84703"
          ]
        },
        {
          "set": "LOINC",
          "version": "06/2009",
          "standard_concept": "pregnancy_test",
          "standard_concept_id": "N_c214",
          "qds_id": "N_698",
          "values": [
            "19080-1",
            "19180-9",
            "20415-6",
            "20994-0",
            "2106-3",
            "2107-1",
            "2110-5",
            "2111-3",
            "2112-1",
            "2113-9",
            "2114-7",
            "2115-4",
            "2118-8",
            "2119-6",
            "21198-7",
            "25372-4",
            "25373-2",
            "34670-0"
          ]
        },
        {
          "set": "LOINC",
          "version": "06/2009",
          "standard_concept": "pregnancy_test",
          "standard_concept_id": "N_c214",
          "qds_id": "N_1881",
          "values": [
            "19080-1",
            "19180-9",
            "20415-6",
            "20994-0",
            "2106-3",
            "2107-1",
            "2110-5",
            "2111-3",
            "2112-1",
            "2113-9",
            "2114-7",
            "2115-4",
            "2118-8",
            "2119-6",
            "21198-7",
            "25372-4",
            "25373-2",
            "34670-0"
          ]
        }
      ]
    },
    "pregnancy_test_laboratory_test_result": {
      "standard_concept": "pregnancy_test",
      "standard_category": "laboratory_test",
      "standard_concept_id": "N_c526",
      "qds_data_type": "laboratory_test_result",
      "qds_id": "N_1690",
      "type": "array",
      "items": {
        "type": "number",
        "format": "utc-sec"
      },
      "codes": [
        {
          "set": "CPT",
          "version": "06/2009",
          "standard_concept": "pregnancy_test",
          "standard_concept_id": "N_c212",
          "qds_id": "N_697",
          "values": [
            "81025",
            "84702",
            "84703"
          ]
        },
        {
          "set": "LOINC",
          "version": "06/2009",
          "standard_concept": "pregnancy_test",
          "standard_concept_id": "N_c214",
          "qds_id": "N_1879",
          "values": [
            "19080-1",
            "19180-9",
            "20415-6",
            "20994-0",
            "2106-3",
            "2107-1",
            "2110-5",
            "2111-3",
            "2112-1",
            "2113-9",
            "2114-7",
            "2115-4",
            "2118-8",
            "2119-6",
            "21198-7",
            "25372-4",
            "25373-2",
            "34670-0"
          ]
        },
        {
          "set": "CPT",
          "version": "06/2009",
          "standard_concept": "pregnancy_test",
          "standard_concept_id": "N_c212",
          "qds_id": "N_1880",
          "values": [
            "81025",
            "84702",
            "84703"
          ]
        },
        {
          "set": "LOINC",
          "version": "06/2009",
          "standard_concept": "pregnancy_test",
          "standard_concept_id": "N_c214",
          "qds_id": "N_698",
          "values": [
            "19080-1",
            "19180-9",
            "20415-6",
            "20994-0",
            "2106-3",
            "2107-1",
            "2110-5",
            "2111-3",
            "2112-1",
            "2113-9",
            "2114-7",
            "2115-4",
            "2118-8",
            "2119-6",
            "21198-7",
            "25372-4",
            "25373-2",
            "34670-0"
          ]
        },
        {
          "set": "LOINC",
          "version": "06/2009",
          "standard_concept": "pregnancy_test",
          "standard_concept_id": "N_c214",
          "qds_id": "N_1881",
          "values": [
            "19080-1",
            "19180-9",
            "20415-6",
            "20994-0",
            "2106-3",
            "2107-1",
            "2110-5",
            "2111-3",
            "2112-1",
            "2113-9",
            "2114-7",
            "2115-4",
            "2118-8",
            "2119-6",
            "21198-7",
            "25372-4",
            "25373-2",
            "34670-0"
          ]
        }
      ]
    },
    "procedures_indicative_of_sexually_active_woman_procedure_performed": {
      "standard_concept": "procedures_indicative_of_sexually_active_woman",
      "standard_category": "procedure",
      "standard_concept_id": "N_c487",
      "qds_data_type": "procedure_performed",
      "qds_id": "N_1486",
      "type": "array",
      "items": {
        "type": "number",
        "format": "utc-sec"
      },
      "codes": [
        {
          "set": "HCPCS",
          "version": "06/2009",
          "standard_concept": "procedures_indicative_of_sexually_active_woman",
          "standard_concept_id": "N_c208",
          "qds_id": "N_689",
          "values": [
            "G0101",
            "G0123",
            "G0124",
            "G0141",
            "G0143",
            "G0144",
            "G0145",
            "G0147",
            "G0148",
            "H1000",
            "H1001",
            "H1003",
            "H1004",
            "H1005",
            "P3000",
            "P3001",
            "Q0091",
            "S0180",
            "S0199",
            "S4981",
            "S8055"
          ]
        },
        {
          "set": "ICD-9-CM",
          "version": "06/2009",
          "standard_concept": "procedures_indicative_of_sexually_active_woman",
          "standard_concept_id": "N_c209",
          "qds_id": "N_690",
          "values": [
            "69.01",
            "69.02",
            "69.51",
            "69.52",
            "69.7",
            "72",
            "73",
            "74",
            "75",
            "88.78",
            "97.24",
            "97.71",
            "97.73",
            "V15.7",
            "V76.2"
          ]
        },
        {
          "set": "CPT",
          "version": "06/2009",
          "standard_concept": "procedures_indicative_of_sexually_active_woman",
          "standard_concept_id": "N_c207",
          "qds_id": "N_688",
          "values": [
            "11975",
            "11976",
            "11977",
            "57022",
            "57170",
            "58300",
            "58301",
            "58600",
            "58605",
            "58611",
            "58615",
            "58970",
            "58974",
            "58976",
            "59000",
            "59001",
            "59012",
            "59015",
            "59020",
            "59025",
            "59030",
            "59050",
            "59051",
            "59070",
            "59072",
            "59074",
            "59076",
            "59100",
            "59120",
            "59121",
            "59130",
            "59135",
            "59136",
            "59140",
            "59150",
            "59151",
            "59160",
            "59200",
            "59300",
            "59320",
            "59325",
            "59350",
            "59400",
            "59409",
            "59410",
            "59412",
            "59414",
            "59425",
            "59426",
            "59430",
            "59510",
            "59514",
            "59515",
            "59525",
            "59610",
            "59612",
            "59614",
            "59618",
            "59620",
            "59622",
            "59812",
            "59820",
            "59821",
            "59830",
            "59840",
            "59841",
            "59850",
            "59851",
            "59852",
            "59855",
            "59856",
            "59857",
            "59866",
            "59870",
            "59871",
            "59897",
            "59898",
            "59899",
            "76801",
            "76805",
            "76811",
            "76813",
            "76815",
            "76816",
            "76817",
            "76818",
            "76819",
            "76820",
            "76821",
            "76825",
            "76826",
            "76827",
            "76828",
            "76941",
            "76945",
            "76946",
            "80055",
            "81025",
            "82105",
            "82106",
            "82143",
            "82731",
            "83632",
            "83661",
            "83662",
            "83663",
            "83664",
            "84163",
            "84702",
            "84703",
            "84704",
            "86592",
            "86593",
            "86631",
            "86632",
            "87110",
            "87164",
            "87166",
            "87270",
            "87320",
            "87490",
            "87491",
            "87492",
            "87590",
            "87591",
            "87592",
            "87620",
            "87621",
            "87622",
            "87660",
            "87800",
            "87801",
            "87808",
            "87810",
            "87850",
            "88141",
            "88142",
            "88143",
            "88147",
            "88148",
            "88150",
            "88152",
            "88153",
            "88154",
            "88155",
            "88164",
            "88165",
            "88166",
            "88167",
            "88174",
            "88175",
            "88235",
            "88267",
            "88269"
          ]
        }
      ]
    },
    "sexually_active_woman_diagnosis_active": {
      "standard_concept": "sexually_active_woman",
      "standard_category": "diagnosis_condition_problem",
      "standard_concept_id": "N_c416",
      "qds_data_type": "diagnosis_active",
      "qds_id": "N_1841",
      "type": "array",
      "items": {
        "type": "number",
        "format": "utc-sec"
      },
      "codes": [
        {
          "set": "ICD-9-CM",
          "version": "06/2009",
          "standard_concept": "sexually_active_woman",
          "standard_concept_id": "N_c580",
          "qds_id": "N_1902",
          "values": [
            "054.10",
            "054.11",
            "054.12",
            "054.19",
            "078.11",
            "078.88",
            "079.4",
            "079.51",
            "079.52",
            "079.53",
            "079.88",
            "079.98",
            "091",
            "091.0",
            "091.1",
            "091.2",
            "091.3",
            "091.4",
            "091.5",
            "091.50",
            "091.51",
            "091.52",
            "091.6",
            "091.61",
            "091.62",
            "091.69",
            "091.7",
            "091.8",
            "091.81",
            "091.82",
            "091.89",
            "091.9",
            "092",
            "092.0",
            "092.9",
            "093",
            "093.0",
            "093.1",
            "093.2",
            "093.20",
            "093.21",
            "093.22",
            "093.23",
            "093.24",
            "093.8",
            "093.81",
            "093.82",
            "093.89",
            "093.9",
            "094",
            "094.0",
            "094.1",
            "094.2",
            "094.3",
            "094.8",
            "094.81",
            "094.82",
            "094.83",
            "094.84",
            "094.85",
            "094.86",
            "094.87",
            "094.89",
            "094.9",
            "095",
            "095.0",
            "095.1",
            "095.2",
            "095.3",
            "095.4",
            "095.5",
            "095.6",
            "095.7",
            "095.8",
            "095.9",
            "096",
            "097",
            "097.0",
            "097.1",
            "097.9",
            "098.0",
            "098.10",
            "098.11",
            "098.15",
            "098.16",
            "098.17",
            "098.19",
            "098.2",
            "098.30",
            "098.31",
            "098.35",
            "098.36",
            "098.37",
            "098.39",
            "098.4",
            "098.40",
            "098.41",
            "098.42",
            "098.43",
            "098.49",
            "098.5",
            "098.50",
            "098.51",
            "098.52",
            "098.53",
            "098.59",
            "098.6",
            "098.7",
            "098.8",
            "098.81",
            "098.82",
            "098.83",
            "098.84",
            "098.85",
            "098.86",
            "098.89",
            "099",
            "099.0",
            "099.1",
            "099.2",
            "099.3",
            "099.4",
            "099.40",
            "099.41",
            "099.49",
            "099.5",
            "099.50",
            "099.51",
            "099.52",
            "099.53",
            "099.54",
            "099.55",
            "099.56",
            "099.59",
            "099.8",
            "099.9",
            "131",
            "131.0",
            "131.00",
            "131.01",
            "131.02",
            "131.03",
            "131.09",
            "131.8",
            "131.9",
            "339.82",
            "614",
            "614.0",
            "614.1",
            "614.2",
            "614.3",
            "614.4",
            "614.5",
            "614.6",
            "614.7",
            "614.8",
            "614.9",
            "615",
            "615.0",
            "615.1",
            "615.9",
            "616",
            "616.0",
            "616.1",
            "616.10",
            "616.11",
            "616.2",
            "616.3",
            "616.4",
            "616.5",
            "616.50",
            "616.51",
            "616.8",
            "616.81",
            "616.89",
            "616.9",
            "622.3",
            "623.4",
            "626.7",
            "628",
            "628.0",
            "628.1",
            "628.2",
            "628.3",
            "628.4",
            "628.8",
            "628.9"
          ]
        },
        {
          "set": "ICD-10-CM",
          "version": "2010",
          "standard_concept": "sexually_active_woman",
          "standard_concept_id": "N_c591",
          "qds_id": "N_1903",
          "values": [
            "A54.6",
            "A54.8",
            "A54.81",
            "A54.82",
            "A54.84",
            "A54.85",
            "A54.86",
            "A54.89",
            "A54.9",
            "A55",
            "A56",
            "A56.0",
            "A56.00",
            "A56.01",
            "A56.02",
            "A56.09",
            "A56.1",
            "A56.11",
            "A56.19",
            "A56.2",
            "A56.3",
            "A56.4",
            "A56.8",
            "A57",
            "A58",
            "A59",
            "A59.0",
            "A59.00",
            "A59.01",
            "A59.02",
            "A59.03",
            "A59.09",
            "A59.8",
            "A59.9",
            "A60",
            "A60.0",
            "A60.00",
            "A60.03",
            "A60.04",
            "A60.09",
            "A60.1",
            "A60.9",
            "A63",
            "A63.0",
            "A63.8",
            "A64",
            "D27",
            "Z70",
            "Z70.0",
            "Z70.2",
            "Z70.3",
            "Z70.8",
            "Z70.9",
            "Z72.5",
            "Z72.51",
            "Z72.52",
            "Z72.53"
          ]
        },
        {
          "set": "SNOMED-CT",
          "version": null,
          "standard_concept": "sexually_active_woman",
          "standard_concept_id": "N_c581",
          "qds_id": "N_1904",
          "values": [
            "228453005",
            "8098009"
          ]
        }
      ]
    },
    "x_ray_study_diagnostic_study_result": {
      "standard_concept": "x_ray_study",
      "standard_category": "diagnostic_study",
      "standard_concept_id": "N_c527",
      "qds_data_type": "diagnostic_study_result",
      "qds_id": "N_1692",
      "type": "array",
      "items": {
        "type": "number",
        "format": "utc-sec"
      },
      "codes": [
        {
          "set": "CPT",
          "version": "06/2009",
          "standard_concept": "x_ray_study",
          "standard_concept_id": "N_c215",
          "qds_id": "N_704",
          "values": [
            "70010",
            "70015",
            "70030",
            "70100",
            "70110",
            "70120",
            "70130",
            "70134",
            "70140",
            "70150",
            "70160",
            "70170",
            "70190",
            "70200",
            "70210",
            "70220",
            "70240",
            "70250",
            "70260",
            "70300",
            "70310",
            "70320",
            "70328",
            "70330",
            "70332",
            "70336",
            "70350",
            "70355",
            "70360",
            "70370",
            "70371",
            "70373",
            "70380",
            "70390",
            "70450",
            "70460",
            "70470",
            "70480",
            "70481",
            "70482",
            "70486",
            "70487",
            "70488",
            "70490",
            "70491",
            "70492",
            "70496",
            "70498",
            "70540",
            "70542",
            "70543",
            "70544",
            "70545",
            "70546",
            "70547",
            "70548",
            "70549",
            "70551",
            "70552",
            "70553",
            "70554",
            "70555",
            "70557",
            "70558",
            "70559",
            "71010",
            "71015",
            "71020",
            "71021",
            "71022",
            "71023",
            "71030",
            "71034",
            "71035",
            "71040",
            "71060",
            "71090",
            "71100",
            "71101",
            "71110",
            "71111",
            "71120",
            "71130",
            "71250",
            "71260",
            "71270",
            "71275",
            "71550",
            "71551",
            "71552",
            "71555",
            "72010",
            "72020",
            "72040",
            "72050",
            "72052",
            "72069",
            "72070",
            "72072",
            "72074",
            "72080",
            "72090",
            "72100",
            "72110",
            "72114",
            "72120",
            "72125",
            "72126",
            "72127",
            "72128",
            "72129",
            "72130",
            "72131",
            "72132",
            "72133",
            "72141",
            "72142",
            "72146",
            "72147",
            "72148",
            "72149",
            "72156",
            "72157",
            "72158",
            "72159",
            "72170",
            "72190",
            "72191",
            "72192",
            "72193",
            "72194",
            "72195",
            "72196",
            "72197",
            "72198",
            "72200",
            "72202",
            "72220",
            "72240",
            "72255",
            "72265",
            "72270",
            "72275",
            "72285",
            "72291",
            "72292",
            "72295",
            "73000",
            "73010",
            "73020",
            "73030",
            "73040",
            "73050",
            "73060",
            "73070",
            "73080",
            "73085",
            "73090",
            "73092",
            "73100",
            "73110",
            "73115",
            "73120",
            "73130",
            "73140",
            "73200",
            "73201",
            "73202",
            "73206",
            "73218",
            "73219",
            "73220",
            "73221",
            "73222",
            "73223",
            "73225",
            "73500",
            "73510",
            "73520",
            "73525",
            "73530",
            "73540",
            "73542",
            "73550",
            "73560",
            "73562",
            "73564",
            "73565",
            "73580",
            "73590",
            "73592",
            "73600",
            "73610",
            "73615",
            "73620",
            "73630",
            "73650",
            "73660",
            "73700",
            "73701",
            "73702",
            "73706",
            "73718",
            "73719",
            "73720",
            "73721",
            "73722",
            "73723",
            "73725",
            "74000",
            "74010",
            "74020",
            "74022",
            "74150",
            "74160",
            "74170",
            "74175",
            "74181",
            "74182",
            "74183",
            "74185",
            "74190",
            "74210",
            "74220",
            "74230",
            "74235",
            "74240",
            "74241",
            "74245",
            "74246",
            "74247",
            "74249",
            "74250",
            "74251",
            "74260",
            "74270",
            "74280",
            "74283",
            "74290",
            "74291",
            "74300",
            "74301",
            "74305",
            "74320",
            "74327",
            "74328",
            "74329",
            "74330",
            "74340",
            "74350",
            "74355",
            "74360",
            "74363",
            "74400",
            "74410",
            "74415",
            "74420",
            "74425",
            "74430",
            "74440",
            "74445",
            "74450",
            "74455",
            "74470",
            "74475",
            "74480",
            "74485",
            "74710",
            "74740",
            "74742",
            "74775",
            "75557",
            "75558",
            "75559",
            "75560",
            "75561",
            "75562",
            "75563",
            "75564",
            "75600",
            "75605",
            "75625",
            "75630",
            "75635",
            "75650",
            "75658",
            "75660",
            "75662",
            "75665",
            "75671",
            "75676",
            "75680",
            "75685",
            "75705",
            "75710",
            "75716",
            "75722",
            "75724",
            "75726",
            "75731",
            "75733",
            "75736",
            "75741",
            "75743",
            "75746",
            "75756",
            "75774",
            "75790",
            "75801",
            "75803",
            "75805",
            "75807",
            "75809",
            "75810",
            "75820",
            "75822",
            "75825",
            "75827",
            "75831",
            "75833",
            "75840",
            "75842",
            "75860",
            "75870",
            "75872",
            "75880",
            "75885",
            "75887",
            "75889",
            "75891",
            "75893",
            "75894",
            "75896",
            "75898",
            "75900",
            "75901",
            "75902",
            "75940",
            "75945",
            "75946",
            "75952",
            "75953",
            "75954",
            "75956",
            "75957",
            "75958",
            "75959",
            "75960",
            "75961",
            "75962",
            "75964",
            "75966",
            "75968",
            "75970",
            "75978",
            "75980",
            "75982",
            "75984",
            "75989",
            "75992",
            "75993",
            "75994",
            "75995",
            "75996",
            "76000",
            "76001",
            "76010",
            "76080",
            "76098",
            "76100",
            "76101",
            "76102",
            "76120",
            "76125",
            "76140",
            "76150",
            "76376",
            "76377",
            "76380",
            "76390",
            "76496",
            "76497",
            "76498",
            "76499"
          ]
        },
        {
          "set": "CPT",
          "version": "06/2009",
          "standard_concept": "x_ray_study",
          "standard_concept_id": "N_c215",
          "qds_id": "N_703",
          "values": [
            "70010",
            "70015",
            "70030",
            "70100",
            "70110",
            "70120",
            "70130",
            "70134",
            "70140",
            "70150",
            "70160",
            "70170",
            "70190",
            "70200",
            "70210",
            "70220",
            "70240",
            "70250",
            "70260",
            "70300",
            "70310",
            "70320",
            "70328",
            "70330",
            "70332",
            "70336",
            "70350",
            "70355",
            "70360",
            "70370",
            "70371",
            "70373",
            "70380",
            "70390",
            "70450",
            "70460",
            "70470",
            "70480",
            "70481",
            "70482",
            "70486",
            "70487",
            "70488",
            "70490",
            "70491",
            "70492",
            "70496",
            "70498",
            "70540",
            "70542",
            "70543",
            "70544",
            "70545",
            "70546",
            "70547",
            "70548",
            "70549",
            "70551",
            "70552",
            "70553",
            "70554",
            "70555",
            "70557",
            "70558",
            "70559",
            "71010",
            "71015",
            "71020",
            "71021",
            "71022",
            "71023",
            "71030",
            "71034",
            "71035",
            "71040",
            "71060",
            "71090",
            "71100",
            "71101",
            "71110",
            "71111",
            "71120",
            "71130",
            "71250",
            "71260",
            "71270",
            "71275",
            "71550",
            "71551",
            "71552",
            "71555",
            "72010",
            "72020",
            "72040",
            "72050",
            "72052",
            "72069",
            "72070",
            "72072",
            "72074",
            "72080",
            "72090",
            "72100",
            "72110",
            "72114",
            "72120",
            "72125",
            "72126",
            "72127",
            "72128",
            "72129",
            "72130",
            "72131",
            "72132",
            "72133",
            "72141",
            "72142",
            "72146",
            "72147",
            "72148",
            "72149",
            "72156",
            "72157",
            "72158",
            "72159",
            "72170",
            "72190",
            "72191",
            "72192",
            "72193",
            "72194",
            "72195",
            "72196",
            "72197",
            "72198",
            "72200",
            "72202",
            "72220",
            "72240",
            "72255",
            "72265",
            "72270",
            "72275",
            "72285",
            "72291",
            "72292",
            "72295",
            "73000",
            "73010",
            "73020",
            "73030",
            "73040",
            "73050",
            "73060",
            "73070",
            "73080",
            "73085",
            "73090",
            "73092",
            "73100",
            "73110",
            "73115",
            "73120",
            "73130",
            "73140",
            "73200",
            "73201",
            "73202",
            "73206",
            "73218",
            "73219",
            "73220",
            "73221",
            "73222",
            "73223",
            "73225",
            "73500",
            "73510",
            "73520",
            "73525",
            "73530",
            "73540",
            "73542",
            "73550",
            "73560",
            "73562",
            "73564",
            "73565",
            "73580",
            "73590",
            "73592",
            "73600",
            "73610",
            "73615",
            "73620",
            "73630",
            "73650",
            "73660",
            "73700",
            "73701",
            "73702",
            "73706",
            "73718",
            "73719",
            "73720",
            "73721",
            "73722",
            "73723",
            "73725",
            "74000",
            "74010",
            "74020",
            "74022",
            "74150",
            "74160",
            "74170",
            "74175",
            "74181",
            "74182",
            "74183",
            "74185",
            "74190",
            "74210",
            "74220",
            "74230",
            "74235",
            "74240",
            "74241",
            "74245",
            "74246",
            "74247",
            "74249",
            "74250",
            "74251",
            "74260",
            "74270",
            "74280",
            "74283",
            "74290",
            "74291",
            "74300",
            "74301",
            "74305",
            "74320",
            "74327",
            "74328",
            "74329",
            "74330",
            "74340",
            "74350",
            "74355",
            "74360",
            "74363",
            "74400",
            "74410",
            "74415",
            "74420",
            "74425",
            "74430",
            "74440",
            "74445",
            "74450",
            "74455",
            "74470",
            "74475",
            "74480",
            "74485",
            "74710",
            "74740",
            "74742",
            "74775",
            "75557",
            "75558",
            "75559",
            "75560",
            "75561",
            "75562",
            "75563",
            "75564",
            "75600",
            "75605",
            "75625",
            "75630",
            "75635",
            "75650",
            "75658",
            "75660",
            "75662",
            "75665",
            "75671",
            "75676",
            "75680",
            "75685",
            "75705",
            "75710",
            "75716",
            "75722",
            "75724",
            "75726",
            "75731",
            "75733",
            "75736",
            "75741",
            "75743",
            "75746",
            "75756",
            "75774",
            "75790",
            "75801",
            "75803",
            "75805",
            "75807",
            "75809",
            "75810",
            "75820",
            "75822",
            "75825",
            "75827",
            "75831",
            "75833",
            "75840",
            "75842",
            "75860",
            "75870",
            "75872",
            "75880",
            "75885",
            "75887",
            "75889",
            "75891",
            "75893",
            "75894",
            "75896",
            "75898",
            "75900",
            "75901",
            "75902",
            "75940",
            "75945",
            "75946",
            "75952",
            "75953",
            "75954",
            "75956",
            "75957",
            "75958",
            "75959",
            "75960",
            "75961",
            "75962",
            "75964",
            "75966",
            "75968",
            "75970",
            "75978",
            "75980",
            "75982",
            "75984",
            "75989",
            "75992",
            "75993",
            "75994",
            "75995",
            "75996",
            "76000",
            "76001",
            "76010",
            "76080",
            "76098",
            "76100",
            "76101",
            "76102",
            "76120",
            "76125",
            "76140",
            "76150",
            "76376",
            "76377",
            "76380",
            "76390",
            "76496",
            "76497",
            "76498",
            "76499"
          ]
        },
        {
          "set": "SNOMED-CT",
          "version": "07/2009",
          "standard_concept": "x_ray_study",
          "standard_concept_id": "N_c516",
          "qds_id": "N_1617",
          "values": [
            "399208008",
            "420233006",
            "426296008",
            "426945003",
            "427961005",
            "428603007",
            "428665002",
            "429148001",
            "429646003",
            "431251007",
            "431557005",
            "431677006",
            "431871005",
            "431892005",
            "432078003",
            "432769002",
            "432770001",
            "432778008",
            "432848006",
            "432906003",
            "433155002",
            "439100007",
            "440607000",
            "440695003"
          ]
        },
        {
          "set": "SNOMED-CT",
          "version": "07/2009",
          "standard_concept": "x_ray_study",
          "standard_concept_id": "N_c516",
          "qds_id": "N_1618",
          "values": [
            "399208008",
            "420233006",
            "426296008",
            "426945003",
            "427961005",
            "428603007",
            "428665002",
            "429148001",
            "429646003",
            "431251007",
            "431557005",
            "431677006",
            "431871005",
            "431892005",
            "432078003",
            "432769002",
            "432770001",
            "432778008",
            "432848006",
            "432906003",
            "433155002",
            "439100007",
            "440607000",
            "440695003"
          ]
        }
      ]
    },
    "x_ray_study_diagnostic_study_performed": {
      "standard_concept": "x_ray_study",
      "standard_category": "diagnostic_study",
      "standard_concept_id": "N_c527",
      "qds_data_type": "diagnostic_study_performed",
      "qds_id": "N_1691",
      "type": "array",
      "items": {
        "type": "number",
        "format": "utc-sec"
      },
      "codes": [
        {
          "set": "CPT",
          "version": "06/2009",
          "standard_concept": "x_ray_study",
          "standard_concept_id": "N_c215",
          "qds_id": "N_704",
          "values": [
            "70010",
            "70015",
            "70030",
            "70100",
            "70110",
            "70120",
            "70130",
            "70134",
            "70140",
            "70150",
            "70160",
            "70170",
            "70190",
            "70200",
            "70210",
            "70220",
            "70240",
            "70250",
            "70260",
            "70300",
            "70310",
            "70320",
            "70328",
            "70330",
            "70332",
            "70336",
            "70350",
            "70355",
            "70360",
            "70370",
            "70371",
            "70373",
            "70380",
            "70390",
            "70450",
            "70460",
            "70470",
            "70480",
            "70481",
            "70482",
            "70486",
            "70487",
            "70488",
            "70490",
            "70491",
            "70492",
            "70496",
            "70498",
            "70540",
            "70542",
            "70543",
            "70544",
            "70545",
            "70546",
            "70547",
            "70548",
            "70549",
            "70551",
            "70552",
            "70553",
            "70554",
            "70555",
            "70557",
            "70558",
            "70559",
            "71010",
            "71015",
            "71020",
            "71021",
            "71022",
            "71023",
            "71030",
            "71034",
            "71035",
            "71040",
            "71060",
            "71090",
            "71100",
            "71101",
            "71110",
            "71111",
            "71120",
            "71130",
            "71250",
            "71260",
            "71270",
            "71275",
            "71550",
            "71551",
            "71552",
            "71555",
            "72010",
            "72020",
            "72040",
            "72050",
            "72052",
            "72069",
            "72070",
            "72072",
            "72074",
            "72080",
            "72090",
            "72100",
            "72110",
            "72114",
            "72120",
            "72125",
            "72126",
            "72127",
            "72128",
            "72129",
            "72130",
            "72131",
            "72132",
            "72133",
            "72141",
            "72142",
            "72146",
            "72147",
            "72148",
            "72149",
            "72156",
            "72157",
            "72158",
            "72159",
            "72170",
            "72190",
            "72191",
            "72192",
            "72193",
            "72194",
            "72195",
            "72196",
            "72197",
            "72198",
            "72200",
            "72202",
            "72220",
            "72240",
            "72255",
            "72265",
            "72270",
            "72275",
            "72285",
            "72291",
            "72292",
            "72295",
            "73000",
            "73010",
            "73020",
            "73030",
            "73040",
            "73050",
            "73060",
            "73070",
            "73080",
            "73085",
            "73090",
            "73092",
            "73100",
            "73110",
            "73115",
            "73120",
            "73130",
            "73140",
            "73200",
            "73201",
            "73202",
            "73206",
            "73218",
            "73219",
            "73220",
            "73221",
            "73222",
            "73223",
            "73225",
            "73500",
            "73510",
            "73520",
            "73525",
            "73530",
            "73540",
            "73542",
            "73550",
            "73560",
            "73562",
            "73564",
            "73565",
            "73580",
            "73590",
            "73592",
            "73600",
            "73610",
            "73615",
            "73620",
            "73630",
            "73650",
            "73660",
            "73700",
            "73701",
            "73702",
            "73706",
            "73718",
            "73719",
            "73720",
            "73721",
            "73722",
            "73723",
            "73725",
            "74000",
            "74010",
            "74020",
            "74022",
            "74150",
            "74160",
            "74170",
            "74175",
            "74181",
            "74182",
            "74183",
            "74185",
            "74190",
            "74210",
            "74220",
            "74230",
            "74235",
            "74240",
            "74241",
            "74245",
            "74246",
            "74247",
            "74249",
            "74250",
            "74251",
            "74260",
            "74270",
            "74280",
            "74283",
            "74290",
            "74291",
            "74300",
            "74301",
            "74305",
            "74320",
            "74327",
            "74328",
            "74329",
            "74330",
            "74340",
            "74350",
            "74355",
            "74360",
            "74363",
            "74400",
            "74410",
            "74415",
            "74420",
            "74425",
            "74430",
            "74440",
            "74445",
            "74450",
            "74455",
            "74470",
            "74475",
            "74480",
            "74485",
            "74710",
            "74740",
            "74742",
            "74775",
            "75557",
            "75558",
            "75559",
            "75560",
            "75561",
            "75562",
            "75563",
            "75564",
            "75600",
            "75605",
            "75625",
            "75630",
            "75635",
            "75650",
            "75658",
            "75660",
            "75662",
            "75665",
            "75671",
            "75676",
            "75680",
            "75685",
            "75705",
            "75710",
            "75716",
            "75722",
            "75724",
            "75726",
            "75731",
            "75733",
            "75736",
            "75741",
            "75743",
            "75746",
            "75756",
            "75774",
            "75790",
            "75801",
            "75803",
            "75805",
            "75807",
            "75809",
            "75810",
            "75820",
            "75822",
            "75825",
            "75827",
            "75831",
            "75833",
            "75840",
            "75842",
            "75860",
            "75870",
            "75872",
            "75880",
            "75885",
            "75887",
            "75889",
            "75891",
            "75893",
            "75894",
            "75896",
            "75898",
            "75900",
            "75901",
            "75902",
            "75940",
            "75945",
            "75946",
            "75952",
            "75953",
            "75954",
            "75956",
            "75957",
            "75958",
            "75959",
            "75960",
            "75961",
            "75962",
            "75964",
            "75966",
            "75968",
            "75970",
            "75978",
            "75980",
            "75982",
            "75984",
            "75989",
            "75992",
            "75993",
            "75994",
            "75995",
            "75996",
            "76000",
            "76001",
            "76010",
            "76080",
            "76098",
            "76100",
            "76101",
            "76102",
            "76120",
            "76125",
            "76140",
            "76150",
            "76376",
            "76377",
            "76380",
            "76390",
            "76496",
            "76497",
            "76498",
            "76499"
          ]
        },
        {
          "set": "CPT",
          "version": "06/2009",
          "standard_concept": "x_ray_study",
          "standard_concept_id": "N_c215",
          "qds_id": "N_703",
          "values": [
            "70010",
            "70015",
            "70030",
            "70100",
            "70110",
            "70120",
            "70130",
            "70134",
            "70140",
            "70150",
            "70160",
            "70170",
            "70190",
            "70200",
            "70210",
            "70220",
            "70240",
            "70250",
            "70260",
            "70300",
            "70310",
            "70320",
            "70328",
            "70330",
            "70332",
            "70336",
            "70350",
            "70355",
            "70360",
            "70370",
            "70371",
            "70373",
            "70380",
            "70390",
            "70450",
            "70460",
            "70470",
            "70480",
            "70481",
            "70482",
            "70486",
            "70487",
            "70488",
            "70490",
            "70491",
            "70492",
            "70496",
            "70498",
            "70540",
            "70542",
            "70543",
            "70544",
            "70545",
            "70546",
            "70547",
            "70548",
            "70549",
            "70551",
            "70552",
            "70553",
            "70554",
            "70555",
            "70557",
            "70558",
            "70559",
            "71010",
            "71015",
            "71020",
            "71021",
            "71022",
            "71023",
            "71030",
            "71034",
            "71035",
            "71040",
            "71060",
            "71090",
            "71100",
            "71101",
            "71110",
            "71111",
            "71120",
            "71130",
            "71250",
            "71260",
            "71270",
            "71275",
            "71550",
            "71551",
            "71552",
            "71555",
            "72010",
            "72020",
            "72040",
            "72050",
            "72052",
            "72069",
            "72070",
            "72072",
            "72074",
            "72080",
            "72090",
            "72100",
            "72110",
            "72114",
            "72120",
            "72125",
            "72126",
            "72127",
            "72128",
            "72129",
            "72130",
            "72131",
            "72132",
            "72133",
            "72141",
            "72142",
            "72146",
            "72147",
            "72148",
            "72149",
            "72156",
            "72157",
            "72158",
            "72159",
            "72170",
            "72190",
            "72191",
            "72192",
            "72193",
            "72194",
            "72195",
            "72196",
            "72197",
            "72198",
            "72200",
            "72202",
            "72220",
            "72240",
            "72255",
            "72265",
            "72270",
            "72275",
            "72285",
            "72291",
            "72292",
            "72295",
            "73000",
            "73010",
            "73020",
            "73030",
            "73040",
            "73050",
            "73060",
            "73070",
            "73080",
            "73085",
            "73090",
            "73092",
            "73100",
            "73110",
            "73115",
            "73120",
            "73130",
            "73140",
            "73200",
            "73201",
            "73202",
            "73206",
            "73218",
            "73219",
            "73220",
            "73221",
            "73222",
            "73223",
            "73225",
            "73500",
            "73510",
            "73520",
            "73525",
            "73530",
            "73540",
            "73542",
            "73550",
            "73560",
            "73562",
            "73564",
            "73565",
            "73580",
            "73590",
            "73592",
            "73600",
            "73610",
            "73615",
            "73620",
            "73630",
            "73650",
            "73660",
            "73700",
            "73701",
            "73702",
            "73706",
            "73718",
            "73719",
            "73720",
            "73721",
            "73722",
            "73723",
            "73725",
            "74000",
            "74010",
            "74020",
            "74022",
            "74150",
            "74160",
            "74170",
            "74175",
            "74181",
            "74182",
            "74183",
            "74185",
            "74190",
            "74210",
            "74220",
            "74230",
            "74235",
            "74240",
            "74241",
            "74245",
            "74246",
            "74247",
            "74249",
            "74250",
            "74251",
            "74260",
            "74270",
            "74280",
            "74283",
            "74290",
            "74291",
            "74300",
            "74301",
            "74305",
            "74320",
            "74327",
            "74328",
            "74329",
            "74330",
            "74340",
            "74350",
            "74355",
            "74360",
            "74363",
            "74400",
            "74410",
            "74415",
            "74420",
            "74425",
            "74430",
            "74440",
            "74445",
            "74450",
            "74455",
            "74470",
            "74475",
            "74480",
            "74485",
            "74710",
            "74740",
            "74742",
            "74775",
            "75557",
            "75558",
            "75559",
            "75560",
            "75561",
            "75562",
            "75563",
            "75564",
            "75600",
            "75605",
            "75625",
            "75630",
            "75635",
            "75650",
            "75658",
            "75660",
            "75662",
            "75665",
            "75671",
            "75676",
            "75680",
            "75685",
            "75705",
            "75710",
            "75716",
            "75722",
            "75724",
            "75726",
            "75731",
            "75733",
            "75736",
            "75741",
            "75743",
            "75746",
            "75756",
            "75774",
            "75790",
            "75801",
            "75803",
            "75805",
            "75807",
            "75809",
            "75810",
            "75820",
            "75822",
            "75825",
            "75827",
            "75831",
            "75833",
            "75840",
            "75842",
            "75860",
            "75870",
            "75872",
            "75880",
            "75885",
            "75887",
            "75889",
            "75891",
            "75893",
            "75894",
            "75896",
            "75898",
            "75900",
            "75901",
            "75902",
            "75940",
            "75945",
            "75946",
            "75952",
            "75953",
            "75954",
            "75956",
            "75957",
            "75958",
            "75959",
            "75960",
            "75961",
            "75962",
            "75964",
            "75966",
            "75968",
            "75970",
            "75978",
            "75980",
            "75982",
            "75984",
            "75989",
            "75992",
            "75993",
            "75994",
            "75995",
            "75996",
            "76000",
            "76001",
            "76010",
            "76080",
            "76098",
            "76100",
            "76101",
            "76102",
            "76120",
            "76125",
            "76140",
            "76150",
            "76376",
            "76377",
            "76380",
            "76390",
            "76496",
            "76497",
            "76498",
            "76499"
          ]
        },
        {
          "set": "SNOMED-CT",
          "version": "07/2009",
          "standard_concept": "x_ray_study",
          "standard_concept_id": "N_c516",
          "qds_id": "N_1617",
          "values": [
            "399208008",
            "420233006",
            "426296008",
            "426945003",
            "427961005",
            "428603007",
            "428665002",
            "429148001",
            "429646003",
            "431251007",
            "431557005",
            "431677006",
            "431871005",
            "431892005",
            "432078003",
            "432769002",
            "432770001",
            "432778008",
            "432848006",
            "432906003",
            "433155002",
            "439100007",
            "440607000",
            "440695003"
          ]
        },
        {
          "set": "SNOMED-CT",
          "version": "07/2009",
          "standard_concept": "x_ray_study",
          "standard_concept_id": "N_c516",
          "qds_id": "N_1618",
          "values": [
            "399208008",
            "420233006",
            "426296008",
            "426945003",
            "427961005",
            "428603007",
            "428665002",
            "429148001",
            "429646003",
            "431251007",
            "431557005",
            "431677006",
            "431871005",
            "431892005",
            "432078003",
            "432769002",
            "432770001",
            "432778008",
            "432848006",
            "432906003",
            "433155002",
            "439100007",
            "440607000",
            "440695003"
          ]
        }
      ]
    },
    "chlamydia_screening_laboratory_test_performed": {
      "standard_concept": "chlamydia_screening",
      "standard_category": "laboratory_test",
      "standard_concept_id": "N_c218",
      "qds_data_type": "laboratory_test_performed",
      "qds_id": "N_694",
      "type": "array",
      "items": {
        "type": "number",
        "format": "utc-sec"
      },
      "codes": [
        {
          "set": "CPT",
          "version": "06/2009",
          "standard_concept": "chlamydia_screening",
          "standard_concept_id": "N_c218",
          "qds_id": "N_694",
          "values": [
            "86631",
            "86632",
            "87110",
            "87270",
            "87320",
            "87490",
            "87491",
            "87492",
            "87810"
          ]
        }
      ]
    },
    "contraceptive_use_education_communication_to_patient": {
      "standard_concept": "contraceptive_use_education",
      "standard_category": "communication",
      "standard_concept_id": "N_c528",
      "qds_data_type": "communication_to_patient",
      "qds_id": "N_1694",
      "type": "array",
      "items": {
        "type": "number",
        "format": "utc-sec"
      },
      "codes": [
        {
          "set": "SNOMED-CT",
          "version": "07/2009",
          "standard_concept": "contraceptive_use_education",
          "standard_concept_id": "N_c528",
          "qds_id": "N_1694",
          "values": [
            "16311004",
            "398780007",
            "40176008",
            "44651004"
          ]
        }
      ]
    },
    "contraceptives_medication_dispensed": {
      "standard_concept": "contraceptives",
      "standard_category": "medication",
      "standard_concept_id": "N_c206",
      "qds_data_type": "medication_dispensed",
      "qds_id": "N_2122",
      "type": "array",
      "items": {
        "type": "number",
        "format": "utc-sec"
      },
      "codes": [
        {
          "set": "RxNorm",
          "version": "07/2009",
          "standard_concept": "contraceptives",
          "standard_concept_id": "N_c206",
          "qds_id": "N_2122",
          "values": [
            "153371",
            "197679",
            "197680",
            "198043",
            "204407",
            "238015",
            "238019",
            "238020",
            "240128",
            "240707",
            "242297",
            "246521",
            "246640",
            "248310",
            "249357",
            "250505",
            "250506",
            "250893",
            "259166",
            "284207",
            "310226",
            "310227",
            "310228",
            "310230",
            "310234",
            "310463",
            "311359",
            "311556",
            "311557",
            "311558",
            "312033",
            "312124",
            "314146",
            "315095",
            "315096",
            "315098",
            "315145",
            "315146",
            "348804",
            "348805",
            "351147",
            "389221",
            "392662",
            "406396",
            "433718",
            "578732",
            "578864",
            "578871",
            "597274",
            "597526",
            "602598",
            "630734",
            "654353",
            "687424",
            "722152",
            "729534",
            "747868",
            "749155",
            "749156",
            "759741",
            "848324"
          ]
        }
      ]
    },
    "contraceptives_medication_order": {
      "standard_concept": "contraceptives",
      "standard_category": "medication",
      "standard_concept_id": "N_c206",
      "qds_data_type": "medication_order",
      "qds_id": "N_2123",
      "type": "array",
      "items": {
        "type": "number",
        "format": "utc-sec"
      },
      "codes": [
        {
          "set": "RxNorm",
          "version": "07/2009",
          "standard_concept": "contraceptives",
          "standard_concept_id": "N_c206",
          "qds_id": "N_2123",
          "values": [
            "153371",
            "197679",
            "197680",
            "198043",
            "204407",
            "238015",
            "238019",
            "238020",
            "240128",
            "240707",
            "242297",
            "246521",
            "246640",
            "248310",
            "249357",
            "250505",
            "250506",
            "250893",
            "259166",
            "284207",
            "310226",
            "310227",
            "310228",
            "310230",
            "310234",
            "310463",
            "311359",
            "311556",
            "311557",
            "311558",
            "312033",
            "312124",
            "314146",
            "315095",
            "315096",
            "315098",
            "315145",
            "315146",
            "348804",
            "348805",
            "351147",
            "389221",
            "392662",
            "406396",
            "433718",
            "578732",
            "578864",
            "578871",
            "597274",
            "597526",
            "602598",
            "630734",
            "654353",
            "687424",
            "722152",
            "729534",
            "747868",
            "749155",
            "749156",
            "759741",
            "848324"
          ]
        }
      ]
    },
    "contraceptives_medication_active": {
      "standard_concept": "contraceptives",
      "standard_category": "medication",
      "standard_concept_id": "N_c206",
      "qds_data_type": "medication_active",
      "qds_id": "N_693",
      "type": "array",
      "items": {
        "type": "number",
        "format": "utc-sec"
      },
      "codes": [
        {
          "set": "RxNorm",
          "version": "07/2009",
          "standard_concept": "contraceptives",
          "standard_concept_id": "N_c206",
          "qds_id": "N_693",
          "values": [
            "153371",
            "197679",
            "197680",
            "198043",
            "204407",
            "238015",
            "238019",
            "238020",
            "240128",
            "240707",
            "242297",
            "246521",
            "246640",
            "248310",
            "249357",
            "250505",
            "250506",
            "250893",
            "259166",
            "284207",
            "310226",
            "310227",
            "310228",
            "310230",
            "310234",
            "310463",
            "311359",
            "311556",
            "311557",
            "311558",
            "312033",
            "312124",
            "314146",
            "315095",
            "315096",
            "315098",
            "315145",
            "315146",
            "348804",
            "348805",
            "351147",
            "389221",
            "392662",
            "406396",
            "433718",
            "578732",
            "578864",
            "578871",
            "597274",
            "597526",
            "602598",
            "630734",
            "654353",
            "687424",
            "722152",
            "729534",
            "747868",
            "749155",
            "749156",
            "759741",
            "848324"
          ]
        }
      ]
    },
    "encounter_pregnancy_encounter": {
      "standard_concept": "encounter_pregnancy",
      "standard_category": "encounter",
      "standard_concept_id": "N_c543",
      "qds_data_type": "encounter",
      "qds_id": "N_1813",
      "type": "array",
      "items": {
        "type": "number",
        "format": "utc-sec"
      },
      "codes": [
        {
          "set": "ICD-9-CM",
          "version": "06/2009",
          "standard_concept": "encounter_pregnancy",
          "standard_concept_id": "N_c543",
          "qds_id": "N_1813",
          "values": [
            "V26.81",
            "V28",
            "V28.3",
            "V28.81",
            "V28.82",
            "V72.4",
            "V72.40",
            "V72.41",
            "V72.42"
          ]
        }
      ]
    },
    "iud_use_device_applied": {
      "standard_concept": "iud_use",
      "standard_category": "device",
      "standard_concept_id": "N_c312",
      "qds_data_type": "device_applied",
      "qds_id": "N_803",
      "type": "array",
      "items": {
        "type": "number",
        "format": "utc-sec"
      },
      "codes": [
        {
          "set": "SNOMED-CT",
          "version": "07/2009",
          "standard_concept": "iud_use",
          "standard_concept_id": "N_c312",
          "qds_id": "N_803",
          "values": [
            "169477005",
            "169479008",
            "169480006",
            "169481005",
            "169482003",
            "169483008",
            "169484002",
            "169485001",
            "169486000",
            "169487009",
            "169488004",
            "169489007",
            "169490003",
            "169491004"
          ]
        }
      ]
    },
    "iud_use_device_allergy": {
      "standard_concept": "iud_use",
      "standard_category": "device",
      "standard_concept_id": "N_c312",
      "qds_data_type": "device_allergy",
      "qds_id": "N_1693",
      "type": "array",
      "items": {
        "type": "number",
        "format": "utc-sec"
      },
      "codes": [
        {
          "set": "SNOMED-CT",
          "version": "07/2009",
          "standard_concept": "iud_use",
          "standard_concept_id": "N_c312",
          "qds_id": "N_1693",
          "values": [
            "169477005",
            "169479008",
            "169480006",
            "169481005",
            "169482003",
            "169483008",
            "169484002",
            "169485001",
            "169486000",
            "169487009",
            "169488004",
            "169489007",
            "169490003",
            "169491004"
          ]
        }
      ]
    },
    "retinoid_medication_dispensed": {
      "standard_concept": "retinoid",
      "standard_category": "medication",
      "standard_concept_id": "N_c217",
      "qds_data_type": "medication_dispensed",
      "qds_id": "N_700",
      "type": "array",
      "items": {
        "type": "number",
        "format": "utc-sec"
      },
      "codes": [
        {
          "set": "RxNorm",
          "version": "07/2009",
          "standard_concept": "retinoid",
          "standard_concept_id": "N_c217",
          "qds_id": "N_700",
          "values": [
            "106318",
            "107436",
            "197843",
            "197844",
            "197845",
            "403930"
          ]
        }
      ]
    },
    "retinoid_medication_order": {
      "standard_concept": "retinoid",
      "standard_category": "medication",
      "standard_concept_id": "N_c217",
      "qds_data_type": "medication_order",
      "qds_id": "N_2124",
      "type": "array",
      "items": {
        "type": "number",
        "format": "utc-sec"
      },
      "codes": [
        {
          "set": "RxNorm",
          "version": "07/2009",
          "standard_concept": "retinoid",
          "standard_concept_id": "N_c217",
          "qds_id": "N_2124",
          "values": [
            "106318",
            "107436",
            "197843",
            "197844",
            "197845",
            "403930"
          ]
        }
      ]
    },
    "retinoid_medication_active": {
      "standard_concept": "retinoid",
      "standard_category": "medication",
      "standard_concept_id": "N_c217",
      "qds_data_type": "medication_active",
      "qds_id": "N_2125",
      "type": "array",
      "items": {
        "type": "number",
        "format": "utc-sec"
      },
      "codes": [
        {
          "set": "RxNorm",
          "version": "07/2009",
          "standard_concept": "retinoid",
          "standard_concept_id": "N_c217",
          "qds_id": "N_2125",
          "values": [
            "106318",
            "107436",
            "197843",
            "197844",
            "197845",
            "403930"
          ]
        }
      ]
    }
  },
  "sub_id": "a",
  "subtitle": "Ages 15 to 23",
  "short_subtitle": "15-23",
  "population": {
    "category": "Patient Characteristic",
    "title": "15 <= age <= 23"
  }
}