{
  "endorser": "NQF",
  "id": "0036",
  "properties": [
    "NQF_Retooled_Measure_0036.xlsx.json"
  ],
  "name": "Use of Appropriate Medications for Asthma",
  "description": "The percentage of patients 5‐50 years of age during the measurement year who were identified as having persistent asthma and were appropriately prescribed medication during the measurement year.",
  "category": "Asthma",
  "steward": "NCQA",
  "parameters": {
    "effective_date": {
      "description": "Effective end date for measure",
      "type": "number",
      "format": "utc-sec"
    }
  },
  "patient": {
    "birthdate": {
      "description": "Date of birth",
      "type": "number",
      "category_type": "patient_characteristic",
      "format": "utc-sec",
      "codes": [
        {
          "set": "HL7",
          "version": "3.0",
          "values": [
            "00110"
          ]
        }
      ]
    }
  },
  "denominator": {
    "or": [
      {
        "and": [
          {
            "category": "Encounter",
            "title": "ED Encounter, <=1 year before or simultaneously to the measurement end date"
          },
          {
            "category": "Diagnosis Active",
            "title": "Asthma, <=1 year before or simultaneously to the measurement end date"
          }
        ]
      },
      {
        "and": [
          {
            "category": "Encounter",
            "title": "Acute Inpt Encounter, <=1 year before or simultaneously to the measurement end date"
          },
          {
            "category": "Diagnosis Active",
            "title": "Asthma, <=1 year before or simultaneously to the measurement end date"
          }
        ]
      },
      {
        "and": [
          {
            "category": "Encounter",
            "title": "4 or more Outpatient, <=1 year before or simultaneously to the measurement end date"
          },
          {
            "category": "Diagnosis Active",
            "title": "Asthma, <=1 year before or simultaneously to the measurement end date"
          },
          {
            "or": [
              {
                "category": "Medication Active, Order or Dispensed",
                "title": "2 or more Antiasthmatic combinations, <=1 year before or simultaneously to the measurement end date"
              },
              {
                "category": "Medication Active, Order or Dispensed",
                "title": "2 or more Antibody inhibitor, <=1 year before or simultaneously to the measurement end date"
              },
              {
                "category": "Medication Active, Order or Dispensed",
                "title": "2 or more Inhaled corticosteroids, <=1 year before or simultaneously to the measurement end date"
              },
              {
                "category": "Medication Active, Order or Dispensed",
                "title": "2 or more Inhaled steroid combinations, <=1 year before or simultaneously to the measurement end date"
              },
              {
                "category": "Medication Active, Order or Dispensed",
                "title": "2 or more Leukotriene inhibitors, <=1 year before or simultaneously to the measurement end date"
              },
              {
                "category": "Medication Active, Order or Dispensed",
                "title": "2 or more Long acting inhaled beta 2 agonist, <=1 year before or simultaneously to the measurement end date"
              },
              {
                "category": "Medication Active, Order or Dispensed",
                "title": "2 or more Mast cell stabilizer, <=1 year before or simultaneously to the measurement end date"
              },
              {
                "category": "Medication Active, Order or Dispensed",
                "title": "2 or more Methylxanthines, <=1 year before or simultaneously to the measurement end date"
              },
              {
                "category": "Medication Active, Order or Dispensed",
                "title": "2 or more Short acting beta 2 agonist, <=1 year before or simultaneously to the measurement end date"
              }
            ]
          }
        ]
      },
      {
        "or": [
          {
            "category": "Medication Active, Order or Dispensed",
            "title": "4 or more Antiasthmatic combinations, <=1 year before or simultaneously to the measurement end date"
          },
          {
            "category": "Medication Active, Order or Dispensed",
            "title": "4 or more Antibody inhibitor, <=1 year before or simultaneously to the measurement end date"
          },
          {
            "category": "Medication Active, Order or Dispensed",
            "title": "4 or more Inhaled corticosteroids, <=1 year before or simultaneously to the measurement end date"
          },
          {
            "category": "Medication Active, Order or Dispensed",
            "title": "4 or more Inhaled steroid combinations, <=1 year before or simultaneously to the measurement end date"
          },
          {
            "category": "Medication Active, Order or Dispensed",
            "title": "4 or more Leukotriene inhibitors, <=1 year before or simultaneously to the measurement end date"
          },
          {
            "category": "Medication Active, Order or Dispensed",
            "title": "4 or more Long acting inhaled beta 2 agonist, <=1 year before or simultaneously to the measurement end date"
          },
          {
            "category": "Medication Active, Order or Dispensed",
            "title": "4 or more Mast cell stabilizer, <=1 year before or simultaneously to the measurement end date"
          },
          {
            "category": "Medication Active, Order or Dispensed",
            "title": "4 or more Methylxanthines” within 1 year"
          },
          {
            "category": "Medication Active, Order or Dispensed",
            "title": "4 or more Short acting beta 2 agonist, <=1 year before or simultaneously to the measurement end date"
          }
        ]
      },
      {
        "and": [
          {
            "category": "Medication Active, Order or Dispensed",
            "title": "4 or more Leukotriene inhibitors, <=1 year before or simultaneously to the measurement end date"
          },
          {
            "category": "Diagnosis Active",
            "title": "Asthma, <=1 year before or simultaneously to the measurement end date"
          }
        ]
      }
    ]
  },
  "numerator": {
    "or": [
      {
        "category": "Medication Active, Order or Dispensed",
        "title": "1 or more Antiasthmatic combinations, <=1 year before or simultaneously to the measurement end date"
      },
      {
        "category": "Medication Active, Order or Dispensed",
        "title": "1 or more Antibody inhibitor, <=1 year before or simultaneously to the measurement end date"
      },
      {
        "category": "Medication Active, Order or Dispensed",
        "title": "1 or more Inhaled corticosteroids, <=1 year before or simultaneously to the measurement end date"
      },
      {
        "category": "Medication Active, Order or Dispensed",
        "title": "1 or more Inhaled steroid combinations, <=1 year before or simultaneously to the measurement end date"
      },
      {
        "category": "Medication Active, Order or Dispensed",
        "title": "1 or more Leukotriene inhibitors, <=1 year before or simultaneously to the measurement end date"
      },
      {
        "category": "Medication Active, Order or Dispensed",
        "title": "1 or more Mast cell stabilizer, <=1 year before or simultaneously to the measurement end date"
      },
      {
        "category": "Medication Active, Order or Dispensed",
        "title": "1 or more Methylxanthines, <=1 year before or simultaneously to the measurement end date"
      }
    ]
  },
  "exclusions": {
    "or": [
      {
        "category": "Diagnosis Active",
        "title": "COPD, before or simultaneously to the measurement end date"
      },
      {
        "category": "Diagnosis Active",
        "title": "Cystic Fibrosis, before or simultaneously to the measurement end date"
      },
      {
        "category": "Diagnosis Active",
        "title": "Emphysema, before or simultaneously to the measurement end date"
      },
      {
        "category": "Diagnosis Active",
        "title": "Acute respiratory failure, before or simultaneously to the measurement end date"
      }
    ]
  },
  "map_fn": "function () {\n  var patient = this;\n  var measure = patient.measures[\"0036\"];\n  if (measure==null)\n    measure={};\n\n  <%= init_js_frameworks %>\n\n  var day = 24*60*60;\n  var year = 365*day;\n  var effective_date = <%= effective_date %>;\n  var measurement_period_start = effective_date - 1*year;\n  /*\n    “Patient characteristic: birth date” (age) >=4 and <=49 before the “measurement period” \n     to capture all patients who will reach the age of 5 through 50 during the “measurement period”;\n   */\n   // AGE BUG FIXED - AQ (check dates from mp_start not ed)\n  var earliest_birthdate = earliestBirthdayForThisAge(49, measurement_period_start);\n  var latest_birthdate = latestBirthdayForThisAge(4, measurement_period_start);\n  var earliest_encounter = effective_date - 2*year; // <= 1 years before or simultaneously to the  “measurement period”; \n\n  var population = function() {\n    return inRange(patient.birthdate, earliest_birthdate, latest_birthdate);\n  }\n  \n  var denominator = function() {\n    return asthmaDenominator(measure, earliest_birthdate, effective_date);\n  }\n  \n  var numerator = function() {\n    return asthmaNumerator(measure, earliest_birthdate, effective_date);\n  }\n  \n  var exclusion = function() {\n    return asthmaExclusion(measure);\n  }\n  \n  map(patient, population, denominator, numerator, exclusion);\n};\n",
  "measure": {
    "acute_respiratory_failure_diagnosis_active": {
      "standard_concept": "acute_respiratory_failure",
      "standard_category": "diagnosis_condition_problem",
      "standard_concept_id": "N_c452",
      "qds_data_type": "diagnosis_active",
      "qds_id": "N_1394",
      "type": "array",
      "items": {
        "type": "number",
        "format": "utc-sec"
      },
      "codes": [
        {
          "set": "SNOMED-CT",
          "version": "",
          "standard_concept": "acute_respiratory_failure",
          "standard_concept_id": "N_c553",
          "qds_id": "N_1895",
          "values": [
            "397767007",
            "65710008",
            "67905004"
          ]
        },
        {
          "set": "ICD-10-CM",
          "version": "06/2009",
          "standard_concept": "acute_respiratory_failure",
          "standard_concept_id": "N_c232",
          "qds_id": "N_797",
          "values": [
            "J96.0"
          ]
        },
        {
          "set": "ICD-9-CM",
          "version": "06/2009",
          "standard_concept": "acute_respiratory_failure",
          "standard_concept_id": "N_c231",
          "qds_id": "N_798",
          "values": [
            "518.81"
          ]
        }
      ]
    },
    "asthma_diagnosis_active": {
      "standard_concept": "asthma",
      "standard_category": "diagnosis_condition_problem",
      "standard_concept_id": "N_c453",
      "qds_data_type": "diagnosis_active",
      "qds_id": "N_1395",
      "type": "array",
      "items": {
        "type": "number",
        "format": "utc-sec"
      },
      "codes": [
        {
          "set": "ICD-10-CM",
          "version": "06/2009",
          "standard_concept": "asthma",
          "standard_concept_id": "N_c176",
          "qds_id": "N_799",
          "values": [
            "J45"
          ]
        },
        {
          "set": "ICD-9-CM",
          "version": "06/2009",
          "standard_concept": "asthma",
          "standard_concept_id": "N_c221",
          "qds_id": "N_801",
          "values": [
            "493",
            "493.0",
            "493.00",
            "493.01",
            "493.02",
            "493.1",
            "493.10",
            "493.11",
            "493.12",
            "493.2",
            "493.20",
            "493.21",
            "493.22",
            "493.8",
            "493.81",
            "493.82",
            "493.9",
            "493.90",
            "493.91",
            "493.92"
          ]
        },
        {
          "set": "SNOMED-CT",
          "version": "07/2009",
          "standard_concept": "asthma",
          "standard_concept_id": "N_c223",
          "qds_id": "N_802",
          "values": [
            "11641008",
            "12428000",
            "13151001",
            "195949008",
            "195967001",
            "195977004",
            "195979001",
            "196013003",
            "225057002",
            "233672007",
            "233678006",
            "233679003",
            "233681001",
            "233683003",
            "233685005",
            "233688007",
            "266361008",
            "266364000",
            "281239006",
            "30352005",
            "304527002",
            "31387002",
            "370218001",
            "370219009",
            "370220003",
            "370221004",
            "389145006",
            "405944004",
            "407674008",
            "409663006",
            "423889005",
            "424199006",
            "424643009",
            "425969006",
            "426656000",
            "426979002",
            "427295004",
            "427354000",
            "427603009",
            "427679007",
            "442025000",
            "55570000",
            "56968009",
            "57546000",
            "59327009",
            "59786004",
            "63088003",
            "67415000",
            "85761009",
            "91340006",
            "92807009",
            "93432008"
          ]
        }
      ]
    },
    "copd_diagnosis_active": {
      "standard_concept": "copd",
      "standard_category": "diagnosis_condition_problem",
      "standard_concept_id": "N_c454",
      "qds_data_type": "diagnosis_active",
      "qds_id": "N_1396",
      "type": "array",
      "items": {
        "type": "number",
        "format": "utc-sec"
      },
      "codes": [
        {
          "set": "SNOMED-CT",
          "version": "",
          "standard_concept": "copd",
          "standard_concept_id": "N_c556",
          "qds_id": "N_1896",
          "values": [
            "129458007",
            "135836000",
            "13645005",
            "16846004",
            "195951007",
            "195957006",
            "195959009",
            "195963002",
            "196001008",
            "196026004",
            "196027008",
            "20606002",
            "21072009",
            "22482002",
            "233673002",
            "233674008",
            "233675009",
            "233677001",
            "233713004",
            "233723008",
            "23958009",
            "266356006",
            "285381006",
            "2912004",
            "313296004",
            "313297008",
            "313299006",
            "31886003",
            "31898008",
            "32544004",
            "33325001",
            "34371004",
            "40100001",
            "47895001",
            "47938003",
            "4981000",
            "57686001",
            "60805002",
            "66110007",
            "66987001",
            "68328006",
            "70756004",
            "77690003",
            "86680006",
            "87433001"
          ]
        },
        {
          "set": "ICD-10-CM",
          "version": "06/2009",
          "standard_concept": "copd",
          "standard_concept_id": "N_c226",
          "qds_id": "N_793",
          "values": [
            "J44",
            "J98.3"
          ]
        },
        {
          "set": "ICD-9-CM",
          "version": "06/2009",
          "standard_concept": "copd",
          "standard_concept_id": "N_c225",
          "qds_id": "N_794",
          "values": [
            "491.2",
            "491.20",
            "491.21",
            "491.22",
            "492.0",
            "493.2",
            "493.20",
            "493.21",
            "493.22",
            "496",
            "506.4"
          ]
        }
      ]
    },
    "cystic_fibrosis_diagnosis_active": {
      "standard_concept": "cystic_fibrosis",
      "standard_category": "diagnosis_condition_problem",
      "standard_concept_id": "N_c455",
      "qds_data_type": "diagnosis_active",
      "qds_id": "N_1397",
      "type": "array",
      "items": {
        "type": "number",
        "format": "utc-sec"
      },
      "codes": [
        {
          "set": "SNOMED-CT",
          "version": "",
          "standard_concept": "cystic_fibrosis",
          "standard_concept_id": "N_c559",
          "qds_id": "N_1897",
          "values": [
            "190905008",
            "190909002",
            "235978006",
            "81423003",
            "86092005",
            "86555001"
          ]
        },
        {
          "set": "ICD-10-CM",
          "version": "06/2009",
          "standard_concept": "cystic_fibrosis",
          "standard_concept_id": "N_c230",
          "qds_id": "N_795",
          "values": [
            "E88"
          ]
        },
        {
          "set": "ICD-9-CM",
          "version": "06/2009",
          "standard_concept": "cystic_fibrosis",
          "standard_concept_id": "N_c229",
          "qds_id": "N_796",
          "values": [
            "277.0",
            "277.00",
            "277.01",
            "277.02",
            "277.03",
            "277.09"
          ]
        }
      ]
    },
    "emphysema_diagnosis_active": {
      "standard_concept": "emphysema",
      "standard_category": "diagnosis_condition_problem",
      "standard_concept_id": "N_c456",
      "qds_data_type": "diagnosis_active",
      "qds_id": "N_1398",
      "type": "array",
      "items": {
        "type": "number",
        "format": "utc-sec"
      },
      "codes": [
        {
          "set": "SNOMED-CT",
          "version": "",
          "standard_concept": "emphysema",
          "standard_concept_id": "N_c560",
          "qds_id": "N_1898",
          "values": [
            "16003001",
            "16846004",
            "195957006",
            "195958001",
            "195959009",
            "195963002",
            "196026004",
            "20606002",
            "21072009",
            "233674008",
            "233675009",
            "233677001",
            "23958009",
            "266355005",
            "266356006",
            "2912004",
            "31898008",
            "33325001",
            "47895001",
            "4981000",
            "57686001",
            "60805002",
            "66110007",
            "66987001",
            "68328006",
            "70756004",
            "77690003",
            "86680006",
            "87433001"
          ]
        },
        {
          "set": "ICD-10-CM",
          "version": "06/2009",
          "standard_concept": "emphysema",
          "standard_concept_id": "N_c228",
          "qds_id": "N_791",
          "values": [
            "J44",
            "J68",
            "J98.2"
          ]
        },
        {
          "set": "ICD-9-CM",
          "version": "06/2009",
          "standard_concept": "emphysema",
          "standard_concept_id": "N_c227",
          "qds_id": "N_792",
          "values": [
            "492",
            "492.0",
            "492.8",
            "518.1",
            "518.2"
          ]
        }
      ]
    },
    "encounter_outpatient_encounter": {
      "standard_concept": "encounter_outpatient",
      "standard_category": "encounter",
      "standard_concept_id": "N_c552",
      "qds_data_type": "encounter",
      "qds_id": "N_3518",
      "type": "array",
      "items": {
        "type": "number",
        "format": "utc-sec"
      },
      "codes": [
        {
          "set": "CPT",
          "version": "06/2009",
          "standard_concept": "encounter_outpatient",
          "standard_concept_id": "N_c27",
          "qds_id": "N_779",
          "values": [
            "99201",
            "99202",
            "99203",
            "99204",
            "99205",
            "99211",
            "99212",
            "99213",
            "99214",
            "99215",
            "99217",
            "99218",
            "99219",
            "99220",
            "99241",
            "99242",
            "99243",
            "99244",
            "99245",
            "99341",
            "99342",
            "99343",
            "99344",
            "99345",
            "99347",
            "99348",
            "99349",
            "99350",
            "99384",
            "99385",
            "99386",
            "99387",
            "99394",
            "99395",
            "99396",
            "99397",
            "99401",
            "99402",
            "99403",
            "99404",
            "99411",
            "99412",
            "99420",
            "99429",
            "99455",
            "99456"
          ]
        },
        {
          "set": "ICD-9-CM",
          "version": "06/2009",
          "standard_concept": "encounter_outpatient",
          "standard_concept_id": "N_c159",
          "qds_id": "N_780",
          "values": [
            "V70.0",
            "V70.3",
            "V70.5",
            "V70.6",
            "V70.8",
            "V70.9"
          ]
        }
      ]
    },
    "antiasthmatic_combinations_medication_active": {
      "standard_concept": "antiasthmatic_combinations",
      "standard_category": "medication",
      "standard_concept_id": "N_c296",
      "qds_data_type": "medication_active",
      "qds_id": "N_2130",
      "type": "array",
      "items": {
        "type": "number",
        "format": "utc-sec"
      },
      "codes": [
        {
          "set": "RxNorm",
          "version": "07/2009",
          "standard_concept": "antiasthmatic_combinations",
          "standard_concept_id": "N_c296",
          "qds_id": "N_2130",
          "values": [
            "197639",
            "198266",
            "198267",
            "243324",
            "243325",
            "243327",
            "246453",
            "251963",
            "260063",
            "283239",
            "310043",
            "310045",
            "310096",
            "310097",
            "310616",
            "310617",
            "310658",
            "314004",
            "315111",
            "346733",
            "349386",
            "349629",
            "359468",
            "388681",
            "428925",
            "56229",
            "756306",
            "756311"
          ]
        }
      ]
    },
    "antiasthmatic_combinations_medication_order": {
      "standard_concept": "antiasthmatic_combinations",
      "standard_category": "medication",
      "standard_concept_id": "N_c296",
      "qds_data_type": "medication_order",
      "qds_id": "N_2131",
      "type": "array",
      "items": {
        "type": "number",
        "format": "utc-sec"
      },
      "codes": [
        {
          "set": "RxNorm",
          "version": "07/2009",
          "standard_concept": "antiasthmatic_combinations",
          "standard_concept_id": "N_c296",
          "qds_id": "N_2131",
          "values": [
            "197639",
            "198266",
            "198267",
            "243324",
            "243325",
            "243327",
            "246453",
            "251963",
            "260063",
            "283239",
            "310043",
            "310045",
            "310096",
            "310097",
            "310616",
            "310617",
            "310658",
            "314004",
            "315111",
            "346733",
            "349386",
            "349629",
            "359468",
            "388681",
            "428925",
            "56229",
            "756306",
            "756311"
          ]
        }
      ]
    },
    "antiasthmatic_combinations_medication_dispensed": {
      "standard_concept": "antiasthmatic_combinations",
      "standard_category": "medication",
      "standard_concept_id": "N_c296",
      "qds_data_type": "medication_dispensed",
      "qds_id": "N_782",
      "type": "array",
      "items": {
        "type": "number",
        "format": "utc-sec"
      },
      "codes": [
        {
          "set": "RxNorm",
          "version": "07/2009",
          "standard_concept": "antiasthmatic_combinations",
          "standard_concept_id": "N_c296",
          "qds_id": "N_782",
          "values": [
            "197639",
            "198266",
            "198267",
            "243324",
            "243325",
            "243327",
            "246453",
            "251963",
            "260063",
            "283239",
            "310043",
            "310045",
            "310096",
            "310097",
            "310616",
            "310617",
            "310658",
            "314004",
            "315111",
            "346733",
            "349386",
            "349629",
            "359468",
            "388681",
            "428925",
            "56229",
            "756306",
            "756311"
          ]
        }
      ]
    },
    "antibody_inhibitor_medication_active": {
      "standard_concept": "antibody_inhibitor",
      "standard_category": "medication",
      "standard_concept_id": "N_c297",
      "qds_data_type": "medication_active",
      "qds_id": "N_2132",
      "type": "array",
      "items": {
        "type": "number",
        "format": "utc-sec"
      },
      "codes": [
        {
          "set": "RxNorm",
          "version": "07/2009",
          "standard_concept": "antibody_inhibitor",
          "standard_concept_id": "N_c297",
          "qds_id": "N_2132",
          "values": [
            "403866"
          ]
        }
      ]
    },
    "antibody_inhibitor_medication_order": {
      "standard_concept": "antibody_inhibitor",
      "standard_category": "medication",
      "standard_concept_id": "N_c297",
      "qds_data_type": "medication_order",
      "qds_id": "N_2133",
      "type": "array",
      "items": {
        "type": "number",
        "format": "utc-sec"
      },
      "codes": [
        {
          "set": "RxNorm",
          "version": "07/2009",
          "standard_concept": "antibody_inhibitor",
          "standard_concept_id": "N_c297",
          "qds_id": "N_2133",
          "values": [
            "403866"
          ]
        }
      ]
    },
    "antibody_inhibitor_medication_dispensed": {
      "standard_concept": "antibody_inhibitor",
      "standard_category": "medication",
      "standard_concept_id": "N_c297",
      "qds_data_type": "medication_dispensed",
      "qds_id": "N_783",
      "type": "array",
      "items": {
        "type": "number",
        "format": "utc-sec"
      },
      "codes": [
        {
          "set": "RxNorm",
          "version": "07/2009",
          "standard_concept": "antibody_inhibitor",
          "standard_concept_id": "N_c297",
          "qds_id": "N_783",
          "values": [
            "403866"
          ]
        }
      ]
    },
    "encounter_acute_inpt_encounter": {
      "standard_concept": "encounter_acute_inpt",
      "standard_category": "encounter",
      "standard_concept_id": "N_c26",
      "qds_data_type": "encounter",
      "qds_id": "N_777",
      "type": "array",
      "items": {
        "type": "number",
        "format": "utc-sec"
      },
      "codes": [
        {
          "set": "CPT",
          "version": "06/2009",
          "standard_concept": "encounter_acute_inpt",
          "standard_concept_id": "N_c26",
          "qds_id": "N_777",
          "values": [
            "99221",
            "99222",
            "99223",
            "99231",
            "99232",
            "99233",
            "99238",
            "99239",
            "99251",
            "99252",
            "99253",
            "99254",
            "99255",
            "99291"
          ]
        }
      ]
    },
    "encounter_ed_encounter": {
      "standard_concept": "encounter_ed",
      "standard_category": "encounter",
      "standard_concept_id": "N_c60",
      "qds_data_type": "encounter",
      "qds_id": "N_775",
      "type": "array",
      "items": {
        "type": "number",
        "format": "utc-sec"
      },
      "codes": [
        {
          "set": "CPT",
          "version": "06/2009",
          "standard_concept": "encounter_ed",
          "standard_concept_id": "N_c60",
          "qds_id": "N_775",
          "values": [
            "99281",
            "99282",
            "99283",
            "99284",
            "99285"
          ]
        }
      ]
    },
    "inhaled_corticosteroids_medication_order": {
      "standard_concept": "inhaled_corticosteroids",
      "standard_category": "medication",
      "standard_concept_id": "N_c299",
      "qds_data_type": "medication_order",
      "qds_id": "N_2128",
      "type": "array",
      "items": {
        "type": "number",
        "format": "utc-sec"
      },
      "codes": [
        {
          "set": "RxNorm",
          "version": "07/2009",
          "standard_concept": "inhaled_corticosteroids",
          "standard_concept_id": "N_c299",
          "qds_id": "N_2128",
          "values": [
            "104568",
            "141917",
            "150807",
            "150810",
            "152594",
            "152680",
            "197704",
            "199532",
            "226937",
            "226938",
            "241063",
            "245785",
            "247042",
            "247047",
            "247048",
            "247551",
            "247691",
            "249853",
            "250648",
            "252559",
            "252972",
            "308580",
            "308581",
            "308582",
            "308583",
            "308817",
            "311754",
            "313458",
            "313461",
            "313882",
            "349094",
            "350713",
            "351109",
            "387015",
            "389134",
            "401958",
            "409732",
            "582486",
            "597829",
            "603778",
            "617268",
            "617270",
            "644548",
            "692475",
            "692477",
            "707365",
            "745798",
            "745803",
            "745807",
            "745812",
            "746191",
            "746199",
            "746218",
            "746451",
            "746452",
            "746455",
            "746460",
            "746803",
            "746810",
            "746812",
            "746814",
            "746821",
            "746825",
            "746828",
            "746830",
            "746832",
            "748625",
            "752369",
            "752372",
            "752376",
            "790278",
            "790283",
            "792945",
            "828927",
            "828930",
            "833245",
            "844426",
            "895968",
            "895994",
            "895999",
            "896004",
            "896008",
            "896010",
            "896012",
            "896018",
            "896021",
            "896025",
            "896028",
            "896030",
            "896161",
            "896174",
            "896184",
            "896186",
            "896192",
            "896209",
            "896218",
            "896225",
            "896228",
            "896231",
            "896236",
            "896239",
            "896244",
            "896267",
            "896272",
            "896294",
            "896300",
            "896321",
            "896324"
          ]
        }
      ]
    },
    "inhaled_corticosteroids_medication_active": {
      "standard_concept": "inhaled_corticosteroids",
      "standard_category": "medication",
      "standard_concept_id": "N_c299",
      "qds_data_type": "medication_active",
      "qds_id": "N_2129",
      "type": "array",
      "items": {
        "type": "number",
        "format": "utc-sec"
      },
      "codes": [
        {
          "set": "RxNorm",
          "version": "07/2009",
          "standard_concept": "inhaled_corticosteroids",
          "standard_concept_id": "N_c299",
          "qds_id": "N_2129",
          "values": [
            "104568",
            "141917",
            "150807",
            "150810",
            "152594",
            "152680",
            "197704",
            "199532",
            "226937",
            "226938",
            "241063",
            "245785",
            "247042",
            "247047",
            "247048",
            "247551",
            "247691",
            "249853",
            "250648",
            "252559",
            "252972",
            "308580",
            "308581",
            "308582",
            "308583",
            "308817",
            "311754",
            "313458",
            "313461",
            "313882",
            "349094",
            "350713",
            "351109",
            "387015",
            "389134",
            "401958",
            "409732",
            "582486",
            "597829",
            "603778",
            "617268",
            "617270",
            "644548",
            "692475",
            "692477",
            "707365",
            "745798",
            "745803",
            "745807",
            "745812",
            "746191",
            "746199",
            "746218",
            "746451",
            "746452",
            "746455",
            "746460",
            "746803",
            "746810",
            "746812",
            "746814",
            "746821",
            "746825",
            "746828",
            "746830",
            "746832",
            "748625",
            "752369",
            "752372",
            "752376",
            "790278",
            "790283",
            "792945",
            "828927",
            "828930",
            "833245",
            "844426",
            "895968",
            "895994",
            "895999",
            "896004",
            "896008",
            "896010",
            "896012",
            "896018",
            "896021",
            "896025",
            "896028",
            "896030",
            "896161",
            "896174",
            "896184",
            "896186",
            "896192",
            "896209",
            "896218",
            "896225",
            "896228",
            "896231",
            "896236",
            "896239",
            "896244",
            "896267",
            "896272",
            "896294",
            "896300",
            "896321",
            "896324"
          ]
        }
      ]
    },
    "inhaled_corticosteroids_medication_dispensed": {
      "standard_concept": "inhaled_corticosteroids",
      "standard_category": "medication",
      "standard_concept_id": "N_c299",
      "qds_data_type": "medication_dispensed",
      "qds_id": "N_784",
      "type": "array",
      "items": {
        "type": "number",
        "format": "utc-sec"
      },
      "codes": [
        {
          "set": "RxNorm",
          "version": "07/2009",
          "standard_concept": "inhaled_corticosteroids",
          "standard_concept_id": "N_c299",
          "qds_id": "N_784",
          "values": [
            "104568",
            "141917",
            "150807",
            "150810",
            "152594",
            "152680",
            "197704",
            "199532",
            "226937",
            "226938",
            "241063",
            "245785",
            "247042",
            "247047",
            "247048",
            "247551",
            "247691",
            "249853",
            "250648",
            "252559",
            "252972",
            "308580",
            "308581",
            "308582",
            "308583",
            "308817",
            "311754",
            "313458",
            "313461",
            "313882",
            "349094",
            "350713",
            "351109",
            "387015",
            "389134",
            "401958",
            "409732",
            "582486",
            "597829",
            "603778",
            "617268",
            "617270",
            "644548",
            "692475",
            "692477",
            "707365",
            "745798",
            "745803",
            "745807",
            "745812",
            "746191",
            "746199",
            "746218",
            "746451",
            "746452",
            "746455",
            "746460",
            "746803",
            "746810",
            "746812",
            "746814",
            "746821",
            "746825",
            "746828",
            "746830",
            "746832",
            "748625",
            "752369",
            "752372",
            "752376",
            "790278",
            "790283",
            "792945",
            "828927",
            "828930",
            "833245",
            "844426",
            "895968",
            "895994",
            "895999",
            "896004",
            "896008",
            "896010",
            "896012",
            "896018",
            "896021",
            "896025",
            "896028",
            "896030",
            "896161",
            "896174",
            "896184",
            "896186",
            "896192",
            "896209",
            "896218",
            "896225",
            "896228",
            "896231",
            "896236",
            "896239",
            "896244",
            "896267",
            "896272",
            "896294",
            "896300",
            "896321",
            "896324"
          ]
        }
      ]
    },
    "inhaled_steroid_combinations_medication_active": {
      "standard_concept": "inhaled_steroid_combinations",
      "standard_category": "medication",
      "standard_concept_id": "N_c298",
      "qds_data_type": "medication_active",
      "qds_id": "N_2126",
      "type": "array",
      "items": {
        "type": "number",
        "format": "utc-sec"
      },
      "codes": [
        {
          "set": "RxNorm",
          "version": "07/2009",
          "standard_concept": "inhaled_steroid_combinations",
          "standard_concept_id": "N_c298",
          "qds_id": "N_2126",
          "values": [
            "389134",
            "401958",
            "409732",
            "597829",
            "707365",
            "745798",
            "745803",
            "745807",
            "745812",
            "896161",
            "896174",
            "896184",
            "896186",
            "896192",
            "896218",
            "896225",
            "896228",
            "896231",
            "896239",
            "896244",
            "896267",
            "896272"
          ]
        }
      ]
    },
    "inhaled_steroid_combinations_medication_order": {
      "standard_concept": "inhaled_steroid_combinations",
      "standard_category": "medication",
      "standard_concept_id": "N_c298",
      "qds_data_type": "medication_order",
      "qds_id": "N_2127",
      "type": "array",
      "items": {
        "type": "number",
        "format": "utc-sec"
      },
      "codes": [
        {
          "set": "RxNorm",
          "version": "07/2009",
          "standard_concept": "inhaled_steroid_combinations",
          "standard_concept_id": "N_c298",
          "qds_id": "N_2127",
          "values": [
            "389134",
            "401958",
            "409732",
            "597829",
            "707365",
            "745798",
            "745803",
            "745807",
            "745812",
            "896161",
            "896174",
            "896184",
            "896186",
            "896192",
            "896218",
            "896225",
            "896228",
            "896231",
            "896239",
            "896244",
            "896267",
            "896272"
          ]
        }
      ]
    },
    "inhaled_steroid_combinations_medication_dispensed": {
      "standard_concept": "inhaled_steroid_combinations",
      "standard_category": "medication",
      "standard_concept_id": "N_c298",
      "qds_data_type": "medication_dispensed",
      "qds_id": "N_785",
      "type": "array",
      "items": {
        "type": "number",
        "format": "utc-sec"
      },
      "codes": [
        {
          "set": "RxNorm",
          "version": "07/2009",
          "standard_concept": "inhaled_steroid_combinations",
          "standard_concept_id": "N_c298",
          "qds_id": "N_785",
          "values": [
            "389134",
            "401958",
            "409732",
            "597829",
            "707365",
            "745798",
            "745803",
            "745807",
            "745812",
            "896161",
            "896174",
            "896184",
            "896186",
            "896192",
            "896218",
            "896225",
            "896228",
            "896231",
            "896239",
            "896244",
            "896267",
            "896272"
          ]
        }
      ]
    },
    "leukotriene_inhibitors_medication_order": {
      "standard_concept": "leukotriene_inhibitors",
      "standard_category": "medication",
      "standard_concept_id": "N_c300",
      "qds_data_type": "medication_order",
      "qds_id": "N_2134",
      "type": "array",
      "items": {
        "type": "number",
        "format": "utc-sec"
      },
      "codes": [
        {
          "set": "RxNorm",
          "version": "07/2009",
          "standard_concept": "leukotriene_inhibitors",
          "standard_concept_id": "N_c300",
          "qds_id": "N_2134",
          "values": [
            "199655",
            "199904",
            "200224",
            "242438",
            "311759",
            "313758",
            "351246",
            "391880",
            "392072",
            "723848",
            "730834"
          ]
        }
      ]
    },
    "leukotriene_inhibitors_medication_active": {
      "standard_concept": "leukotriene_inhibitors",
      "standard_category": "medication",
      "standard_concept_id": "N_c300",
      "qds_data_type": "medication_active",
      "qds_id": "N_2135",
      "type": "array",
      "items": {
        "type": "number",
        "format": "utc-sec"
      },
      "codes": [
        {
          "set": "RxNorm",
          "version": "07/2009",
          "standard_concept": "leukotriene_inhibitors",
          "standard_concept_id": "N_c300",
          "qds_id": "N_2135",
          "values": [
            "199655",
            "199904",
            "200224",
            "242438",
            "311759",
            "313758",
            "351246",
            "391880",
            "392072",
            "723848",
            "730834"
          ]
        }
      ]
    },
    "leukotriene_inhibitors_medication_dispensed": {
      "standard_concept": "leukotriene_inhibitors",
      "standard_category": "medication",
      "standard_concept_id": "N_c300",
      "qds_data_type": "medication_dispensed",
      "qds_id": "N_786",
      "type": "array",
      "items": {
        "type": "number",
        "format": "utc-sec"
      },
      "codes": [
        {
          "set": "RxNorm",
          "version": "07/2009",
          "standard_concept": "leukotriene_inhibitors",
          "standard_concept_id": "N_c300",
          "qds_id": "N_786",
          "values": [
            "199655",
            "199904",
            "200224",
            "242438",
            "311759",
            "313758",
            "351246",
            "391880",
            "392072",
            "723848",
            "730834"
          ]
        }
      ]
    },
    "long_acting_inhaled_beta_2_agonist_medication_active": {
      "standard_concept": "long_acting_inhaled_beta_2_agonist",
      "standard_category": "medication",
      "standard_concept_id": "N_c301",
      "qds_data_type": "medication_active",
      "qds_id": "N_2136",
      "type": "array",
      "items": {
        "type": "number",
        "format": "utc-sec"
      },
      "codes": [
        {
          "set": "RxNorm",
          "version": "07/2009",
          "standard_concept": "long_acting_inhaled_beta_2_agonist",
          "standard_concept_id": "N_c301",
          "qds_id": "N_2136",
          "values": [
            "251366",
            "312897",
            "318142",
            "349154",
            "389134",
            "401958",
            "409732",
            "597829",
            "707365",
            "728211",
            "745798",
            "745803",
            "745807",
            "745812",
            "866044",
            "866048",
            "896161",
            "896174",
            "896184",
            "896186",
            "896192",
            "896209",
            "896218",
            "896225",
            "896228",
            "896231",
            "896236",
            "896239",
            "896244",
            "896267",
            "896272"
          ]
        }
      ]
    },
    "long_acting_inhaled_beta_2_agonist_medication_order": {
      "standard_concept": "long_acting_inhaled_beta_2_agonist",
      "standard_category": "medication",
      "standard_concept_id": "N_c301",
      "qds_data_type": "medication_order",
      "qds_id": "N_2137",
      "type": "array",
      "items": {
        "type": "number",
        "format": "utc-sec"
      },
      "codes": [
        {
          "set": "RxNorm",
          "version": "07/2009",
          "standard_concept": "long_acting_inhaled_beta_2_agonist",
          "standard_concept_id": "N_c301",
          "qds_id": "N_2137",
          "values": [
            "251366",
            "312897",
            "318142",
            "349154",
            "389134",
            "401958",
            "409732",
            "597829",
            "707365",
            "728211",
            "745798",
            "745803",
            "745807",
            "745812",
            "866044",
            "866048",
            "896161",
            "896174",
            "896184",
            "896186",
            "896192",
            "896209",
            "896218",
            "896225",
            "896228",
            "896231",
            "896236",
            "896239",
            "896244",
            "896267",
            "896272"
          ]
        }
      ]
    },
    "long_acting_inhaled_beta_2_agonist_medication_dispensed": {
      "standard_concept": "long_acting_inhaled_beta_2_agonist",
      "standard_category": "medication",
      "standard_concept_id": "N_c301",
      "qds_data_type": "medication_dispensed",
      "qds_id": "N_787",
      "type": "array",
      "items": {
        "type": "number",
        "format": "utc-sec"
      },
      "codes": [
        {
          "set": "RxNorm",
          "version": "07/2009",
          "standard_concept": "long_acting_inhaled_beta_2_agonist",
          "standard_concept_id": "N_c301",
          "qds_id": "N_787",
          "values": [
            "251366",
            "312897",
            "318142",
            "349154",
            "389134",
            "401958",
            "409732",
            "597829",
            "707365",
            "728211",
            "745798",
            "745803",
            "745807",
            "745812",
            "866044",
            "866048",
            "896161",
            "896174",
            "896184",
            "896186",
            "896192",
            "896209",
            "896218",
            "896225",
            "896228",
            "896231",
            "896236",
            "896239",
            "896244",
            "896267",
            "896272"
          ]
        }
      ]
    },
    "mast_cell_stabilizer_medication_order": {
      "standard_concept": "mast_cell_stabilizer",
      "standard_category": "medication",
      "standard_concept_id": "N_c302",
      "qds_data_type": "medication_order",
      "qds_id": "N_2138",
      "type": "array",
      "items": {
        "type": "number",
        "format": "utc-sec"
      },
      "codes": [
        {
          "set": "RxNorm",
          "version": "07/2009",
          "standard_concept": "mast_cell_stabilizer",
          "standard_concept_id": "N_c302",
          "qds_id": "N_2138",
          "values": [
            "104582",
            "247361",
            "247481",
            "309548",
            "562108",
            "746336",
            "746340",
            "746341",
            "746342",
            "748785",
            "830585",
            "831109",
            "831246",
            "831257",
            "831261",
            "831263",
            "831303",
            "831487",
            "849548",
            "885241"
          ]
        }
      ]
    },
    "mast_cell_stabilizer_medication_active": {
      "standard_concept": "mast_cell_stabilizer",
      "standard_category": "medication",
      "standard_concept_id": "N_c302",
      "qds_data_type": "medication_active",
      "qds_id": "N_2139",
      "type": "array",
      "items": {
        "type": "number",
        "format": "utc-sec"
      },
      "codes": [
        {
          "set": "RxNorm",
          "version": "07/2009",
          "standard_concept": "mast_cell_stabilizer",
          "standard_concept_id": "N_c302",
          "qds_id": "N_2139",
          "values": [
            "104582",
            "247361",
            "247481",
            "309548",
            "562108",
            "746336",
            "746340",
            "746341",
            "746342",
            "748785",
            "830585",
            "831109",
            "831246",
            "831257",
            "831261",
            "831263",
            "831303",
            "831487",
            "849548",
            "885241"
          ]
        }
      ]
    },
    "mast_cell_stabilizer_medication_dispensed": {
      "standard_concept": "mast_cell_stabilizer",
      "standard_category": "medication",
      "standard_concept_id": "N_c302",
      "qds_data_type": "medication_dispensed",
      "qds_id": "N_788",
      "type": "array",
      "items": {
        "type": "number",
        "format": "utc-sec"
      },
      "codes": [
        {
          "set": "RxNorm",
          "version": "07/2009",
          "standard_concept": "mast_cell_stabilizer",
          "standard_concept_id": "N_c302",
          "qds_id": "N_788",
          "values": [
            "104582",
            "247361",
            "247481",
            "309548",
            "562108",
            "746336",
            "746340",
            "746341",
            "746342",
            "748785",
            "830585",
            "831109",
            "831246",
            "831257",
            "831261",
            "831263",
            "831303",
            "831487",
            "849548",
            "885241"
          ]
        }
      ]
    },
    "methylxanthines_medication_active": {
      "standard_concept": "methylxanthines",
      "standard_category": "medication",
      "standard_concept_id": "N_c303",
      "qds_data_type": "medication_active",
      "qds_id": "N_2140",
      "type": "array",
      "items": {
        "type": "number",
        "format": "utc-sec"
      },
      "codes": [
        {
          "set": "RxNorm",
          "version": "07/2009",
          "standard_concept": "methylxanthines",
          "standard_concept_id": "N_c303",
          "qds_id": "N_2140",
          "values": [
            "104553",
            "108870",
            "197354",
            "197637",
            "197638",
            "197639",
            "198255",
            "198256",
            "198257",
            "198258",
            "198259",
            "198260",
            "198261",
            "198262",
            "198263",
            "198264",
            "198266",
            "198267",
            "199809",
            "204403",
            "204683",
            "237178",
            "241063",
            "242959",
            "243324",
            "243325",
            "243327",
            "243329",
            "245318",
            "246453",
            "248333",
            "249984",
            "250604",
            "250799",
            "251963",
            "259060",
            "259061",
            "259062",
            "259063",
            "259064",
            "259065",
            "259066",
            "259067",
            "259068",
            "259069",
            "259070",
            "259071",
            "259072",
            "259073",
            "259074",
            "259075",
            "259076",
            "259077",
            "259078",
            "259079",
            "259259",
            "259292",
            "259325",
            "260063",
            "283239",
            "308103",
            "308105",
            "308106",
            "308107",
            "308108",
            "308110",
            "308112",
            "308113",
            "308114",
            "308117",
            "308118",
            "308119",
            "308120",
            "308121",
            "310039",
            "310041",
            "310043",
            "310045",
            "310096",
            "310097",
            "310099",
            "310100",
            "310616",
            "310658",
            "313262",
            "313263",
            "313264",
            "313271",
            "313272",
            "313278",
            "313280",
            "313284",
            "313285",
            "313291",
            "313297",
            "313298",
            "313302",
            "313304",
            "313306",
            "313309",
            "313310",
            "313312",
            "313794",
            "313835",
            "313836",
            "313966",
            "314004",
            "314240",
            "314241",
            "315111",
            "317769",
            "317831",
            "317869",
            "346574",
            "346733",
            "348472",
            "349386",
            "349629",
            "358343",
            "359468",
            "388681",
            "411090",
            "421824",
            "422737",
            "425539",
            "428923",
            "428925",
            "428980",
            "431807",
            "433559",
            "434109",
            "434226",
            "484500",
            "484668",
            "562298",
            "562480",
            "562482",
            "562484",
            "686919",
            "701712",
            "706550",
            "727377",
            "755737",
            "755738",
            "755739",
            "755744",
            "756090",
            "756248",
            "756291",
            "756292",
            "756294",
            "756306",
            "756311",
            "756346",
            "756347",
            "833038"
          ]
        }
      ]
    },
    "methylxanthines_medication_order": {
      "standard_concept": "methylxanthines",
      "standard_category": "medication",
      "standard_concept_id": "N_c303",
      "qds_data_type": "medication_order",
      "qds_id": "N_2141",
      "type": "array",
      "items": {
        "type": "number",
        "format": "utc-sec"
      },
      "codes": [
        {
          "set": "RxNorm",
          "version": "07/2009",
          "standard_concept": "methylxanthines",
          "standard_concept_id": "N_c303",
          "qds_id": "N_2141",
          "values": [
            "104553",
            "108870",
            "197354",
            "197637",
            "197638",
            "197639",
            "198255",
            "198256",
            "198257",
            "198258",
            "198259",
            "198260",
            "198261",
            "198262",
            "198263",
            "198264",
            "198266",
            "198267",
            "199809",
            "204403",
            "204683",
            "237178",
            "241063",
            "242959",
            "243324",
            "243325",
            "243327",
            "243329",
            "245318",
            "246453",
            "248333",
            "249984",
            "250604",
            "250799",
            "251963",
            "259060",
            "259061",
            "259062",
            "259063",
            "259064",
            "259065",
            "259066",
            "259067",
            "259068",
            "259069",
            "259070",
            "259071",
            "259072",
            "259073",
            "259074",
            "259075",
            "259076",
            "259077",
            "259078",
            "259079",
            "259259",
            "259292",
            "259325",
            "260063",
            "283239",
            "308103",
            "308105",
            "308106",
            "308107",
            "308108",
            "308110",
            "308112",
            "308113",
            "308114",
            "308117",
            "308118",
            "308119",
            "308120",
            "308121",
            "310039",
            "310041",
            "310043",
            "310045",
            "310096",
            "310097",
            "310099",
            "310100",
            "310616",
            "310658",
            "313262",
            "313263",
            "313264",
            "313271",
            "313272",
            "313278",
            "313280",
            "313284",
            "313285",
            "313291",
            "313297",
            "313298",
            "313302",
            "313304",
            "313306",
            "313309",
            "313310",
            "313312",
            "313794",
            "313835",
            "313836",
            "313966",
            "314004",
            "314240",
            "314241",
            "315111",
            "317769",
            "317831",
            "317869",
            "346574",
            "346733",
            "348472",
            "349386",
            "349629",
            "358343",
            "359468",
            "388681",
            "411090",
            "421824",
            "422737",
            "425539",
            "428923",
            "428925",
            "428980",
            "431807",
            "433559",
            "434109",
            "434226",
            "484500",
            "484668",
            "562298",
            "562480",
            "562482",
            "562484",
            "686919",
            "701712",
            "706550",
            "727377",
            "755737",
            "755738",
            "755739",
            "755744",
            "756090",
            "756248",
            "756291",
            "756292",
            "756294",
            "756306",
            "756311",
            "756346",
            "756347",
            "833038"
          ]
        }
      ]
    },
    "methylxanthines_medication_dispensed": {
      "standard_concept": "methylxanthines",
      "standard_category": "medication",
      "standard_concept_id": "N_c303",
      "qds_data_type": "medication_dispensed",
      "qds_id": "N_789",
      "type": "array",
      "items": {
        "type": "number",
        "format": "utc-sec"
      },
      "codes": [
        {
          "set": "RxNorm",
          "version": "07/2009",
          "standard_concept": "methylxanthines",
          "standard_concept_id": "N_c303",
          "qds_id": "N_789",
          "values": [
            "104553",
            "108870",
            "197354",
            "197637",
            "197638",
            "197639",
            "198255",
            "198256",
            "198257",
            "198258",
            "198259",
            "198260",
            "198261",
            "198262",
            "198263",
            "198264",
            "198266",
            "198267",
            "199809",
            "204403",
            "204683",
            "237178",
            "241063",
            "242959",
            "243324",
            "243325",
            "243327",
            "243329",
            "245318",
            "246453",
            "248333",
            "249984",
            "250604",
            "250799",
            "251963",
            "259060",
            "259061",
            "259062",
            "259063",
            "259064",
            "259065",
            "259066",
            "259067",
            "259068",
            "259069",
            "259070",
            "259071",
            "259072",
            "259073",
            "259074",
            "259075",
            "259076",
            "259077",
            "259078",
            "259079",
            "259259",
            "259292",
            "259325",
            "260063",
            "283239",
            "308103",
            "308105",
            "308106",
            "308107",
            "308108",
            "308110",
            "308112",
            "308113",
            "308114",
            "308117",
            "308118",
            "308119",
            "308120",
            "308121",
            "310039",
            "310041",
            "310043",
            "310045",
            "310096",
            "310097",
            "310099",
            "310100",
            "310616",
            "310658",
            "313262",
            "313263",
            "313264",
            "313271",
            "313272",
            "313278",
            "313280",
            "313284",
            "313285",
            "313291",
            "313297",
            "313298",
            "313302",
            "313304",
            "313306",
            "313309",
            "313310",
            "313312",
            "313794",
            "313835",
            "313836",
            "313966",
            "314004",
            "314240",
            "314241",
            "315111",
            "317769",
            "317831",
            "317869",
            "346574",
            "346733",
            "348472",
            "349386",
            "349629",
            "358343",
            "359468",
            "388681",
            "411090",
            "421824",
            "422737",
            "425539",
            "428923",
            "428925",
            "428980",
            "431807",
            "433559",
            "434109",
            "434226",
            "484500",
            "484668",
            "562298",
            "562480",
            "562482",
            "562484",
            "686919",
            "701712",
            "706550",
            "727377",
            "755737",
            "755738",
            "755739",
            "755744",
            "756090",
            "756248",
            "756291",
            "756292",
            "756294",
            "756306",
            "756311",
            "756346",
            "756347",
            "833038"
          ]
        }
      ]
    },
    "short_acting_beta_2_agonist_medication_active": {
      "standard_concept": "short_acting_beta_2_agonist",
      "standard_category": "medication",
      "standard_concept_id": "N_c304",
      "qds_data_type": "medication_active",
      "qds_id": "N_2142",
      "type": "array",
      "items": {
        "type": "number",
        "format": "utc-sec"
      },
      "codes": [
        {
          "set": "RxNorm",
          "version": "07/2009",
          "standard_concept": "short_acting_beta_2_agonist",
          "standard_concept_id": "N_c304",
          "qds_id": "N_2142",
          "values": [
            "103987",
            "104514",
            "104582",
            "108889",
            "153741",
            "153742",
            "197316",
            "197318",
            "197933",
            "197934",
            "198106",
            "199924",
            "204438",
            "226577",
            "242754",
            "243314",
            "245314",
            "246683",
            "247044",
            "247840",
            "248066",
            "248781",
            "249777",
            "250683",
            "250684",
            "307779",
            "307781",
            "307782",
            "311286",
            "311562",
            "311563",
            "311564",
            "311566",
            "311567",
            "312458",
            "313813",
            "349590",
            "351136",
            "351137",
            "358992",
            "359144",
            "359145",
            "386998",
            "392321",
            "582498",
            "597908",
            "630208",
            "702262",
            "745679",
            "745682",
            "745791",
            "755497",
            "801092",
            "801917",
            "801920",
            "801934",
            "833187",
            "835903",
            "836286"
          ]
        }
      ]
    },
    "short_acting_beta_2_agonist_medication_order": {
      "standard_concept": "short_acting_beta_2_agonist",
      "standard_category": "medication",
      "standard_concept_id": "N_c304",
      "qds_data_type": "medication_order",
      "qds_id": "N_2143",
      "type": "array",
      "items": {
        "type": "number",
        "format": "utc-sec"
      },
      "codes": [
        {
          "set": "RxNorm",
          "version": "07/2009",
          "standard_concept": "short_acting_beta_2_agonist",
          "standard_concept_id": "N_c304",
          "qds_id": "N_2143",
          "values": [
            "103987",
            "104514",
            "104582",
            "108889",
            "153741",
            "153742",
            "197316",
            "197318",
            "197933",
            "197934",
            "198106",
            "199924",
            "204438",
            "226577",
            "242754",
            "243314",
            "245314",
            "246683",
            "247044",
            "247840",
            "248066",
            "248781",
            "249777",
            "250683",
            "250684",
            "307779",
            "307781",
            "307782",
            "311286",
            "311562",
            "311563",
            "311564",
            "311566",
            "311567",
            "312458",
            "313813",
            "349590",
            "351136",
            "351137",
            "358992",
            "359144",
            "359145",
            "386998",
            "392321",
            "582498",
            "597908",
            "630208",
            "702262",
            "745679",
            "745682",
            "745791",
            "755497",
            "801092",
            "801917",
            "801920",
            "801934",
            "833187",
            "835903",
            "836286"
          ]
        }
      ]
    },
    "short_acting_beta_2_agonist_medication_dispensed": {
      "standard_concept": "short_acting_beta_2_agonist",
      "standard_category": "medication",
      "standard_concept_id": "N_c304",
      "qds_data_type": "medication_dispensed",
      "qds_id": "N_790",
      "type": "array",
      "items": {
        "type": "number",
        "format": "utc-sec"
      },
      "codes": [
        {
          "set": "RxNorm",
          "version": "07/2009",
          "standard_concept": "short_acting_beta_2_agonist",
          "standard_concept_id": "N_c304",
          "qds_id": "N_790",
          "values": [
            "103987",
            "104514",
            "104582",
            "108889",
            "153741",
            "153742",
            "197316",
            "197318",
            "197933",
            "197934",
            "198106",
            "199924",
            "204438",
            "226577",
            "242754",
            "243314",
            "245314",
            "246683",
            "247044",
            "247840",
            "248066",
            "248781",
            "249777",
            "250683",
            "250684",
            "307779",
            "307781",
            "307782",
            "311286",
            "311562",
            "311563",
            "311564",
            "311566",
            "311567",
            "312458",
            "313813",
            "349590",
            "351136",
            "351137",
            "358992",
            "359144",
            "359145",
            "386998",
            "392321",
            "582498",
            "597908",
            "630208",
            "702262",
            "745679",
            "745682",
            "745791",
            "755497",
            "801092",
            "801917",
            "801920",
            "801934",
            "833187",
            "835903",
            "836286"
          ]
        }
      ]
    }
  },
  "sub_id": "c",
  "subtitle": "Ages 5 to 50",
  "short_subtitle": "5-50",
  "population": {
    "category": "Patient Characteristic",
    "title": "5 <= age <= 50"
  }
}