{
  "endorser": "NQF",
  "id": "0041",
  "properties": [
    "NQF_Retooled_Measure_0041.xlsx.json"
  ],
  "name": "Preventive Care and Screening: Influenza Immunization for Patients >= 50 Years Old",
  "description": "Percentage of patients aged 50 years and older who received an influenza immunization during the flu season (September through February).",
  "category": "Core Alternate",
  "steward": "AMA",
  "parameters": {
    "effective_date": {
      "description": "Effective end date for measure",
      "type": "number",
      "format": "utc-sec"
    }
  },
  "patient": {
    "birthdate": {
      "description": "Date of birth",
      "critical": true,
      "standard_category": "characteristic",
      "type": "number",
      "format": "utc-sec",
      "codes": [
        {
          "set": "HL7",
          "version": "3.0",
          "values": [
            "00110"
          ]
        }
      ]
    }
  },
  "population": {
    "and": [
      {
        "category": "Patient Characteristic",
        "title": "Age >= 50"
      },
      {
        "or": [
          {
            "category": "Encounter",
            "title": "2 or more outpatient"
          },
          {
            "category": "Encounter",
            "title": "Preventive medicine 40 and older"
          },
          {
            "category": "Encounter",
            "title": "Preventive medicine group counseling"
          },
          {
            "category": "Encounter",
            "title": "Preventive medicine individual counseling"
          },
          {
            "category": "Encounter",
            "title": "Preventive medicine other services"
          },
          {
            "category": "Encounter",
            "title": "Nursing facility"
          },
          {
            "category": "Encounter",
            "title": "Nursing discharge"
          }
        ]
      }
    ]
  },
  "denominator": {
    "category": "Encounter",
    "title": "Influenza between Sept and Feb inclusive"
  },
  "numerator": {
    "or": [
      {
        "category": "Medication Administered",
        "title": "Influenza vaccine"
      },
      {
        "category": "Procedure Performed",
        "title": "Influenza vaccination"
      }
    ]
  },
  "exclusions": {
    "or": [
      {
        "category": "Medication not done",
        "title": "Influenza vaccine contraindication"
      },
      {
        "category": "Medication not done",
        "title": "Influenza vaccine declined"
      },
      {
        "category": "Medication not done",
        "title": "Influenza vaccine for patient reason"
      },
      {
        "category": "Medication not done",
        "title": "Influenza vaccine for medical reason"
      },
      {
        "category": "Medication not done",
        "title": "Influenza vaccine for system reason"
      },
      {
        "category": "Medication Intolerance",
        "title": "Influenza vaccine"
      },
      {
        "category": "Medication Adverse Effects",
        "title": "Influenza vaccine"
      },
      {
        "category": "Medication Allergy",
        "title": "Influenza vaccine"
      },
      {
        "category": "Procedure Intolerance",
        "title": "Influenza vaccination"
      },
      {
        "category": "Procedure Adverse Event",
        "title": "Influenza vaccination"
      },
      {
        "category": "Substance Allergy",
        "title": "Eggs"
      }
    ]
  },
  "map_fn": "function() {\n  var patient = this;\n  var measure = patient.measures[\"0041\"];\n  if (measure == null)\n    measure={};\n\n  <%= init_js_frameworks %>\n\n  var effective_date = <%= effective_date %>;\n\n  var period_end = new Date(effective_date*1000);\n  var measurement_period_start = new Date(period_end);\n  measurement_period_start.setFullYear(period_end.getFullYear()-1);\n  measurement_period_start = measurement_period_start.getTime()/1000;\n  \n  // Patient characteristic: birth date (age) >= 50 years; (before measurement period)\n  var latest_birthdate = latestBirthdayForThisAge(50, measurement_period_start);\n  var earliest_encounter = new Date(period_end);\n  earliest_encounter.setFullYear(period_end.getFullYear()-1);\n  earliest_encounter = earliest_encounter.getTime()/1000;\n  \n  var flu_season_start_year = period_end.getFullYear();\n  if (period_end.getMonth()<8) // months are 0 indexed so 8==sept\n    flu_season_start_year-=1; // roll back a year if effective date before start of flu season\n  var start_flu_encounter = new Date(flu_season_start_year, 8, 1, 0, 0, 0, 0);\n  var end_flu_encounter = new Date(flu_season_start_year+1, 1, 28, 0, 0, 0, 0);\n  start_flu_encounter = start_flu_encounter.getTime()/1000;\n  end_flu_encounter = end_flu_encounter.getTime()/1000;\n  \n  var population = function () {\n    var num_outpatient_encounters = inRange(measure.encounter_outpatient_encounter, earliest_encounter, effective_date);\n    var other_encounters = normalize(measure.encounter_prev_med_40_and_older_encounter, \n                                     measure.encounter_prev_med_individual_counseling_encounter, \n                                     measure.encounter_prev_med_other_services_encounter, \n                                     measure.encounter_nursing_facility_encounter, \n                                     measure.encounter_nursing_discharge_encounter);\n    var num_other_encounters = inRange(other_encounters, earliest_encounter, effective_date);\n    return (patient.birthdate <= latest_birthdate && (num_outpatient_encounters > 1 || num_other_encounters > 0));\n  };\n\n  var denominator = function () {\n    return (inRange(measure.encounter_influenza_encounter, start_flu_encounter, end_flu_encounter) > 0);\n  };\n\n  var numerator = function () {\n    return (eventDuringEncounter(measure.influenza_vaccine_medication_administered, measure.encounter_influenza_encounter) || \n            eventDuringEncounter(measure.influenza_vaccination_procedure_performed, measure.encounter_influenza_encounter));\n  };\n\n  var exclusion = function () {\n      many_exclusions = normalize(measure.allergy_to_eggs_substance_allergy,\n                                  measure.influenza_vaccine_medication_allergy,\n                                  measure.influenza_vaccine_medication_adverse_event,\n                                  measure.influenza_vaccine_medication_intolerance,\n                                  measure.influenza_vaccine_contraindicated_medication_not_done,\n                                  measure.influenza_vaccine_declined_medication_not_done,\n                                  measure.patient_reason_medication_not_done,\n                                  measure.medical_reason_medication_not_done,\n                                  measure.system_reason_medication_not_done,\n                                  measure.influenza_vaccination_procedure_adverse_event,\n                                  measure.influenza_vaccination_procedure_intolerance);\n      return (many_exclusions.length > 0);\n  };\n\n  map(patient, population, denominator, numerator, exclusion);\n}\n",
  "measure": {
    "allergy_to_eggs_substance_allergy": {
      "standard_concept": "allergy_to_eggs",
      "standard_category": "substance",
      "standard_concept_id": "A_c510",
      "qds_data_type": "substance_allergy",
      "qds_id": "A_1637",
      "type": "array",
      "items": {
        "type": "number",
        "format": "utc-sec"
      },
      "codes": [
        {
          "set": "ICD-9-CM",
          "version": "2010",
          "standard_concept": "allergy_to_eggs",
          "standard_concept_id": "A_c206",
          "qds_id": "A_1682",
          "values": [
            "V15.03"
          ]
        },
        {
          "set": "SNOMED-CT",
          "version": "July 2009",
          "standard_concept": "allergy_to_eggs",
          "standard_concept_id": "A_c208",
          "qds_id": "A_1681",
          "values": [
            "1484830012",
            "213020009",
            "292098007",
            "293104008",
            "293112000",
            "293113005",
            "420113004",
            "91930004"
          ]
        }
      ]
    },
    "encounter_influenza_encounter": {
      "standard_concept": "encounter_influenza",
      "standard_category": "encounter",
      "standard_concept_id": "A_c457",
      "qds_data_type": "encounter",
      "qds_id": "A_1538",
      "type": "array",
      "items": {
        "type": "number",
        "format": "utc-sec"
      },
      "codes": [
        {
          "set": "CPT",
          "version": "2010",
          "standard_concept": "encounter_nursing_discharge",
          "standard_concept_id": "A_c454",
          "qds_id": "A_1449",
          "values": [
            "99315",
            "99316"
          ]
        },
        {
          "set": "CPT",
          "version": "2010",
          "standard_concept": "encounter_nursing_facility",
          "standard_concept_id": "A_c28",
          "qds_id": "A_1448",
          "values": [
            "99304",
            "99305",
            "99306",
            "99307",
            "99308",
            "99309",
            "99310"
          ]
        },
        {
          "set": "CPT",
          "version": "2010",
          "standard_concept": "encounter_outpatient",
          "standard_concept_id": "A_c26",
          "qds_id": "A_293",
          "values": [
            "99201",
            "99202",
            "99203",
            "99204",
            "99205",
            "99212",
            "99213",
            "99214",
            "99215",
            "99241",
            "99242",
            "99243",
            "99244",
            "99245",
            "99324",
            "99325",
            "99326",
            "99327",
            "99328",
            "99334",
            "99335",
            "99336",
            "99337",
            "99341",
            "99342",
            "99343",
            "99344",
            "99345",
            "99347",
            "99348",
            "99349",
            "99350"
          ]
        },
        {
          "set": "CPT",
          "version": "2010",
          "standard_concept": "encounter_prev_med_40_and_older",
          "standard_concept_id": "A_c109",
          "qds_id": "A_264",
          "values": [
            "99386",
            "99387",
            "99396",
            "99397"
          ]
        },
        {
          "set": "CPT",
          "version": "2010",
          "standard_concept": "encounter_prev_med_group_counseling",
          "standard_concept_id": "A_c107",
          "qds_id": "A_265",
          "values": [
            "99411",
            "99412"
          ]
        },
        {
          "set": "CPT",
          "version": "2010",
          "standard_concept": "encounter_prev_med_other_services",
          "standard_concept_id": "A_c108",
          "qds_id": "A_267",
          "values": [
            "99420",
            "99429"
          ]
        },
        {
          "set": "CPT",
          "version": "2010",
          "standard_concept": "encounter_prev_med_individual_counseling",
          "standard_concept_id": "A_c106",
          "qds_id": "A_266",
          "values": [
            "99401",
            "99402",
            "99403",
            "99404"
          ]
        }
      ]
    },
    "influenza_vaccination_procedure_adverse_event": {
      "standard_concept": "influenza_vaccination",
      "standard_category": "procedure",
      "standard_concept_id": "A_c402",
      "qds_data_type": "procedure_adverse_event",
      "qds_id": "A_2090",
      "type": "array",
      "items": {
        "type": "number",
        "format": "utc-sec"
      },
      "codes": [
        {
          "set": "CPT",
          "version": "2010.0",
          "standard_concept": "influenza_vaccination",
          "standard_concept_id": "A_c199",
          "qds_id": "A_9099",
          "values": [
            "90656",
            "90658",
            "90660",
            "90661",
            "90662",
            "90663",
            "90664",
            "90666",
            "90667",
            "90668"
          ]
        },
        {
          "set": "CVX",
          "version": "2010.0",
          "standard_concept": "influenza_vaccination",
          "standard_concept_id": "A_c456",
          "qds_id": "A_9098",
          "values": [
            "15",
            "16",
            "111",
            "125",
            "126",
            "127",
            "128",
            "135"
          ]
        }
      ]
    },
    "influenza_vaccination_procedure_intolerance": {
      "standard_concept": "influenza_vaccination",
      "standard_category": "procedure",
      "standard_concept_id": "A_c402",
      "qds_data_type": "procedure_intolerance",
      "qds_id": "A_2089",
      "type": "array",
      "items": {
        "type": "number",
        "format": "utc-sec"
      },
      "codes": [
        {
          "set": "CPT",
          "version": "2010.0",
          "standard_concept": "influenza_vaccination",
          "standard_concept_id": "A_c199",
          "qds_id": "A_9099",
          "values": [
            "90656",
            "90658",
            "90660",
            "90661",
            "90662",
            "90663",
            "90664",
            "90666",
            "90667",
            "90668"
          ]
        },
        {
          "set": "CVX",
          "version": "2010.0",
          "standard_concept": "influenza_vaccination",
          "standard_concept_id": "A_c456",
          "qds_id": "A_9098",
          "values": [
            "15",
            "16",
            "111",
            "125",
            "126",
            "127",
            "128",
            "135"
          ]
        }
      ]
    },
    "influenza_vaccination_procedure_performed": {
      "standard_concept": "influenza_vaccination",
      "standard_category": "procedure",
      "standard_concept_id": "A_c402",
      "qds_data_type": "procedure_performed",
      "qds_id": "A_2088",
      "type": "array",
      "items": {
        "type": "number",
        "format": "utc-sec"
      },
      "codes": [
        {
          "set": "CPT",
          "version": "2010.0",
          "standard_concept": "influenza_vaccination",
          "standard_concept_id": "A_c199",
          "qds_id": "A_9099",
          "values": [
            "90656",
            "90658",
            "90660",
            "90661",
            "90662",
            "90663",
            "90664",
            "90666",
            "90667",
            "90668"
          ]
        },
        {
          "set": "CVX",
          "version": "2010.0",
          "standard_concept": "influenza_vaccination",
          "standard_concept_id": "A_c456",
          "qds_id": "A_9098",
          "values": [
            "15",
            "16",
            "111",
            "125",
            "126",
            "127",
            "128",
            "135"
          ]
        }
      ]
    },
    "encounter_nursing_discharge_encounter": {
      "standard_concept": "encounter_nursing_discharge",
      "standard_category": "encounter",
      "standard_concept_id": "A_c454",
      "qds_data_type": "encounter",
      "qds_id": "A_1449",
      "type": "array",
      "items": {
        "type": "number",
        "format": "utc-sec"
      },
      "codes": [
        {
          "set": "CPT",
          "version": "2010",
          "standard_concept": "encounter_nursing_discharge",
          "standard_concept_id": "A_c454",
          "qds_id": "A_1449",
          "values": [
            "99315",
            "99316"
          ]
        }
      ]
    },
    "encounter_nursing_facility_encounter": {
      "standard_concept": "encounter_nursing_facility",
      "standard_category": "encounter",
      "standard_concept_id": "A_c28",
      "qds_data_type": "encounter",
      "qds_id": "A_1448",
      "type": "array",
      "items": {
        "type": "number",
        "format": "utc-sec"
      },
      "codes": [
        {
          "set": "CPT",
          "version": "2010",
          "standard_concept": "encounter_nursing_facility",
          "standard_concept_id": "A_c28",
          "qds_id": "A_1448",
          "values": [
            "99304",
            "99305",
            "99306",
            "99307",
            "99308",
            "99309",
            "99310"
          ]
        }
      ]
    },
    "encounter_outpatient_encounter": {
      "standard_concept": "encounter_outpatient",
      "standard_category": "encounter",
      "standard_concept_id": "A_c26",
      "qds_data_type": "encounter",
      "qds_id": "A_293",
      "type": "array",
      "items": {
        "type": "number",
        "format": "utc-sec"
      },
      "codes": [
        {
          "set": "CPT",
          "version": "2010",
          "standard_concept": "encounter_outpatient",
          "standard_concept_id": "A_c26",
          "qds_id": "A_293",
          "values": [
            "99201",
            "99202",
            "99203",
            "99204",
            "99205",
            "99212",
            "99213",
            "99214",
            "99215",
            "99241",
            "99242",
            "99243",
            "99244",
            "99245",
            "99324",
            "99325",
            "99326",
            "99327",
            "99328",
            "99334",
            "99335",
            "99336",
            "99337",
            "99341",
            "99342",
            "99343",
            "99344",
            "99345",
            "99347",
            "99348",
            "99349",
            "99350"
          ]
        }
      ]
    },
    "encounter_prev_med_40_and_older_encounter": {
      "standard_concept": "encounter_prev_med_40_and_older",
      "standard_category": "encounter",
      "standard_concept_id": "A_c109",
      "qds_data_type": "encounter",
      "qds_id": "A_264",
      "type": "array",
      "items": {
        "type": "number",
        "format": "utc-sec"
      },
      "codes": [
        {
          "set": "CPT",
          "version": "2010",
          "standard_concept": "encounter_prev_med_40_and_older",
          "standard_concept_id": "A_c109",
          "qds_id": "A_264",
          "values": [
            "99386",
            "99387",
            "99396",
            "99397"
          ]
        }
      ]
    },
    "encounter_prev_med_group_counseling_encounter": {
      "standard_concept": "encounter_prev_med_group_counseling",
      "standard_category": "encounter",
      "standard_concept_id": "A_c107",
      "qds_data_type": "encounter",
      "qds_id": "A_265",
      "type": "array",
      "items": {
        "type": "number",
        "format": "utc-sec"
      },
      "codes": [
        {
          "set": "CPT",
          "version": "2010",
          "standard_concept": "encounter_prev_med_group_counseling",
          "standard_concept_id": "A_c107",
          "qds_id": "A_265",
          "values": [
            "99411",
            "99412"
          ]
        }
      ]
    },
    "encounter_prev_med_other_services_encounter": {
      "standard_concept": "encounter_prev_med_other_services",
      "standard_category": "encounter",
      "standard_concept_id": "A_c108",
      "qds_data_type": "encounter",
      "qds_id": "A_267",
      "type": "array",
      "items": {
        "type": "number",
        "format": "utc-sec"
      },
      "codes": [
        {
          "set": "CPT",
          "version": "2010",
          "standard_concept": "encounter_prev_med_other_services",
          "standard_concept_id": "A_c108",
          "qds_id": "A_267",
          "values": [
            "99420",
            "99429"
          ]
        }
      ]
    },
    "encounter_prev_med_individual_counseling_encounter": {
      "standard_concept": "encounter_prev_med_individual_counseling",
      "standard_category": "encounter",
      "standard_concept_id": "A_c106",
      "qds_data_type": "encounter",
      "qds_id": "A_266",
      "type": "array",
      "items": {
        "type": "number",
        "format": "utc-sec"
      },
      "codes": [
        {
          "set": "CPT",
          "version": "2010",
          "standard_concept": "encounter_prev_med_individual_counseling",
          "standard_concept_id": "A_c106",
          "qds_id": "A_266",
          "values": [
            "99401",
            "99402",
            "99403",
            "99404"
          ]
        }
      ]
    },
    "influenza_vaccine_medication_administered": {
      "standard_concept": "influenza_vaccine",
      "standard_category": "medication",
      "standard_concept_id": "A_c204",
      "qds_data_type": "medication_administered",
      "qds_id": "A_541",
      "type": "array",
      "items": {
        "type": "number",
        "format": "utc-sec"
      },
      "codes": [
        {
          "set": "RxNorm",
          "version": "12/2009",
          "standard_concept": "influenza_vaccine",
          "standard_concept_id": "A_c204",
          "qds_id": "A_541",
          "values": [
            "857924",
            "857942",
            "857965"
          ]
        }
      ]
    },
    "influenza_vaccine_medication_intolerance": {
      "standard_concept": "influenza_vaccine",
      "standard_category": "medication",
      "standard_concept_id": "A_c204",
      "qds_data_type": "medication_intolerance",
      "qds_id": "A_550",
      "type": "array",
      "items": {
        "type": "number",
        "format": "utc-sec"
      },
      "codes": [
        {
          "set": "RxNorm",
          "version": "12/2009",
          "standard_concept": "influenza_vaccine",
          "standard_concept_id": "A_c204",
          "qds_id": "A_550",
          "values": [
            "857924",
            "857942",
            "857965"
          ]
        }
      ]
    },
    "influenza_vaccine_medication_adverse_event": {
      "standard_concept": "influenza_vaccine",
      "standard_category": "medication",
      "standard_concept_id": "A_c204",
      "qds_data_type": "medication_adverse_event",
      "qds_id": "A_551",
      "type": "array",
      "items": {
        "type": "number",
        "format": "utc-sec"
      },
      "codes": [
        {
          "set": "RxNorm",
          "version": "12/2009",
          "standard_concept": "influenza_vaccine",
          "standard_concept_id": "A_c204",
          "qds_id": "A_551",
          "values": [
            "857924",
            "857942",
            "857965"
          ]
        }
      ]
    },
    "influenza_vaccine_medication_allergy": {
      "standard_concept": "influenza_vaccine",
      "standard_category": "medication",
      "standard_concept_id": "A_c204",
      "qds_data_type": "medication_allergy",
      "qds_id": "A_553",
      "type": "array",
      "items": {
        "type": "number",
        "format": "utc-sec"
      },
      "codes": [
        {
          "set": "RxNorm",
          "version": "12/2009",
          "standard_concept": "influenza_vaccine",
          "standard_concept_id": "A_c204",
          "qds_id": "A_553",
          "values": [
            "857924",
            "857942",
            "857965"
          ]
        }
      ]
    },
    "influenza_vaccine_contraindicated_medication_not_done": {
      "standard_concept": "influenza_vaccine_contraindicated",
      "standard_category": "negation_rationale",
      "standard_concept_id": "A_c460",
      "qds_data_type": "medication_not_done",
      "qds_id": "A_1673",
      "type": "array",
      "items": {
        "type": "number",
        "format": "utc-sec"
      },
      "codes": [
        {
          "set": "SNOMED-CT",
          "version": "07/09",
          "standard_concept": "influenza_vaccine_contraindicated",
          "standard_concept_id": "A_c460",
          "qds_id": "A_1673",
          "values": [
            "390796006"
          ]
        }
      ]
    },
    "influenza_vaccine_declined_medication_not_done": {
      "standard_concept": "influenza_vaccine_declined",
      "standard_category": "negation_rationale",
      "standard_concept_id": "A_c461",
      "qds_data_type": "medication_not_done",
      "qds_id": "A_1487",
      "type": "array",
      "items": {
        "type": "number",
        "format": "utc-sec"
      },
      "codes": [
        {
          "set": "SNOMED-CT",
          "version": "07/09",
          "standard_concept": "influenza_vaccine_declined",
          "standard_concept_id": "A_c461",
          "qds_id": "A_1487",
          "values": [
            "315640000"
          ]
        }
      ]
    },
    "medical_reason_medication_not_done": {
      "standard_concept": "medical_reason",
      "standard_category": "negation_rationale",
      "standard_concept_id": "A_c313",
      "qds_data_type": "medication_not_done",
      "qds_id": "A_1068",
      "type": "array",
      "items": {
        "type": "number",
        "format": "utc-sec"
      },
      "codes": [
        {
          "set": "HL7",
          "version": "3.0",
          "standard_concept": "medical_reason",
          "standard_concept_id": "A_c313",
          "qds_id": "A_1068",
          "values": [
            "21703",
            "21704",
            "21738",
            "21745",
            "21747",
            "21815",
            "21990",
            "22259",
            "22261",
            "22855"
          ]
        }
      ]
    },
    "patient_reason_medication_not_done": {
      "standard_concept": "patient_reason",
      "standard_category": "negation_rationale",
      "standard_concept_id": "A_c311",
      "qds_data_type": "medication_not_done",
      "qds_id": "A_1072",
      "type": "array",
      "items": {
        "type": "number",
        "format": "utc-sec"
      },
      "codes": [
        {
          "set": "HL7",
          "version": "3.0",
          "standard_concept": "patient_reason",
          "standard_concept_id": "A_c311",
          "qds_id": "A_1072",
          "values": [
            "14880",
            "15985",
            "19729",
            "21708",
            "21710",
            "21741",
            "21743",
            "21746",
            "22260",
            "22851"
          ]
        }
      ]
    },
    "system_reason_medication_not_done": {
      "standard_concept": "system_reason",
      "standard_category": "negation_rationale",
      "standard_concept_id": "A_c310",
      "qds_data_type": "medication_not_done",
      "qds_id": "A_1187",
      "type": "array",
      "items": {
        "type": "number",
        "format": "utc-sec"
      },
      "codes": [
        {
          "set": "HL7",
          "version": "3.0",
          "standard_concept": "system_reason",
          "standard_concept_id": "A_c310",
          "qds_id": "A_1187",
          "values": [
            "19730",
            "19731",
            "19733",
            "19734",
            "19735",
            "19736",
            "19987",
            "19988",
            "19989",
            "19990",
            "21408",
            "21493",
            "21568",
            "21706",
            "21707",
            "21709",
            "21728",
            "21729",
            "21730",
            "21731",
            "21732",
            "21733",
            "21734",
            "21735",
            "21744",
            "22023",
            "22024",
            "22165",
            "22166",
            "22167",
            "22168",
            "22169",
            "22857",
            "22858",
            "22859",
            "22865",
            "22866",
            "22867",
            "22907",
            "22909",
            "22911",
            "22912",
            "22913"
          ]
        }
      ]
    }
  }
}