{
  "endorser": "NQF",
  "id": "0047",
  "properties": [
    "NQF_Retooled_Measure_0047.xlsx.json"
  ],
  "name": "Asthma Pharmacologic Therapy",
  "description": "Percentage of patients aged 5 through 40 years with a diagnosis of mild, moderate, or severe persistent asthma who were prescribed either the preferred long-term control medication (inhaled corticosteroid) or an acceptable alternative treatment.",
  "category": "Asthma",
  "steward": "AMA",
  "parameters": {
    "effective_date": {
      "description": "Effective end date for measure",
      "type": "number",
      "format": "utc-sec"
    }
  },
  "patient": {
    "birthdate": {
      "description": "Date of birth",
      "type": "number",
      "standard_category": "characteristic",
      "format": "utc-sec",
      "codes": [
        {
          "set": "HL7",
          "version": "3.0",
          "values": [
            "00110"
          ]
        }
      ]
    }
  },
  "population": {
    "conjunction": "and",
    "items": [
      {
        "category": "Patient characteristic",
        "title": "Age 5 to 40, inclusive"
      },
      {
        "conjunction": "or",
        "items": [
          {
            "category": "Diagnosis active",
            "title": "Asthma, severity persistent"
          },
          {
            "category": "Diagnosis active",
            "title": "Persistent asthma"
          }
        ]
      },
      {
        "category": "Encounter",
        "title": ">= 2 counts of office or outpatient consult"
      }
    ]
  },
  "denominator": {
  },
  "numerator": {
    "conjunction": "or",
    "items": [
      {
        "category": "Medication order",
        "title": "Inhaled corticosteroid or alternative asthma medication ordered"
      },
      {
        "category": "Medication active",
        "title": "Inhaled corticosteroid or alternative asthma medication active"
      }
    ]
  },
  "exclusions": {
    "conjunction": "and",
    "items": [
      {
        "category": "Medication not done",
        "title": "Patient reason"
      },
      {
        "conjunction": "or",
        "items": [
          {
            "category": "Medication allergy",
            "title": "Inhaled corticosteroid or alternative asthma medication allergy"
          },
          {
            "category": "Medication adverse event",
            "title": "Inhaled corticosteroid or alternative asthma medication adverse event"
          },
          {
            "category": "Medication intolerance",
            "title": "Inhaled corticosteroid or alternative asthma medication intolerance"
          }
        ]
      }
    ]
  },
  "map_fn": "function() {\n  var patient = this;\n  var measure = patient.measures[\"0047\"];\n  if (measure == null)\n    measure={};\n\n  <%= init_js_frameworks %>\n\n  var day = 24 * 60 * 60;\n  var year = 365 * day;\n  var effective_date = <%= effective_date %>;\n  var measurement_period_start = effective_date - (1 * year);\n  var earliest_birthdate = earliestBirthdayForThisAge(40, measurement_period_start);\n  var latest_birthdate = latestBirthdayForThisAge(5, measurement_period_start);\n  var earliest_encounter = effective_date - year;\n\n  var population = function() {\n    var correct_age = inRange(patient.birthdate, earliest_birthdate, latest_birthdate);\n    var encounters = inRange(measure.encounter_office_outpatient_consult_encounter, earliest_encounter, effective_date);\n    var asthma = lessThan(measure.asthma_diagnosis_active, effective_date);\n    var persistent_asthma = lessThan(measure.asthma_persistent_diagnosis_active, effective_date);\n    return correct_age && (asthma || persistent_asthma) && encounters>=2;\n  }\n\n  var denominator = function() {\n    return true;\n  }\n\n  var numerator = function() {\n    var medication_active = inRange(measure.corticosteroid_inhaled_or_alternative_asthma_medication_medication_active, earliest_encounter, effective_date);\n    var medication_order = inRange(measure.corticosteroid_inhaled_or_alternative_asthma_medication_medication_order, earliest_encounter, effective_date);\n    return medication_active || medication_order;\n  }\n\n  var exclusion = function() {\n    var not_done_patient = inRange(measure.patient_reason_medication_not_done, earliest_encounter, effective_date);\n    var allergy = inRange(measure.corticosteroid_inhaled_or_alternative_asthma_medication_medication_allergy, earliest_encounter, effective_date);\n    var adverse = inRange(measure.corticosteroid_inhaled_or_alternative_asthma_medication_medication_adverse_event, earliest_encounter, effective_date);\n    var intolerance = inRange(measure.corticosteroid_inhaled_or_alternative_asthma_medication_medication_intolerance, earliest_encounter, effective_date);\n    return not_done_patient && (allergy || adverse || intolerance);\n  }\n\n  map(patient, population, denominator, numerator, exclusion);\n};",
  "measure": {
    "asthma_persistent_diagnosis_active": {
      "standard_concept": "asthma_persistent",
      "standard_category": "diagnosis_condition_problem",
      "standard_concept_id": "A_c363",
      "qds_data_type": "diagnosis_active",
      "qds_id": "A_1245",
      "type": "array",
      "items": {
        "type": "number",
        "format": "utc-sec"
      },
      "codes": [
        {
          "set": "ICD-10-CM",
          "version": "2010",
          "standard_concept": "asthma_persistent",
          "standard_concept_id": "A_c100",
          "qds_id": "A_1125",
          "values": [
            "J45.32",
            "J45.42",
            "J45.52"
          ]
        },
        {
          "set": "ICD-10-CM",
          "version": "2010",
          "standard_concept": "asthma_persistent",
          "standard_concept_id": "A_c100",
          "qds_id": "A_252",
          "values": [
            "J45.32",
            "J45.42",
            "J45.52"
          ]
        },
        {
          "set": "SNOMED-CT",
          "version": "7/2009",
          "standard_concept": "asthma_persistent",
          "standard_concept_id": "A_c101",
          "qds_id": "A_253",
          "values": [
            "426656000",
            "426979002",
            "427295004"
          ]
        }
      ]
    },
    "patient_reason_medication_not_done": {
      "standard_concept": "patient_reason",
      "standard_category": "negation_rationale",
      "standard_concept_id": "A_c364",
      "qds_data_type": "medication_not_done",
      "qds_id": "A_1248",
      "type": "array",
      "items": {
        "type": "number",
        "format": "utc-sec"
      },
      "codes": [
        {
          "set": "HL7",
          "version": "3.0",
          "standard_concept": "patient_reason",
          "standard_concept_id": "A_c311",
          "qds_id": "A_1016",
          "values": [
            "14880",
            "15985",
            "19729",
            "21708",
            "21710",
            "21741",
            "21743",
            "21746",
            "22260",
            "22851"
          ]
        },
        {
          "set": "HL7",
          "version": "3.0",
          "standard_concept": "patient_reason",
          "standard_concept_id": "A_c311",
          "qds_id": "A_1017",
          "values": [
            "14880",
            "15985",
            "19729",
            "21708",
            "21710",
            "21741",
            "21743",
            "21746",
            "22260",
            "22851"
          ]
        },
        {
          "set": "SNOMED-CT",
          "version": "07/09",
          "standard_concept": "patient_reason",
          "standard_concept_id": "A_c317",
          "qds_id": "A_1122",
          "values": [
            "406149000"
          ]
        },
        {
          "set": "SNOMED-CT",
          "version": "07/09",
          "standard_concept": "patient_reason",
          "standard_concept_id": "A_c317",
          "qds_id": "A_1247",
          "values": [
            "406149000"
          ]
        }
      ]
    },
    "asthma_diagnosis_active": {
      "standard_concept": "asthma",
      "standard_category": "diagnosis_condition_problem",
      "standard_concept_id": "A_c59",
      "qds_data_type": "diagnosis_active",
      "qds_id": "A_166",
      "type": "array",
      "items": {
        "type": "number",
        "format": "utc-sec"
      },
      "codes": [
        {
          "set": "ICD-9-CM",
          "version": "2010",
          "standard_concept": "asthma",
          "standard_concept_id": "A_c59",
          "qds_id": "A_166",
          "values": [
            "493.00",
            "493.01",
            "493.02",
            "493.10",
            "493.11",
            "493.12",
            "493.20",
            "493.21",
            "493.22",
            "493.81",
            "493.82",
            "493.90",
            "493.91",
            "493.92"
          ]
        }
      ]
    },
    "corticosteroid_inhaled_or_alternative_asthma_medication_medication_allergy": {
      "standard_concept": "corticosteroid_inhaled_or_alternative_asthma_medication",
      "standard_category": "medication",
      "standard_concept_id": "A_c144",
      "qds_data_type": "medication_allergy",
      "qds_id": "A_1609",
      "type": "array",
      "items": {
        "type": "number",
        "format": "utc-sec"
      },
      "codes": [
        {
          "set": "RxNorm",
          "version": "12/2009",
          "standard_concept": "corticosteroid_inhaled_or_alternative_asthma_medication",
          "standard_concept_id": "A_c144",
          "qds_id": "A_1609",
          "values": [
            "153892",
            "153893",
            "198257",
            "198262",
            "201541",
            "201545",
            "206234",
            "206238",
            "206239",
            "206243",
            "206245",
            "206246",
            "206255",
            "206720",
            "206746",
            "206748",
            "206833",
            "206841",
            "207251",
            "207254",
            "208214",
            "208217",
            "208218",
            "208219",
            "208223",
            "208225",
            "208226",
            "208257",
            "208262",
            "208263",
            "208265",
            "208266",
            "208270",
            "208272",
            "208273",
            "208274",
            "208275",
            "208277",
            "208278",
            "208279",
            "208284",
            "208285",
            "211776",
            "211777",
            "213767",
            "213897",
            "237178",
            "245314",
            "259325",
            "261113",
            "261136",
            "261313",
            "261367",
            "284417",
            "307779",
            "311152",
            "311153",
            "311154",
            "311156",
            "311157",
            "311158",
            "311159",
            "311184",
            "311187",
            "311562",
            "311563",
            "311564",
            "311567",
            "312146",
            "313268",
            "313269",
            "313272",
            "313273",
            "313274",
            "313275",
            "313276",
            "313277",
            "313279",
            "313281",
            "313282",
            "313289",
            "313292",
            "313296",
            "313299",
            "313300",
            "313305",
            "313310",
            "314041",
            "314043",
            "314145",
            "314241",
            "314251",
            "317769",
            "317770",
            "317771",
            "318245",
            "346574",
            "350713",
            "351136",
            "351464",
            "351465",
            "352051",
            "352052",
            "352132",
            "404406",
            "409303",
            "485046",
            "542073",
            "616817",
            "616830",
            "630208",
            "630209",
            "701709",
            "701711",
            "701712",
            "706456",
            "706552",
            "708224",
            "708226",
            "745679",
            "746193",
            "746451",
            "746466",
            "746763",
            "746804",
            "746811",
            "746813",
            "746815",
            "746827",
            "748627",
            "748786",
            "795354",
            "795356",
            "801855",
            "801886",
            "801919",
            "801935",
            "828929",
            "831246",
            "831259",
            "831260",
            "831267",
            "833470",
            "836366",
            "853008",
            "853010",
            "857631",
            "859082",
            "859088",
            "859091",
            "866047",
            "866049",
            "895996",
            "896001",
            "896006",
            "896009",
            "896011",
            "896013",
            "896019",
            "896023",
            "896027",
            "896029",
            "896175",
            "896185",
            "896193",
            "896212",
            "896226",
            "896229"
          ]
        }
      ]
    },
    "corticosteroid_inhaled_or_alternative_asthma_medication_medication_adverse_event": {
      "standard_concept": "corticosteroid_inhaled_or_alternative_asthma_medication",
      "standard_category": "medication",
      "standard_concept_id": "A_c144",
      "qds_data_type": "medication_adverse_event",
      "qds_id": "A_1610",
      "type": "array",
      "items": {
        "type": "number",
        "format": "utc-sec"
      },
      "codes": [
        {
          "set": "RxNorm",
          "version": "12/2009",
          "standard_concept": "corticosteroid_inhaled_or_alternative_asthma_medication",
          "standard_concept_id": "A_c144",
          "qds_id": "A_1610",
          "values": [
            "153892",
            "153893",
            "198257",
            "198262",
            "201541",
            "201545",
            "206234",
            "206238",
            "206239",
            "206243",
            "206245",
            "206246",
            "206255",
            "206720",
            "206746",
            "206748",
            "206833",
            "206841",
            "207251",
            "207254",
            "208214",
            "208217",
            "208218",
            "208219",
            "208223",
            "208225",
            "208226",
            "208257",
            "208262",
            "208263",
            "208265",
            "208266",
            "208270",
            "208272",
            "208273",
            "208274",
            "208275",
            "208277",
            "208278",
            "208279",
            "208284",
            "208285",
            "211776",
            "211777",
            "213767",
            "213897",
            "237178",
            "245314",
            "259325",
            "261113",
            "261136",
            "261313",
            "261367",
            "284417",
            "307779",
            "311152",
            "311153",
            "311154",
            "311156",
            "311157",
            "311158",
            "311159",
            "311184",
            "311187",
            "311562",
            "311563",
            "311564",
            "311567",
            "312146",
            "313268",
            "313269",
            "313272",
            "313273",
            "313274",
            "313275",
            "313276",
            "313277",
            "313279",
            "313281",
            "313282",
            "313289",
            "313292",
            "313296",
            "313299",
            "313300",
            "313305",
            "313310",
            "314041",
            "314043",
            "314145",
            "314241",
            "314251",
            "317769",
            "317770",
            "317771",
            "318245",
            "346574",
            "350713",
            "351136",
            "351464",
            "351465",
            "352051",
            "352052",
            "352132",
            "404406",
            "409303",
            "485046",
            "542073",
            "616817",
            "616830",
            "630208",
            "630209",
            "701709",
            "701711",
            "701712",
            "706456",
            "706552",
            "708224",
            "708226",
            "745679",
            "746193",
            "746451",
            "746466",
            "746763",
            "746804",
            "746811",
            "746813",
            "746815",
            "746827",
            "748627",
            "748786",
            "795354",
            "795356",
            "801855",
            "801886",
            "801919",
            "801935",
            "828929",
            "831246",
            "831259",
            "831260",
            "831267",
            "833470",
            "836366",
            "853008",
            "853010",
            "857631",
            "859082",
            "859088",
            "859091",
            "866047",
            "866049",
            "895996",
            "896001",
            "896006",
            "896009",
            "896011",
            "896013",
            "896019",
            "896023",
            "896027",
            "896029",
            "896175",
            "896185",
            "896193",
            "896212",
            "896226",
            "896229"
          ]
        }
      ]
    },
    "corticosteroid_inhaled_or_alternative_asthma_medication_medication_intolerance": {
      "standard_concept": "corticosteroid_inhaled_or_alternative_asthma_medication",
      "standard_category": "medication",
      "standard_concept_id": "A_c144",
      "qds_data_type": "medication_intolerance",
      "qds_id": "A_1611",
      "type": "array",
      "items": {
        "type": "number",
        "format": "utc-sec"
      },
      "codes": [
        {
          "set": "RxNorm",
          "version": "12/2009",
          "standard_concept": "corticosteroid_inhaled_or_alternative_asthma_medication",
          "standard_concept_id": "A_c144",
          "qds_id": "A_1611",
          "values": [
            "153892",
            "153893",
            "198257",
            "198262",
            "201541",
            "201545",
            "206234",
            "206238",
            "206239",
            "206243",
            "206245",
            "206246",
            "206255",
            "206720",
            "206746",
            "206748",
            "206833",
            "206841",
            "207251",
            "207254",
            "208214",
            "208217",
            "208218",
            "208219",
            "208223",
            "208225",
            "208226",
            "208257",
            "208262",
            "208263",
            "208265",
            "208266",
            "208270",
            "208272",
            "208273",
            "208274",
            "208275",
            "208277",
            "208278",
            "208279",
            "208284",
            "208285",
            "211776",
            "211777",
            "213767",
            "213897",
            "237178",
            "245314",
            "259325",
            "261113",
            "261136",
            "261313",
            "261367",
            "284417",
            "307779",
            "311152",
            "311153",
            "311154",
            "311156",
            "311157",
            "311158",
            "311159",
            "311184",
            "311187",
            "311562",
            "311563",
            "311564",
            "311567",
            "312146",
            "313268",
            "313269",
            "313272",
            "313273",
            "313274",
            "313275",
            "313276",
            "313277",
            "313279",
            "313281",
            "313282",
            "313289",
            "313292",
            "313296",
            "313299",
            "313300",
            "313305",
            "313310",
            "314041",
            "314043",
            "314145",
            "314241",
            "314251",
            "317769",
            "317770",
            "317771",
            "318245",
            "346574",
            "350713",
            "351136",
            "351464",
            "351465",
            "352051",
            "352052",
            "352132",
            "404406",
            "409303",
            "485046",
            "542073",
            "616817",
            "616830",
            "630208",
            "630209",
            "701709",
            "701711",
            "701712",
            "706456",
            "706552",
            "708224",
            "708226",
            "745679",
            "746193",
            "746451",
            "746466",
            "746763",
            "746804",
            "746811",
            "746813",
            "746815",
            "746827",
            "748627",
            "748786",
            "795354",
            "795356",
            "801855",
            "801886",
            "801919",
            "801935",
            "828929",
            "831246",
            "831259",
            "831260",
            "831267",
            "833470",
            "836366",
            "853008",
            "853010",
            "857631",
            "859082",
            "859088",
            "859091",
            "866047",
            "866049",
            "895996",
            "896001",
            "896006",
            "896009",
            "896011",
            "896013",
            "896019",
            "896023",
            "896027",
            "896029",
            "896175",
            "896185",
            "896193",
            "896212",
            "896226",
            "896229"
          ]
        }
      ]
    },
    "corticosteroid_inhaled_or_alternative_asthma_medication_medication_active": {
      "standard_concept": "corticosteroid_inhaled_or_alternative_asthma_medication",
      "standard_category": "medication",
      "standard_concept_id": "A_c144",
      "qds_data_type": "medication_active",
      "qds_id": "A_371",
      "type": "array",
      "items": {
        "type": "number",
        "format": "utc-sec"
      },
      "codes": [
        {
          "set": "RxNorm",
          "version": "12/2009",
          "standard_concept": "corticosteroid_inhaled_or_alternative_asthma_medication",
          "standard_concept_id": "A_c144",
          "qds_id": "A_371",
          "values": [
            "153892",
            "153893",
            "198257",
            "198262",
            "201541",
            "201545",
            "206234",
            "206238",
            "206239",
            "206243",
            "206245",
            "206246",
            "206255",
            "206720",
            "206746",
            "206748",
            "206833",
            "206841",
            "207251",
            "207254",
            "208214",
            "208217",
            "208218",
            "208219",
            "208223",
            "208225",
            "208226",
            "208257",
            "208262",
            "208263",
            "208265",
            "208266",
            "208270",
            "208272",
            "208273",
            "208274",
            "208275",
            "208277",
            "208278",
            "208279",
            "208284",
            "208285",
            "211776",
            "211777",
            "213767",
            "213897",
            "237178",
            "245314",
            "259325",
            "261113",
            "261136",
            "261313",
            "261367",
            "284417",
            "307779",
            "311152",
            "311153",
            "311154",
            "311156",
            "311157",
            "311158",
            "311159",
            "311184",
            "311187",
            "311562",
            "311563",
            "311564",
            "311567",
            "312146",
            "313268",
            "313269",
            "313272",
            "313273",
            "313274",
            "313275",
            "313276",
            "313277",
            "313279",
            "313281",
            "313282",
            "313289",
            "313292",
            "313296",
            "313299",
            "313300",
            "313305",
            "313310",
            "314041",
            "314043",
            "314145",
            "314241",
            "314251",
            "317769",
            "317770",
            "317771",
            "318245",
            "346574",
            "350713",
            "351136",
            "351464",
            "351465",
            "352051",
            "352052",
            "352132",
            "404406",
            "409303",
            "485046",
            "542073",
            "616817",
            "616830",
            "630208",
            "630209",
            "701709",
            "701711",
            "701712",
            "706456",
            "706552",
            "708224",
            "708226",
            "745679",
            "746193",
            "746451",
            "746466",
            "746763",
            "746804",
            "746811",
            "746813",
            "746815",
            "746827",
            "748627",
            "748786",
            "795354",
            "795356",
            "801855",
            "801886",
            "801919",
            "801935",
            "828929",
            "831246",
            "831259",
            "831260",
            "831267",
            "833470",
            "836366",
            "853008",
            "853010",
            "857631",
            "859082",
            "859088",
            "859091",
            "866047",
            "866049",
            "895996",
            "896001",
            "896006",
            "896009",
            "896011",
            "896013",
            "896019",
            "896023",
            "896027",
            "896029",
            "896175",
            "896185",
            "896193",
            "896212",
            "896226",
            "896229"
          ]
        }
      ]
    },
    "corticosteroid_inhaled_or_alternative_asthma_medication_medication_order": {
      "standard_concept": "corticosteroid_inhaled_or_alternative_asthma_medication",
      "standard_category": "medication",
      "standard_concept_id": "A_c144",
      "qds_data_type": "medication_order",
      "qds_id": "A_372",
      "type": "array",
      "items": {
        "type": "number",
        "format": "utc-sec"
      },
      "codes": [
        {
          "set": "RxNorm",
          "version": "12/2009",
          "standard_concept": "corticosteroid_inhaled_or_alternative_asthma_medication",
          "standard_concept_id": "A_c144",
          "qds_id": "A_372",
          "values": [
            "153892",
            "153893",
            "198257",
            "198262",
            "201541",
            "201545",
            "206234",
            "206238",
            "206239",
            "206243",
            "206245",
            "206246",
            "206255",
            "206720",
            "206746",
            "206748",
            "206833",
            "206841",
            "207251",
            "207254",
            "208214",
            "208217",
            "208218",
            "208219",
            "208223",
            "208225",
            "208226",
            "208257",
            "208262",
            "208263",
            "208265",
            "208266",
            "208270",
            "208272",
            "208273",
            "208274",
            "208275",
            "208277",
            "208278",
            "208279",
            "208284",
            "208285",
            "211776",
            "211777",
            "213767",
            "213897",
            "237178",
            "245314",
            "259325",
            "261113",
            "261136",
            "261313",
            "261367",
            "284417",
            "307779",
            "311152",
            "311153",
            "311154",
            "311156",
            "311157",
            "311158",
            "311159",
            "311184",
            "311187",
            "311562",
            "311563",
            "311564",
            "311567",
            "312146",
            "313268",
            "313269",
            "313272",
            "313273",
            "313274",
            "313275",
            "313276",
            "313277",
            "313279",
            "313281",
            "313282",
            "313289",
            "313292",
            "313296",
            "313299",
            "313300",
            "313305",
            "313310",
            "314041",
            "314043",
            "314145",
            "314241",
            "314251",
            "317769",
            "317770",
            "317771",
            "318245",
            "346574",
            "350713",
            "351136",
            "351464",
            "351465",
            "352051",
            "352052",
            "352132",
            "404406",
            "409303",
            "485046",
            "542073",
            "616817",
            "616830",
            "630208",
            "630209",
            "701709",
            "701711",
            "701712",
            "706456",
            "706552",
            "708224",
            "708226",
            "745679",
            "746193",
            "746451",
            "746466",
            "746763",
            "746804",
            "746811",
            "746813",
            "746815",
            "746827",
            "748627",
            "748786",
            "795354",
            "795356",
            "801855",
            "801886",
            "801919",
            "801935",
            "828929",
            "831246",
            "831259",
            "831260",
            "831267",
            "833470",
            "836366",
            "853008",
            "853010",
            "857631",
            "859082",
            "859088",
            "859091",
            "866047",
            "866049",
            "895996",
            "896001",
            "896006",
            "896009",
            "896011",
            "896013",
            "896019",
            "896023",
            "896027",
            "896029",
            "896175",
            "896185",
            "896193",
            "896212",
            "896226",
            "896229"
          ]
        }
      ]
    },
    "encounter_office_outpatient_consult_encounter": {
      "standard_concept": "encounter_office_outpatient_consult",
      "standard_category": "encounter",
      "standard_concept_id": "A_c99",
      "qds_data_type": "encounter",
      "qds_id": "A_254",
      "type": "array",
      "items": {
        "type": "number",
        "format": "utc-sec"
      },
      "codes": [
        {
          "set": "CPT",
          "version": "2010",
          "standard_concept": "encounter_office_outpatient_consult",
          "standard_concept_id": "A_c99",
          "qds_id": "A_254",
          "values": [
            "99201",
            "99202",
            "99203",
            "99204",
            "99205",
            "99212",
            "99213",
            "99214",
            "99215",
            "99241",
            "99242",
            "99243",
            "99244",
            "99245"
          ]
        }
      ]
    }
  }
}