{
  "endorser": "NQF",
  "id": "0061",
  "properties": [
    "NQF_Retooled_Measure_0061.xlsx.json"
  ],
  "name": "Diabetes Blood Pressure Management",
  "description": "The percentage of patients 18-75 years of age with diabetes (type 1 or type 2) who had BP <140/90 mmHg.",
  "category": "Diabetes",
  "steward": "NCQA",
  "parameters": {
    "effective_date": {
      "description": "Effective end date for measure",
      "type": "number",
      "format": "utc-sec"
    }
  },
  "patient": {
    "birthdate": {
      "description": "Date of birth",
      "critical": true,
      "type": "number",
      "format": "utc-sec",
      "codes": [
        {
          "set": "HL7",
          "version": "3.0",
          "values": [
            "00110"
          ]
        }
      ]
    }
  },
  "population": {
    "category": "Patient Characteristic",
    "title": "18 <= age <= 75"
  },
  "denominator": {
    "or": [
      {
        "category": "Medication",
        "title": "Medication Indicative of Diabetes, <=2 years before or simultaneously to measurement period end date"
      },
      {
        "and": [
          {
            "category": "Diagnosis Active",
            "title": "Diabetes, <=2 years before or simultaneously to measurement period end date"
          },
          {
            "or": [
              {
                "category": "Encounter",
                "title": "Acute Inpatient or ED, during the measurement period"
              },
              {
                "category": "Encounter",
                "title": "Non-Acute Inpatient, Outpatient, or Ophthalmology, during the measurement period"
              }
            ]
          }
        ]
      }
    ]
  },
  "numerator": {
    "and": [
      {
        "category": "Physical Exam Finding",
        "title": "Minimum diastolic BP during most recent encounter < 90, during the measurement period"
      },
      {
        "category": "Physical Exam Finding",
        "title": "Minimum systolic BP during most recent encounter < 140, during the measurement period"
      }
    ]
  },
  "exclusions": {
    "or": [
      {
        "and": [
          {
            "category": "Diagnosis",
            "title": "Polycystic Ovaries, before or simultaneously to measurement period end date"
          },
          {
            "and": [
              {
                "category": "Diagnosis",
                "title": "Diabetes Not Active, <=2 years before or simultaneously to measurement period end date"
              },
              {
                "or": [
                  {
                    "category": "Encounter",
                    "title": "No Acute Inpatient or ED, <=2 years before or simultaneously to measurement period end date"
                  },
                  {
                    "category": "Encounter",
                    "title": "No Non-Acute Inpatient, Outpatient, or Ophthalmology, <=2 years before or simultaneously to measurement period end date"
                  }
                ]
              }
            ]
          }
        ]
      },
      {
        "and": [
          {
            "category": "Diagnosis",
            "title": "Gestational Diabetes or Steroid Induced Diabetes, <=2 years before or simultaneously to measurement period end date"
          },
          {
            "category": "Medication",
            "title": "Medications Indicative of Diabetes, <=2 years before or simultaneously to measurement period end date"
          },
          {
            "category": "Diagnosis",
            "title": "Diabetes Active, <=2 years before or simultaneously to measurement period end date"
          },
          {
            "or": [
              {
                "category": "Encounter",
                "title": "Acute Inpatient or ED, <=2 years before or simultaneously to measurement period end date"
              },
              {
                "category": "Encounter",
                "title": "Non-Acute Inpatient, Outpatient, or Opthalmology, <=2 years before or simultaneously to measurement period end date"
              }
            ]
          }
        ]
      }
    ]
  },
  "map_fn": "function() {\n  var patient = this;\n  var measure = patient.measures[\"0061\"];\n  if (measure == null)\n    measure={};\n\n  <%= init_js_frameworks %>\n\n  var day = 24 * 60 * 60;\n  var year = 365 * day;\n  var effective_date =                <%= effective_date %>;\n\n  var measurement_period_start =          effective_date - year;\n  // AGE BUG FIXED - AQ (17-74, not 18-85)\n  var earliest_birthdate = earliestBirthdayForThisAge(74, measurement_period_start);\n  var latest_birthdate = latestBirthdayForThisAge(17, measurement_period_start);\n  \n\n  var earliest_encounter = measurement_period_start;\n  var earliest_diagnosis =                effective_date - (2 * year);\n\n  var population = function() {\n    return diabetes_population(patient, earliest_birthdate, latest_birthdate);\n  }\n\n  var denominator = function() {\n    return diabetes_denominator(measure, earliest_diagnosis, earliest_encounter, effective_date);\n  }\n\n  // This numerator function is the only code that is specific to this particular\n  // MU diabetes measure.  All of the other definitions for the initial population,\n  // the denominator, and the exclusions are shared in the 'diabetes_utils.js' file\n  // that is located in the /js directory of the project\n  var numerator = function() {\n    var all_encounters = normalize(measure.encounter_acute_inpatient_or_ed_encounter,\n      measure.encounter_non_acute_inpatient_outpatient_or_ophthalmology_encounter);\n    var all_encounters_in_range = selectWithinRange(all_encounters, measurement_period_start, effective_date);\n    if (all_encounters_in_range.length == 0) {\n      return false;\n    }\n    latest_encounter = _.max(all_encounters_in_range);\n    // for measure purposes a BP reading is considered to be during an encounter if its timestamp\n    // is between 24 hours before and 24 hours after the timestamp of the encounter\n    start_latest_encounter = latest_encounter - day;\n    end_latest_encounter = latest_encounter + day;\n\n    systolic_min = minValueInDateRange(measure.systolic_blood_pressure_physical_exam_finding,\n                                       start_latest_encounter,\n                                       end_latest_encounter,\n                                       false);\n    diastolic_min = minValueInDateRange(measure.diastolic_blood_pressure_physical_exam_finding,\n                                        start_latest_encounter,\n                                        end_latest_encounter,\n                                        false);\n    if ((systolic_min === false) || (diastolic_min === false)) {\n      return false;\n    }\n    return ((systolic_min < 140) && (diastolic_min < 90));\n  }\n\n  var exclusion = function() {\n    return diabetes_exclusions(measure, earliest_diagnosis, effective_date);\n  }\n\n  map(patient, population, denominator, numerator, exclusion);\n};",
  "measure": {
    "diabetes_diagnosis_active": {
      "standard_concept": "diabetes",
      "standard_category": "diagnosis_condition_problem",
      "standard_concept_id": "N_c469",
      "qds_data_type": "diagnosis_active",
      "qds_id": "N_1461",
      "type": "array",
      "items": {
        "type": "number",
        "format": "utc-sec"
      },
      "codes": [
        {
          "set": "ICD-10-CM",
          "version": "06/2009",
          "standard_concept": "diabetes",
          "standard_concept_id": "N_c48",
          "qds_id": "N_243",
          "values": [
            "31",
            "E10.36",
            "E11.36",
            "E11.9",
            "E13",
            "E13.32",
            "E13.33",
            "E13.34",
            "E13.35",
            "E13.43",
            "O24.42"
          ]
        },
        {
          "set": "ICD-9-CM",
          "version": "06/2009",
          "standard_concept": "diabetes",
          "standard_concept_id": "N_c47",
          "qds_id": "N_244",
          "values": [
            "250",
            "250.0",
            "250.00",
            "250.01",
            "250.02",
            "250.03",
            "250.10",
            "250.11",
            "250.12",
            "250.13",
            "250.20",
            "250.21",
            "250.22",
            "250.23",
            "250.30",
            "250.31",
            "250.32",
            "250.33",
            "250.4",
            "250.40",
            "250.41",
            "250.42",
            "250.43",
            "250.50",
            "250.51",
            "250.52",
            "250.53",
            "250.60",
            "250.61",
            "250.62",
            "250.63",
            "250.7",
            "250.70",
            "250.71",
            "250.72",
            "250.73",
            "250.8",
            "250.80",
            "250.81",
            "250.82",
            "250.83",
            "250.9",
            "250.90",
            "250.91",
            "250.92",
            "250.93",
            "357.2",
            "362.0",
            "362.01",
            "362.02",
            "362.03",
            "362.04",
            "362.05",
            "362.06",
            "362.07",
            "366.41",
            "648.0",
            "648.00",
            "648.01",
            "648.02",
            "648.03",
            "648.04"
          ]
        },
        {
          "set": "SNOMED-CT",
          "version": "07/2009",
          "standard_concept": "diabetes",
          "standard_concept_id": "N_c49",
          "qds_id": "N_245",
          "values": [
            "111552007",
            "111558006",
            "11530004",
            "123763000",
            "127013003",
            "127014009",
            "190321005",
            "190328004",
            "190330002",
            "190331003",
            "190336008",
            "190353001",
            "190361006",
            "190368000",
            "190369008",
            "190371008",
            "190372001",
            "190383005",
            "190389009",
            "190390000",
            "190392008",
            "190406000",
            "190407009",
            "190410002",
            "190411003",
            "190412005",
            "190416001",
            "190417004",
            "190418009",
            "190419001",
            "190422004",
            "193184006",
            "197605007",
            "198609003",
            "199223000",
            "199227004",
            "199229001",
            "199230006",
            "199231005",
            "199234002",
            "201250006",
            "201251005",
            "201252003",
            "23045005",
            "230572002",
            "230577008",
            "237599002",
            "237600004",
            "237601000",
            "237604008",
            "237613005",
            "237618001",
            "237619009",
            "237627000",
            "25907005",
            "26298008",
            "267379000",
            "267380002",
            "2751001",
            "275918005",
            "28032008",
            "28453007",
            "290002008",
            "309426007",
            "310387003",
            "311366001",
            "312912001",
            "313435000",
            "313436004",
            "314537004",
            "314771006",
            "314772004",
            "314893005",
            "314902007",
            "314903002",
            "33559001",
            "34140002",
            "359611005",
            "359638003",
            "359642000",
            "360546002",
            "371087003",
            "38542009",
            "39058009",
            "39181008",
            "408539000",
            "408540003",
            "413183008",
            "414890007",
            "414906009",
            "420414003",
            "420422005",
            "421750000",
            "421847006",
            "421895002",
            "422183001",
            "422228004",
            "422275004",
            "423263001",
            "424736006",
            "424989000",
            "425159004",
            "425442003",
            "426705001",
            "426875007",
            "427089005",
            "428896009",
            "42954008",
            "44054006",
            "4627003",
            "46635009",
            "50620007",
            "51002006",
            "5368009",
            "54181000",
            "57886004",
            "59079001",
            "5969009",
            "70694009",
            "73211009",
            "74263009",
            "75524006",
            "75682002",
            "76751001",
            "81531005",
            "81830002",
            "8801005",
            "91352004",
            "9859006"
          ]
        }
      ]
    },
    "encounter_acute_inpatient_or_ed_encounter": {
      "standard_concept": "encounter_acute_inpatient_or_ed",
      "standard_category": "encounter",
      "standard_concept_id": "N_c536",
      "qds_data_type": "encounter",
      "qds_id": "N_1958",
      "type": "array",
      "items": {
        "type": "number",
        "format": "utc-sec"
      },
      "codes": [
        {
          "set": "CPT",
          "version": "06/2009",
          "standard_concept": "encounter_acute_inpt",
          "standard_concept_id": "N_c26",
          "qds_id": "N_272",
          "values": [
            "99221",
            "99222",
            "99223",
            "99231",
            "99232",
            "99233",
            "99238",
            "99239",
            "99251",
            "99252",
            "99253",
            "99254",
            "99255",
            "99291"
          ]
        },
        {
          "set": "CPT",
          "version": "06/2009",
          "standard_concept": "encounter_ed",
          "standard_concept_id": "N_c60",
          "qds_id": "N_274",
          "values": [
            "99281",
            "99282",
            "99283",
            "99284",
            "99285"
          ]
        }
      ]
    },
    "encounter_non_acute_inpatient_outpatient_or_ophthalmology_encounter": {
      "standard_concept": "encounter_non_acute_inpatient_outpatient_or_ophthalmology",
      "standard_category": "encounter",
      "standard_concept_id": "N_c537",
      "qds_data_type": "encounter",
      "qds_id": "N_1959",
      "type": "array",
      "items": {
        "type": "number",
        "format": "utc-sec"
      },
      "codes": [
        {
          "set": "CPT",
          "version": "06/2009",
          "standard_concept": "encounter_non_acute_inpatient",
          "standard_concept_id": "N_c28",
          "qds_id": "N_276",
          "values": [
            "99304",
            "99305",
            "99306",
            "99307",
            "99308",
            "99309",
            "99310",
            "99315",
            "99316",
            "99318",
            "99324",
            "99325",
            "99326",
            "99327",
            "99328",
            "99334",
            "99335",
            "99336",
            "99337"
          ]
        },
        {
          "set": "ICD-9-CM",
          "version": "06/2009",
          "standard_concept": "encounter_outpatient",
          "standard_concept_id": "N_c159",
          "qds_id": "N_1621",
          "values": [
            "V70.0",
            "V70.3",
            "V70.5",
            "V70.6",
            "V70.8",
            "V70.9"
          ]
        },
        {
          "set": "CPT",
          "version": "06/2009",
          "standard_concept": "encounter_outpatient",
          "standard_concept_id": "N_c27",
          "qds_id": "N_278",
          "values": [
            "99201",
            "99202",
            "99203",
            "99204",
            "99205",
            "99211",
            "99212",
            "99213",
            "99214",
            "99215",
            "99217",
            "99218",
            "99219",
            "99220",
            "99241",
            "99242",
            "99243",
            "99244",
            "99245",
            "99341",
            "99342",
            "99343",
            "99344",
            "99345",
            "99347",
            "99348",
            "99349",
            "99350",
            "99384",
            "99385",
            "99386",
            "99387",
            "99394",
            "99395",
            "99396",
            "99397",
            "99401",
            "99402",
            "99403",
            "99404",
            "99411",
            "99412",
            "99420",
            "99429",
            "99455",
            "99456"
          ]
        },
        {
          "set": "CPT",
          "version": "06/2009",
          "standard_concept": "encounter_outpatient_opthamological_services",
          "standard_concept_id": "N_c155",
          "qds_id": "N_373",
          "values": [
            "92002",
            "92003",
            "92004",
            "92005",
            "92006",
            "92007",
            "92008",
            "92009",
            "92010",
            "92011",
            "92012",
            "92013",
            "92014"
          ]
        }
      ]
    },
    "gestational_diabetes_diagnosis_active": {
      "standard_concept": "gestational_diabetes",
      "standard_category": "diagnosis_condition_problem",
      "standard_concept_id": "N_c470",
      "qds_data_type": "diagnosis_active",
      "qds_id": "N_1462",
      "type": "array",
      "items": {
        "type": "number",
        "format": "utc-sec"
      },
      "codes": [
        {
          "set": "ICD-10-CM",
          "version": "06/2009",
          "standard_concept": "gestational_diabetes",
          "standard_concept_id": "N_c67",
          "qds_id": "N_263",
          "values": [
            "R73.02",
            "R73.09"
          ]
        },
        {
          "set": "ICD-9-CM",
          "version": "06/2009",
          "standard_concept": "gestational_diabetes",
          "standard_concept_id": "N_c66",
          "qds_id": "N_264",
          "values": [
            "648.8",
            "648.80",
            "648.81",
            "648.82",
            "648.83",
            "648.84"
          ]
        },
        {
          "set": "SNOMED-CT",
          "version": "07/2009",
          "standard_concept": "gestational_diabetes",
          "standard_concept_id": "N_c70",
          "qds_id": "N_265",
          "values": [
            "11687002",
            "420491007",
            "420738003",
            "420989005",
            "421223006",
            "421389009",
            "421443003",
            "422155003",
            "46894009",
            "71546005",
            "75022004"
          ]
        }
      ]
    },
    "medications_indicative_of_diabetes_medication_dispensed": {
      "standard_concept": "medications_indicative_of_diabetes",
      "standard_category": "medication",
      "standard_concept_id": "N_c540",
      "qds_data_type": "medication_dispensed",
      "qds_id": "N_1961",
      "type": "array",
      "items": {
        "type": "number",
        "format": "utc-sec"
      },
      "codes": [
        {
          "set": "RxNorm",
          "version": "07/2009",
          "standard_concept": "alph_glucosidas_inhibitors",
          "standard_concept_id": "N_c50",
          "qds_id": "N_2149",
          "values": [
            "199149",
            "199150",
            "200132",
            "205329",
            "205330",
            "205331",
            "401938"
          ]
        },
        {
          "set": "RxNorm",
          "version": "07/2009",
          "standard_concept": "alph_glucosidas_inhibitors",
          "standard_concept_id": "N_c50",
          "qds_id": "N_246",
          "values": [
            "199149",
            "199150",
            "200132",
            "205329",
            "205330",
            "205331",
            "401938"
          ]
        },
        {
          "set": "RxNorm",
          "version": "07/2009",
          "standard_concept": "alph_glucosidas_inhibitors",
          "standard_concept_id": "N_c50",
          "qds_id": "N_247",
          "values": [
            "199149",
            "199150",
            "200132",
            "205329",
            "205330",
            "205331",
            "401938"
          ]
        },
        {
          "set": "RxNorm",
          "version": "07/2009",
          "standard_concept": "amylin_analogs",
          "standard_concept_id": "N_c51",
          "qds_id": "N_2150",
          "values": [
            "200256",
            "200257",
            "200258",
            "311919",
            "314142",
            "389139",
            "861035",
            "861039",
            "861042",
            "861044",
            "861787",
            "861790"
          ]
        },
        {
          "set": "RxNorm",
          "version": "07/2009",
          "standard_concept": "amylin_analogs",
          "standard_concept_id": "N_c51",
          "qds_id": "N_248",
          "values": [
            "200256",
            "200257",
            "200258",
            "311919",
            "314142",
            "389139",
            "861035",
            "861039",
            "861042",
            "861044",
            "861787",
            "861790"
          ]
        },
        {
          "set": "RxNorm",
          "version": "07/2009",
          "standard_concept": "amylin_analogs",
          "standard_concept_id": "N_c51",
          "qds_id": "N_249",
          "values": [
            "200256",
            "200257",
            "200258",
            "311919",
            "314142",
            "389139",
            "861035",
            "861039",
            "861042",
            "861044",
            "861787",
            "861790"
          ]
        },
        {
          "set": "RxNorm",
          "version": "07/2009",
          "standard_concept": "antidiabetic_agents",
          "standard_concept_id": "N_c54",
          "qds_id": "N_2151",
          "values": [
            "744863",
            "847910",
            "847915"
          ]
        },
        {
          "set": "RxNorm",
          "version": "07/2009",
          "standard_concept": "antidiabetic_agents",
          "standard_concept_id": "N_c54",
          "qds_id": "N_254",
          "values": [
            "744863",
            "847910",
            "847915"
          ]
        },
        {
          "set": "RxNorm",
          "version": "07/2009",
          "standard_concept": "antidiabetic_agents",
          "standard_concept_id": "N_c54",
          "qds_id": "N_255",
          "values": [
            "744863",
            "847910",
            "847915"
          ]
        },
        {
          "set": "RxNorm",
          "version": "07/2009",
          "standard_concept": "antidiabetic_combinations",
          "standard_concept_id": "N_c305",
          "qds_id": "N_2152",
          "values": [
            "602544",
            "602549",
            "602550",
            "647237",
            "647239",
            "706895",
            "706896",
            "861731",
            "861736",
            "861740",
            "861743",
            "861748",
            "861753",
            "861760",
            "861763",
            "861769",
            "861783",
            "861787",
            "861790",
            "861795",
            "861806",
            "861816",
            "861819",
            "861822"
          ]
        },
        {
          "set": "RxNorm",
          "version": "07/2009",
          "standard_concept": "antidiabetic_combinations",
          "standard_concept_id": "N_c305",
          "qds_id": "N_762",
          "values": [
            "602544",
            "602549",
            "602550",
            "647237",
            "647239",
            "706895",
            "706896",
            "861731",
            "861736",
            "861740",
            "861743",
            "861748",
            "861753",
            "861760",
            "861763",
            "861769",
            "861783",
            "861787",
            "861790",
            "861795",
            "861806",
            "861816",
            "861819",
            "861822"
          ]
        },
        {
          "set": "RxNorm",
          "version": "07/2009",
          "standard_concept": "antidiabetic_combinations",
          "standard_concept_id": "N_c305",
          "qds_id": "N_763",
          "values": [
            "602544",
            "602549",
            "602550",
            "647237",
            "647239",
            "706895",
            "706896",
            "861731",
            "861736",
            "861740",
            "861743",
            "861748",
            "861753",
            "861760",
            "861763",
            "861769",
            "861783",
            "861787",
            "861790",
            "861795",
            "861806",
            "861816",
            "861819",
            "861822"
          ]
        },
        {
          "set": "RxNorm",
          "version": "07/2009",
          "standard_concept": "biguanides",
          "standard_concept_id": "N_c438",
          "qds_id": "N_1601",
          "values": [
            "665033",
            "665038",
            "665042",
            "860975",
            "860978",
            "860981",
            "860984",
            "860996",
            "860999",
            "861004",
            "861007",
            "861010",
            "861021",
            "861025",
            "861731",
            "861736",
            "861740",
            "861743",
            "861748",
            "861753",
            "861760",
            "861763",
            "861769",
            "861783",
            "861787",
            "861790",
            "861795",
            "861806",
            "861816",
            "861819",
            "861822"
          ]
        },
        {
          "set": "RxNorm",
          "version": "07/2009",
          "standard_concept": "biguanides",
          "standard_concept_id": "N_c438",
          "qds_id": "N_1602",
          "values": [
            "665033",
            "665038",
            "665042",
            "860975",
            "860978",
            "860981",
            "860984",
            "860996",
            "860999",
            "861004",
            "861007",
            "861010",
            "861021",
            "861025",
            "861731",
            "861736",
            "861740",
            "861743",
            "861748",
            "861753",
            "861760",
            "861763",
            "861769",
            "861783",
            "861787",
            "861790",
            "861795",
            "861806",
            "861816",
            "861819",
            "861822"
          ]
        },
        {
          "set": "RxNorm",
          "version": "07/2009",
          "standard_concept": "biguanides",
          "standard_concept_id": "N_c438",
          "qds_id": "N_2153",
          "values": [
            "665033",
            "665038",
            "665042",
            "860975",
            "860978",
            "860981",
            "860984",
            "860996",
            "860999",
            "861004",
            "861007",
            "861010",
            "861021",
            "861025",
            "861731",
            "861736",
            "861740",
            "861743",
            "861748",
            "861753",
            "861760",
            "861763",
            "861769",
            "861783",
            "861787",
            "861790",
            "861795",
            "861806",
            "861816",
            "861819",
            "861822"
          ]
        },
        {
          "set": "RxNorm",
          "version": "07/2009",
          "standard_concept": "insulin",
          "standard_concept_id": "N_c52",
          "qds_id": "N_250",
          "values": [
            "205314",
            "237527",
            "242120",
            "242916",
            "242917",
            "259111",
            "260265",
            "283394",
            "311040",
            "311041",
            "311053",
            "311054",
            "311055",
            "311056",
            "311057",
            "311058",
            "311059",
            "311060",
            "311061",
            "314038",
            "317800",
            "351297",
            "358349",
            "484322",
            "485210",
            "544614",
            "763002",
            "763007",
            "763013",
            "763014",
            "833159",
            "847191",
            "847207",
            "847211",
            "847230",
            "847239",
            "847252",
            "847259",
            "847263",
            "847416"
          ]
        },
        {
          "set": "RxNorm",
          "version": "07/2009",
          "standard_concept": "insulin",
          "standard_concept_id": "N_c52",
          "qds_id": "N_251",
          "values": [
            "205314",
            "237527",
            "242120",
            "242916",
            "242917",
            "259111",
            "260265",
            "283394",
            "311040",
            "311041",
            "311053",
            "311054",
            "311055",
            "311056",
            "311057",
            "311058",
            "311059",
            "311060",
            "311061",
            "314038",
            "317800",
            "351297",
            "358349",
            "484322",
            "485210",
            "544614",
            "763002",
            "763007",
            "763013",
            "763014",
            "833159",
            "847191",
            "847207",
            "847211",
            "847230",
            "847239",
            "847252",
            "847259",
            "847263",
            "847416"
          ]
        },
        {
          "set": "RxNorm",
          "version": "07/2009",
          "standard_concept": "meglitinides",
          "standard_concept_id": "N_c53",
          "qds_id": "N_2154",
          "values": [
            "200256",
            "200257",
            "200258",
            "311919",
            "314142",
            "389139"
          ]
        },
        {
          "set": "RxNorm",
          "version": "07/2009",
          "standard_concept": "meglitinides",
          "standard_concept_id": "N_c53",
          "qds_id": "N_252",
          "values": [
            "200256",
            "200257",
            "200258",
            "311919",
            "314142",
            "389139"
          ]
        },
        {
          "set": "RxNorm",
          "version": "07/2009",
          "standard_concept": "meglitinides",
          "standard_concept_id": "N_c53",
          "qds_id": "N_253",
          "values": [
            "200256",
            "200257",
            "200258",
            "311919",
            "314142",
            "389139"
          ]
        },
        {
          "set": "RxNorm",
          "version": "07/2009",
          "standard_concept": "sulfonylureas",
          "standard_concept_id": "N_c55",
          "qds_id": "N_2155",
          "values": [
            "105374",
            "153842",
            "197306",
            "197307",
            "197495",
            "197496",
            "197737",
            "198291",
            "198292",
            "198293",
            "198294",
            "199245",
            "199246",
            "199247",
            "199825",
            "199984",
            "199985",
            "200065",
            "252960",
            "310488",
            "310489",
            "310490",
            "310534",
            "310536",
            "310537",
            "310539",
            "312440",
            "312441",
            "312859",
            "312860",
            "312861",
            "313418",
            "313419",
            "314000",
            "314006",
            "315107",
            "315239",
            "317573",
            "379804",
            "389137",
            "602544",
            "602549",
            "602550",
            "647237",
            "647239",
            "706895",
            "706896",
            "757710",
            "757712",
            "844809",
            "844824",
            "844827",
            "861731",
            "861736",
            "861740",
            "861743",
            "861748",
            "861753",
            "861760",
            "861763",
            "861783",
            "861795",
            "861806",
            "861816",
            "861822"
          ]
        },
        {
          "set": "RxNorm",
          "version": "07/2009",
          "standard_concept": "sulfonylureas",
          "standard_concept_id": "N_c55",
          "qds_id": "N_256",
          "values": [
            "105374",
            "153842",
            "197306",
            "197307",
            "197495",
            "197496",
            "197737",
            "198291",
            "198292",
            "198293",
            "198294",
            "199245",
            "199246",
            "199247",
            "199825",
            "199984",
            "199985",
            "200065",
            "252960",
            "310488",
            "310489",
            "310490",
            "310534",
            "310536",
            "310537",
            "310539",
            "312440",
            "312441",
            "312859",
            "312860",
            "312861",
            "313418",
            "313419",
            "314000",
            "314006",
            "315107",
            "315239",
            "317573",
            "379804",
            "389137",
            "602544",
            "602549",
            "602550",
            "647237",
            "647239",
            "706895",
            "706896",
            "757710",
            "757712",
            "844809",
            "844824",
            "844827",
            "861731",
            "861736",
            "861740",
            "861743",
            "861748",
            "861753",
            "861760",
            "861763",
            "861783",
            "861795",
            "861806",
            "861816",
            "861822"
          ]
        },
        {
          "set": "RxNorm",
          "version": "07/2009",
          "standard_concept": "sulfonylureas",
          "standard_concept_id": "N_c55",
          "qds_id": "N_257",
          "values": [
            "105374",
            "153842",
            "197306",
            "197307",
            "197495",
            "197496",
            "197737",
            "198291",
            "198292",
            "198293",
            "198294",
            "199245",
            "199246",
            "199247",
            "199825",
            "199984",
            "199985",
            "200065",
            "252960",
            "310488",
            "310489",
            "310490",
            "310534",
            "310536",
            "310537",
            "310539",
            "312440",
            "312441",
            "312859",
            "312860",
            "312861",
            "313418",
            "313419",
            "314000",
            "314006",
            "315107",
            "315239",
            "317573",
            "379804",
            "389137",
            "602544",
            "602549",
            "602550",
            "647237",
            "647239",
            "706895",
            "706896",
            "757710",
            "757712",
            "844809",
            "844824",
            "844827",
            "861731",
            "861736",
            "861740",
            "861743",
            "861748",
            "861753",
            "861760",
            "861763",
            "861783",
            "861795",
            "861806",
            "861816",
            "861822"
          ]
        },
        {
          "set": "RxNorm",
          "version": "07/2009",
          "standard_concept": "thiazolidinediones",
          "standard_concept_id": "N_c56",
          "qds_id": "N_2156",
          "values": [
            "312440",
            "312441",
            "312859",
            "312860",
            "312861",
            "317573"
          ]
        },
        {
          "set": "RxNorm",
          "version": "07/2009",
          "standard_concept": "thiazolidinediones",
          "standard_concept_id": "N_c56",
          "qds_id": "N_258",
          "values": [
            "312440",
            "312441",
            "312859",
            "312860",
            "312861",
            "317573"
          ]
        },
        {
          "set": "RxNorm",
          "version": "07/2009",
          "standard_concept": "thiazolidinediones",
          "standard_concept_id": "N_c56",
          "qds_id": "N_259",
          "values": [
            "312440",
            "312441",
            "312859",
            "312860",
            "312861",
            "317573"
          ]
        }
      ]
    },
    "medications_indicative_of_diabetes_medication_order": {
      "standard_concept": "medications_indicative_of_diabetes",
      "standard_category": "medication",
      "standard_concept_id": "N_c540",
      "qds_data_type": "medication_order",
      "qds_id": "N_1962",
      "type": "array",
      "items": {
        "type": "number",
        "format": "utc-sec"
      },
      "codes": [
        {
          "set": "RxNorm",
          "version": "07/2009",
          "standard_concept": "alph_glucosidas_inhibitors",
          "standard_concept_id": "N_c50",
          "qds_id": "N_2149",
          "values": [
            "199149",
            "199150",
            "200132",
            "205329",
            "205330",
            "205331",
            "401938"
          ]
        },
        {
          "set": "RxNorm",
          "version": "07/2009",
          "standard_concept": "alph_glucosidas_inhibitors",
          "standard_concept_id": "N_c50",
          "qds_id": "N_246",
          "values": [
            "199149",
            "199150",
            "200132",
            "205329",
            "205330",
            "205331",
            "401938"
          ]
        },
        {
          "set": "RxNorm",
          "version": "07/2009",
          "standard_concept": "alph_glucosidas_inhibitors",
          "standard_concept_id": "N_c50",
          "qds_id": "N_247",
          "values": [
            "199149",
            "199150",
            "200132",
            "205329",
            "205330",
            "205331",
            "401938"
          ]
        },
        {
          "set": "RxNorm",
          "version": "07/2009",
          "standard_concept": "amylin_analogs",
          "standard_concept_id": "N_c51",
          "qds_id": "N_2150",
          "values": [
            "200256",
            "200257",
            "200258",
            "311919",
            "314142",
            "389139",
            "861035",
            "861039",
            "861042",
            "861044",
            "861787",
            "861790"
          ]
        },
        {
          "set": "RxNorm",
          "version": "07/2009",
          "standard_concept": "amylin_analogs",
          "standard_concept_id": "N_c51",
          "qds_id": "N_248",
          "values": [
            "200256",
            "200257",
            "200258",
            "311919",
            "314142",
            "389139",
            "861035",
            "861039",
            "861042",
            "861044",
            "861787",
            "861790"
          ]
        },
        {
          "set": "RxNorm",
          "version": "07/2009",
          "standard_concept": "amylin_analogs",
          "standard_concept_id": "N_c51",
          "qds_id": "N_249",
          "values": [
            "200256",
            "200257",
            "200258",
            "311919",
            "314142",
            "389139",
            "861035",
            "861039",
            "861042",
            "861044",
            "861787",
            "861790"
          ]
        },
        {
          "set": "RxNorm",
          "version": "07/2009",
          "standard_concept": "antidiabetic_agents",
          "standard_concept_id": "N_c54",
          "qds_id": "N_2151",
          "values": [
            "744863",
            "847910",
            "847915"
          ]
        },
        {
          "set": "RxNorm",
          "version": "07/2009",
          "standard_concept": "antidiabetic_agents",
          "standard_concept_id": "N_c54",
          "qds_id": "N_254",
          "values": [
            "744863",
            "847910",
            "847915"
          ]
        },
        {
          "set": "RxNorm",
          "version": "07/2009",
          "standard_concept": "antidiabetic_agents",
          "standard_concept_id": "N_c54",
          "qds_id": "N_255",
          "values": [
            "744863",
            "847910",
            "847915"
          ]
        },
        {
          "set": "RxNorm",
          "version": "07/2009",
          "standard_concept": "antidiabetic_combinations",
          "standard_concept_id": "N_c305",
          "qds_id": "N_2152",
          "values": [
            "602544",
            "602549",
            "602550",
            "647237",
            "647239",
            "706895",
            "706896",
            "861731",
            "861736",
            "861740",
            "861743",
            "861748",
            "861753",
            "861760",
            "861763",
            "861769",
            "861783",
            "861787",
            "861790",
            "861795",
            "861806",
            "861816",
            "861819",
            "861822"
          ]
        },
        {
          "set": "RxNorm",
          "version": "07/2009",
          "standard_concept": "antidiabetic_combinations",
          "standard_concept_id": "N_c305",
          "qds_id": "N_762",
          "values": [
            "602544",
            "602549",
            "602550",
            "647237",
            "647239",
            "706895",
            "706896",
            "861731",
            "861736",
            "861740",
            "861743",
            "861748",
            "861753",
            "861760",
            "861763",
            "861769",
            "861783",
            "861787",
            "861790",
            "861795",
            "861806",
            "861816",
            "861819",
            "861822"
          ]
        },
        {
          "set": "RxNorm",
          "version": "07/2009",
          "standard_concept": "antidiabetic_combinations",
          "standard_concept_id": "N_c305",
          "qds_id": "N_763",
          "values": [
            "602544",
            "602549",
            "602550",
            "647237",
            "647239",
            "706895",
            "706896",
            "861731",
            "861736",
            "861740",
            "861743",
            "861748",
            "861753",
            "861760",
            "861763",
            "861769",
            "861783",
            "861787",
            "861790",
            "861795",
            "861806",
            "861816",
            "861819",
            "861822"
          ]
        },
        {
          "set": "RxNorm",
          "version": "07/2009",
          "standard_concept": "biguanides",
          "standard_concept_id": "N_c438",
          "qds_id": "N_1601",
          "values": [
            "665033",
            "665038",
            "665042",
            "860975",
            "860978",
            "860981",
            "860984",
            "860996",
            "860999",
            "861004",
            "861007",
            "861010",
            "861021",
            "861025",
            "861731",
            "861736",
            "861740",
            "861743",
            "861748",
            "861753",
            "861760",
            "861763",
            "861769",
            "861783",
            "861787",
            "861790",
            "861795",
            "861806",
            "861816",
            "861819",
            "861822"
          ]
        },
        {
          "set": "RxNorm",
          "version": "07/2009",
          "standard_concept": "biguanides",
          "standard_concept_id": "N_c438",
          "qds_id": "N_1602",
          "values": [
            "665033",
            "665038",
            "665042",
            "860975",
            "860978",
            "860981",
            "860984",
            "860996",
            "860999",
            "861004",
            "861007",
            "861010",
            "861021",
            "861025",
            "861731",
            "861736",
            "861740",
            "861743",
            "861748",
            "861753",
            "861760",
            "861763",
            "861769",
            "861783",
            "861787",
            "861790",
            "861795",
            "861806",
            "861816",
            "861819",
            "861822"
          ]
        },
        {
          "set": "RxNorm",
          "version": "07/2009",
          "standard_concept": "biguanides",
          "standard_concept_id": "N_c438",
          "qds_id": "N_2153",
          "values": [
            "665033",
            "665038",
            "665042",
            "860975",
            "860978",
            "860981",
            "860984",
            "860996",
            "860999",
            "861004",
            "861007",
            "861010",
            "861021",
            "861025",
            "861731",
            "861736",
            "861740",
            "861743",
            "861748",
            "861753",
            "861760",
            "861763",
            "861769",
            "861783",
            "861787",
            "861790",
            "861795",
            "861806",
            "861816",
            "861819",
            "861822"
          ]
        },
        {
          "set": "RxNorm",
          "version": "07/2009",
          "standard_concept": "insulin",
          "standard_concept_id": "N_c52",
          "qds_id": "N_250",
          "values": [
            "205314",
            "237527",
            "242120",
            "242916",
            "242917",
            "259111",
            "260265",
            "283394",
            "311040",
            "311041",
            "311053",
            "311054",
            "311055",
            "311056",
            "311057",
            "311058",
            "311059",
            "311060",
            "311061",
            "314038",
            "317800",
            "351297",
            "358349",
            "484322",
            "485210",
            "544614",
            "763002",
            "763007",
            "763013",
            "763014",
            "833159",
            "847191",
            "847207",
            "847211",
            "847230",
            "847239",
            "847252",
            "847259",
            "847263",
            "847416"
          ]
        },
        {
          "set": "RxNorm",
          "version": "07/2009",
          "standard_concept": "insulin",
          "standard_concept_id": "N_c52",
          "qds_id": "N_251",
          "values": [
            "205314",
            "237527",
            "242120",
            "242916",
            "242917",
            "259111",
            "260265",
            "283394",
            "311040",
            "311041",
            "311053",
            "311054",
            "311055",
            "311056",
            "311057",
            "311058",
            "311059",
            "311060",
            "311061",
            "314038",
            "317800",
            "351297",
            "358349",
            "484322",
            "485210",
            "544614",
            "763002",
            "763007",
            "763013",
            "763014",
            "833159",
            "847191",
            "847207",
            "847211",
            "847230",
            "847239",
            "847252",
            "847259",
            "847263",
            "847416"
          ]
        },
        {
          "set": "RxNorm",
          "version": "07/2009",
          "standard_concept": "meglitinides",
          "standard_concept_id": "N_c53",
          "qds_id": "N_2154",
          "values": [
            "200256",
            "200257",
            "200258",
            "311919",
            "314142",
            "389139"
          ]
        },
        {
          "set": "RxNorm",
          "version": "07/2009",
          "standard_concept": "meglitinides",
          "standard_concept_id": "N_c53",
          "qds_id": "N_252",
          "values": [
            "200256",
            "200257",
            "200258",
            "311919",
            "314142",
            "389139"
          ]
        },
        {
          "set": "RxNorm",
          "version": "07/2009",
          "standard_concept": "meglitinides",
          "standard_concept_id": "N_c53",
          "qds_id": "N_253",
          "values": [
            "200256",
            "200257",
            "200258",
            "311919",
            "314142",
            "389139"
          ]
        },
        {
          "set": "RxNorm",
          "version": "07/2009",
          "standard_concept": "sulfonylureas",
          "standard_concept_id": "N_c55",
          "qds_id": "N_2155",
          "values": [
            "105374",
            "153842",
            "197306",
            "197307",
            "197495",
            "197496",
            "197737",
            "198291",
            "198292",
            "198293",
            "198294",
            "199245",
            "199246",
            "199247",
            "199825",
            "199984",
            "199985",
            "200065",
            "252960",
            "310488",
            "310489",
            "310490",
            "310534",
            "310536",
            "310537",
            "310539",
            "312440",
            "312441",
            "312859",
            "312860",
            "312861",
            "313418",
            "313419",
            "314000",
            "314006",
            "315107",
            "315239",
            "317573",
            "379804",
            "389137",
            "602544",
            "602549",
            "602550",
            "647237",
            "647239",
            "706895",
            "706896",
            "757710",
            "757712",
            "844809",
            "844824",
            "844827",
            "861731",
            "861736",
            "861740",
            "861743",
            "861748",
            "861753",
            "861760",
            "861763",
            "861783",
            "861795",
            "861806",
            "861816",
            "861822"
          ]
        },
        {
          "set": "RxNorm",
          "version": "07/2009",
          "standard_concept": "sulfonylureas",
          "standard_concept_id": "N_c55",
          "qds_id": "N_256",
          "values": [
            "105374",
            "153842",
            "197306",
            "197307",
            "197495",
            "197496",
            "197737",
            "198291",
            "198292",
            "198293",
            "198294",
            "199245",
            "199246",
            "199247",
            "199825",
            "199984",
            "199985",
            "200065",
            "252960",
            "310488",
            "310489",
            "310490",
            "310534",
            "310536",
            "310537",
            "310539",
            "312440",
            "312441",
            "312859",
            "312860",
            "312861",
            "313418",
            "313419",
            "314000",
            "314006",
            "315107",
            "315239",
            "317573",
            "379804",
            "389137",
            "602544",
            "602549",
            "602550",
            "647237",
            "647239",
            "706895",
            "706896",
            "757710",
            "757712",
            "844809",
            "844824",
            "844827",
            "861731",
            "861736",
            "861740",
            "861743",
            "861748",
            "861753",
            "861760",
            "861763",
            "861783",
            "861795",
            "861806",
            "861816",
            "861822"
          ]
        },
        {
          "set": "RxNorm",
          "version": "07/2009",
          "standard_concept": "sulfonylureas",
          "standard_concept_id": "N_c55",
          "qds_id": "N_257",
          "values": [
            "105374",
            "153842",
            "197306",
            "197307",
            "197495",
            "197496",
            "197737",
            "198291",
            "198292",
            "198293",
            "198294",
            "199245",
            "199246",
            "199247",
            "199825",
            "199984",
            "199985",
            "200065",
            "252960",
            "310488",
            "310489",
            "310490",
            "310534",
            "310536",
            "310537",
            "310539",
            "312440",
            "312441",
            "312859",
            "312860",
            "312861",
            "313418",
            "313419",
            "314000",
            "314006",
            "315107",
            "315239",
            "317573",
            "379804",
            "389137",
            "602544",
            "602549",
            "602550",
            "647237",
            "647239",
            "706895",
            "706896",
            "757710",
            "757712",
            "844809",
            "844824",
            "844827",
            "861731",
            "861736",
            "861740",
            "861743",
            "861748",
            "861753",
            "861760",
            "861763",
            "861783",
            "861795",
            "861806",
            "861816",
            "861822"
          ]
        },
        {
          "set": "RxNorm",
          "version": "07/2009",
          "standard_concept": "thiazolidinediones",
          "standard_concept_id": "N_c56",
          "qds_id": "N_2156",
          "values": [
            "312440",
            "312441",
            "312859",
            "312860",
            "312861",
            "317573"
          ]
        },
        {
          "set": "RxNorm",
          "version": "07/2009",
          "standard_concept": "thiazolidinediones",
          "standard_concept_id": "N_c56",
          "qds_id": "N_258",
          "values": [
            "312440",
            "312441",
            "312859",
            "312860",
            "312861",
            "317573"
          ]
        },
        {
          "set": "RxNorm",
          "version": "07/2009",
          "standard_concept": "thiazolidinediones",
          "standard_concept_id": "N_c56",
          "qds_id": "N_259",
          "values": [
            "312440",
            "312441",
            "312859",
            "312860",
            "312861",
            "317573"
          ]
        }
      ]
    },
    "medications_indicative_of_diabetes_medication_active": {
      "standard_concept": "medications_indicative_of_diabetes",
      "standard_category": "medication",
      "standard_concept_id": "N_c540",
      "qds_data_type": "medication_active",
      "qds_id": "N_2148",
      "type": "array",
      "items": {
        "type": "number",
        "format": "utc-sec"
      },
      "codes": [
        {
          "set": "RxNorm",
          "version": "07/2009",
          "standard_concept": "alph_glucosidas_inhibitors",
          "standard_concept_id": "N_c50",
          "qds_id": "N_2149",
          "values": [
            "199149",
            "199150",
            "200132",
            "205329",
            "205330",
            "205331",
            "401938"
          ]
        },
        {
          "set": "RxNorm",
          "version": "07/2009",
          "standard_concept": "alph_glucosidas_inhibitors",
          "standard_concept_id": "N_c50",
          "qds_id": "N_246",
          "values": [
            "199149",
            "199150",
            "200132",
            "205329",
            "205330",
            "205331",
            "401938"
          ]
        },
        {
          "set": "RxNorm",
          "version": "07/2009",
          "standard_concept": "alph_glucosidas_inhibitors",
          "standard_concept_id": "N_c50",
          "qds_id": "N_247",
          "values": [
            "199149",
            "199150",
            "200132",
            "205329",
            "205330",
            "205331",
            "401938"
          ]
        },
        {
          "set": "RxNorm",
          "version": "07/2009",
          "standard_concept": "amylin_analogs",
          "standard_concept_id": "N_c51",
          "qds_id": "N_2150",
          "values": [
            "200256",
            "200257",
            "200258",
            "311919",
            "314142",
            "389139",
            "861035",
            "861039",
            "861042",
            "861044",
            "861787",
            "861790"
          ]
        },
        {
          "set": "RxNorm",
          "version": "07/2009",
          "standard_concept": "amylin_analogs",
          "standard_concept_id": "N_c51",
          "qds_id": "N_248",
          "values": [
            "200256",
            "200257",
            "200258",
            "311919",
            "314142",
            "389139",
            "861035",
            "861039",
            "861042",
            "861044",
            "861787",
            "861790"
          ]
        },
        {
          "set": "RxNorm",
          "version": "07/2009",
          "standard_concept": "amylin_analogs",
          "standard_concept_id": "N_c51",
          "qds_id": "N_249",
          "values": [
            "200256",
            "200257",
            "200258",
            "311919",
            "314142",
            "389139",
            "861035",
            "861039",
            "861042",
            "861044",
            "861787",
            "861790"
          ]
        },
        {
          "set": "RxNorm",
          "version": "07/2009",
          "standard_concept": "antidiabetic_agents",
          "standard_concept_id": "N_c54",
          "qds_id": "N_2151",
          "values": [
            "744863",
            "847910",
            "847915"
          ]
        },
        {
          "set": "RxNorm",
          "version": "07/2009",
          "standard_concept": "antidiabetic_agents",
          "standard_concept_id": "N_c54",
          "qds_id": "N_254",
          "values": [
            "744863",
            "847910",
            "847915"
          ]
        },
        {
          "set": "RxNorm",
          "version": "07/2009",
          "standard_concept": "antidiabetic_agents",
          "standard_concept_id": "N_c54",
          "qds_id": "N_255",
          "values": [
            "744863",
            "847910",
            "847915"
          ]
        },
        {
          "set": "RxNorm",
          "version": "07/2009",
          "standard_concept": "antidiabetic_combinations",
          "standard_concept_id": "N_c305",
          "qds_id": "N_2152",
          "values": [
            "602544",
            "602549",
            "602550",
            "647237",
            "647239",
            "706895",
            "706896",
            "861731",
            "861736",
            "861740",
            "861743",
            "861748",
            "861753",
            "861760",
            "861763",
            "861769",
            "861783",
            "861787",
            "861790",
            "861795",
            "861806",
            "861816",
            "861819",
            "861822"
          ]
        },
        {
          "set": "RxNorm",
          "version": "07/2009",
          "standard_concept": "antidiabetic_combinations",
          "standard_concept_id": "N_c305",
          "qds_id": "N_762",
          "values": [
            "602544",
            "602549",
            "602550",
            "647237",
            "647239",
            "706895",
            "706896",
            "861731",
            "861736",
            "861740",
            "861743",
            "861748",
            "861753",
            "861760",
            "861763",
            "861769",
            "861783",
            "861787",
            "861790",
            "861795",
            "861806",
            "861816",
            "861819",
            "861822"
          ]
        },
        {
          "set": "RxNorm",
          "version": "07/2009",
          "standard_concept": "antidiabetic_combinations",
          "standard_concept_id": "N_c305",
          "qds_id": "N_763",
          "values": [
            "602544",
            "602549",
            "602550",
            "647237",
            "647239",
            "706895",
            "706896",
            "861731",
            "861736",
            "861740",
            "861743",
            "861748",
            "861753",
            "861760",
            "861763",
            "861769",
            "861783",
            "861787",
            "861790",
            "861795",
            "861806",
            "861816",
            "861819",
            "861822"
          ]
        },
        {
          "set": "RxNorm",
          "version": "07/2009",
          "standard_concept": "biguanides",
          "standard_concept_id": "N_c438",
          "qds_id": "N_1601",
          "values": [
            "665033",
            "665038",
            "665042",
            "860975",
            "860978",
            "860981",
            "860984",
            "860996",
            "860999",
            "861004",
            "861007",
            "861010",
            "861021",
            "861025",
            "861731",
            "861736",
            "861740",
            "861743",
            "861748",
            "861753",
            "861760",
            "861763",
            "861769",
            "861783",
            "861787",
            "861790",
            "861795",
            "861806",
            "861816",
            "861819",
            "861822"
          ]
        },
        {
          "set": "RxNorm",
          "version": "07/2009",
          "standard_concept": "biguanides",
          "standard_concept_id": "N_c438",
          "qds_id": "N_1602",
          "values": [
            "665033",
            "665038",
            "665042",
            "860975",
            "860978",
            "860981",
            "860984",
            "860996",
            "860999",
            "861004",
            "861007",
            "861010",
            "861021",
            "861025",
            "861731",
            "861736",
            "861740",
            "861743",
            "861748",
            "861753",
            "861760",
            "861763",
            "861769",
            "861783",
            "861787",
            "861790",
            "861795",
            "861806",
            "861816",
            "861819",
            "861822"
          ]
        },
        {
          "set": "RxNorm",
          "version": "07/2009",
          "standard_concept": "biguanides",
          "standard_concept_id": "N_c438",
          "qds_id": "N_2153",
          "values": [
            "665033",
            "665038",
            "665042",
            "860975",
            "860978",
            "860981",
            "860984",
            "860996",
            "860999",
            "861004",
            "861007",
            "861010",
            "861021",
            "861025",
            "861731",
            "861736",
            "861740",
            "861743",
            "861748",
            "861753",
            "861760",
            "861763",
            "861769",
            "861783",
            "861787",
            "861790",
            "861795",
            "861806",
            "861816",
            "861819",
            "861822"
          ]
        },
        {
          "set": "RxNorm",
          "version": "07/2009",
          "standard_concept": "insulin",
          "standard_concept_id": "N_c52",
          "qds_id": "N_250",
          "values": [
            "205314",
            "237527",
            "242120",
            "242916",
            "242917",
            "259111",
            "260265",
            "283394",
            "311040",
            "311041",
            "311053",
            "311054",
            "311055",
            "311056",
            "311057",
            "311058",
            "311059",
            "311060",
            "311061",
            "314038",
            "317800",
            "351297",
            "358349",
            "484322",
            "485210",
            "544614",
            "763002",
            "763007",
            "763013",
            "763014",
            "833159",
            "847191",
            "847207",
            "847211",
            "847230",
            "847239",
            "847252",
            "847259",
            "847263",
            "847416"
          ]
        },
        {
          "set": "RxNorm",
          "version": "07/2009",
          "standard_concept": "insulin",
          "standard_concept_id": "N_c52",
          "qds_id": "N_251",
          "values": [
            "205314",
            "237527",
            "242120",
            "242916",
            "242917",
            "259111",
            "260265",
            "283394",
            "311040",
            "311041",
            "311053",
            "311054",
            "311055",
            "311056",
            "311057",
            "311058",
            "311059",
            "311060",
            "311061",
            "314038",
            "317800",
            "351297",
            "358349",
            "484322",
            "485210",
            "544614",
            "763002",
            "763007",
            "763013",
            "763014",
            "833159",
            "847191",
            "847207",
            "847211",
            "847230",
            "847239",
            "847252",
            "847259",
            "847263",
            "847416"
          ]
        },
        {
          "set": "RxNorm",
          "version": "07/2009",
          "standard_concept": "meglitinides",
          "standard_concept_id": "N_c53",
          "qds_id": "N_2154",
          "values": [
            "200256",
            "200257",
            "200258",
            "311919",
            "314142",
            "389139"
          ]
        },
        {
          "set": "RxNorm",
          "version": "07/2009",
          "standard_concept": "meglitinides",
          "standard_concept_id": "N_c53",
          "qds_id": "N_252",
          "values": [
            "200256",
            "200257",
            "200258",
            "311919",
            "314142",
            "389139"
          ]
        },
        {
          "set": "RxNorm",
          "version": "07/2009",
          "standard_concept": "meglitinides",
          "standard_concept_id": "N_c53",
          "qds_id": "N_253",
          "values": [
            "200256",
            "200257",
            "200258",
            "311919",
            "314142",
            "389139"
          ]
        },
        {
          "set": "RxNorm",
          "version": "07/2009",
          "standard_concept": "sulfonylureas",
          "standard_concept_id": "N_c55",
          "qds_id": "N_2155",
          "values": [
            "105374",
            "153842",
            "197306",
            "197307",
            "197495",
            "197496",
            "197737",
            "198291",
            "198292",
            "198293",
            "198294",
            "199245",
            "199246",
            "199247",
            "199825",
            "199984",
            "199985",
            "200065",
            "252960",
            "310488",
            "310489",
            "310490",
            "310534",
            "310536",
            "310537",
            "310539",
            "312440",
            "312441",
            "312859",
            "312860",
            "312861",
            "313418",
            "313419",
            "314000",
            "314006",
            "315107",
            "315239",
            "317573",
            "379804",
            "389137",
            "602544",
            "602549",
            "602550",
            "647237",
            "647239",
            "706895",
            "706896",
            "757710",
            "757712",
            "844809",
            "844824",
            "844827",
            "861731",
            "861736",
            "861740",
            "861743",
            "861748",
            "861753",
            "861760",
            "861763",
            "861783",
            "861795",
            "861806",
            "861816",
            "861822"
          ]
        },
        {
          "set": "RxNorm",
          "version": "07/2009",
          "standard_concept": "sulfonylureas",
          "standard_concept_id": "N_c55",
          "qds_id": "N_256",
          "values": [
            "105374",
            "153842",
            "197306",
            "197307",
            "197495",
            "197496",
            "197737",
            "198291",
            "198292",
            "198293",
            "198294",
            "199245",
            "199246",
            "199247",
            "199825",
            "199984",
            "199985",
            "200065",
            "252960",
            "310488",
            "310489",
            "310490",
            "310534",
            "310536",
            "310537",
            "310539",
            "312440",
            "312441",
            "312859",
            "312860",
            "312861",
            "313418",
            "313419",
            "314000",
            "314006",
            "315107",
            "315239",
            "317573",
            "379804",
            "389137",
            "602544",
            "602549",
            "602550",
            "647237",
            "647239",
            "706895",
            "706896",
            "757710",
            "757712",
            "844809",
            "844824",
            "844827",
            "861731",
            "861736",
            "861740",
            "861743",
            "861748",
            "861753",
            "861760",
            "861763",
            "861783",
            "861795",
            "861806",
            "861816",
            "861822"
          ]
        },
        {
          "set": "RxNorm",
          "version": "07/2009",
          "standard_concept": "sulfonylureas",
          "standard_concept_id": "N_c55",
          "qds_id": "N_257",
          "values": [
            "105374",
            "153842",
            "197306",
            "197307",
            "197495",
            "197496",
            "197737",
            "198291",
            "198292",
            "198293",
            "198294",
            "199245",
            "199246",
            "199247",
            "199825",
            "199984",
            "199985",
            "200065",
            "252960",
            "310488",
            "310489",
            "310490",
            "310534",
            "310536",
            "310537",
            "310539",
            "312440",
            "312441",
            "312859",
            "312860",
            "312861",
            "313418",
            "313419",
            "314000",
            "314006",
            "315107",
            "315239",
            "317573",
            "379804",
            "389137",
            "602544",
            "602549",
            "602550",
            "647237",
            "647239",
            "706895",
            "706896",
            "757710",
            "757712",
            "844809",
            "844824",
            "844827",
            "861731",
            "861736",
            "861740",
            "861743",
            "861748",
            "861753",
            "861760",
            "861763",
            "861783",
            "861795",
            "861806",
            "861816",
            "861822"
          ]
        },
        {
          "set": "RxNorm",
          "version": "07/2009",
          "standard_concept": "thiazolidinediones",
          "standard_concept_id": "N_c56",
          "qds_id": "N_2156",
          "values": [
            "312440",
            "312441",
            "312859",
            "312860",
            "312861",
            "317573"
          ]
        },
        {
          "set": "RxNorm",
          "version": "07/2009",
          "standard_concept": "thiazolidinediones",
          "standard_concept_id": "N_c56",
          "qds_id": "N_258",
          "values": [
            "312440",
            "312441",
            "312859",
            "312860",
            "312861",
            "317573"
          ]
        },
        {
          "set": "RxNorm",
          "version": "07/2009",
          "standard_concept": "thiazolidinediones",
          "standard_concept_id": "N_c56",
          "qds_id": "N_259",
          "values": [
            "312440",
            "312441",
            "312859",
            "312860",
            "312861",
            "317573"
          ]
        }
      ]
    },
    "polycystic_ovaries_diagnosis_active": {
      "standard_concept": "polycystic_ovaries",
      "standard_category": "diagnosis_condition_problem",
      "standard_concept_id": "N_c472",
      "qds_data_type": "diagnosis_active",
      "qds_id": "N_1463",
      "type": "array",
      "items": {
        "type": "number",
        "format": "utc-sec"
      },
      "codes": [
        {
          "set": "ICD-10-CM",
          "version": "06/2009",
          "standard_concept": "polycystic_ovaries",
          "standard_concept_id": "N_c63",
          "qds_id": "N_269",
          "values": [
            "E28.2"
          ]
        },
        {
          "set": "ICD-9-CM",
          "version": "06/2009",
          "standard_concept": "polycystic_ovaries",
          "standard_concept_id": "N_c62",
          "qds_id": "N_270",
          "values": [
            "256.4"
          ]
        },
        {
          "set": "SNOMED-CT",
          "version": "07/2009",
          "standard_concept": "polycystic_ovaries",
          "standard_concept_id": "N_c69",
          "qds_id": "N_271",
          "values": [
            "69878008"
          ]
        }
      ]
    },
    "steroid_induced_diabetes_diagnosis_active": {
      "standard_concept": "steroid_induced_diabetes",
      "standard_category": "diagnosis_condition_problem",
      "standard_concept_id": "N_c473",
      "qds_data_type": "diagnosis_active",
      "qds_id": "N_1465",
      "type": "array",
      "items": {
        "type": "number",
        "format": "utc-sec"
      },
      "codes": [
        {
          "set": "ICD-10-CM",
          "version": "06/2009",
          "standard_concept": "steroid_induced_diabetes",
          "standard_concept_id": "N_c65",
          "qds_id": "N_266",
          "values": [
            "E08",
            "E10",
            "T38"
          ]
        },
        {
          "set": "ICD-9-CM",
          "version": "06/2009",
          "standard_concept": "steroid_induced_diabetes",
          "standard_concept_id": "N_c64",
          "qds_id": "N_267",
          "values": [
            "249",
            "249.0",
            "249.00",
            "249.01",
            "249.1",
            "249.10",
            "249.11",
            "249.2",
            "249.20",
            "249.21",
            "249.3",
            "249.30",
            "249.31",
            "249.4",
            "249.40",
            "249.41",
            "249.5",
            "249.50",
            "249.51",
            "249.6",
            "249.60",
            "249.61",
            "249.7",
            "249.70",
            "249.71",
            "249.8",
            "249.80",
            "249.81",
            "249.9",
            "249.90",
            "249.91",
            "251.8",
            "962.0"
          ]
        },
        {
          "set": "SNOMED-CT",
          "version": "07/2009",
          "standard_concept": "steroid_induced_diabetes",
          "standard_concept_id": "N_c68",
          "qds_id": "N_268",
          "values": [
            "190416008",
            "190447002",
            "53126001"
          ]
        }
      ]
    },
    "diastolic_blood_pressure_physical_exam_finding": {
      "standard_concept": "diastolic_blood_pressure",
      "standard_category": "physical_exam",
      "standard_concept_id": "N_c153",
      "qds_data_type": "physical_exam_finding",
      "qds_id": "N_364",
      "type": "array",
      "items": {
        "type": "object",
        "properties": {
          "value": {
            "description": "diastolic blood pressure",
            "type": "number"
          },
          "date": {
            "description": "Date of diastolic blood pressure",
            "type": "number",
            "format": "utc-sec"
          }
        }
      },
      "codes": [
        {
          "set": "SNOMED-CT",
          "version": "07/2009",
          "standard_concept": "diastolic_blood_pressure",
          "standard_concept_id": "N_c153",
          "qds_id": "N_364",
          "values": [
            "163031004",
            "174255007",
            "23154005",
            "251073000",
            "271650006",
            "314451001",
            "314452008",
            "314453003",
            "314454009",
            "314455005",
            "314456006",
            "314457002",
            "314458007",
            "314459004",
            "314460009",
            "314461008",
            "314462001",
            "314465004",
            "315613000",
            "400975005",
            "407555005",
            "407557002",
            "42689008",
            "53813002"
          ]
        }
      ]
    },
    "systolic_blood_pressure_physical_exam_finding": {
      "standard_concept": "systolic_blood_pressure",
      "standard_category": "physical_exam",
      "standard_concept_id": "N_c394",
      "qds_data_type": "physical_exam_finding",
      "qds_id": "N_1279",
      "type": "array",
      "items": {
        "type": "object",
        "properties": {
          "value": {
            "description": "systolic blood pressure",
            "type": "number"
          },
          "date": {
            "description": "Date of systolic blood pressure",
            "type": "number",
            "format": "utc-sec"
          }
        }
      },
      "codes": [
        {
          "set": "SNOMED-CT",
          "version": "07/2009",
          "standard_concept": "systolic_blood_pressure",
          "standard_concept_id": "N_c394",
          "qds_id": "N_1279",
          "values": [
            "12929001",
            "163030003",
            "251070002",
            "251071003",
            "271649006",
            "314438006",
            "314439003",
            "314440001",
            "314441002",
            "314442009",
            "314443004",
            "314444005",
            "314445006",
            "314446007",
            "314447003",
            "314448008",
            "314449000",
            "314464000",
            "315612005",
            "399304008",
            "400974009",
            "407554009",
            "407556006",
            "72313002",
            "81010002"
          ]
        }
      ]
    }
  }
}