{
  "endorser": "NQF",
  "id": "0067",
  "properties": [
    "NQF_Retooled_Measure_0067.xlsx.json"
  ],
  "name": "Coronary Artery Disease (CAD): Oral Antiplatelet Therapy Prescribed for Patients with CAD",
  "description": "Percentage of patients aged 18 years and older with a diagnosis of CAD who were prescribed oral antiplatelet therapy.",
  "category": "Heart conditions",
  "steward": "AMA",
  "parameters": {
    "effective_date": {
      "description": "Effective end date for measure",
      "type": "number",
      "format": "utc-sec"
    }
  },
  "patient": {
    "birthdate": {
      "description": "Date of birth",
      "type": "number",
      "category_type": "patient_characteristic",
      "format": "utc-sec",
      "codes": [
        {
          "set": "HL7",
          "version": "3.0",
          "values": [
            "00110"
          ]
        }
      ]
    }
  },
  "population": {
    "and": [
      {
        "category": "Patient characteristic",
        "title": "Age >= 18 years"
      },
      {
        "or": [
          {
            "category": "Diagnosis active",
            "title": "Coronary artery disease includes MI"
          },
          {
            "category": "Procedure performed",
            "title": "Cardiac surgery performed"
          }
        ]
      },
      {
        "or": [
          {
            "category": "Encounter",
            "title": ">= 2 counts of outpatient encounter"
          },
          {
            "category": "Encounter",
            "title": ">= 2 counts of nursing facility encounter"
          },
          {
            "category": "Encounter",
            "title": ">= 1 count(s) of inpatient discharge encounter"
          }
        ]
      }
    ]
  },
  "denominator": {
  },
  "numerator": {
    "and": [
      {
        "or": [
          {
            "category": "Medication order",
            "title": "Antiplatelet therapy"
          },
          {
            "category": "Medication active",
            "title": "Antiplatelet therapy"
          }
        ]
      }
    ]
  },
  "exclusions": {
    "or": [
      {
        "category": "Medication allergy",
        "title": "Antiplatelet therapy"
      },
      {
        "category": "Diagnosis active",
        "title": "Bleeding coagulation disorders"
      },
      {
        "category": "Medication adverse event",
        "title": "Antiplatelet therapy"
      },
      {
        "category": "Medication intolerance",
        "title": "Antiplatelet therapy"
      },
      {
        "category": "Medication not done",
        "title": "Medical reason"
      },
      {
        "category": "Medication not done",
        "title": "Patient reason"
      },
      {
        "category": "Medication not done",
        "title": "System reason"
      }
    ]
  },
  "map_fn": "function() {\n  var patient = this;\n  var measure = patient.measures[\"0067\"];\n  if (measure == null)\n    measure={};\n\n  <%= init_js_frameworks %>\n\n  var day = 24 * 60 * 60;\n  var year = 365 * day;\n  var effective_date =        <%= effective_date %>;\n\n  var measurement_period_start =  effective_date - year;\n  var latest_birthdate = latestBirthdayForThisAge(18, measurement_period_start);\n\n  var earliest_encounter =        effective_date - (1 * year);\n\n  var all_encounters = normalize(\n    measure.encounter_inpatient_discharge_encounter,\n    measure.encounter_nursing_facility_encounter,\n    measure.encounter_outpatient_encounter);\n\n  var population = function() {\n    var cad_before_encounter = actionFollowingSomething(\n      measure.coronary_artery_disease_includes_mi_diagnosis_active, all_encounters);\n    var surgery_before_encounter = actionFollowingSomething(\n      measure.cardiac_surgery_procedure_performed, all_encounters);\n    var inpatient = inRange(measure.encounter_inpatient_discharge_encounter, \n      earliest_encounter, effective_date); \n    var outpatient = inRange(measure.encounter_outpatient_encounter, \n      earliest_encounter, effective_date); \n    var nursing = inRange(measure.encounter_nursing_facility_encounter, \n      earliest_encounter, effective_date); \n    return (patient.birthdate <= latest_birthdate) &&\n      (cad_before_encounter || surgery_before_encounter) &&\n      (nursing>=2 || outpatient>=2 || inpatient>=1);\n  }\n\n  var denominator = function() {\n    return true;\n  }\n\n  var numerator = function() {\n    var active = inRange(measure.antiplatelet_therapy_medication_active, \n      earliest_encounter, effective_date);\n    var order = inRange(measure.antiplatelet_therapy_medication_order, \n      earliest_encounter, effective_date);\n    return (active || order);\n  }\n\n  var exclusion = function() {\n    var allergy = actionFollowingSomething(\n      measure.antiplatelet_therapy_medication_allergy, all_encounters);\n    var adverse = actionFollowingSomething(\n      measure.antiplatelet_therapy_medication_adverse_event, all_encounters);\n    var intollerence = actionFollowingSomething(\n      measure.antiplatelet_therapy_medication_intolerance, all_encounters);\n    var disorder = actionFollowingSomething(\n      measure.bleeding_coagulation_disorders_diagnosis_active, all_encounters);\n    var patient = inRange(measure.patient_reason_medication_not_done, \n      earliest_encounter, effective_date);\n    var medical = inRange(measure.medical_reason_medication_not_done, \n      earliest_encounter, effective_date);\n    var system = inRange(measure.system_reason_medication_not_done, \n      earliest_encounter, effective_date);\n    return (allergy || adverse || intollerence || disorder || patient || medical || system);\n  }\n\n  map(patient, population, denominator, numerator, exclusion);\n};",
  "measure": {
    "bleeding_coagulation_disorders_diagnosis_active": {
      "standard_concept": "bleeding_coagulation_disorders",
      "standard_category": "diagnosis_condition_problem",
      "standard_concept_id": "A_c421",
      "qds_data_type": "diagnosis_active",
      "qds_id": "A_1391",
      "type": "array",
      "items": {
        "type": "number",
        "format": "utc-sec"
      },
      "codes": [
        {
          "set": "ICD-10-CM",
          "version": "2010",
          "standard_concept": "bleeding_coagulation_disorders",
          "standard_concept_id": "A_c419",
          "qds_id": "A_7024",
          "values": [
            "D47.3",
            "D65",
            "D66",
            "D67",
            "D68.0",
            "D68.1",
            "D68.2",
            "D68.31",
            "D68.32",
            "D68.4",
            "D68.51",
            "D68.52",
            "D68.59",
            "D68.61",
            "D68.62",
            "D68.69",
            "D68.8",
            "D68.9",
            "D69.0",
            "D69.1",
            "D69.2",
            "D69.3",
            "D69.41",
            "D69.42",
            "D69.49",
            "D69.5",
            "D69.6",
            "D69.8",
            "D69.9",
            "D75.82",
            "D89.0",
            "D89.1",
            "E72.11",
            "E72.12",
            "E72.13"
          ]
        },
        {
          "set": "ICD-9-CM",
          "version": "2010",
          "standard_concept": "bleeding_coagulation_disorders",
          "standard_concept_id": "A_c420",
          "qds_id": "A_7025",
          "values": [
            "286.0",
            "286.1",
            "286.2",
            "286.3",
            "286.4",
            "286.5",
            "286.6",
            "286.7",
            "286.9",
            "287.0",
            "287.1",
            "287.3",
            "287.31",
            "287.32",
            "287.33",
            "287.39",
            "287.4",
            "287.41",
            "287.49",
            "287.5",
            "287.8",
            "287.9",
            "289.81",
            "289.82",
            "289.84",
            "289.9"
          ]
        },
        {
          "set": "SNOMED-CT",
          "version": "07/2009",
          "standard_concept": "bleeding_coagulation_disorders",
          "standard_concept_id": "A_c427",
          "qds_id": "A_7001",
          "values": [
            "10153004",
            "105604006",
            "10934005",
            "111427007",
            "111452009",
            "111588002",
            "111589005",
            "123786007",
            "123787003",
            "123788008",
            "123789000",
            "123790009",
            "12501008",
            "12546009",
            "127034005",
            "128088003",
            "128090002",
            "128091003",
            "128092005",
            "128093000",
            "128094006",
            "128105004",
            "128106003",
            "128107007",
            "128108002",
            "128113003",
            "128114009",
            "128115005",
            "13172003",
            "13507004",
            "13993001",
            "154818001",
            "1563006",
            "16773005",
            "180481005",
            "183005",
            "1908008",
            "191298004",
            "191319009",
            "191322006",
            "191323001",
            "191324007",
            "19267009",
            "19520006",
            "198828007",
            "198829004",
            "200030007",
            "200031006",
            "2036003",
            "206515003",
            "21112004",
            "21148002",
            "21360006",
            "23205009",
            "234367000",
            "234446004",
            "234447008",
            "234448003",
            "234450006",
            "234451005",
            "234452003",
            "234453008",
            "234454002",
            "234455001",
            "234456000",
            "234457009",
            "234458004",
            "234459007",
            "234460002",
            "234461003",
            "234462005",
            "234464006",
            "234465007",
            "234466008",
            "234481002",
            "234482009",
            "234483004",
            "234484005",
            "234485006",
            "234486007",
            "234487003",
            "234489000",
            "234490009",
            "23578006",
            "237336007",
            "237337003",
            "238787009",
            "24149006",
            "24663001",
            "267272006",
            "267534000",
            "267535004",
            "27068000",
            "27312002",
            "273986001",
            "275446004",
            "275523003",
            "276575001",
            "278365007",
            "278366008",
            "278504009",
            "282707003",
            "28505005",
            "2897005",
            "296926001",
            "296927005",
            "296928000",
            "296929008",
            "296930003",
            "296931004",
            "296932006",
            "296933001",
            "296934007",
            "296935008",
            "296936009",
            "30182008",
            "302215000",
            "302873008",
            "30479005",
            "30575002",
            "307342006",
            "31925001",
            "32273002",
            "3230006",
            "323079008",
            "32605001",
            "33183004",
            "33297000",
            "33820001",
            "34395002",
            "34417008",
            "34478009",
            "35066007",
            "35509007",
            "359531004",
            "359536009",
            "359700009",
            "359704000",
            "359709005",
            "359711001",
            "359714009",
            "359717002",
            "359721009",
            "359723007",
            "359725000",
            "359727008",
            "359729006",
            "359730001",
            "359732009",
            "361209006",
            "361210001",
            "362970003",
            "36351005",
            "371074009",
            "371106008",
            "37193007",
            "37350004",
            "37492005",
            "38879000",
            "38970002",
            "402653004",
            "402654005",
            "402850004",
            "402851000",
            "403393000",
            "40855001",
            "41106001",
            "415221002",
            "41690001",
            "416902009",
            "417626001",
            "41816006",
            "421766003",
            "43302000",
            "438827002",
            "439000005",
            "439002002",
            "439125003",
            "439126002",
            "439145006",
            "439274008",
            "439699000",
            "439702007",
            "440924009",
            "440988005",
            "441101007",
            "441188004",
            "441189007",
            "45366001",
            "46760003",
            "46981006",
            "47307007",
            "47546008",
            "48788004",
            "48976006",
            "49177006",
            "49762007",
            "49886003",
            "50770000",
            "51624005",
            "52137009",
            "53751009",
            "58327003",
            "5876000",
            "60628003",
            "61744005",
            "61802005",
            "61810006",
            "62698000",
            "63444004",
            "64509006",
            "64779008",
            "6647006",
            "67406007",
            "6935003",
            "69500007",
            "7014009",
            "71723006",
            "73162004",
            "73397007",
            "73975000",
            "74576004",
            "75331009",
            "76407009",
            "76642003",
            "78129009",
            "78345002",
            "7933002",
            "79624007",
            "79674009",
            "80988005",
            "82190001",
            "82835005",
            "85589009",
            "86075001",
            "86635005",
            "87397002",
            "87902006",
            "89729000",
            "89962000",
            "91304009",
            "9489006",
            "95605009",
            "95839005",
            "95840007",
            "95841006",
            "95842004",
            "95843009",
            "95844003",
            "95845002"
          ]
        }
      ]
    },
    "cardiac_surgery_procedure_performed": {
      "standard_concept": "cardiac_surgery",
      "standard_category": "procedure",
      "standard_concept_id": "A_c371",
      "qds_data_type": "procedure_performed",
      "qds_id": "A_1383",
      "type": "array",
      "items": {
        "type": "number",
        "format": "utc-sec"
      },
      "codes": [
        {
          "set": "CPT",
          "version": "2010",
          "standard_concept": "cardiac_surgery",
          "standard_concept_id": "A_c169",
          "qds_id": "A_7029",
          "values": [
            "33140",
            "33510",
            "33511",
            "33512",
            "33513",
            "33514",
            "33516",
            "33517",
            "33518",
            "33519",
            "33521",
            "33522",
            "33523",
            "33533",
            "33534",
            "33535",
            "33536",
            "92980",
            "92981",
            "92982",
            "92984",
            "92995",
            "92996"
          ]
        },
        {
          "set": "SNOMED-CT",
          "version": "July 2009",
          "standard_concept": "cardiac_surgery",
          "standard_concept_id": "A_c168",
          "qds_id": "A_7011",
          "values": [
            "10326007",
            "119564002",
            "119565001",
            "15256002",
            "174911007",
            "175007008",
            "175008003",
            "175009006",
            "175011002",
            "175012009",
            "175021005",
            "175022003",
            "175024002",
            "175025001",
            "175026000",
            "175036008",
            "175037004",
            "175038009",
            "175039001",
            "175040004",
            "175041000",
            "175045009",
            "175047001",
            "175048006",
            "175050003",
            "175053001",
            "175058005",
            "232717009",
            "232719007",
            "232720001"
          ]
        }
      ]
    },
    "coronary_artery_disease_includes_mi_diagnosis_active": {
      "standard_concept": "coronary_artery_disease_includes_mi",
      "standard_category": "diagnosis_condition_problem",
      "standard_concept_id": "A_c365",
      "qds_data_type": "diagnosis_active",
      "qds_id": "A_1251",
      "type": "array",
      "items": {
        "type": "number",
        "format": "utc-sec"
      },
      "codes": [
        {
          "set": "ICD-10-CM",
          "version": "2010",
          "standard_concept": "coronary_artery_disease_includes_mi",
          "standard_concept_id": "A_c123",
          "qds_id": "A_1102",
          "values": [
            "A52.00",
            "A52.06",
            "A52.09",
            "I20.1",
            "I20.9",
            "I21",
            "I21.0",
            "I21.01",
            "I21.02",
            "I21.09",
            "I21.11",
            "I21.19",
            "I21.2",
            "I21.29",
            "I21.3",
            "I21.4",
            "I22",
            "I22.0",
            "I22.1",
            "I22.2",
            "I22.8",
            "I22.9",
            "I23.7",
            "I24",
            "I24.1",
            "I24.8",
            "I24.9",
            "I25",
            "I25.10",
            "I25.110",
            "I25.111",
            "I25.118",
            "I25.119",
            "I25.2",
            "I25.5",
            "I25.6",
            "I25.70",
            "I25.700",
            "I25.701",
            "I25.708",
            "I25.709",
            "I25.71",
            "I25.710",
            "I25.711",
            "I25.718",
            "I25.719",
            "I25.72",
            "I25.720",
            "I25.721",
            "I25.728",
            ""
          ]
        },
        {
          "set": "ICD-10-CM",
          "version": "2010",
          "standard_concept": "coronary_artery_disease_includes_mi",
          "standard_concept_id": "A_c123",
          "qds_id": "A_1103",
          "values": [
            "A52.00",
            "A52.06",
            "A52.09",
            "I20.1",
            "I20.9",
            "I21",
            "I21.0",
            "I21.01",
            "I21.02",
            "I21.09",
            "I21.11",
            "I21.19",
            "I21.2",
            "I21.29",
            "I21.3",
            "I21.4",
            "I22",
            "I22.0",
            "I22.1",
            "I22.2",
            "I22.8",
            "I22.9",
            "I23.7",
            "I24",
            "I24.1",
            "I24.8",
            "I24.9",
            "I25",
            "I25.10",
            "I25.110",
            "I25.111",
            "I25.118",
            "I25.119",
            "I25.2",
            "I25.5",
            "I25.6",
            "I25.70",
            "I25.700",
            "I25.701",
            "I25.708",
            "I25.709",
            "I25.71",
            "I25.710",
            "I25.711",
            "I25.718",
            "I25.719",
            "I25.72",
            "I25.720",
            "I25.721",
            "I25.728",
            ""
          ]
        },
        {
          "set": "ICD-10-CM",
          "version": "2010",
          "standard_concept": "coronary_artery_disease_includes_mi",
          "standard_concept_id": "A_c123",
          "qds_id": "A_304",
          "values": [
            "A52.00",
            "A52.06",
            "A52.09",
            "I20.1",
            "I20.9",
            "I21",
            "I21.0",
            "I21.01",
            "I21.02",
            "I21.09",
            "I21.11",
            "I21.19",
            "I21.2",
            "I21.29",
            "I21.3",
            "I21.4",
            "I22",
            "I22.0",
            "I22.1",
            "I22.2",
            "I22.8",
            "I22.9",
            "I23.7",
            "I24",
            "I24.1",
            "I24.8",
            "I24.9",
            "I25",
            "I25.10",
            "I25.110",
            "I25.111",
            "I25.118",
            "I25.119",
            "I25.2",
            "I25.5",
            "I25.6",
            "I25.70",
            "I25.700",
            "I25.701",
            "I25.708",
            "I25.709",
            "I25.71",
            "I25.710",
            "I25.711",
            "I25.718",
            "I25.719",
            "I25.72",
            "I25.720",
            "I25.721",
            "I25.728",
            ""
          ]
        },
        {
          "set": "ICD-9-CM",
          "version": "2009",
          "standard_concept": "coronary_artery_disease_includes_mi",
          "standard_concept_id": "A_c122",
          "qds_id": "A_1100",
          "values": [
            "410.00",
            "410.01",
            "410.02",
            "410.10",
            "410.11",
            "410.12",
            "410.20",
            "410.21",
            "410.22",
            "410.30",
            "410.31",
            "410.32",
            "410.40",
            "410.41",
            "410.42",
            "410.50",
            "410.51",
            "410.52",
            "410.60",
            "410.61",
            "410.62",
            "410.70",
            "410.71",
            "410.72",
            "410.80",
            "410.81",
            "410.82",
            "410.90",
            "410.91",
            "410.92",
            "411.0",
            "411.1",
            "411.81",
            "411.89",
            "412",
            "413.0",
            "413.1",
            "413.9",
            "414.00",
            "414.01",
            "414.02",
            "414.03",
            "414.04",
            "414.05",
            "414.06",
            "414.07",
            "414.8",
            ""
          ]
        },
        {
          "set": "ICD-9-CM",
          "version": "2009",
          "standard_concept": "coronary_artery_disease_includes_mi",
          "standard_concept_id": "A_c122",
          "qds_id": "A_1101",
          "values": [
            "410.00",
            "410.01",
            "410.02",
            "410.10",
            "410.11",
            "410.12",
            "410.20",
            "410.21",
            "410.22",
            "410.30",
            "410.31",
            "410.32",
            "410.40",
            "410.41",
            "410.42",
            "410.50",
            "410.51",
            "410.52",
            "410.60",
            "410.61",
            "410.62",
            "410.70",
            "410.71",
            "410.72",
            "410.80",
            "410.81",
            "410.82",
            "410.90",
            "410.91",
            "410.92",
            "411.0",
            "411.1",
            "411.81",
            "411.89",
            "412",
            "413.0",
            "413.1",
            "413.9",
            "414.00",
            "414.01",
            "414.02",
            "414.03",
            "414.04",
            "414.05",
            "414.06",
            "414.07",
            "414.8",
            ""
          ]
        },
        {
          "set": "ICD-9-CM",
          "version": "2009",
          "standard_concept": "coronary_artery_disease_includes_mi",
          "standard_concept_id": "A_c122",
          "qds_id": "A_303",
          "values": [
            "410.00",
            "410.01",
            "410.02",
            "410.10",
            "410.11",
            "410.12",
            "410.20",
            "410.21",
            "410.22",
            "410.30",
            "410.31",
            "410.32",
            "410.40",
            "410.41",
            "410.42",
            "410.50",
            "410.51",
            "410.52",
            "410.60",
            "410.61",
            "410.62",
            "410.70",
            "410.71",
            "410.72",
            "410.80",
            "410.81",
            "410.82",
            "410.90",
            "410.91",
            "410.92",
            "411.0",
            "411.1",
            "411.81",
            "411.89",
            "412",
            "413.0",
            "413.1",
            "413.9",
            "414.00",
            "414.01",
            "414.02",
            "414.03",
            "414.04",
            "414.05",
            "414.06",
            "414.07",
            "414.8",
            ""
          ]
        },
        {
          "set": "SNOMED-CT",
          "version": "7/2009",
          "standard_concept": "coronary_artery_disease_includes_mi",
          "standard_concept_id": "A_c124",
          "qds_id": "A_1104",
          "values": [
            "10273003",
            "10365005",
            "123641001",
            "123642008",
            "129574000",
            "15990001",
            "161502000",
            "161503005",
            "1755008",
            "194798004",
            "194802003",
            "194809007",
            "194842008",
            "194843003",
            "194856005",
            "22298006",
            "233817007",
            "233835003",
            "233838001",
            "233839009",
            "233840006",
            "233841005",
            "233842003",
            "233843008",
            "233970002",
            "275905002",
            "28248000",
            "29899005",
            "30277009",
            "304914007",
            "307140009",
            "308065005",
            "314207007",
            "315348000",
            "32574007",
            "371068009",
            "371803003",
            "371804009",
            "371805005",
            "394710008",
            "398274000",
            "399211009",
            "401303003",
            "401314000",
            "408546009",
            "418044006",
            "420006002",
            "421327009",
            "42531007",
            "427919004",
            "428196007",
            "428752002",
            "429245005",
            "50570003",
            "52035003",
            "53741008",
            "54329005",
            "57054005",
            "58612006",
            "62207008",
            "62695002",
            "63739005",
            "65547006",
            "67682002",
            "70211005",
            "70422006",
            "73795002",
            "74218008",
            "75398000",
            "79009004",
            "87343002",
            "92517006"
          ]
        },
        {
          "set": "SNOMED-CT",
          "version": "7/2009",
          "standard_concept": "coronary_artery_disease_includes_mi",
          "standard_concept_id": "A_c124",
          "qds_id": "A_1105",
          "values": [
            "10273003",
            "10365005",
            "123641001",
            "123642008",
            "129574000",
            "15990001",
            "161502000",
            "161503005",
            "1755008",
            "194798004",
            "194802003",
            "194809007",
            "194842008",
            "194843003",
            "194856005",
            "22298006",
            "233817007",
            "233835003",
            "233838001",
            "233839009",
            "233840006",
            "233841005",
            "233842003",
            "233843008",
            "233970002",
            "275905002",
            "28248000",
            "29899005",
            "30277009",
            "304914007",
            "307140009",
            "308065005",
            "314207007",
            "315348000",
            "32574007",
            "371068009",
            "371803003",
            "371804009",
            "371805005",
            "394710008",
            "398274000",
            "399211009",
            "401303003",
            "401314000",
            "408546009",
            "418044006",
            "420006002",
            "421327009",
            "42531007",
            "427919004",
            "428196007",
            "428752002",
            "429245005",
            "50570003",
            "52035003",
            "53741008",
            "54329005",
            "57054005",
            "58612006",
            "62207008",
            "62695002",
            "63739005",
            "65547006",
            "67682002",
            "70211005",
            "70422006",
            "73795002",
            "74218008",
            "75398000",
            "79009004",
            "87343002",
            "92517006"
          ]
        },
        {
          "set": "SNOMED-CT",
          "version": "7/2009",
          "standard_concept": "coronary_artery_disease_includes_mi",
          "standard_concept_id": "A_c124",
          "qds_id": "A_305",
          "values": [
            "10273003",
            "10365005",
            "123641001",
            "123642008",
            "129574000",
            "15990001",
            "161502000",
            "161503005",
            "1755008",
            "194798004",
            "194802003",
            "194809007",
            "194842008",
            "194843003",
            "194856005",
            "22298006",
            "233817007",
            "233835003",
            "233838001",
            "233839009",
            "233840006",
            "233841005",
            "233842003",
            "233843008",
            "233970002",
            "275905002",
            "28248000",
            "29899005",
            "30277009",
            "304914007",
            "307140009",
            "308065005",
            "314207007",
            "315348000",
            "32574007",
            "371068009",
            "371803003",
            "371804009",
            "371805005",
            "394710008",
            "398274000",
            "399211009",
            "401303003",
            "401314000",
            "408546009",
            "418044006",
            "420006002",
            "421327009",
            "42531007",
            "427919004",
            "428196007",
            "428752002",
            "429245005",
            "50570003",
            "52035003",
            "53741008",
            "54329005",
            "57054005",
            "58612006",
            "62207008",
            "62695002",
            "63739005",
            "65547006",
            "67682002",
            "70211005",
            "70422006",
            "73795002",
            "74218008",
            "75398000",
            "79009004",
            "87343002",
            "92517006"
          ]
        }
      ]
    },
    "antiplatelet_therapy_medication_order": {
      "standard_concept": "antiplatelet_therapy",
      "standard_category": "medication",
      "standard_concept_id": "A_c132",
      "qds_data_type": "medication_order",
      "qds_id": "A_350",
      "type": "array",
      "items": {
        "type": "number",
        "format": "utc-sec"
      },
      "codes": [
        {
          "set": "RxNorm",
          "version": "12/2009",
          "standard_concept": "antiplatelet_therapy",
          "standard_concept_id": "A_c132",
          "qds_id": "A_350",
          "values": [
            "197374",
            "198461",
            "198462",
            "198463",
            "198464",
            "198466",
            "198467",
            "198468",
            "198470",
            "198471",
            "198472",
            "198473",
            "198474",
            "198475",
            "198479",
            "199281",
            "204906",
            "206789",
            "206790",
            "206974",
            "206975",
            "209468",
            "209470",
            "210864",
            "211292",
            "211295",
            "211297",
            "211310",
            "211311",
            "211312",
            "211313",
            "211314",
            "211332",
            "211333",
            "211334",
            "211335",
            "211337",
            "211338",
            "211339",
            "211822",
            "211830",
            "211832",
            "211833",
            "211834",
            "211835",
            "211874",
            "211877",
            "211878",
            "211879",
            "211880",
            "211881",
            "211882",
            "211884",
            "211887",
            "211890",
            "211891",
            "211892",
            "211893",
            "211898",
            "211900",
            "211902",
            "212033",
            "212085",
            "212086",
            "212476",
            "213169",
            "213290",
            "238134",
            "238135",
            "238144",
            "238145",
            "243670",
            "247138",
            "260847",
            "260848",
            "260849",
            "260851",
            "284282",
            "284463",
            "307677",
            "308278",
            "308281",
            "308297",
            "308363",
            "308409",
            "308411",
            "308412",
            "308413",
            "308416",
            "308417",
            "308418",
            "313807",
            "318272",
            "387090",
            "404658",
            "608696",
            "749795",
            "795728",
            "809445",
            "825178",
            "825180",
            "825181",
            "830525",
            "830530",
            "830533",
            "830538",
            "830541",
            "830545",
            "848166",
            "860161",
            "864026",
            "896876",
            "896884",
            "896893"
          ]
        }
      ]
    },
    "antiplatelet_therapy_medication_active": {
      "standard_concept": "antiplatelet_therapy",
      "standard_category": "medication",
      "standard_concept_id": "A_c132",
      "qds_data_type": "medication_active",
      "qds_id": "A_353",
      "type": "array",
      "items": {
        "type": "number",
        "format": "utc-sec"
      },
      "codes": [
        {
          "set": "RxNorm",
          "version": "12/2009",
          "standard_concept": "antiplatelet_therapy",
          "standard_concept_id": "A_c132",
          "qds_id": "A_353",
          "values": [
            "197374",
            "198461",
            "198462",
            "198463",
            "198464",
            "198466",
            "198467",
            "198468",
            "198470",
            "198471",
            "198472",
            "198473",
            "198474",
            "198475",
            "198479",
            "199281",
            "204906",
            "206789",
            "206790",
            "206974",
            "206975",
            "209468",
            "209470",
            "210864",
            "211292",
            "211295",
            "211297",
            "211310",
            "211311",
            "211312",
            "211313",
            "211314",
            "211332",
            "211333",
            "211334",
            "211335",
            "211337",
            "211338",
            "211339",
            "211822",
            "211830",
            "211832",
            "211833",
            "211834",
            "211835",
            "211874",
            "211877",
            "211878",
            "211879",
            "211880",
            "211881",
            "211882",
            "211884",
            "211887",
            "211890",
            "211891",
            "211892",
            "211893",
            "211898",
            "211900",
            "211902",
            "212033",
            "212085",
            "212086",
            "212476",
            "213169",
            "213290",
            "238134",
            "238135",
            "238144",
            "238145",
            "243670",
            "247138",
            "260847",
            "260848",
            "260849",
            "260851",
            "284282",
            "284463",
            "307677",
            "308278",
            "308281",
            "308297",
            "308363",
            "308409",
            "308411",
            "308412",
            "308413",
            "308416",
            "308417",
            "308418",
            "313807",
            "318272",
            "387090",
            "404658",
            "608696",
            "749795",
            "795728",
            "809445",
            "825178",
            "825180",
            "825181",
            "830525",
            "830530",
            "830533",
            "830538",
            "830541",
            "830545",
            "848166",
            "860161",
            "864026",
            "896876",
            "896884",
            "896893"
          ]
        }
      ]
    },
    "antiplatelet_therapy_medication_allergy": {
      "standard_concept": "antiplatelet_therapy",
      "standard_category": "medication",
      "standard_concept_id": "A_c132",
      "qds_data_type": "medication_allergy",
      "qds_id": "A_643",
      "type": "array",
      "items": {
        "type": "number",
        "format": "utc-sec"
      },
      "codes": [
        {
          "set": "RxNorm",
          "version": "12/2009",
          "standard_concept": "antiplatelet_therapy",
          "standard_concept_id": "A_c132",
          "qds_id": "A_643",
          "values": [
            "197374",
            "198461",
            "198462",
            "198463",
            "198464",
            "198466",
            "198467",
            "198468",
            "198470",
            "198471",
            "198472",
            "198473",
            "198474",
            "198475",
            "198479",
            "199281",
            "204906",
            "206789",
            "206790",
            "206974",
            "206975",
            "209468",
            "209470",
            "210864",
            "211292",
            "211295",
            "211297",
            "211310",
            "211311",
            "211312",
            "211313",
            "211314",
            "211332",
            "211333",
            "211334",
            "211335",
            "211337",
            "211338",
            "211339",
            "211822",
            "211830",
            "211832",
            "211833",
            "211834",
            "211835",
            "211874",
            "211877",
            "211878",
            "211879",
            "211880",
            "211881",
            "211882",
            "211884",
            "211887",
            "211890",
            "211891",
            "211892",
            "211893",
            "211898",
            "211900",
            "211902",
            "212033",
            "212085",
            "212086",
            "212476",
            "213169",
            "213290",
            "238134",
            "238135",
            "238144",
            "238145",
            "243670",
            "247138",
            "260847",
            "260848",
            "260849",
            "260851",
            "284282",
            "284463",
            "307677",
            "308278",
            "308281",
            "308297",
            "308363",
            "308409",
            "308411",
            "308412",
            "308413",
            "308416",
            "308417",
            "308418",
            "313807",
            "318272",
            "387090",
            "404658",
            "608696",
            "749795",
            "795728",
            "809445",
            "825178",
            "825180",
            "825181",
            "830525",
            "830530",
            "830533",
            "830538",
            "830541",
            "830545",
            "848166",
            "860161",
            "864026",
            "896876",
            "896884",
            "896893"
          ]
        }
      ]
    },
    "antiplatelet_therapy_medication_adverse_event": {
      "standard_concept": "antiplatelet_therapy",
      "standard_category": "medication",
      "standard_concept_id": "A_c132",
      "qds_data_type": "medication_adverse_event",
      "qds_id": "A_887",
      "type": "array",
      "items": {
        "type": "number",
        "format": "utc-sec"
      },
      "codes": [
        {
          "set": "RxNorm",
          "version": "12/2009",
          "standard_concept": "antiplatelet_therapy",
          "standard_concept_id": "A_c132",
          "qds_id": "A_887",
          "values": [
            "197374",
            "198461",
            "198462",
            "198463",
            "198464",
            "198466",
            "198467",
            "198468",
            "198470",
            "198471",
            "198472",
            "198473",
            "198474",
            "198475",
            "198479",
            "199281",
            "204906",
            "206789",
            "206790",
            "206974",
            "206975",
            "209468",
            "209470",
            "210864",
            "211292",
            "211295",
            "211297",
            "211310",
            "211311",
            "211312",
            "211313",
            "211314",
            "211332",
            "211333",
            "211334",
            "211335",
            "211337",
            "211338",
            "211339",
            "211822",
            "211830",
            "211832",
            "211833",
            "211834",
            "211835",
            "211874",
            "211877",
            "211878",
            "211879",
            "211880",
            "211881",
            "211882",
            "211884",
            "211887",
            "211890",
            "211891",
            "211892",
            "211893",
            "211898",
            "211900",
            "211902",
            "212033",
            "212085",
            "212086",
            "212476",
            "213169",
            "213290",
            "238134",
            "238135",
            "238144",
            "238145",
            "243670",
            "247138",
            "260847",
            "260848",
            "260849",
            "260851",
            "284282",
            "284463",
            "307677",
            "308278",
            "308281",
            "308297",
            "308363",
            "308409",
            "308411",
            "308412",
            "308413",
            "308416",
            "308417",
            "308418",
            "313807",
            "318272",
            "387090",
            "404658",
            "608696",
            "749795",
            "795728",
            "809445",
            "825178",
            "825180",
            "825181",
            "830525",
            "830530",
            "830533",
            "830538",
            "830541",
            "830545",
            "848166",
            "860161",
            "864026",
            "896876",
            "896884",
            "896893"
          ]
        }
      ]
    },
    "antiplatelet_therapy_medication_intolerance": {
      "standard_concept": "antiplatelet_therapy",
      "standard_category": "medication",
      "standard_concept_id": "A_c132",
      "qds_data_type": "medication_intolerance",
      "qds_id": "A_893",
      "type": "array",
      "items": {
        "type": "number",
        "format": "utc-sec"
      },
      "codes": [
        {
          "set": "RxNorm",
          "version": "12/2009",
          "standard_concept": "antiplatelet_therapy",
          "standard_concept_id": "A_c132",
          "qds_id": "A_893",
          "values": [
            "197374",
            "198461",
            "198462",
            "198463",
            "198464",
            "198466",
            "198467",
            "198468",
            "198470",
            "198471",
            "198472",
            "198473",
            "198474",
            "198475",
            "198479",
            "199281",
            "204906",
            "206789",
            "206790",
            "206974",
            "206975",
            "209468",
            "209470",
            "210864",
            "211292",
            "211295",
            "211297",
            "211310",
            "211311",
            "211312",
            "211313",
            "211314",
            "211332",
            "211333",
            "211334",
            "211335",
            "211337",
            "211338",
            "211339",
            "211822",
            "211830",
            "211832",
            "211833",
            "211834",
            "211835",
            "211874",
            "211877",
            "211878",
            "211879",
            "211880",
            "211881",
            "211882",
            "211884",
            "211887",
            "211890",
            "211891",
            "211892",
            "211893",
            "211898",
            "211900",
            "211902",
            "212033",
            "212085",
            "212086",
            "212476",
            "213169",
            "213290",
            "238134",
            "238135",
            "238144",
            "238145",
            "243670",
            "247138",
            "260847",
            "260848",
            "260849",
            "260851",
            "284282",
            "284463",
            "307677",
            "308278",
            "308281",
            "308297",
            "308363",
            "308409",
            "308411",
            "308412",
            "308413",
            "308416",
            "308417",
            "308418",
            "313807",
            "318272",
            "387090",
            "404658",
            "608696",
            "749795",
            "795728",
            "809445",
            "825178",
            "825180",
            "825181",
            "830525",
            "830530",
            "830533",
            "830538",
            "830541",
            "830545",
            "848166",
            "860161",
            "864026",
            "896876",
            "896884",
            "896893"
          ]
        }
      ]
    },
    "encounter_inpatient_discharge_encounter": {
      "standard_concept": "encounter_inpatient_discharge",
      "standard_category": "encounter",
      "standard_concept_id": "A_c27",
      "qds_data_type": "encounter",
      "qds_id": "A_240",
      "type": "array",
      "items": {
        "type": "number",
        "format": "utc-sec"
      },
      "codes": [
        {
          "set": "CPT",
          "version": "2010",
          "standard_concept": "encounter_inpatient_discharge",
          "standard_concept_id": "A_c27",
          "qds_id": "A_240",
          "values": [
            "99238",
            "99239"
          ]
        }
      ]
    },
    "encounter_nursing_facility_encounter": {
      "standard_concept": "encounter_nursing_facility",
      "standard_category": "encounter",
      "standard_concept_id": "A_c28",
      "qds_data_type": "encounter",
      "qds_id": "A_241",
      "type": "array",
      "items": {
        "type": "number",
        "format": "utc-sec"
      },
      "codes": [
        {
          "set": "CPT",
          "version": "2010",
          "standard_concept": "encounter_nursing_facility",
          "standard_concept_id": "A_c28",
          "qds_id": "A_241",
          "values": [
            "99304",
            "99305",
            "99306",
            "99307",
            "99308",
            "99309",
            "99310"
          ]
        }
      ]
    },
    "encounter_outpatient_encounter": {
      "standard_concept": "encounter_outpatient",
      "standard_category": "encounter",
      "standard_concept_id": "A_c26",
      "qds_data_type": "encounter",
      "qds_id": "A_242",
      "type": "array",
      "items": {
        "type": "number",
        "format": "utc-sec"
      },
      "codes": [
        {
          "set": "CPT",
          "version": "2010",
          "standard_concept": "encounter_outpatient",
          "standard_concept_id": "A_c26",
          "qds_id": "A_242",
          "values": [
            "99201",
            "99202",
            "99203",
            "99204",
            "99205",
            "99212",
            "99213",
            "99214",
            "99215",
            "99241",
            "99242",
            "99243",
            "99244",
            "99245",
            "99324",
            "99325",
            "99326",
            "99327",
            "99328",
            "99334",
            "99335",
            "99336",
            "99337",
            "99341",
            "99342",
            "99343",
            "99344",
            "99345",
            "99347",
            "99348",
            "99349",
            "99350"
          ]
        }
      ]
    },
    "medical_reason_medication_not_done": {
      "standard_concept": "medical_reason",
      "standard_category": "negation_rationale",
      "standard_concept_id": "A_c313",
      "qds_data_type": "medication_not_done",
      "qds_id": "A_1019",
      "type": "array",
      "items": {
        "type": "number",
        "format": "utc-sec"
      },
      "codes": [
        {
          "set": "HL7",
          "version": "3.0",
          "standard_concept": "medical_reason",
          "standard_concept_id": "A_c313",
          "qds_id": "A_1019",
          "values": [
            "21703",
            "21704",
            "21738",
            "21745",
            "21747",
            "21815",
            "21990",
            "22259",
            "22261",
            "22855"
          ]
        }
      ]
    },
    "patient_reason_medication_not_done": {
      "standard_concept": "patient_reason",
      "standard_category": "negation_rationale",
      "standard_concept_id": "A_c311",
      "qds_data_type": "medication_not_done",
      "qds_id": "A_1021",
      "type": "array",
      "items": {
        "type": "number",
        "format": "utc-sec"
      },
      "codes": [
        {
          "set": "HL7",
          "version": "3.0",
          "standard_concept": "patient_reason",
          "standard_concept_id": "A_c311",
          "qds_id": "A_1021",
          "values": [
            "14880",
            "15985",
            "19729",
            "21708",
            "21710",
            "21741",
            "21743",
            "21746",
            "22260",
            "22851"
          ]
        }
      ]
    },
    "system_reason_medication_not_done": {
      "standard_concept": "system_reason",
      "standard_category": "negation_rationale",
      "standard_concept_id": "A_c310",
      "qds_data_type": "medication_not_done",
      "qds_id": "A_1023",
      "type": "array",
      "items": {
        "type": "number",
        "format": "utc-sec"
      },
      "codes": [
        {
          "set": "HL7",
          "version": "3.0",
          "standard_concept": "system_reason",
          "standard_concept_id": "A_c310",
          "qds_id": "A_1023",
          "values": [
            "19730",
            "19731",
            "19733",
            "19734",
            "19735",
            "19736",
            "19987",
            "19988",
            "19989",
            "19990",
            "21408",
            "21493",
            "21568",
            "21706",
            "21707",
            "21709",
            "21728",
            "21729",
            "21730",
            "21731",
            "21732",
            "21733",
            "21734",
            "21735",
            "21744",
            "22023",
            "22024",
            "22165",
            "22166",
            "22167",
            "22168",
            "22169",
            "22857",
            "22858",
            "22859",
            "22865",
            "22866",
            "22867",
            "22907",
            "22909",
            "22911",
            "22912",
            "22913"
          ]
        }
      ]
    }
  }
}