{
  "endorser": "NQF",
  "id": "0073",
  "properties": [
    "NQF_Retooled_Measure_0073.xlsx.json"
  ],
  "name": "Ischemic Vascular Disease (IVD): Blood Pressure Management",
  "description": "The percentage of patients 18 years of age and older who were discharged alive for acute myocardial infarction (AMI), coronary artery bypass graft (CABG) or percutaneous transluminal coronary angioplasty (PTCA) from January 1- November 1 of the year prior to the measurement year, or who had a diagnosis of ischemic vascular disease (IVD) during the measurement year and the year prior to the measurement year and whose most recent blood pressure is in control (<140/90 mmHg).",
  "category": "Heart conditions",
  "steward": "NCQA",
  "parameters": {
    "effective_date": {
      "description": "Effective end date for measure",
      "type": "number",
      "format": "utc-sec"
    }
  },
  "patient": {
    "birthdate": {
      "description": "Date of birth",
      "type": "number",
      "category_type": "patient_characteristic",
      "format": "utc-sec",
      "codes": [
        {
          "set": "HL7",
          "version": "3.0",
          "values": [
            "00110"
          ]
        }
      ]
    }
  },
  "population": {
    "conjunction": "and",
    "items": [
      {
        "category": "Patient characteristic",
        "title": "Age >= 18 years"
      }
    ]
  },
  "denominator": {
    "conjunction": "or",
    "items": [
      {
        "category": "Procedure",
        "title": "PTCA performed 14 to 24 months before the measurement end date"
      },
      {
        "conjunction": "and",
        "items": [
          {
            "category": "Encounter",
            "title": "Acute inpatient encounter 14 to 24 months before the measurement end date"
          },
          {
            "category": "Diagnosis",
            "title": "Acute myocardial infarction active during acute inpatient encounter"
          }
        ]
      },
      {
        "conjunction": "and",
        "items": [
          {
            "category": "Encounter",
            "title": "Acute inpatient encounter 14 to 24 months before the measurement end date"
          },
          {
            "category": "Procedure",
            "title": "CABG procedure performed 14 to 24 months before the measurement end date"
          }
        ]
      },
      {
        "conjunction": "and",
        "items": [
          {
            "category": "Encounter",
            "title": "Acute inpatient and outpatient encounter <=2 years, inclusive, before the measurement end date"
          },
          {
            "category": "Diagnosis",
            "title": "Ischemic vascular disease active during acute inpatient and outpatient encounter"
          }
        ]
      }
    ]
  },
  "numerator": {
    "conjunction": "and",
    "items": [
      {
        "category": "Physical exam finding",
        "title": "Systolic blood pressure minimum < 140 mmHg during most recent encounter, acute inpatient and outpatient"
      },
      {
        "category": "Physical exam finding",
        "title": "Diastolic blood pressure minimum < 90 mmHg during most recent encounter, acute inpatient and outpatient"
      }
    ]
  },
  "exclusions": {
  },
  "map_fn": "function() {\n  var patient = this;\n  var measure = patient.measures[\"0073\"];\n  if (measure == null)\n    measure={};\n\n  <%= init_js_frameworks %>\n\n  var day = 24 * 60 * 60;\n  var year = 365 * day;\n  var effective_date =        <%= effective_date %>;\n\n  var measurement_period_start =  effective_date - year;\n  var latest_birthdate = latestBirthdayForThisAge(17, measurement_period_start);\n\n  var earliest_encounter = effective_date - (2 *  year);\n  var latest_encounter =   effective_date - (1 *  year) - (61 * day);\n  var earliest_procedure = effective_date - (2 *  year);\n  var latest_procedure =   effective_date - (1 *  year) - (61 * day);\n\n  var population = function() {\n    return (patient.birthdate <= latest_birthdate);\n  }\n\n  var denominator = function() {\n     return ivd_denominator(measure, effective_date, earliest_procedure, latest_procedure, earliest_encounter, latest_encounter);\n  }\n\n  var numerator = function() {\n    var encounters = selectWithinRange(measure.encounter_acute_inpt_and_outpt_encounter, -Infinity, effective_date);\n    if (encounters.length==0)\n      return false;\n    var last_inpt_and_outpt_encounter = _.max(encounters);\n    var start_latest_encounter = last_inpt_and_outpt_encounter - day;\n    var end_latest_encounter = last_inpt_and_outpt_encounter   + day;\n    var systolic_min  = minValueInDateRange(measure.systolic_blood_pressure_physical_exam_finding,\n                                            start_latest_encounter,\n                                            end_latest_encounter,\n                                            false);\n    var diastolic_min = minValueInDateRange(measure.diastolic_blood_pressure_physical_exam_finding,\n                                            start_latest_encounter,\n                                            end_latest_encounter,\n                                            false);\n    if (systolic_min === false || diastolic_min === false)\n      return false;\n    return (systolic_min < 140 && diastolic_min < 90);\n  }\n\n  var exclusion = function() {\n    return false;\n  }\n\n  map(patient, population, denominator, numerator, exclusion);\n};",
  "measure": {
    "acute_myocardial_infarction_diagnosis_active": {
      "standard_concept": "acute_myocardial_infarction",
      "standard_category": "diagnosis_condition_problem",
      "standard_concept_id": "N_c460",
      "qds_data_type": "diagnosis_active",
      "qds_id": "N_1425",
      "type": "array",
      "items": {
        "type": "number",
        "format": "utc-sec"
      },
      "codes": [
        {
          "set": "ICD-10-CM",
          "version": "06/2009",
          "standard_concept": "acute_myocardial_infarction",
          "standard_concept_id": "N_c139",
          "qds_id": "N_495",
          "values": [
            "I21.0",
            "I21.09",
            "I21.11",
            "I21.19",
            "I21.29",
            "I21.3",
            "I21.4"
          ]
        },
        {
          "set": "ICD-9-CM",
          "version": "06/2009",
          "standard_concept": "acute_myocardial_infarction",
          "standard_concept_id": "N_c138",
          "qds_id": "N_496",
          "values": [
            "410.01",
            "410.11",
            "410.21",
            "410.31",
            "410.41",
            "410.51",
            "410.61",
            "410.71",
            "410.81",
            "410.91"
          ]
        },
        {
          "set": "SNOMED-CT",
          "version": "07/2009",
          "standard_concept": "acute_myocardial_infarction",
          "standard_concept_id": "N_c191",
          "qds_id": "N_523",
          "values": [
            "10273003",
            "15990001",
            "194798004",
            "194809007",
            "22298006",
            "233825009",
            "233826005",
            "233827001",
            "233828006",
            "233829003",
            "233830008",
            "233831007",
            "233832000",
            "233833005",
            "233834004",
            "233835003",
            "233836002",
            "233837006",
            "233838001",
            "282006",
            "30277009",
            "304914007",
            "307140009",
            "401303003",
            "401314000",
            "52035003",
            "54329005",
            "57054005",
            "58612006",
            "59063002",
            "62695002",
            "64627002",
            "65547006",
            "70211005",
            "70422006",
            "70998009",
            "73795002",
            "76593002",
            "79009004"
          ]
        }
      ]
    },
    "cabg_procedure_performed": {
      "standard_concept": "cabg",
      "standard_category": "procedure",
      "standard_concept_id": "N_c461",
      "qds_data_type": "procedure_performed",
      "qds_id": "N_1426",
      "type": "array",
      "items": {
        "type": "number",
        "format": "utc-sec"
      },
      "codes": [
        {
          "set": "CPT",
          "version": "06/2009",
          "standard_concept": "cabg",
          "standard_concept_id": "N_c140",
          "qds_id": "N_497",
          "values": [
            "33510",
            "33511",
            "33512",
            "33513",
            "33514",
            "33516",
            "33517",
            "33518",
            "33519",
            "33521",
            "33522",
            "33523",
            "33533",
            "33534",
            "33535",
            "33536"
          ]
        },
        {
          "set": "HCPCS",
          "version": "06/2009",
          "standard_concept": "cabg",
          "standard_concept_id": "N_c141",
          "qds_id": "N_498",
          "values": [
            "S2205",
            "S2206",
            "S2207",
            "S2208",
            "S2209"
          ]
        },
        {
          "set": "ICD-9-CM",
          "version": "06/2009",
          "standard_concept": "cabg",
          "standard_concept_id": "N_c142",
          "qds_id": "N_500",
          "values": [
            "36.1",
            "36.10",
            "36.11",
            "36.12",
            "36.13",
            "36.14",
            "36.15",
            "36.16",
            "36.17",
            "36.19",
            "36.2"
          ]
        },
        {
          "set": "SNOMED-CT",
          "version": "07/2009",
          "standard_concept": "cabg",
          "standard_concept_id": "N_c143",
          "qds_id": "N_501",
          "values": [
            "10326007",
            "108220007",
            "108221006",
            "12843005",
            "209099002",
            "30346009",
            "37894004",
            "39202005",
            "4525004",
            "69399002",
            "74371005",
            "83362003",
            "86181006"
          ]
        }
      ]
    },
    "encounter_acute_inpt_and_outpt_encounter": {
      "standard_concept": "encounter_acute_inpt_and_outpt",
      "standard_category": "encounter",
      "standard_concept_id": "N_c499",
      "qds_data_type": "encounter",
      "qds_id": "N_1805",
      "type": "array",
      "items": {
        "type": "number",
        "format": "utc-sec"
      },
      "codes": [
        {
          "set": "CPT",
          "version": "06/2009",
          "standard_concept": "encounter_acute_inpt",
          "standard_concept_id": "N_c26",
          "qds_id": "N_508",
          "values": [
            "99221",
            "99222",
            "99223",
            "99231",
            "99232",
            "99233",
            "99238",
            "99239",
            "99251",
            "99252",
            "99253",
            "99254",
            "99255",
            "99291"
          ]
        },
        {
          "set": "CPT",
          "version": "06/2009",
          "standard_concept": "encounter_outpatient",
          "standard_concept_id": "N_c27",
          "qds_id": "N_515",
          "values": [
            "99201",
            "99202",
            "99203",
            "99204",
            "99205",
            "99211",
            "99212",
            "99213",
            "99214",
            "99215",
            "99217",
            "99218",
            "99219",
            "99220",
            "99241",
            "99242",
            "99243",
            "99244",
            "99245",
            "99341",
            "99342",
            "99343",
            "99344",
            "99345",
            "99347",
            "99348",
            "99349",
            "99350",
            "99384",
            "99385",
            "99386",
            "99387",
            "99394",
            "99395",
            "99396",
            "99397",
            "99401",
            "99402",
            "99403",
            "99404",
            "99411",
            "99412",
            "99420",
            "99429",
            "99455",
            "99456"
          ]
        },
        {
          "set": "ICD-9-CM",
          "version": "06/2009",
          "standard_concept": "encounter_outpatient",
          "standard_concept_id": "N_c159",
          "qds_id": "N_516",
          "values": [
            "V70.0",
            "V70.3",
            "V70.5",
            "V70.6",
            "V70.8",
            "V70.9"
          ]
        }
      ]
    },
    "ischemic_vascular_disease_diagnosis_active": {
      "standard_concept": "ischemic_vascular_disease",
      "standard_category": "diagnosis_condition_problem",
      "standard_concept_id": "N_c462",
      "qds_data_type": "diagnosis_active",
      "qds_id": "N_1428",
      "type": "array",
      "items": {
        "type": "number",
        "format": "utc-sec"
      },
      "codes": [
        {
          "set": "ICD-10-CM",
          "version": "06/2009",
          "standard_concept": "ischemic_vascular_disease",
          "standard_concept_id": "N_c132",
          "qds_id": "N_506",
          "values": [
            "I20.0",
            "I20.8",
            "I24",
            "I24.8",
            "I25.1",
            "I25.70",
            "I25.72",
            "I25.720",
            "I25.73",
            "I25.75",
            "I25.82",
            "I25.89",
            "I25.9",
            "I65",
            "I65.0",
            "I65.1",
            "I65.2",
            "I65.8",
            "I65.9",
            "I66",
            "I66.9",
            "I70.1",
            "I70.21",
            "I70.22",
            "I70.23",
            "I70.26",
            "I70.29",
            "I70.92",
            "I74",
            "I74.",
            "I74.11",
            "I74.2",
            "I74.3"
          ]
        },
        {
          "set": "ICD-9-CM",
          "version": "06/2009",
          "standard_concept": "ischemic_vascular_disease",
          "standard_concept_id": "N_c131",
          "qds_id": "N_507",
          "values": [
            "434.00",
            "411.0",
            "411.1",
            "411.81",
            "411.89",
            "413.0",
            "413.1",
            "413.9",
            "414.00",
            "414.01",
            "414.02",
            "414.03",
            "414.04",
            "414.05",
            "414.06",
            "414.07",
            "414.2",
            "414.8",
            "414.9",
            "429.2",
            "433.0",
            "433.01",
            "433.10",
            "433.11",
            "433.20",
            "433.21",
            "433.30",
            "433.31",
            "433.80",
            "433.81",
            "433.90",
            "433.91",
            "434.01",
            "434.10",
            "434.11",
            "434.90",
            "434.91",
            "440.1",
            "440.20",
            "440.21",
            "440.22",
            "440.23",
            "440.24",
            "440.29",
            "440.4",
            "444.0",
            "444.1",
            "444.21",
            "444.22",
            "444.81",
            "444.89",
            "444.9",
            "445.01",
            "445.02",
            "445.8",
            "445.81"
          ]
        },
        {
          "set": "SNOMED-CT",
          "version": "07/2009",
          "standard_concept": "ischemic_vascular_disease",
          "standard_concept_id": "N_c564",
          "qds_id": "N_7005",
          "values": [
            "111298007",
            "195200006",
            "195206000",
            "206576006",
            "230716006",
            "230717002",
            "23202007",
            "233958001",
            "233959009",
            "233960004",
            "233961000",
            "233962007",
            "236120009",
            "249658006",
            "276706004",
            "287731003",
            "300917007",
            "301755001",
            "307406004",
            "307407008",
            "307408003",
            "307409006",
            "312822006",
            "312916003",
            "371029002",
            "402861007",
            "413552002",
            "419944002",
            "432249006",
            "52674009",
            "57357009",
            "63081009",
            "64009001",
            "80829003",
            "83256006",
            "88032003",
            "95456009"
          ]
        }
      ]
    },
    "ptca_procedure_performed": {
      "standard_concept": "ptca",
      "standard_category": "procedure",
      "standard_concept_id": "N_c464",
      "qds_data_type": "procedure_performed",
      "qds_id": "N_1429",
      "type": "array",
      "items": {
        "type": "number",
        "format": "utc-sec"
      },
      "codes": [
        {
          "set": "CPT",
          "version": "06/2009",
          "standard_concept": "ptca",
          "standard_concept_id": "N_c145",
          "qds_id": "N_502",
          "values": [
            "33140",
            "92980",
            "92982",
            "92995"
          ]
        },
        {
          "set": "ICD-9-CM",
          "version": "06/2009",
          "standard_concept": "ptca",
          "standard_concept_id": "N_c146",
          "qds_id": "N_504",
          "values": [
            "00.66",
            "36.06",
            "36.07",
            "36.09"
          ]
        },
        {
          "set": "SNOMED-CT",
          "version": "07/2009",
          "standard_concept": "ptca",
          "standard_concept_id": "N_c147",
          "qds_id": "N_505",
          "values": [
            "10326007",
            "11101003",
            "119564002",
            "119565001",
            "175007008",
            "175008003",
            "175009006",
            "175011002",
            "175012009",
            "175017003",
            "175021005",
            "175022003",
            "175024002",
            "175025001",
            "175026000",
            "175027009",
            "175029007",
            "175030002",
            "175031003",
            "175032005",
            "175033000",
            "175034006",
            "175036008",
            "175037004",
            "175038009",
            "175039001",
            "175040004",
            "175041000",
            "175043002",
            "175045009",
            "175047001",
            "175048006",
            "175050003",
            "175051004",
            "175053001",
            "175058005",
            "175066001",
            "232717009",
            "232719007",
            "232720001",
            "232721002",
            "232722009",
            "232723004",
            "232724005",
            "265481001",
            "275215001",
            "275216000",
            "275252001",
            "275253006",
            "30670000",
            "309814006",
            "3546002",
            "359597003",
            "359601003",
            "39202005",
            "397193006",
            "39724006",
            "397431004",
            "414088005",
            "48431000",
            "74371005",
            "75761004",
            "80762004",
            "82247006",
            "85053006",
            "91338001"
          ]
        }
      ]
    },
    "diastolic_blood_pressure_physical_exam_finding": {
      "standard_concept": "diastolic_blood_pressure",
      "standard_category": "physical_exam",
      "standard_concept_id": "N_c153",
      "qds_data_type": "physical_exam_finding",
      "qds_id": "N_524",
      "type": "array",
      "items": {
        "type": "object",
        "properties": {
          "value": {
            "description": "diastolic blood pressure",
            "type": "number"
          },
          "date": {
            "description": "Date of diastolic blood pressure",
            "type": "number",
            "format": "utc-sec"
          }
        }
      },
      "codes": [
        {
          "set": "SNOMED-CT",
          "version": "07/2009",
          "standard_concept": "diastolic_blood_pressure",
          "standard_concept_id": "N_c153",
          "qds_id": "N_524",
          "values": [
            "163031004",
            "174255007",
            "23154005",
            "251073000",
            "271650006",
            "314451001",
            "314452008",
            "314453003",
            "314454009",
            "314455005",
            "314456006",
            "314457002",
            "314458007",
            "314459004",
            "314460009",
            "314461008",
            "314462001",
            "314465004",
            "315613000",
            "400975005",
            "407555005",
            "407557002",
            "42689008",
            "53813002"
          ]
        }
      ]
    },
    "encounter_acute_inpt_encounter": {
      "standard_concept": "encounter_acute_inpt",
      "standard_category": "encounter",
      "standard_concept_id": "N_c26",
      "qds_data_type": "encounter",
      "qds_id": "N_508",
      "type": "array",
      "items": {
        "type": "number",
        "format": "utc-sec"
      },
      "codes": [
        {
          "set": "CPT",
          "version": "06/2009",
          "standard_concept": "encounter_acute_inpt",
          "standard_concept_id": "N_c26",
          "qds_id": "N_508",
          "values": [
            "99221",
            "99222",
            "99223",
            "99231",
            "99232",
            "99233",
            "99238",
            "99239",
            "99251",
            "99252",
            "99253",
            "99254",
            "99255",
            "99291"
          ]
        }
      ]
    },
    "encounter_outpatient_encounter": {
      "standard_concept": "encounter_outpatient",
      "standard_category": "encounter",
      "standard_concept_id": "N_c159",
      "qds_data_type": "encounter",
      "qds_id": "N_516",
      "type": "array",
      "items": {
        "type": "number",
        "format": "utc-sec"
      },
      "codes": [
        {
          "set": "ICD-9-CM",
          "version": "06/2009",
          "standard_concept": "encounter_outpatient",
          "standard_concept_id": "N_c159",
          "qds_id": "N_516",
          "values": [
            "V70.0",
            "V70.3",
            "V70.5",
            "V70.6",
            "V70.8",
            "V70.9"
          ]
        }
      ]
    },
    "systolic_blood_pressure_physical_exam_finding": {
      "standard_concept": "systolic_blood_pressure",
      "standard_category": "physical_exam",
      "standard_concept_id": "N_c394",
      "qds_data_type": "physical_exam_finding",
      "qds_id": "N_1164",
      "type": "array",
      "items": {
        "type": "object",
        "properties": {
          "value": {
            "description": "systolic blood pressure",
            "type": "number"
          },
          "date": {
            "description": "systolic blood pressure",
            "type": "number",
            "format": "utc-sec"
          }
        }
      },
      "codes": [
        {
          "set": "SNOMED-CT",
          "version": "07/2009",
          "standard_concept": "systolic_blood_pressure",
          "standard_concept_id": "N_c394",
          "qds_id": "N_1164",
          "values": [
            "12929001",
            "163030003",
            "251070002",
            "251071003",
            "271649006",
            "314438006",
            "314439003",
            "314440001",
            "314441002",
            "314442009",
            "314443004",
            "314444005",
            "314445006",
            "314446007",
            "314447003",
            "314448008",
            "314449000",
            "314464000",
            "315612005",
            "399304008",
            "400974009",
            "407554009",
            "407556006",
            "72313002",
            "81010002"
          ]
        }
      ]
    }
  }
}