{
  "endorser": "NQF",
  "id": "0074",
  "properties": [
    "NQF_Retooled_Measure_0074.xlsx.json"
  ],
  "name": "Coronary Artery Disease (CAD): Drug Therapy for Lowering LDL-Cholesterol",
  "description": "Percentage of patients aged 18 years and older with a diagnosis of CAD who were prescribed a lipid-lowering therapy (based on current ACC/AHA guidelines).",
  "category": "Heart conditions",
  "steward": "AMA",
  "parameters": {
    "effective_date": {
      "description": "Effective end date for measure",
      "type": "number",
      "format": "utc-sec"
    }
  },
  "patient": {
    "birthdate": {
      "description": "Date of birth",
      "type": "number",
      "category_type": "patient_characteristic",
      "format": "utc-sec",
      "codes": [
        {
          "set": "HL7",
          "version": "3.0",
          "values": [
            "00110"
          ]
        }
      ]
    }
  },
  "population": {
    "and": [
      {
        "category": "Patient characteristic",
        "title": "Age >= 18 years"
      },
      {
        "or": [
          {
            "category": "Diagnosis active",
            "title": "Coronary artery disease includes MI"
          },
          {
            "category": "Procedure performed",
            "title": "Cardiac surgery"
          }
        ]
      },
      {
        "or": [
          {
            "category": "Encounter",
            "title": ">= 2 counts of outpatient"
          },
          {
            "category": "Encounter",
            "title": ">= 2 counts of nursing facility"
          }
        ]
      }
    ]
  },
  "denominator": {
  },
  "numerator": {
    "and": [
      {
        "or": [
          {
            "category": "Medication order",
            "title": "Lipid lowering therapy"
          },
          {
            "category": "Medication active",
            "title": "Lipid lowering therapy"
          }
        ]
      }
    ]
  },
  "exclusions": {
    "or": [
      {
        "category": "Laboratory test result",
        "title": "Last LDL laboratory test value < 130mg/dL"
      },
      {
        "category": "Medication allery",
        "title": "Lipid lowering therapy"
      },
      {
        "category": "Medication adverse event",
        "title": "Lipid lowering therapy adverse"
      },
      {
        "category": "Medication intolerance",
        "title": "Lipid lowering therapy"
      },
      {
        "category": "Medication not done",
        "title": "Medical reason"
      },
      {
        "category": "Medication not done",
        "title": "Patient reason"
      },
      {
        "category": "Medication not done",
        "title": "System reason"
      }
    ]
  },
  "map_fn": "function() {\n  var patient = this;\n  var measure = patient.measures[\"0074\"];\n  if (measure == null)\n    measure={};\n\n  <%= init_js_frameworks %>\n\n  var day = 24 * 60 * 60;\n  var year = 365 * day;\n  var effective_date =        <%= effective_date %>;\n\n  var measurement_period_start =  effective_date - (1 * year);\n  var latest_birthdate = latestBirthdayForThisAge(18, measurement_period_start);\n\n  var earliest_encounter =        measurement_period_start - (1 * year);\n\n  var all_encounters = normalize(\n    measure.encounter_nursing_facility_encounter,\n    measure.encounter_outpatient_encounter);\n  var encounters_in_range = inRange(all_encounters, earliest_encounter, effective_date);\n  \n  var population = function() {\n    var cad_before_encounter = actionFollowingSomething(\n      measure.coronary_artery_disease_includes_mi_diagnosis_active, all_encounters);\n    var surgery_before_encounter = actionFollowingSomething(\n      measure.cardiac_surgery_procedure_performed, all_encounters);\n    return (patient.birthdate<=latest_birthdate) && \n      (cad_before_encounter || surgery_before_encounter) &&\n      (encounters_in_range>=2);\n  }\n\n  var denominator = function() {\n    return true;\n  }\n\n  var numerator = function() {\n    var active = inRange(measure.lipid_lowering_therapy_medication_active, \n      earliest_encounter, effective_date);\n    var order = inRange(measure.lipid_lowering_therapy_medication_order, \n      earliest_encounter, effective_date);\n    return (active || order);\n  }\n\n  var exclusion = function() {\n    var allergy = actionFollowingSomething(\n      measure.lipid_lowering_therapy_medication_allergy, all_encounters);\n    var adverse = actionFollowingSomething(\n      measure.lipid_lowering_therapy_medication_adverse_event, all_encounters);\n    var intollerence = actionFollowingSomething(\n      measure.lipid_lowering_therapy_medication_intolerance, all_encounters);\n    var patient = inRange(measure.patient_reason_medication_not_done, \n      earliest_encounter, effective_date);\n    var medical = inRange(measure.medical_reason_medication_not_done, \n      earliest_encounter, effective_date);\n    var system = inRange(measure.system_reason_medication_not_done, \n      earliest_encounter, effective_date);\n\n    var MAX_NORMAL_LDL = 130;\n    // we have to have at least 2 encounter to get this far\n    var final_encounter = _.max(encounters_in_range);\n    var ldl = latestValueInDateRange(measure.ldl_laboratory_test_laboratory_test_result,\n      patient.birthdate, final_encounter, MAX_NORMAL_LDL+1);\n    var normal_ldl = (ldl<MAX_NORMAL_LDL);\n      \n    return (allergy || adverse || intollerence || patient || medical || system || normal_ldl);\n  }\n  \n  map(patient, population, denominator, numerator, exclusion);\n};",
  "measure": {
    "cardiac_surgery_procedure_performed": {
      "standard_concept": "cardiac_surgery",
      "standard_category": "procedure",
      "standard_concept_id": "A_c371",
      "qds_data_type": "procedure_performed",
      "qds_id": "A_1378",
      "type": "array",
      "items": {
        "type": "number",
        "format": "utc-sec"
      },
      "codes": [
        {
          "set": "CPT",
          "version": "2010",
          "standard_concept": "cardiac_surgery",
          "standard_concept_id": "A_c169",
          "qds_id": "A_1379",
          "values": [
            "33140",
            "33510",
            "33511",
            "33512",
            "33513",
            "33514",
            "33516",
            "33517",
            "33518",
            "33519",
            "33521",
            "33522",
            "33523",
            "33533",
            "33534",
            "33535",
            "33536",
            "92980",
            "92981",
            "92982",
            "92984",
            "92995",
            "92996"
          ]
        },
        {
          "set": "CPT",
          "version": "2010",
          "standard_concept": "cardiac_surgery",
          "standard_concept_id": "A_c169",
          "qds_id": "A_418",
          "values": [
            "33140",
            "33510",
            "33511",
            "33512",
            "33513",
            "33514",
            "33516",
            "33517",
            "33518",
            "33519",
            "33521",
            "33522",
            "33523",
            "33533",
            "33534",
            "33535",
            "33536",
            "92980",
            "92981",
            "92982",
            "92984",
            "92995",
            "92996"
          ]
        },
        {
          "set": "SNOMED-CT",
          "version": "July 2009",
          "standard_concept": "cardiac_surgery",
          "standard_concept_id": "A_c168",
          "qds_id": "A_1380",
          "values": [
            "10326007",
            "119564002",
            "119565001",
            "15256002",
            "174911007",
            "175007008",
            "175008003",
            "175009006",
            "175011002",
            "175012009",
            "175021005",
            "175022003",
            "175024002",
            "175025001",
            "175026000",
            "175036008",
            "175037004",
            "175038009",
            "175039001",
            "175040004",
            "175041000",
            "175045009",
            "175047001",
            "175048006",
            "175050003",
            "175053001",
            "175058005",
            "232717009",
            "232719007",
            "232720001"
          ]
        },
        {
          "set": "SNOMED-CT",
          "version": "July 2009",
          "standard_concept": "cardiac_surgery",
          "standard_concept_id": "A_c168",
          "qds_id": "A_419",
          "values": [
            "10326007",
            "119564002",
            "119565001",
            "15256002",
            "174911007",
            "175007008",
            "175008003",
            "175009006",
            "175011002",
            "175012009",
            "175021005",
            "175022003",
            "175024002",
            "175025001",
            "175026000",
            "175036008",
            "175037004",
            "175038009",
            "175039001",
            "175040004",
            "175041000",
            "175045009",
            "175047001",
            "175048006",
            "175050003",
            "175053001",
            "175058005",
            "232717009",
            "232719007",
            "232720001"
          ]
        }
      ]
    },
    "coronary_artery_disease_includes_mi_diagnosis_active": {
      "standard_concept": "coronary_artery_disease_includes_mi",
      "standard_category": "diagnosis_condition_problem",
      "standard_concept_id": "A_c365",
      "qds_data_type": "diagnosis_active",
      "qds_id": "A_1272",
      "type": "array",
      "items": {
        "type": "number",
        "format": "utc-sec"
      },
      "codes": [
        {
          "set": "ICD-10-CM",
          "version": "2010",
          "standard_concept": "coronary_artery_disease_includes_mi",
          "standard_concept_id": "A_c123",
          "qds_id": "A_1092",
          "values": [
            "A52.00",
            "A52.06",
            "A52.09",
            "I20.1",
            "I20.9",
            "I21",
            "I21.0",
            "I21.01",
            "I21.02",
            "I21.09",
            "I21.11",
            "I21.19",
            "I21.2",
            "I21.29",
            "I21.3",
            "I21.4",
            "I22",
            "I22.0",
            "I22.1",
            "I22.2",
            "I22.8",
            "I22.9",
            "I23.7",
            "I24",
            "I24.1",
            "I24.8",
            "I24.9",
            "I25",
            "I25.10",
            "I25.110",
            "I25.111",
            "I25.118",
            "I25.119",
            "I25.2",
            "I25.5",
            "I25.6",
            "I25.70",
            "I25.700",
            "I25.701",
            "I25.708",
            "I25.709",
            "I25.71",
            "I25.710",
            "I25.711",
            "I25.718",
            "I25.719",
            "I25.72",
            "I25.720",
            "I25.721",
            "I25.728",
            ""
          ]
        },
        {
          "set": "ICD-10-CM",
          "version": "2010",
          "standard_concept": "coronary_artery_disease_includes_mi",
          "standard_concept_id": "A_c123",
          "qds_id": "A_301",
          "values": [
            "A52.00",
            "A52.06",
            "A52.09",
            "I20.1",
            "I20.9",
            "I21",
            "I21.0",
            "I21.01",
            "I21.02",
            "I21.09",
            "I21.11",
            "I21.19",
            "I21.2",
            "I21.29",
            "I21.3",
            "I21.4",
            "I22",
            "I22.0",
            "I22.1",
            "I22.2",
            "I22.8",
            "I22.9",
            "I23.7",
            "I24",
            "I24.1",
            "I24.8",
            "I24.9",
            "I25",
            "I25.10",
            "I25.110",
            "I25.111",
            "I25.118",
            "I25.119",
            "I25.2",
            "I25.5",
            "I25.6",
            "I25.70",
            "I25.700",
            "I25.701",
            "I25.708",
            "I25.709",
            "I25.71",
            "I25.710",
            "I25.711",
            "I25.718",
            "I25.719",
            "I25.72",
            "I25.720",
            "I25.721",
            "I25.728",
            ""
          ]
        },
        {
          "set": "ICD-9-CM",
          "version": "2009",
          "standard_concept": "coronary_artery_disease_includes_mi",
          "standard_concept_id": "A_c122",
          "qds_id": "A_1091",
          "values": [
            "410.00",
            "410.01",
            "410.02",
            "410.10",
            "410.11",
            "410.12",
            "410.20",
            "410.21",
            "410.22",
            "410.30",
            "410.31",
            "410.32",
            "410.40",
            "410.41",
            "410.42",
            "410.50",
            "410.51",
            "410.52",
            "410.60",
            "410.61",
            "410.62",
            "410.70",
            "410.71",
            "410.72",
            "410.80",
            "410.81",
            "410.82",
            "410.90",
            "410.91",
            "410.92",
            "411.0",
            "411.1",
            "411.81",
            "411.89",
            "412",
            "413.0",
            "413.1",
            "413.9",
            "414.00",
            "414.01",
            "414.02",
            "414.03",
            "414.04",
            "414.05",
            "414.06",
            "414.07",
            "414.8",
            ""
          ]
        },
        {
          "set": "ICD-9-CM",
          "version": "2009",
          "standard_concept": "coronary_artery_disease_includes_mi",
          "standard_concept_id": "A_c122",
          "qds_id": "A_300",
          "values": [
            "410.00",
            "410.01",
            "410.02",
            "410.10",
            "410.11",
            "410.12",
            "410.20",
            "410.21",
            "410.22",
            "410.30",
            "410.31",
            "410.32",
            "410.40",
            "410.41",
            "410.42",
            "410.50",
            "410.51",
            "410.52",
            "410.60",
            "410.61",
            "410.62",
            "410.70",
            "410.71",
            "410.72",
            "410.80",
            "410.81",
            "410.82",
            "410.90",
            "410.91",
            "410.92",
            "411.0",
            "411.1",
            "411.81",
            "411.89",
            "412",
            "413.0",
            "413.1",
            "413.9",
            "414.00",
            "414.01",
            "414.02",
            "414.03",
            "414.04",
            "414.05",
            "414.06",
            "414.07",
            "414.8",
            ""
          ]
        },
        {
          "set": "SNOMED-CT",
          "version": "7/2009",
          "standard_concept": "coronary_artery_disease_includes_mi",
          "standard_concept_id": "A_c124",
          "qds_id": "A_1093",
          "values": [
            "10273003",
            "10365005",
            "123641001",
            "123642008",
            "129574000",
            "15990001",
            "161502000",
            "161503005",
            "1755008",
            "194798004",
            "194802003",
            "194809007",
            "194842008",
            "194843003",
            "194856005",
            "22298006",
            "233817007",
            "233835003",
            "233838001",
            "233839009",
            "233840006",
            "233841005",
            "233842003",
            "233843008",
            "233970002",
            "275905002",
            "28248000",
            "29899005",
            "30277009",
            "304914007",
            "307140009",
            "308065005",
            "314207007",
            "315348000",
            "32574007",
            "371068009",
            "371803003",
            "371804009",
            "371805005",
            "394710008",
            "398274000",
            "399211009",
            "401303003",
            "401314000",
            "408546009",
            "418044006",
            "420006002",
            "421327009",
            "42531007",
            "427919004",
            "428196007",
            "428752002",
            "429245005",
            "50570003",
            "52035003",
            "53741008",
            "54329005",
            "57054005",
            "58612006",
            "62207008",
            "62695002",
            "63739005",
            "65547006",
            "67682002",
            "70211005",
            "70422006",
            "73795002",
            "74218008",
            "75398000",
            "79009004",
            "87343002",
            "92517006"
          ]
        },
        {
          "set": "SNOMED-CT",
          "version": "7/2009",
          "standard_concept": "coronary_artery_disease_includes_mi",
          "standard_concept_id": "A_c124",
          "qds_id": "A_302",
          "values": [
            "10273003",
            "10365005",
            "123641001",
            "123642008",
            "129574000",
            "15990001",
            "161502000",
            "161503005",
            "1755008",
            "194798004",
            "194802003",
            "194809007",
            "194842008",
            "194843003",
            "194856005",
            "22298006",
            "233817007",
            "233835003",
            "233838001",
            "233839009",
            "233840006",
            "233841005",
            "233842003",
            "233843008",
            "233970002",
            "275905002",
            "28248000",
            "29899005",
            "30277009",
            "304914007",
            "307140009",
            "308065005",
            "314207007",
            "315348000",
            "32574007",
            "371068009",
            "371803003",
            "371804009",
            "371805005",
            "394710008",
            "398274000",
            "399211009",
            "401303003",
            "401314000",
            "408546009",
            "418044006",
            "420006002",
            "421327009",
            "42531007",
            "427919004",
            "428196007",
            "428752002",
            "429245005",
            "50570003",
            "52035003",
            "53741008",
            "54329005",
            "57054005",
            "58612006",
            "62207008",
            "62695002",
            "63739005",
            "65547006",
            "67682002",
            "70211005",
            "70422006",
            "73795002",
            "74218008",
            "75398000",
            "79009004",
            "87343002",
            "92517006"
          ]
        }
      ]
    },
    "encounter_nursing_facility_encounter": {
      "standard_concept": "encounter_nursing_facility",
      "standard_category": "encounter",
      "standard_concept_id": "A_c28",
      "qds_data_type": "encounter",
      "qds_id": "A_244",
      "type": "array",
      "items": {
        "type": "number",
        "format": "utc-sec"
      },
      "codes": [
        {
          "set": "CPT",
          "version": "2010",
          "standard_concept": "encounter_nursing_facility",
          "standard_concept_id": "A_c28",
          "qds_id": "A_244",
          "values": [
            "99304",
            "99305",
            "99306",
            "99307",
            "99308",
            "99309",
            "99310"
          ]
        }
      ]
    },
    "encounter_outpatient_encounter": {
      "standard_concept": "encounter_outpatient",
      "standard_category": "encounter",
      "standard_concept_id": "A_c26",
      "qds_data_type": "encounter",
      "qds_id": "A_245",
      "type": "array",
      "items": {
        "type": "number",
        "format": "utc-sec"
      },
      "codes": [
        {
          "set": "CPT",
          "version": "2010",
          "standard_concept": "encounter_outpatient",
          "standard_concept_id": "A_c26",
          "qds_id": "A_245",
          "values": [
            "99201",
            "99202",
            "99203",
            "99204",
            "99205",
            "99212",
            "99213",
            "99214",
            "99215",
            "99241",
            "99242",
            "99243",
            "99244",
            "99245",
            "99324",
            "99325",
            "99326",
            "99327",
            "99328",
            "99334",
            "99335",
            "99336",
            "99337",
            "99341",
            "99342",
            "99343",
            "99344",
            "99345",
            "99347",
            "99348",
            "99349",
            "99350"
          ]
        }
      ]
    },
    "ldl_laboratory_test_laboratory_test_result": {
      "standard_concept": "ldl_laboratory_test",
      "standard_category": "laboratory_test",
      "standard_concept_id": "A_c260",
      "qds_data_type": "laboratory_test_result",
      "qds_id": "A_1675",
      "type": "array",
      "items": {
        "type": "object",
        "properties": {
          "value": {
            "description": "LDL",
            "type": "number"
          },
          "date": {
            "description": "Date of LDL test",
            "type": "number",
            "format": "utc-sec"
          }
        }
      },
      "codes": [
        {
          "set": "LOINC",
          "version": "2.27, Released: July 07, 2009",
          "standard_concept": "ldl_laboratory_test",
          "standard_concept_id": "A_c260",
          "qds_id": "A_1675",
          "values": [
            "12773-8",
            "13457-7",
            "13458-5",
            "14155-6",
            "16615-7",
            "16616-5",
            "18261-8",
            "18262-6",
            "2089-1",
            "2090-9",
            "2091-7",
            "2092-5",
            "22748-8",
            "24331-1",
            "25371-6",
            "2569-2",
            "3046-0",
            "3047-8",
            "35198-1",
            "35199-9",
            "39229-0",
            "39469-2"
          ]
        }
      ]
    },
    "lipid_lowering_therapy_medication_order": {
      "standard_concept": "lipid_lowering_therapy",
      "standard_category": "medication",
      "standard_concept_id": "A_c134",
      "qds_data_type": "medication_order",
      "qds_id": "A_354",
      "type": "array",
      "items": {
        "type": "number",
        "format": "utc-sec"
      },
      "codes": [
        {
          "set": "RxNorm",
          "version": "12/2009",
          "standard_concept": "lipid_lowering_therapy",
          "standard_concept_id": "A_c134",
          "qds_id": "A_354",
          "values": [
            "103918",
            "103919",
            "104490",
            "104491",
            "152923",
            "197522",
            "197903",
            "197904",
            "197905",
            "198024",
            "198759",
            "198760",
            "199143",
            "200311",
            "200902",
            "201517",
            "205751",
            "206257",
            "206258",
            "207663",
            "207664",
            "207754",
            "208220",
            "208972",
            "208973",
            "208974",
            "209013",
            "211682",
            "211683",
            "212576",
            "212577",
            "213276",
            "213319",
            "247747",
            "260852",
            "261295",
            "261357",
            "262095",
            "310288",
            "310289",
            "310459",
            "311944",
            "311945",
            "311946",
            "311949",
            "311951",
            "311958",
            "311959",
            "311960",
            "311963",
            "314131",
            "317015",
            "351842",
            "351898",
            "351909",
            "352030",
            "352031",
            "352088",
            "352231",
            "352232",
            "352304",
            "404403",
            "540281",
            "541844",
            "541846",
            "542191",
            "543350",
            "543352",
            "543354",
            "543374",
            "544518",
            "544543",
            "578797",
            "578799",
            "583096",
            "583122",
            "603834",
            "603836",
            "617314",
            "617318",
            "617320",
            "687048",
            "744882",
            "750199",
            "750203",
            "750207",
            "750211",
            "750215",
            "750219",
            "750223",
            "750227",
            "750231",
            "750235",
            "750239",
            "762665",
            "762669",
            "762900",
            "762902",
            "762904",
            "762906",
            "763171",
            "791834",
            "791838",
            "791842",
            "848943",
            "848946",
            "848949",
            "848951",
            "859421",
            "859426",
            "859749",
            "859753",
            "866912",
            "884383"
          ]
        }
      ]
    },
    "lipid_lowering_therapy_medication_active": {
      "standard_concept": "lipid_lowering_therapy",
      "standard_category": "medication",
      "standard_concept_id": "A_c134",
      "qds_data_type": "medication_active",
      "qds_id": "A_355",
      "type": "array",
      "items": {
        "type": "number",
        "format": "utc-sec"
      },
      "codes": [
        {
          "set": "RxNorm",
          "version": "12/2009",
          "standard_concept": "lipid_lowering_therapy",
          "standard_concept_id": "A_c134",
          "qds_id": "A_355",
          "values": [
            "103918",
            "103919",
            "104490",
            "104491",
            "152923",
            "197522",
            "197903",
            "197904",
            "197905",
            "198024",
            "198759",
            "198760",
            "199143",
            "200311",
            "200902",
            "201517",
            "205751",
            "206257",
            "206258",
            "207663",
            "207664",
            "207754",
            "208220",
            "208972",
            "208973",
            "208974",
            "209013",
            "211682",
            "211683",
            "212576",
            "212577",
            "213276",
            "213319",
            "247747",
            "260852",
            "261295",
            "261357",
            "262095",
            "310288",
            "310289",
            "310459",
            "311944",
            "311945",
            "311946",
            "311949",
            "311951",
            "311958",
            "311959",
            "311960",
            "311963",
            "314131",
            "317015",
            "351842",
            "351898",
            "351909",
            "352030",
            "352031",
            "352088",
            "352231",
            "352232",
            "352304",
            "404403",
            "540281",
            "541844",
            "541846",
            "542191",
            "543350",
            "543352",
            "543354",
            "543374",
            "544518",
            "544543",
            "578797",
            "578799",
            "583096",
            "583122",
            "603834",
            "603836",
            "617314",
            "617318",
            "617320",
            "687048",
            "744882",
            "750199",
            "750203",
            "750207",
            "750211",
            "750215",
            "750219",
            "750223",
            "750227",
            "750231",
            "750235",
            "750239",
            "762665",
            "762669",
            "762900",
            "762902",
            "762904",
            "762906",
            "763171",
            "791834",
            "791838",
            "791842",
            "848943",
            "848946",
            "848949",
            "848951",
            "859421",
            "859426",
            "859749",
            "859753",
            "866912",
            "884383"
          ]
        }
      ]
    },
    "lipid_lowering_therapy_medication_allergy": {
      "standard_concept": "lipid_lowering_therapy",
      "standard_category": "medication",
      "standard_concept_id": "A_c134",
      "qds_data_type": "medication_allergy",
      "qds_id": "A_873",
      "type": "array",
      "items": {
        "type": "number",
        "format": "utc-sec"
      },
      "codes": [
        {
          "set": "RxNorm",
          "version": "12/2009",
          "standard_concept": "lipid_lowering_therapy",
          "standard_concept_id": "A_c134",
          "qds_id": "A_873",
          "values": [
            "103918",
            "103919",
            "104490",
            "104491",
            "152923",
            "197522",
            "197903",
            "197904",
            "197905",
            "198024",
            "198759",
            "198760",
            "199143",
            "200311",
            "200902",
            "201517",
            "205751",
            "206257",
            "206258",
            "207663",
            "207664",
            "207754",
            "208220",
            "208972",
            "208973",
            "208974",
            "209013",
            "211682",
            "211683",
            "212576",
            "212577",
            "213276",
            "213319",
            "247747",
            "260852",
            "261295",
            "261357",
            "262095",
            "310288",
            "310289",
            "310459",
            "311944",
            "311945",
            "311946",
            "311949",
            "311951",
            "311958",
            "311959",
            "311960",
            "311963",
            "314131",
            "317015",
            "351842",
            "351898",
            "351909",
            "352030",
            "352031",
            "352088",
            "352231",
            "352232",
            "352304",
            "404403",
            "540281",
            "541844",
            "541846",
            "542191",
            "543350",
            "543352",
            "543354",
            "543374",
            "544518",
            "544543",
            "578797",
            "578799",
            "583096",
            "583122",
            "603834",
            "603836",
            "617314",
            "617318",
            "617320",
            "687048",
            "744882",
            "750199",
            "750203",
            "750207",
            "750211",
            "750215",
            "750219",
            "750223",
            "750227",
            "750231",
            "750235",
            "750239",
            "762665",
            "762669",
            "762900",
            "762902",
            "762904",
            "762906",
            "763171",
            "791834",
            "791838",
            "791842",
            "848943",
            "848946",
            "848949",
            "848951",
            "859421",
            "859426",
            "859749",
            "859753",
            "866912",
            "884383"
          ]
        }
      ]
    },
    "lipid_lowering_therapy_medication_adverse_event": {
      "standard_concept": "lipid_lowering_therapy",
      "standard_category": "medication",
      "standard_concept_id": "A_c134",
      "qds_data_type": "medication_adverse_event",
      "qds_id": "A_875",
      "type": "array",
      "items": {
        "type": "number",
        "format": "utc-sec"
      },
      "codes": [
        {
          "set": "RxNorm",
          "version": "12/2009",
          "standard_concept": "lipid_lowering_therapy",
          "standard_concept_id": "A_c134",
          "qds_id": "A_875",
          "values": [
            "103918",
            "103919",
            "104490",
            "104491",
            "152923",
            "197522",
            "197903",
            "197904",
            "197905",
            "198024",
            "198759",
            "198760",
            "199143",
            "200311",
            "200902",
            "201517",
            "205751",
            "206257",
            "206258",
            "207663",
            "207664",
            "207754",
            "208220",
            "208972",
            "208973",
            "208974",
            "209013",
            "211682",
            "211683",
            "212576",
            "212577",
            "213276",
            "213319",
            "247747",
            "260852",
            "261295",
            "261357",
            "262095",
            "310288",
            "310289",
            "310459",
            "311944",
            "311945",
            "311946",
            "311949",
            "311951",
            "311958",
            "311959",
            "311960",
            "311963",
            "314131",
            "317015",
            "351842",
            "351898",
            "351909",
            "352030",
            "352031",
            "352088",
            "352231",
            "352232",
            "352304",
            "404403",
            "540281",
            "541844",
            "541846",
            "542191",
            "543350",
            "543352",
            "543354",
            "543374",
            "544518",
            "544543",
            "578797",
            "578799",
            "583096",
            "583122",
            "603834",
            "603836",
            "617314",
            "617318",
            "617320",
            "687048",
            "744882",
            "750199",
            "750203",
            "750207",
            "750211",
            "750215",
            "750219",
            "750223",
            "750227",
            "750231",
            "750235",
            "750239",
            "762665",
            "762669",
            "762900",
            "762902",
            "762904",
            "762906",
            "763171",
            "791834",
            "791838",
            "791842",
            "848943",
            "848946",
            "848949",
            "848951",
            "859421",
            "859426",
            "859749",
            "859753",
            "866912",
            "884383"
          ]
        }
      ]
    },
    "lipid_lowering_therapy_medication_intolerance": {
      "standard_concept": "lipid_lowering_therapy",
      "standard_category": "medication",
      "standard_concept_id": "A_c134",
      "qds_data_type": "medication_intolerance",
      "qds_id": "A_877",
      "type": "array",
      "items": {
        "type": "number",
        "format": "utc-sec"
      },
      "codes": [
        {
          "set": "RxNorm",
          "version": "12/2009",
          "standard_concept": "lipid_lowering_therapy",
          "standard_concept_id": "A_c134",
          "qds_id": "A_877",
          "values": [
            "103918",
            "103919",
            "104490",
            "104491",
            "152923",
            "197522",
            "197903",
            "197904",
            "197905",
            "198024",
            "198759",
            "198760",
            "199143",
            "200311",
            "200902",
            "201517",
            "205751",
            "206257",
            "206258",
            "207663",
            "207664",
            "207754",
            "208220",
            "208972",
            "208973",
            "208974",
            "209013",
            "211682",
            "211683",
            "212576",
            "212577",
            "213276",
            "213319",
            "247747",
            "260852",
            "261295",
            "261357",
            "262095",
            "310288",
            "310289",
            "310459",
            "311944",
            "311945",
            "311946",
            "311949",
            "311951",
            "311958",
            "311959",
            "311960",
            "311963",
            "314131",
            "317015",
            "351842",
            "351898",
            "351909",
            "352030",
            "352031",
            "352088",
            "352231",
            "352232",
            "352304",
            "404403",
            "540281",
            "541844",
            "541846",
            "542191",
            "543350",
            "543352",
            "543354",
            "543374",
            "544518",
            "544543",
            "578797",
            "578799",
            "583096",
            "583122",
            "603834",
            "603836",
            "617314",
            "617318",
            "617320",
            "687048",
            "744882",
            "750199",
            "750203",
            "750207",
            "750211",
            "750215",
            "750219",
            "750223",
            "750227",
            "750231",
            "750235",
            "750239",
            "762665",
            "762669",
            "762900",
            "762902",
            "762904",
            "762906",
            "763171",
            "791834",
            "791838",
            "791842",
            "848943",
            "848946",
            "848949",
            "848951",
            "859421",
            "859426",
            "859749",
            "859753",
            "866912",
            "884383"
          ]
        }
      ]
    },
    "medical_reason_medication_not_done": {
      "standard_concept": "medical_reason",
      "standard_category": "negation_rationale",
      "standard_concept_id": "A_c313",
      "qds_data_type": "medication_not_done",
      "qds_id": "A_1025",
      "type": "array",
      "items": {
        "type": "number",
        "format": "utc-sec"
      },
      "codes": [
        {
          "set": "HL7",
          "version": "3.0",
          "standard_concept": "medical_reason",
          "standard_concept_id": "A_c313",
          "qds_id": "A_1025",
          "values": [
            "21703",
            "21704",
            "21738",
            "21745",
            "21747",
            "21815",
            "21990",
            "22259",
            "22261",
            "22855"
          ]
        }
      ]
    },
    "patient_reason_medication_not_done": {
      "standard_concept": "patient_reason",
      "standard_category": "negation_rationale",
      "standard_concept_id": "A_c311",
      "qds_data_type": "medication_not_done",
      "qds_id": "A_1027",
      "type": "array",
      "items": {
        "type": "number",
        "format": "utc-sec"
      },
      "codes": [
        {
          "set": "HL7",
          "version": "3.0",
          "standard_concept": "patient_reason",
          "standard_concept_id": "A_c311",
          "qds_id": "A_1027",
          "values": [
            "14880",
            "15985",
            "19729",
            "21708",
            "21710",
            "21741",
            "21743",
            "21746",
            "22260",
            "22851"
          ]
        }
      ]
    },
    "system_reason_medication_not_done": {
      "standard_concept": "system_reason",
      "standard_category": "negation_rationale",
      "standard_concept_id": "A_c310",
      "qds_data_type": "medication_not_done",
      "qds_id": "A_1029",
      "type": "array",
      "items": {
        "type": "number",
        "format": "utc-sec"
      },
      "codes": [
        {
          "set": "HL7",
          "version": "3.0",
          "standard_concept": "system_reason",
          "standard_concept_id": "A_c310",
          "qds_id": "A_1029",
          "values": [
            "19730",
            "19731",
            "19733",
            "19734",
            "19735",
            "19736",
            "19987",
            "19988",
            "19989",
            "19990",
            "21408",
            "21493",
            "21568",
            "21706",
            "21707",
            "21709",
            "21728",
            "21729",
            "21730",
            "21731",
            "21732",
            "21733",
            "21734",
            "21735",
            "21744",
            "22023",
            "22024",
            "22165",
            "22166",
            "22167",
            "22168",
            "22169",
            "22857",
            "22858",
            "22859",
            "22865",
            "22866",
            "22867",
            "22907",
            "22909",
            "22911",
            "22912",
            "22913"
          ]
        }
      ]
    }
  }
}