{
  "endorser": "NQF",
  "id": "0083",
  "properties": [
    "NQF_Retooled_Measure_0083.xlsx.json"
  ],
  "name": "Heart Failure (HF): Beta-Blocker Therapy for Left Ventricular Systolic Dysfunction (LVSD)",
  "description": "Percentage of patients aged 18 years and older with a diagnosis of heart failure who also have LVSD (LVEF < 40%) and who were prescribed beta-blocker therapy.",
  "category": "Heart conditions",
  "steward": "AMA",
  "parameters": {
    "effective_date": {
      "description": "Effective end date for measure",
      "type": "number",
      "format": "utc-sec"
    }
  },
  "patient": {
    "birthdate": {
      "description": "Date of birth",
      "type": "number",
      "category_type": "patient_characteristic",
      "format": "utc-sec",
      "codes": [
        {
          "set": "HL7",
          "version": "3.0",
          "values": [
            "00110"
          ]
        }
      ]
    }
  },
  "population": {
    "and": [
      {
        "category": "Patient characteristic",
        "title": "Age >= 18 years"
      },
      {
        "category": "Diagnosis active",
        "title": "Heart failure"
      },
      {
        "or": [
          {
            "category": "Encounter",
            "title": ">= 2 counts of outpatient"
          },
          {
            "category": "Encounter",
            "title": ">= 2 counts of nursing facility"
          }
        ]
      }
    ]
  },
  "denominator": {
    "and": [
      {
        "or": [
          {
            "category": "Diagnostic study result",
            "title": "LVF assessment < 40%"
          },
          {
            "category": "Diagnostic study result",
            "title": "Ejection fraction < 40%"
          }
        ]
      }
    ]
  },
  "numerator": {
    "and": [
      {
        "or": [
          {
            "category": "Medication active",
            "title": "Beta-blocker therapy"
          },
          {
            "category": "Medication order",
            "title": "Beta-blocker therapy"
          }
        ]
      }
    ]
  },
  "exclusions": {
    "or": [
      {
        "category": "Diagnosis active",
        "title": "Arrhythmia"
      },
      {
        "category": "Diagnosis active",
        "title": "Hypotension"
      },
      {
        "category": "Diagnosis active",
        "title": "Asthma"
      },
      {
        "and": [
          {
            "category": "Diagnosis active",
            "title": "Atrioventricular block"
          },
          {
            "category": "Diagnosis NOT active",
            "title": "Cardiac pacer in situ"
          },
          {
            "category": "Device NOT applied",
            "title": "Cardiac pacer"
          }
        ]
      },
      {
        "category": "Medication not done",
        "title": "Medical reason"
      },
      {
        "category": "Medication not done",
        "title": "Patient reason"
      },
      {
        "category": "Medication not done",
        "title": "System reason"
      },
      {
        "category": "Diagnosis active",
        "title": "Bradycardia"
      },
      {
        "category": "Physical exam finding",
        "title": "Heart rate"
      },
      {
        "category": "Medication allergy",
        "title": "Beta-blocker therapy"
      },
      {
        "category": "Medication adverse event",
        "title": "Beta-blocker therapy"
      },
      {
        "category": "Medication intolerance",
        "title": "Beta-blocker therapy"
      }
    ]
  },
  "map_fn": "function() {\n  var patient = this;\n  var measure = patient.measures[\"0083\"];\n  if (measure == null)\n    measure={};\n\n  <%= init_js_frameworks %>\n\n  var day = 24 * 60 * 60;\n  var year = 365 * day;\n  var effective_date =        <%= effective_date %>;\n\n  var measurement_period_start =  effective_date - (1 * year);\n  var latest_birthdate = latestBirthdayForThisAge(18, measurement_period_start);\n\n  var earliest_encounter = effective_date - (1 * year);\n  var all_encounters = normalize(\n    measure.encounter_nursing_facility_encounter,\n    measure.encounter_outpatient_encounter);\n  var encounters_in_range = selectWithinRange(all_encounters, earliest_encounter, effective_date);\n\n  var population = function() {\n    var hf_before_encounter = actionFollowingSomething(\n      measure.heart_failure_diagnosis_active, all_encounters);\n    var encounters_in_range = inRange(all_encounters, earliest_encounter, effective_date);\n    return (patient.birthdate <= latest_birthdate) && hf_before_encounter && (encounters_in_range >= 2);\n  }\n\n  var denominator = function() {\n    // have to 2 or more encounters to get this far\n    var MIN_FRACTION = 40;\n    var final_encounter = _.max(encounters_in_range);\n    var lvf = minValueInDateRange(measure.lvf_assmt_diagnostic_study_result,\n      patient.birthdate, final_encounter, MIN_FRACTION + 1);\n    var eject = minValueInDateRange(measure.ejection_fraction_diagnostic_study_result,\n      patient.birthdate, final_encounter, MIN_FRACTION + 1);\n    return (lvf < MIN_FRACTION) || (eject < MIN_FRACTION);\n  }\n\n  var numerator = function() {\n    var active = inRange(measure.beta_blocker_therapy_medication_active,\n      earliest_encounter, effective_date);\n    var order = inRange(measure.beta_blocker_therapy_medication_order,\n      earliest_encounter, effective_date);\n    return (active || order);\n  }\n\n  var exclusion = function() {\n    var allergy = actionFollowingSomething(\n      measure.beta_blocker_therapy_medication_allergy, all_encounters);\n    var adverse = actionFollowingSomething(\n      measure.beta_blocker_therapy_medication_adverse_event, all_encounters);\n    var intollerence = actionFollowingSomething(\n      measure.beta_blocker_therapy_medication_intolerance, all_encounters);\n    var patient = inRange(measure.patient_reason_medication_not_done,\n      earliest_encounter, effective_date);\n    var medical = inRange(measure.medical_reason_medication_not_done,\n      earliest_encounter, effective_date);\n    var system = inRange(measure.system_reason_medication_not_done,\n      earliest_encounter, effective_date);\n\n    var arrhythmia = actionFollowingSomething(\n      measure.arrhythmia_diagnosis_active, all_encounters);\n    var hypotension = actionFollowingSomething(\n      measure.hypotension_diagnosis_active, all_encounters);\n    var asthma = actionFollowingSomething(\n      measure.asthma_diagnosis_active, all_encounters);\n    var block = actionFollowingSomething(\n      measure.atrioventricular_block_diagnosis_active, all_encounters);\n    var cardiac_pacer_in_situ = actionFollowingSomething(\n      measure.cardiac_pacer_in_situ_diagnosis_active, all_encounters);\n    var cardiac_pacer = actionFollowingSomething(\n      measure.cardiac_pacer_device_applied, all_encounters);\n    var bradycardia = actionFollowingSomething(\n      measure.bradycardia_diagnosis_active, all_encounters);\n    var heart_rate = actionFollowingSomething(\n      measure.heart_rate_physical_exam_finding, all_encounters);\n\n    return (allergy || adverse || intollerence || patient || medical || system ||\n      arrhythmia || hypotension || asthma || \n      (block && !(cardiac_pacer_in_situ || cardiac_pacer)) ||\n      bradycardia || heart_rate);\n  }\n\n  map(patient, population, denominator, numerator, exclusion);\n};",
  "measure": {
    "arrhythmia_diagnosis_active": {
      "standard_concept": "arrhythmia",
      "standard_category": "diagnosis_condition_problem",
      "standard_concept_id": "A_c366",
      "qds_data_type": "diagnosis_active",
      "qds_id": "A_1291",
      "type": "array",
      "items": {
        "type": "number",
        "format": "utc-sec"
      },
      "codes": [
        {
          "set": "ICD-10-CM",
          "version": "2010",
          "standard_concept": "arrhythmia",
          "standard_concept_id": "A_c181",
          "qds_id": "A_455",
          "values": [
            "I49.5",
            "I49.8"
          ]
        },
        {
          "set": "ICD-10-CM",
          "version": "2010",
          "standard_concept": "arrhythmia",
          "standard_concept_id": "A_c181",
          "qds_id": "A_456",
          "values": [
            "I49.5",
            "I49.8"
          ]
        },
        {
          "set": "ICD-9-CM",
          "version": "2009",
          "standard_concept": "arrhythmia",
          "standard_concept_id": "A_c176",
          "qds_id": "A_441",
          "values": [
            "427.81",
            "427.89"
          ]
        },
        {
          "set": "ICD-9-CM",
          "version": "2009",
          "standard_concept": "arrhythmia",
          "standard_concept_id": "A_c176",
          "qds_id": "A_442",
          "values": [
            "427.81",
            "427.89"
          ]
        },
        {
          "set": "SNOMED-CT",
          "version": "7/2009",
          "standard_concept": "arrhythmia",
          "standard_concept_id": "A_c186",
          "qds_id": "A_465",
          "values": [
            "10164001",
            "10626002",
            "11157007",
            "11849007",
            "13640000",
            "17338001",
            "17366009",
            "17869006",
            "184004",
            "195060002",
            "195069001",
            "195071001",
            "195072008",
            "195083004",
            "233891009",
            "233892002",
            "233893007",
            "233894001",
            "233895000",
            "233904005",
            "233915000",
            "233922008",
            "233923003",
            "234172002",
            "251161003",
            "251162005",
            "251163000",
            "251164006",
            "251165007",
            "251166008",
            "251167004",
            "251168009",
            "251170000",
            "251172008",
            "251173003",
            "251174009",
            "251175005",
            "251176006",
            "251177002",
            "251178007",
            "251179004",
            "251180001",
            "251181002",
            "251182009",
            "251186007",
            "251187003",
            "251188008",
            "26950008",
            "27337007",
            "276796006",
            "284470004",
            "287057009",
            "29320008",
            "29894000",
            "309809007",
            "33413000",
            "36083008",
            "38274001",
            "39260000",
            "39357005",
            "40593004",
            "406461004",
            "418341009",
            "418818005",
            "419752005",
            "421869004",
            "422348008",
            "429243003",
            "44602002",
            "44808001",
            "47830009",
            "49044005",
            "49710005",
            "49982000",
            "55475008",
            "59272004",
            "60423000",
            "61277005",
            "63232000",
            "63593006",
            "69730002",
            "71908006",
            "72654001",
            "74390002",
            "74615001",
            "75532003",
            "81681009",
            "81898007",
            "88412007"
          ]
        },
        {
          "set": "SNOMED-CT",
          "version": "7/2009",
          "standard_concept": "arrhythmia",
          "standard_concept_id": "A_c186",
          "qds_id": "A_466",
          "values": [
            "10164001",
            "10626002",
            "11157007",
            "11849007",
            "13640000",
            "17338001",
            "17366009",
            "17869006",
            "184004",
            "195060002",
            "195069001",
            "195071001",
            "195072008",
            "195083004",
            "233891009",
            "233892002",
            "233893007",
            "233894001",
            "233895000",
            "233904005",
            "233915000",
            "233922008",
            "233923003",
            "234172002",
            "251161003",
            "251162005",
            "251163000",
            "251164006",
            "251165007",
            "251166008",
            "251167004",
            "251168009",
            "251170000",
            "251172008",
            "251173003",
            "251174009",
            "251175005",
            "251176006",
            "251177002",
            "251178007",
            "251179004",
            "251180001",
            "251181002",
            "251182009",
            "251186007",
            "251187003",
            "251188008",
            "26950008",
            "27337007",
            "276796006",
            "284470004",
            "287057009",
            "29320008",
            "29894000",
            "309809007",
            "33413000",
            "36083008",
            "38274001",
            "39260000",
            "39357005",
            "40593004",
            "406461004",
            "418341009",
            "418818005",
            "419752005",
            "421869004",
            "422348008",
            "429243003",
            "44602002",
            "44808001",
            "47830009",
            "49044005",
            "49710005",
            "49982000",
            "55475008",
            "59272004",
            "60423000",
            "61277005",
            "63232000",
            "63593006",
            "69730002",
            "71908006",
            "72654001",
            "74390002",
            "74615001",
            "75532003",
            "81681009",
            "81898007",
            "88412007"
          ]
        }
      ]
    },
    "asthma_diagnosis_active": {
      "standard_concept": "asthma",
      "standard_category": "diagnosis_condition_problem",
      "standard_concept_id": "A_c362",
      "qds_data_type": "diagnosis_active",
      "qds_id": "A_1295",
      "type": "array",
      "items": {
        "type": "number",
        "format": "utc-sec"
      },
      "codes": [
        {
          "set": "ICD-10-CM",
          "version": "2010",
          "standard_concept": "asthma",
          "standard_concept_id": "A_c60",
          "qds_id": "A_1063",
          "values": [
            "J45",
            "J45.22",
            "J45.32",
            "J45.42",
            "J45.52",
            "J45.90",
            "J45.901",
            "J45.902",
            "J45.990",
            "J45.991"
          ]
        },
        {
          "set": "ICD-10-CM",
          "version": "2010",
          "standard_concept": "asthma",
          "standard_concept_id": "A_c60",
          "qds_id": "A_1064",
          "values": [
            "J45",
            "J45.22",
            "J45.32",
            "J45.42",
            "J45.52",
            "J45.90",
            "J45.901",
            "J45.902",
            "J45.990",
            "J45.991"
          ]
        },
        {
          "set": "ICD-9-CM",
          "version": "2010",
          "standard_concept": "asthma",
          "standard_concept_id": "A_c59",
          "qds_id": "A_1065",
          "values": [
            "493.00",
            "493.01",
            "493.02",
            "493.10",
            "493.11",
            "493.12",
            "493.20",
            "493.21",
            "493.22",
            "493.81",
            "493.82",
            "493.90",
            "493.91",
            "493.92"
          ]
        },
        {
          "set": "ICD-9-CM",
          "version": "2010",
          "standard_concept": "asthma",
          "standard_concept_id": "A_c59",
          "qds_id": "A_1066",
          "values": [
            "493.00",
            "493.01",
            "493.02",
            "493.10",
            "493.11",
            "493.12",
            "493.20",
            "493.21",
            "493.22",
            "493.81",
            "493.82",
            "493.90",
            "493.91",
            "493.92"
          ]
        },
        {
          "set": "SNOMED-CT",
          "version": "July 2009",
          "standard_concept": "asthma",
          "standard_concept_id": "A_c61",
          "qds_id": "A_1003",
          "values": [
            "11641008",
            "12428000",
            "13151001",
            "195949008",
            "195967001",
            "195977004",
            "195979001",
            "196013003",
            "225057002",
            "233672007",
            "233678006",
            "233679003",
            "233681001",
            "233683003",
            "233685005",
            "233688007",
            "266361008",
            "266364000",
            "281239006",
            "30352005",
            "304527002",
            "31387002",
            "370218001",
            "370219009",
            "370220003",
            "370221004",
            "389145006",
            "405944004",
            "407674008",
            "409663006",
            "423889005",
            "424199006",
            "424643009",
            "425969006",
            "426656000",
            "426979002",
            "427295004",
            "427354000",
            "427603009",
            "427679007",
            "442025000",
            "55570000",
            "56968009",
            "57546000",
            "59327009",
            "59786004",
            "63088003",
            "67415000",
            "85761009",
            "91340006",
            "92807009",
            "93432008"
          ]
        },
        {
          "set": "SNOMED-CT",
          "version": "July 2009",
          "standard_concept": "asthma",
          "standard_concept_id": "A_c61",
          "qds_id": "A_1004",
          "values": [
            "11641008",
            "12428000",
            "13151001",
            "195949008",
            "195967001",
            "195977004",
            "195979001",
            "196013003",
            "225057002",
            "233672007",
            "233678006",
            "233679003",
            "233681001",
            "233683003",
            "233685005",
            "233688007",
            "266361008",
            "266364000",
            "281239006",
            "30352005",
            "304527002",
            "31387002",
            "370218001",
            "370219009",
            "370220003",
            "370221004",
            "389145006",
            "405944004",
            "407674008",
            "409663006",
            "423889005",
            "424199006",
            "424643009",
            "425969006",
            "426656000",
            "426979002",
            "427295004",
            "427354000",
            "427603009",
            "427679007",
            "442025000",
            "55570000",
            "56968009",
            "57546000",
            "59327009",
            "59786004",
            "63088003",
            "67415000",
            "85761009",
            "91340006",
            "92807009",
            "93432008"
          ]
        }
      ]
    },
    "atrioventricular_block_diagnosis_active": {
      "standard_concept": "atrioventricular_block",
      "standard_category": "diagnosis_condition_problem",
      "standard_concept_id": "A_c367",
      "qds_data_type": "diagnosis_active",
      "qds_id": "A_1297",
      "type": "array",
      "items": {
        "type": "number",
        "format": "utc-sec"
      },
      "codes": [
        {
          "set": "ICD-9-CM",
          "version": "2009",
          "standard_concept": "atrioventricular_block",
          "standard_concept_id": "A_c177",
          "qds_id": "A_447",
          "values": [
            "426.0",
            "426.12",
            "426.13"
          ]
        },
        {
          "set": "ICD-9-CM",
          "version": "2009",
          "standard_concept": "atrioventricular_block",
          "standard_concept_id": "A_c177",
          "qds_id": "A_448",
          "values": [
            "426.0",
            "426.12",
            "426.13"
          ]
        },
        {
          "set": "ICD-10-CM",
          "version": "2010",
          "standard_concept": "atrioventricular_block",
          "standard_concept_id": "A_c264",
          "qds_id": "A_743",
          "values": [
            "I44.1",
            "I44.2"
          ]
        },
        {
          "set": "ICD-10-CM",
          "version": "2010",
          "standard_concept": "atrioventricular_block",
          "standard_concept_id": "A_c264",
          "qds_id": "A_744",
          "values": [
            "I44.1",
            "I44.2"
          ]
        },
        {
          "set": "SNOMED-CT",
          "version": "7/2009",
          "standard_concept": "atrioventricular_block",
          "standard_concept_id": "A_c187",
          "qds_id": "A_467",
          "values": [
            "129575004",
            "13620007",
            "195039008",
            "195042002",
            "195046004",
            "20143001",
            "204383001",
            "204384007",
            "20852007",
            "233917008",
            "233918003",
            "233919006",
            "2374000",
            "251114004",
            "251120003",
            "251123001",
            "251124007",
            "251125008",
            "251152003",
            "270492004",
            "276513001",
            "27885002",
            "28189009",
            "283645003",
            "302944009",
            "30667004",
            "32425009",
            "32758004",
            "37760005",
            "41863008",
            "43906007",
            "44103008",
            "4554005",
            "46319007",
            "46619002",
            "46935006",
            "4973001",
            "50799005",
            "54016002",
            "59118001",
            "6180003",
            "62026008",
            "63467002",
            "6374002",
            "64872007",
            "66568003",
            "71792006",
            "73459006",
            "74021003",
            "76887001",
            "77221000",
            "82226007",
            "82580003",
            "86014007",
            "93130009",
            "9651007"
          ]
        },
        {
          "set": "SNOMED-CT",
          "version": "7/2009",
          "standard_concept": "atrioventricular_block",
          "standard_concept_id": "A_c187",
          "qds_id": "A_468",
          "values": [
            "129575004",
            "13620007",
            "195039008",
            "195042002",
            "195046004",
            "20143001",
            "204383001",
            "204384007",
            "20852007",
            "233917008",
            "233918003",
            "233919006",
            "2374000",
            "251114004",
            "251120003",
            "251123001",
            "251124007",
            "251125008",
            "251152003",
            "270492004",
            "276513001",
            "27885002",
            "28189009",
            "283645003",
            "302944009",
            "30667004",
            "32425009",
            "32758004",
            "37760005",
            "41863008",
            "43906007",
            "44103008",
            "4554005",
            "46319007",
            "46619002",
            "46935006",
            "4973001",
            "50799005",
            "54016002",
            "59118001",
            "6180003",
            "62026008",
            "63467002",
            "6374002",
            "64872007",
            "66568003",
            "71792006",
            "73459006",
            "74021003",
            "76887001",
            "77221000",
            "82226007",
            "82580003",
            "86014007",
            "93130009",
            "9651007"
          ]
        }
      ]
    },
    "bradycardia_diagnosis_active": {
      "standard_concept": "bradycardia",
      "standard_category": "diagnosis_condition_problem",
      "standard_concept_id": "A_c412",
      "qds_data_type": "diagnosis_active",
      "qds_id": "A_1420",
      "type": "array",
      "items": {
        "type": "number",
        "format": "utc-sec"
      },
      "codes": [
        {
          "set": "ICD-10-CM",
          "version": "2010",
          "standard_concept": "bradycardia",
          "standard_concept_id": "A_c411",
          "qds_id": "A_7081",
          "values": [
            "G90.09",
            "R00.1"
          ]
        },
        {
          "set": "ICD-9-CM",
          "version": "2010",
          "standard_concept": "bradycardia",
          "standard_concept_id": "A_c410",
          "qds_id": "A_7068",
          "values": [
            "337.09",
            "427.81",
            "427.89"
          ]
        },
        {
          "set": "SNOMED-CT",
          "version": "07/2009",
          "standard_concept": "bradycardia",
          "standard_concept_id": "A_c408",
          "qds_id": "A_7027",
          "values": [
            "162988008",
            "251162005",
            "278085001",
            "29894000",
            "309746001",
            "397841007",
            "413341007",
            "42177007",
            "426177001",
            "426627000",
            "44273001",
            "44602002",
            "47101004",
            "48867003",
            "49044005",
            "49710005"
          ]
        }
      ]
    },
    "cardiac_pacer_in_situ_diagnosis_active": {
      "standard_concept": "cardiac_pacer_in_situ",
      "standard_category": "diagnosis_condition_problem",
      "standard_concept_id": "A_c368",
      "qds_data_type": "diagnosis_active",
      "qds_id": "A_1299",
      "type": "array",
      "items": {
        "type": "number",
        "format": "utc-sec"
      },
      "codes": [
        {
          "set": "ICD-10-CM",
          "version": "2010",
          "standard_concept": "cardiac_pacer_in_situ",
          "standard_concept_id": "A_c183",
          "qds_id": "A_459",
          "values": [
            "Z95.0"
          ]
        },
        {
          "set": "ICD-10-CM",
          "version": "2010",
          "standard_concept": "cardiac_pacer_in_situ",
          "standard_concept_id": "A_c183",
          "qds_id": "A_460",
          "values": [
            "Z95.0"
          ]
        },
        {
          "set": "ICD-9-CM",
          "version": "2009",
          "standard_concept": "cardiac_pacer_in_situ",
          "standard_concept_id": "A_c178",
          "qds_id": "A_449",
          "values": [
            "V45.01"
          ]
        },
        {
          "set": "ICD-9-CM",
          "version": "2009",
          "standard_concept": "cardiac_pacer_in_situ",
          "standard_concept_id": "A_c178",
          "qds_id": "A_450",
          "values": [
            "V45.01"
          ]
        }
      ]
    },
    "heart_failure_diagnosis_active": {
      "standard_concept": "heart_failure",
      "standard_category": "diagnosis_condition_problem",
      "standard_concept_id": "A_c376",
      "qds_data_type": "diagnosis_active",
      "qds_id": "A_1301",
      "type": "array",
      "items": {
        "type": "number",
        "format": "utc-sec"
      },
      "codes": [
        {
          "set": "ICD-10-CM",
          "version": "2010",
          "standard_concept": "heart_failure",
          "standard_concept_id": "A_c24",
          "qds_id": "A_1106",
          "values": [
            "I05",
            "I05.0",
            "I05.1",
            "I05.2",
            "I05.8",
            "I05.9",
            "I06",
            "I06.0",
            "I06.1",
            "I06.2",
            "I06.8",
            "I07",
            "I07.0",
            "I07.1",
            "I07.2",
            "I07.8",
            "I07.9",
            "I08",
            "I08.0",
            "I08.1",
            "I08.2",
            "I08.3",
            "I08.8",
            "I08.9",
            "I09",
            "I09.0",
            "I09.1",
            "I09.2",
            "I09.8",
            "I09.89",
            "I09.9",
            "I11.0",
            "I13.0",
            "I42.3",
            "I50.1",
            "I50.2",
            "I50.21",
            "I50.22",
            "I50.23",
            "I50.3",
            "I50.31",
            "I50.32",
            "I50.33",
            "I50.4",
            "I50.41",
            "I50.42",
            "I50.43",
            "I50.9"
          ]
        },
        {
          "set": "ICD-10-CM",
          "version": "2010",
          "standard_concept": "heart_failure",
          "standard_concept_id": "A_c24",
          "qds_id": "A_146",
          "values": [
            "I05",
            "I05.0",
            "I05.1",
            "I05.2",
            "I05.8",
            "I05.9",
            "I06",
            "I06.0",
            "I06.1",
            "I06.2",
            "I06.8",
            "I07",
            "I07.0",
            "I07.1",
            "I07.2",
            "I07.8",
            "I07.9",
            "I08",
            "I08.0",
            "I08.1",
            "I08.2",
            "I08.3",
            "I08.8",
            "I08.9",
            "I09",
            "I09.0",
            "I09.1",
            "I09.2",
            "I09.8",
            "I09.89",
            "I09.9",
            "I11.0",
            "I13.0",
            "I42.3",
            "I50.1",
            "I50.2",
            "I50.21",
            "I50.22",
            "I50.23",
            "I50.3",
            "I50.31",
            "I50.32",
            "I50.33",
            "I50.4",
            "I50.41",
            "I50.42",
            "I50.43",
            "I50.9"
          ]
        },
        {
          "set": "ICD-9-CM",
          "version": "2010",
          "standard_concept": "heart_failure",
          "standard_concept_id": "A_c23",
          "qds_id": "A_1107",
          "values": [
            "402.01",
            "402.11",
            "402.91",
            "404.01",
            "404.03",
            "404.11",
            "404.13",
            "404.91",
            "404.93",
            "428.0",
            "428.1",
            "428.20",
            "428.21",
            "428.22",
            "428.23",
            "428.30",
            "428.31",
            "428.32",
            "428.33",
            "428.40",
            "428.41",
            "428.42",
            "428.43",
            "428.9"
          ]
        },
        {
          "set": "ICD-9-CM",
          "version": "2010",
          "standard_concept": "heart_failure",
          "standard_concept_id": "A_c23",
          "qds_id": "A_145",
          "values": [
            "402.01",
            "402.11",
            "402.91",
            "404.01",
            "404.03",
            "404.11",
            "404.13",
            "404.91",
            "404.93",
            "428.0",
            "428.1",
            "428.20",
            "428.21",
            "428.22",
            "428.23",
            "428.30",
            "428.31",
            "428.32",
            "428.33",
            "428.40",
            "428.41",
            "428.42",
            "428.43",
            "428.9"
          ]
        },
        {
          "set": "SNOMED-CT",
          "version": "07/2009",
          "standard_concept": "heart_failure",
          "standard_concept_id": "A_c25",
          "qds_id": "A_1108",
          "values": [
            "10091002",
            "10335000",
            "10633002",
            "111283005",
            "128404006",
            "13839000",
            "194767001",
            "194779001",
            "194781004",
            "195111005",
            "195112003",
            "195114002",
            "206586007",
            "233924009",
            "25544003",
            "277639002",
            "314206003",
            "33644002",
            "359617009",
            "359620001",
            "364006",
            "367363000",
            "410431009",
            "417996009",
            "418304008",
            "42343007",
            "424404003",
            "426012001",
            "426263006",
            "426611007",
            "43736008",
            "441481004",
            "441530006",
            "44313006",
            "46113002",
            "48447003",
            "5053004",
            "5148006",
            "5375005",
            "56675007",
            "60856006",
            "66989003",
            "74960003",
            "77737007",
            "80479009",
            "82523003",
            "83105008",
            "84114007",
            "85232009",
            "88805009",
            "90727007",
            "92506005"
          ]
        },
        {
          "set": "SNOMED-CT",
          "version": "07/2009",
          "standard_concept": "heart_failure",
          "standard_concept_id": "A_c25",
          "qds_id": "A_147",
          "values": [
            "10091002",
            "10335000",
            "10633002",
            "111283005",
            "128404006",
            "13839000",
            "194767001",
            "194779001",
            "194781004",
            "195111005",
            "195112003",
            "195114002",
            "206586007",
            "233924009",
            "25544003",
            "277639002",
            "314206003",
            "33644002",
            "359617009",
            "359620001",
            "364006",
            "367363000",
            "410431009",
            "417996009",
            "418304008",
            "42343007",
            "424404003",
            "426012001",
            "426263006",
            "426611007",
            "43736008",
            "441481004",
            "441530006",
            "44313006",
            "46113002",
            "48447003",
            "5053004",
            "5148006",
            "5375005",
            "56675007",
            "60856006",
            "66989003",
            "74960003",
            "77737007",
            "80479009",
            "82523003",
            "83105008",
            "84114007",
            "85232009",
            "88805009",
            "90727007",
            "92506005"
          ]
        }
      ]
    },
    "hypotension_diagnosis_active": {
      "standard_concept": "hypotension",
      "standard_category": "diagnosis_condition_problem",
      "standard_concept_id": "A_c370",
      "qds_data_type": "diagnosis_active",
      "qds_id": "A_1293",
      "type": "array",
      "items": {
        "type": "number",
        "format": "utc-sec"
      },
      "codes": [
        {
          "set": "ICD-10-CM",
          "version": "2010",
          "standard_concept": "hypotension",
          "standard_concept_id": "A_c180",
          "qds_id": "A_453",
          "values": [
            "I95.1",
            "I95.3",
            "I95.89",
            "I95.9"
          ]
        },
        {
          "set": "ICD-10-CM",
          "version": "2010",
          "standard_concept": "hypotension",
          "standard_concept_id": "A_c180",
          "qds_id": "A_454",
          "values": [
            "I95.1",
            "I95.3",
            "I95.89",
            "I95.9"
          ]
        },
        {
          "set": "ICD-9-CM",
          "version": "2009",
          "standard_concept": "hypotension",
          "standard_concept_id": "A_c175",
          "qds_id": "A_445",
          "values": [
            "458.0",
            "458.1",
            "458.21",
            "458.29",
            "458.8",
            "458.9"
          ]
        },
        {
          "set": "ICD-9-CM",
          "version": "2009",
          "standard_concept": "hypotension",
          "standard_concept_id": "A_c175",
          "qds_id": "A_446",
          "values": [
            "458.0",
            "458.1",
            "458.21",
            "458.29",
            "458.8",
            "458.9"
          ]
        },
        {
          "set": "SNOMED-CT",
          "version": "7/2009",
          "standard_concept": "hypotension",
          "standard_concept_id": "A_c185",
          "qds_id": "A_463",
          "values": [
            "163022004",
            "163024003",
            "195506001",
            "200113008",
            "200114002",
            "230664009",
            "234171009",
            "271870002",
            "276519002",
            "286963007",
            "371073003",
            "408667000",
            "408668005",
            "429561008",
            "45007003",
            "61933008",
            "70247006",
            "75181005",
            "77545000",
            "88887003"
          ]
        },
        {
          "set": "SNOMED-CT",
          "version": "7/2009",
          "standard_concept": "hypotension",
          "standard_concept_id": "A_c185",
          "qds_id": "A_464",
          "values": [
            "163022004",
            "163024003",
            "195506001",
            "200113008",
            "200114002",
            "230664009",
            "234171009",
            "271870002",
            "276519002",
            "286963007",
            "371073003",
            "408667000",
            "408668005",
            "429561008",
            "45007003",
            "61933008",
            "70247006",
            "75181005",
            "77545000",
            "88887003"
          ]
        }
      ]
    },
    "beta_blocker_therapy_medication_order": {
      "standard_concept": "beta_blocker_therapy",
      "standard_category": "medication",
      "standard_concept_id": "A_c133",
      "qds_data_type": "medication_order",
      "qds_id": "A_356",
      "type": "array",
      "items": {
        "type": "number",
        "format": "utc-sec"
      },
      "codes": [
        {
          "set": "RxNorm",
          "version": "12/2009",
          "standard_concept": "beta_blocker_therapy",
          "standard_concept_id": "A_c133",
          "qds_id": "A_356",
          "values": [
            "104302",
            "141882",
            "150750",
            "152414",
            "197296",
            "197297",
            "197379",
            "197380",
            "197381",
            "197382",
            "197383",
            "198004",
            "198005",
            "198006",
            "198007",
            "198008",
            "198104",
            "198105",
            "198284",
            "198285",
            "198286",
            "200857",
            "201322",
            "201327",
            "201337",
            "201338",
            "201340",
            "206240",
            "206244",
            "206961",
            "206964",
            "206968",
            "207367",
            "207851",
            "207852",
            "207861",
            "208003",
            "208029",
            "208140",
            "208375",
            "208575",
            "208576",
            "211773",
            "211810",
            "212388",
            "212389",
            "212390",
            "213727",
            "213728",
            "213731",
            "238246",
            "260346",
            "260348",
            "260349",
            "260693",
            "261397",
            "261398",
            "351442",
            "351443",
            "351444",
            "351709",
            "404603",
            "491234",
            "686926",
            "746023",
            "746030",
            "854901",
            "854903",
            "854905",
            "854907",
            "854908",
            "854910",
            "854916",
            "854918",
            "854919",
            "854921",
            "856422",
            "856426",
            "856429",
            "856433",
            "856443",
            "856445",
            "856448",
            "856450",
            "856457",
            "856460",
            "856462",
            "856471",
            "856481",
            "856483",
            "856508",
            "856519",
            "856521",
            "856535",
            "856537",
            "856556",
            "856557",
            "856569",
            "856571",
            "856576",
            "856578",
            "856579",
            "856586",
            "856591",
            "856596",
            "856724",
            "856733",
            "856737",
            "856739",
            "866414",
            "866421",
            "866429",
            "866438",
            "866479",
            "866482",
            "866491",
            "866498",
            "866502",
            "866506",
            "866508",
            "866510",
            "866511",
            "866513",
            "866514",
            "866516",
            "866924",
            "896758",
            "896760",
            "896762",
            "896764",
            "896766",
            "896768",
            "896771",
            "896773",
            "896775",
            "896777",
            "896781",
            "896783"
          ]
        }
      ]
    },
    "beta_blocker_therapy_medication_active": {
      "standard_concept": "beta_blocker_therapy",
      "standard_category": "medication",
      "standard_concept_id": "A_c133",
      "qds_data_type": "medication_active",
      "qds_id": "A_357",
      "type": "array",
      "items": {
        "type": "number",
        "format": "utc-sec"
      },
      "codes": [
        {
          "set": "RxNorm",
          "version": "12/2009",
          "standard_concept": "beta_blocker_therapy",
          "standard_concept_id": "A_c133",
          "qds_id": "A_357",
          "values": [
            "104302",
            "141882",
            "150750",
            "152414",
            "197296",
            "197297",
            "197379",
            "197380",
            "197381",
            "197382",
            "197383",
            "198004",
            "198005",
            "198006",
            "198007",
            "198008",
            "198104",
            "198105",
            "198284",
            "198285",
            "198286",
            "200857",
            "201322",
            "201327",
            "201337",
            "201338",
            "201340",
            "206240",
            "206244",
            "206961",
            "206964",
            "206968",
            "207367",
            "207851",
            "207852",
            "207861",
            "208003",
            "208029",
            "208140",
            "208375",
            "208575",
            "208576",
            "211773",
            "211810",
            "212388",
            "212389",
            "212390",
            "213727",
            "213728",
            "213731",
            "238246",
            "260346",
            "260348",
            "260349",
            "260693",
            "261397",
            "261398",
            "351442",
            "351443",
            "351444",
            "351709",
            "404603",
            "491234",
            "686926",
            "746023",
            "746030",
            "854901",
            "854903",
            "854905",
            "854907",
            "854908",
            "854910",
            "854916",
            "854918",
            "854919",
            "854921",
            "856422",
            "856426",
            "856429",
            "856433",
            "856443",
            "856445",
            "856448",
            "856450",
            "856457",
            "856460",
            "856462",
            "856471",
            "856481",
            "856483",
            "856508",
            "856519",
            "856521",
            "856535",
            "856537",
            "856556",
            "856557",
            "856569",
            "856571",
            "856576",
            "856578",
            "856579",
            "856586",
            "856591",
            "856596",
            "856724",
            "856733",
            "856737",
            "856739",
            "866414",
            "866421",
            "866429",
            "866438",
            "866479",
            "866482",
            "866491",
            "866498",
            "866502",
            "866506",
            "866508",
            "866510",
            "866511",
            "866513",
            "866514",
            "866516",
            "866924",
            "896758",
            "896760",
            "896762",
            "896764",
            "896766",
            "896768",
            "896771",
            "896773",
            "896775",
            "896777",
            "896781",
            "896783"
          ]
        }
      ]
    },
    "beta_blocker_therapy_medication_adverse_event": {
      "standard_concept": "beta_blocker_therapy",
      "standard_category": "medication",
      "standard_concept_id": "A_c133",
      "qds_data_type": "medication_adverse_event",
      "qds_id": "A_802",
      "type": "array",
      "items": {
        "type": "number",
        "format": "utc-sec"
      },
      "codes": [
        {
          "set": "RxNorm",
          "version": "12/2009",
          "standard_concept": "beta_blocker_therapy",
          "standard_concept_id": "A_c133",
          "qds_id": "A_802",
          "values": [
            "104302",
            "141882",
            "150750",
            "152414",
            "197296",
            "197297",
            "197379",
            "197380",
            "197381",
            "197382",
            "197383",
            "198004",
            "198005",
            "198006",
            "198007",
            "198008",
            "198104",
            "198105",
            "198284",
            "198285",
            "198286",
            "200857",
            "201322",
            "201327",
            "201337",
            "201338",
            "201340",
            "206240",
            "206244",
            "206961",
            "206964",
            "206968",
            "207367",
            "207851",
            "207852",
            "207861",
            "208003",
            "208029",
            "208140",
            "208375",
            "208575",
            "208576",
            "211773",
            "211810",
            "212388",
            "212389",
            "212390",
            "213727",
            "213728",
            "213731",
            "238246",
            "260346",
            "260348",
            "260349",
            "260693",
            "261397",
            "261398",
            "351442",
            "351443",
            "351444",
            "351709",
            "404603",
            "491234",
            "686926",
            "746023",
            "746030",
            "854901",
            "854903",
            "854905",
            "854907",
            "854908",
            "854910",
            "854916",
            "854918",
            "854919",
            "854921",
            "856422",
            "856426",
            "856429",
            "856433",
            "856443",
            "856445",
            "856448",
            "856450",
            "856457",
            "856460",
            "856462",
            "856471",
            "856481",
            "856483",
            "856508",
            "856519",
            "856521",
            "856535",
            "856537",
            "856556",
            "856557",
            "856569",
            "856571",
            "856576",
            "856578",
            "856579",
            "856586",
            "856591",
            "856596",
            "856724",
            "856733",
            "856737",
            "856739",
            "866414",
            "866421",
            "866429",
            "866438",
            "866479",
            "866482",
            "866491",
            "866498",
            "866502",
            "866506",
            "866508",
            "866510",
            "866511",
            "866513",
            "866514",
            "866516",
            "866924",
            "896758",
            "896760",
            "896762",
            "896764",
            "896766",
            "896768",
            "896771",
            "896773",
            "896775",
            "896777",
            "896781",
            "896783"
          ]
        }
      ]
    },
    "beta_blocker_therapy_medication_allergy": {
      "standard_concept": "beta_blocker_therapy",
      "standard_category": "medication",
      "standard_concept_id": "A_c133",
      "qds_data_type": "medication_allergy",
      "qds_id": "A_804",
      "type": "array",
      "items": {
        "type": "number",
        "format": "utc-sec"
      },
      "codes": [
        {
          "set": "RxNorm",
          "version": "12/2009",
          "standard_concept": "beta_blocker_therapy",
          "standard_concept_id": "A_c133",
          "qds_id": "A_804",
          "values": [
            "104302",
            "141882",
            "150750",
            "152414",
            "197296",
            "197297",
            "197379",
            "197380",
            "197381",
            "197382",
            "197383",
            "198004",
            "198005",
            "198006",
            "198007",
            "198008",
            "198104",
            "198105",
            "198284",
            "198285",
            "198286",
            "200857",
            "201322",
            "201327",
            "201337",
            "201338",
            "201340",
            "206240",
            "206244",
            "206961",
            "206964",
            "206968",
            "207367",
            "207851",
            "207852",
            "207861",
            "208003",
            "208029",
            "208140",
            "208375",
            "208575",
            "208576",
            "211773",
            "211810",
            "212388",
            "212389",
            "212390",
            "213727",
            "213728",
            "213731",
            "238246",
            "260346",
            "260348",
            "260349",
            "260693",
            "261397",
            "261398",
            "351442",
            "351443",
            "351444",
            "351709",
            "404603",
            "491234",
            "686926",
            "746023",
            "746030",
            "854901",
            "854903",
            "854905",
            "854907",
            "854908",
            "854910",
            "854916",
            "854918",
            "854919",
            "854921",
            "856422",
            "856426",
            "856429",
            "856433",
            "856443",
            "856445",
            "856448",
            "856450",
            "856457",
            "856460",
            "856462",
            "856471",
            "856481",
            "856483",
            "856508",
            "856519",
            "856521",
            "856535",
            "856537",
            "856556",
            "856557",
            "856569",
            "856571",
            "856576",
            "856578",
            "856579",
            "856586",
            "856591",
            "856596",
            "856724",
            "856733",
            "856737",
            "856739",
            "866414",
            "866421",
            "866429",
            "866438",
            "866479",
            "866482",
            "866491",
            "866498",
            "866502",
            "866506",
            "866508",
            "866510",
            "866511",
            "866513",
            "866514",
            "866516",
            "866924",
            "896758",
            "896760",
            "896762",
            "896764",
            "896766",
            "896768",
            "896771",
            "896773",
            "896775",
            "896777",
            "896781",
            "896783"
          ]
        }
      ]
    },
    "beta_blocker_therapy_medication_intolerance": {
      "standard_concept": "beta_blocker_therapy",
      "standard_category": "medication",
      "standard_concept_id": "A_c133",
      "qds_data_type": "medication_intolerance",
      "qds_id": "A_806",
      "type": "array",
      "items": {
        "type": "number",
        "format": "utc-sec"
      },
      "codes": [
        {
          "set": "RxNorm",
          "version": "12/2009",
          "standard_concept": "beta_blocker_therapy",
          "standard_concept_id": "A_c133",
          "qds_id": "A_806",
          "values": [
            "104302",
            "141882",
            "150750",
            "152414",
            "197296",
            "197297",
            "197379",
            "197380",
            "197381",
            "197382",
            "197383",
            "198004",
            "198005",
            "198006",
            "198007",
            "198008",
            "198104",
            "198105",
            "198284",
            "198285",
            "198286",
            "200857",
            "201322",
            "201327",
            "201337",
            "201338",
            "201340",
            "206240",
            "206244",
            "206961",
            "206964",
            "206968",
            "207367",
            "207851",
            "207852",
            "207861",
            "208003",
            "208029",
            "208140",
            "208375",
            "208575",
            "208576",
            "211773",
            "211810",
            "212388",
            "212389",
            "212390",
            "213727",
            "213728",
            "213731",
            "238246",
            "260346",
            "260348",
            "260349",
            "260693",
            "261397",
            "261398",
            "351442",
            "351443",
            "351444",
            "351709",
            "404603",
            "491234",
            "686926",
            "746023",
            "746030",
            "854901",
            "854903",
            "854905",
            "854907",
            "854908",
            "854910",
            "854916",
            "854918",
            "854919",
            "854921",
            "856422",
            "856426",
            "856429",
            "856433",
            "856443",
            "856445",
            "856448",
            "856450",
            "856457",
            "856460",
            "856462",
            "856471",
            "856481",
            "856483",
            "856508",
            "856519",
            "856521",
            "856535",
            "856537",
            "856556",
            "856557",
            "856569",
            "856571",
            "856576",
            "856578",
            "856579",
            "856586",
            "856591",
            "856596",
            "856724",
            "856733",
            "856737",
            "856739",
            "866414",
            "866421",
            "866429",
            "866438",
            "866479",
            "866482",
            "866491",
            "866498",
            "866502",
            "866506",
            "866508",
            "866510",
            "866511",
            "866513",
            "866514",
            "866516",
            "866924",
            "896758",
            "896760",
            "896762",
            "896764",
            "896766",
            "896768",
            "896771",
            "896773",
            "896775",
            "896777",
            "896781",
            "896783"
          ]
        }
      ]
    },
    "cardiac_pacer_device_applied": {
      "standard_concept": "cardiac_pacer",
      "standard_category": "device",
      "standard_concept_id": "A_c303",
      "qds_data_type": "device_applied",
      "qds_id": "A_1513",
      "type": "array",
      "items": {
        "type": "number",
        "format": "utc-sec"
      },
      "codes": [
        {
          "set": "SNOMED-CT",
          "version": "July 2009",
          "standard_concept": "cardiac_pacer",
          "standard_concept_id": "A_c303",
          "qds_id": "A_1513",
          "values": [
            "14106009",
            "360127006",
            "360128001",
            "424921004",
            "56961003"
          ]
        }
      ]
    },
    "ejection_fraction_diagnostic_study_result": {
      "standard_concept": "ejection_fraction",
      "standard_category": "diagnostic_study",
      "standard_concept_id": "A_c29",
      "qds_data_type": "diagnostic_study_result",
      "qds_id": "A_523",
      "type": "array",
      "items": {
        "type": "object",
        "properties": {
          "value": {
            "description": "Ejection Fraction",
            "type": "number"
          },
          "date": {
            "description": "Date of Ejection Fraction",
            "type": "number",
            "format": "utc-sec"
          }
        }
      },
      "codes": [
        {
          "set": "SNOMED-CT",
          "version": "07/2009",
          "standard_concept": "ejection_fraction",
          "standard_concept_id": "A_c29",
          "qds_id": "A_523",
          "values": [
            "250907009",
            "250908004",
            "70822001"
          ]
        }
      ]
    },
    "encounter_nursing_facility_encounter": {
      "standard_concept": "encounter_nursing_facility",
      "standard_category": "encounter",
      "standard_concept_id": "A_c28",
      "qds_data_type": "encounter",
      "qds_id": "A_236",
      "type": "array",
      "items": {
        "type": "number",
        "format": "utc-sec"
      },
      "codes": [
        {
          "set": "CPT",
          "version": "2010",
          "standard_concept": "encounter_nursing_facility",
          "standard_concept_id": "A_c28",
          "qds_id": "A_236",
          "values": [
            "99304",
            "99305",
            "99306",
            "99307",
            "99308",
            "99309",
            "99310"
          ]
        }
      ]
    },
    "encounter_outpatient_encounter": {
      "standard_concept": "encounter_outpatient",
      "standard_category": "encounter",
      "standard_concept_id": "A_c26",
      "qds_data_type": "encounter",
      "qds_id": "A_237",
      "type": "array",
      "items": {
        "type": "number",
        "format": "utc-sec"
      },
      "codes": [
        {
          "set": "CPT",
          "version": "2010",
          "standard_concept": "encounter_outpatient",
          "standard_concept_id": "A_c26",
          "qds_id": "A_237",
          "values": [
            "99201",
            "99202",
            "99203",
            "99204",
            "99205",
            "99212",
            "99213",
            "99214",
            "99215",
            "99241",
            "99242",
            "99243",
            "99244",
            "99245",
            "99324",
            "99325",
            "99326",
            "99327",
            "99328",
            "99334",
            "99335",
            "99336",
            "99337",
            "99341",
            "99342",
            "99343",
            "99344",
            "99345",
            "99347",
            "99348",
            "99349",
            "99350"
          ]
        }
      ]
    },
    "heart_rate_physical_exam_finding": {
      "standard_concept": "heart_rate",
      "standard_category": "physical_exam",
      "standard_concept_id": "A_c409",
      "qds_data_type": "physical_exam_finding",
      "qds_id": "A_1363",
      "type": "array",
      "items": {
        "type": "number",
        "format": "utc-sec"
      },
      "codes": [
        {
          "set": "SNOMED-CT",
          "version": "07/2009",
          "standard_concept": "heart_rate",
          "standard_concept_id": "A_c409",
          "qds_id": "A_1363",
          "values": [
            "364075005"
          ]
        }
      ]
    },
    "lvf_assmt_diagnostic_study_result": {
      "standard_concept": "lvf_assmt",
      "standard_category": "diagnostic_study",
      "standard_concept_id": "A_c31",
      "qds_data_type": "diagnostic_study_result",
      "qds_id": "A_525",
      "type": "array",
      "items": {
        "type": "object",
        "properties": {
          "value": {
            "description": "LVF ASSMT",
            "type": "number"
          },
          "date": {
            "description": "Date of LVF ASSMT",
            "type": "number",
            "format": "utc-sec"
          }
        }
      },
      "codes": [
        {
          "set": "CPT",
          "version": "2010",
          "standard_concept": "lvf_assmt",
          "standard_concept_id": "A_c31",
          "qds_id": "A_525",
          "values": [
            "78414",
            "78451",
            "78452",
            "78453",
            "78454",
            "78468",
            "78472",
            "78473",
            "78481",
            "78483",
            "78494",
            "78496",
            "93303",
            "93304",
            "93306",
            "93307",
            "93308",
            "93312",
            "93313",
            "93314",
            "93315",
            "93316",
            "93317",
            "93350",
            "93351",
            "93352",
            "93543"
          ]
        }
      ]
    },
    "medical_reason_medication_not_done": {
      "standard_concept": "medical_reason",
      "standard_category": "negation_rationale",
      "standard_concept_id": "A_c313",
      "qds_data_type": "medication_not_done",
      "qds_id": "A_1052",
      "type": "array",
      "items": {
        "type": "number",
        "format": "utc-sec"
      },
      "codes": [
        {
          "set": "HL7",
          "version": "3.0",
          "standard_concept": "medical_reason",
          "standard_concept_id": "A_c313",
          "qds_id": "A_1052",
          "values": [
            "21703",
            "21704",
            "21738",
            "21745",
            "21747",
            "21815",
            "21990",
            "22259",
            "22261",
            "22855"
          ]
        }
      ]
    },
    "patient_reason_medication_not_done": {
      "standard_concept": "patient_reason",
      "standard_category": "negation_rationale",
      "standard_concept_id": "A_c311",
      "qds_data_type": "medication_not_done",
      "qds_id": "A_1054",
      "type": "array",
      "items": {
        "type": "number",
        "format": "utc-sec"
      },
      "codes": [
        {
          "set": "HL7",
          "version": "3.0",
          "standard_concept": "patient_reason",
          "standard_concept_id": "A_c311",
          "qds_id": "A_1054",
          "values": [
            "14880",
            "15985",
            "19729",
            "21708",
            "21710",
            "21741",
            "21743",
            "21746",
            "22260",
            "22851"
          ]
        }
      ]
    },
    "system_reason_medication_not_done": {
      "standard_concept": "system_reason",
      "standard_category": "negation_rationale",
      "standard_concept_id": "A_c310",
      "qds_data_type": "medication_not_done",
      "qds_id": "A_1056",
      "type": "array",
      "items": {
        "type": "number",
        "format": "utc-sec"
      },
      "codes": [
        {
          "set": "HL7",
          "version": "3.0",
          "standard_concept": "system_reason",
          "standard_concept_id": "A_c310",
          "qds_id": "A_1056",
          "values": [
            "19730",
            "19731",
            "19733",
            "19734",
            "19735",
            "19736",
            "19987",
            "19988",
            "19989",
            "19990",
            "21408",
            "21493",
            "21568",
            "21706",
            "21707",
            "21709",
            "21728",
            "21729",
            "21730",
            "21731",
            "21732",
            "21733",
            "21734",
            "21735",
            "21744",
            "22023",
            "22024",
            "22165",
            "22166",
            "22167",
            "22168",
            "22169",
            "22857",
            "22858",
            "22859",
            "22865",
            "22866",
            "22867",
            "22907",
            "22909",
            "22911",
            "22912",
            "22913"
          ]
        }
      ]
    }
  }
}