{
  "endorser": "NQF",
  "id": "0084",
  "properties": [
    "NQF_Retooled_Measure_0084.xlsx.json"
  ],
  "name": "Heart Failure: Warfarin Therapy for Patients with Atrial Fibrillation",
  "description": "Percentage of all patients aged 18 and older with a diagnosis of heart failure and paroxysmal or chronic atrial fibrillation who were prescribed warfarin therapy.",
  "category": "Heart conditions",
  "steward": "AMA",
  "parameters": {
    "effective_date": {
      "description": "Effective end date for measure",
      "type": "number",
      "format": "utc-sec"
    }
  },
  "patient": {
    "birthdate": {
      "description": "Date of birth",
      "type": "number",
      "category_type": "patient_characteristic",
      "format": "utc-sec",
      "codes": [
        {
          "set": "HL7",
          "version": "3.0",
          "values": [
            "00110"
          ]
        }
      ]
    }
  },
  "population": {
    "conjunction": "and",
    "items": [
      {
        "category": "Patient characteristic",
        "title": "Age >= 18 years"
      },
      {
        "category": "Diagnosis active",
        "title": "Heart failure"
      },
      {
        "conjunction": "or",
        "items": [
          {
            "category": "Encounter",
            "title": ">= 2 counts of outpatient encounter"
          },
          {
            "category": "Encounter",
            "title": ">= 2 counts of nursing facility encounter"
          }
        ]
      }
    ]
  },
  "denominator": {
    "conjunction": "and",
    "items": [
      {
        "category": "Diagnosis active",
        "title": "Atrial fibrillation"
      }
    ]
  },
  "numerator": {
    "conjunction": "and",
    "items": [
      {
        "category": "Medication active",
        "title": "Warfarin therapy"
      },
      {
        "category": "Medication order",
        "title": "Warfarin therapy"
      }
    ]
  },
  "exclusions": {
    "conjunction": "or",
    "items": [
      {
        "category": "Medication allergy",
        "title": "Warfarin therapy"
      },
      {
        "category": "Medication adverse event",
        "title": "Warfarin therapy"
      },
      {
        "category": "Medication intolerance",
        "title": "Warfarin therapy"
      },
      {
        "category": "Medication not done",
        "title": "Medical reason"
      },
      {
        "category": "Medication not done",
        "title": "Patient reason"
      },
      {
        "category": "Medication not done",
        "title": "System reason"
      },
      {
        "category": "Diagnosis active",
        "title": "Active anemias and bleeding disorders"
      },
      {
        "category": "Diagnosis active",
        "title": "Active esophageal and GI bleed"
      },
      {
        "category": "Diagnosis active",
        "title": "Active intracranial hemorrhage"
      },
      {
        "category": "Diagnosis active",
        "title": "Active leukemias/myeloproliferative disorders"
      },
      {
        "category": "Diagnosis active",
        "title": "Active hematuria"
      },
      {
        "category": "Diagnosis active",
        "title": "Active hemoptysis"
      },
      {
        "category": "Diagnosis active",
        "title": "Active hemorrhage"
      },
      {
        "category": "Diagnosis active",
        "title": "Active liver disorders"
      }
    ]
  },
  "map_fn": "function() {\n  var patient = this;\n  var measure = patient.measures[\"0084\"];\n  if (measure == null)\n    measure={};\n\n  <%= init_js_frameworks %>\n\n  var day = 24 * 60 * 60;\n  var year = 365 * day;\n  var effective_date =        <%= effective_date %>;\n\n  var measurement_period_start =  effective_date - (1 * year);\n  var latest_birthdate = latestBirthdayForThisAge(18, measurement_period_start);\n\n  var earliest_encounter =        measurement_period_start - (1 * year);\n  var all_encounters = normalize(\n    measure.encounter_nursing_facility_encounter,\n    measure.encounter_outpatient_encounter);\n\n  var population = function() {\n    var hf_before_encounter = actionFollowingSomething(\n      measure.heart_failure_diagnosis_active, all_encounters);\n    var encounters_in_range = inRange(all_encounters, earliest_encounter, effective_date);\n    return ((patient.birthdate <= latest_birthdate) && \n            hf_before_encounter &&\n            (encounters_in_range >= 2));\n  }\n\n  var denominator = function() {\n    var afib = inRange(measure.atrial_fibrillation_diagnosis_active, earliest_encounter, effective_date);\n    return afib;\n  }\n\n  var numerator = function() {\n    var active = inRange(measure.warfarin_therapy_medication_active, \n      earliest_encounter, effective_date);\n    var order = inRange(measure.warfarin_therapy_medication_order, \n      earliest_encounter, effective_date);\n    return (active || order);\n  }\n\n  var exclusion = function() {\n    var allergy = actionFollowingSomething(\n      measure.warfarin_therapy_medication_allergy, all_encounters);\n    var adverse = actionFollowingSomething(\n      measure.warfarin_therapy_medication_adverse_event, all_encounters);\n    var intollerence = actionFollowingSomething(\n      measure.warfarin_therapy_medication_intolerance, all_encounters);\n    var patient = inRange(measure.patient_reason_medication_not_done, \n      earliest_encounter, effective_date);\n    var medical = inRange(measure.medical_reason_medication_not_done, \n      earliest_encounter, effective_date);\n    var system = inRange(measure.system_reason_medication_not_done, \n      earliest_encounter, effective_date);\n\n    var anemia = actionFollowingSomething(\n      measure.anemias_and_bleeding_disorders_diagnosis_active, all_encounters);\n    var esophageal = actionFollowingSomething(\n      measure.esophageal_and_gi_bleed_diagnosis_active, all_encounters);\n    var intracranial = actionFollowingSomething(\n      measure.intracranial_hemorrhage_diagnosis_active, all_encounters);\n    var leukemias = actionFollowingSomething(\n      measure.leukemias_myeloproliferative_disorders_diagnosis_active, all_encounters);\n    var hematuria = actionFollowingSomething(\n      measure.hematuria_diagnosis_active, all_encounters);\n    var hemoptysis = actionFollowingSomething(\n      measure.hemoptysis_diagnosis_active, all_encounters);\n    var hemorrhage = actionFollowingSomething(\n      measure.hemorrhage_diagnosis_active, all_encounters);\n    var liver = actionFollowingSomething(\n      measure.liver_disorders_diagnosis_active, all_encounters);\n\n    return (allergy || adverse || intollerence || patient || medical || system || anemia ||\n      esophageal || intracranial || leukemias || hematuria || hemoptysis || hemorrhage || \n      liver);\n  }\n  \n  map(patient, population, denominator, numerator, exclusion);\n};",
  "measure": {
    "anemias_and_bleeding_disorders_diagnosis_active": {
      "standard_concept": "anemias_and_bleeding_disorders",
      "standard_category": "diagnosis_condition_problem",
      "standard_concept_id": "A_c380",
      "qds_data_type": "diagnosis_active",
      "qds_id": "A_1305",
      "type": "array",
      "items": {
        "type": "number",
        "format": "utc-sec"
      },
      "codes": [
        {
          "set": "ICD-10-CM",
          "version": "2010",
          "standard_concept": "anemias_and_bleeding_disorders",
          "standard_concept_id": "A_c230",
          "qds_id": "A_598",
          "values": [
            "D50.0",
            "D50.9",
            "D62",
            "D65",
            "D66",
            "D67",
            "D68.0",
            "D68.1",
            "D68.2",
            "D68.3",
            "D68.4",
            "D68.8",
            "D69.3",
            "D69.41",
            "D69.42",
            "D69.49",
            "D69.5",
            "D69.6"
          ]
        },
        {
          "set": "ICD-10-CM",
          "version": "2010",
          "standard_concept": "anemias_and_bleeding_disorders",
          "standard_concept_id": "A_c230",
          "qds_id": "A_599",
          "values": [
            "D50.0",
            "D50.9",
            "D62",
            "D65",
            "D66",
            "D67",
            "D68.0",
            "D68.1",
            "D68.2",
            "D68.3",
            "D68.4",
            "D68.8",
            "D69.3",
            "D69.41",
            "D69.42",
            "D69.49",
            "D69.5",
            "D69.6"
          ]
        },
        {
          "set": "ICD-9-CM",
          "version": "2009",
          "standard_concept": "anemias_and_bleeding_disorders",
          "standard_concept_id": "A_c223",
          "qds_id": "A_584",
          "values": [
            "280.0",
            "280.9",
            "285.1",
            "286.0",
            "286.1",
            "286.2",
            "286.3",
            "286.4",
            "286.5",
            "286.6",
            "286.7",
            "286.9",
            "287.30",
            "287.31",
            "287.32",
            "287.33",
            "287.39",
            "287.4",
            "287.41",
            "287.49",
            "287.5"
          ]
        },
        {
          "set": "ICD-9-CM",
          "version": "2009",
          "standard_concept": "anemias_and_bleeding_disorders",
          "standard_concept_id": "A_c223",
          "qds_id": "A_585",
          "values": [
            "280.0",
            "280.9",
            "285.1",
            "286.0",
            "286.1",
            "286.2",
            "286.3",
            "286.4",
            "286.5",
            "286.6",
            "286.7",
            "286.9",
            "287.30",
            "287.31",
            "287.32",
            "287.33",
            "287.39",
            "287.4",
            "287.41",
            "287.49",
            "287.5"
          ]
        },
        {
          "set": "SNOMED-CT",
          "version": "07/2009",
          "standard_concept": "anemias_and_bleeding_disorders",
          "standard_concept_id": "A_c507",
          "qds_id": "A_7000",
          "values": [
            "10205009",
            "105599000",
            "10564005",
            "10619002",
            "109996008",
            "109998009",
            "110000005",
            "111407006",
            "111570005",
            "111571009",
            "111572002",
            "111573007",
            "111574001",
            "111575000",
            "111576004",
            "111577008",
            "111578003",
            "111581008",
            "111582001",
            "11491000",
            "11503009",
            "115963009",
            "11781007",
            "12109003",
            "12189000",
            "12238007",
            "127034005",
            "127040003",
            "127041004",
            "127042006",
            "127043001",
            "127044007",
            "127045008",
            "127046009",
            "127049002",
            "127051003",
            "127052005",
            "127053000",
            "127054006",
            "127055007",
            "127056008",
            "127057004",
            "127058009",
            "127059001",
            "127060006",
            "127061005",
            "127319005",
            "12907000",
            "129638002",
            "14024008",
            "14087004",
            "14126008",
            "14379009",
            "14514008",
            "15121005",
            "15276008",
            "15326009",
            "15332004",
            "16360009",
            "164141009",
            "164142002",
            "164143007",
            "16427007",
            "16645003",
            "16964007",
            "18273004",
            "183005",
            "18323000",
            "18637002",
            "18662002",
            "18889005",
            "189509003",
            "190996002",
            "191128004",
            "191135007",
            "191136008",
            "191142007",
            "191146005",
            "191148006",
            "191154007",
            "191156009",
            "191161006",
            "191162004",
            "191170009",
            "191177007",
            "191178002",
            "191179005",
            "191187006",
            "191189009",
            "191210005",
            "191213007",
            "191216004",
            "191217008",
            "191218003",
            "191219006",
            "191222008",
            "191228007",
            "191229004",
            "191240007",
            "191244003",
            "191246001",
            "191247005",
            "191248000",
            "191251007",
            "191255003",
            "191256002",
            "191260004",
            "191261000",
            "191262007",
            "191265009",
            "191268006",
            "19442009",
            "1963002",
            "21412009",
            "21914002",
            "22098000",
            "22347002",
            "22438006",
            "22933009",
            "23371004",
            "234346000",
            "234347009",
            "234348004",
            "234349007",
            "234350007",
            "234352004",
            "234353009",
            "234358000",
            "234360003",
            "234361004",
            "234362006",
            "234363001",
            "234364007",
            "234365008",
            "234366009",
            "234367000",
            "234370001",
            "234372009",
            "234375006",
            "234376007",
            "234383000",
            "234385007",
            "234386008",
            "234387004",
            "234388009",
            "234389001",
            "234390005",
            "234391009",
            "237617006",
            "237985009",
            "240453002",
            "240486003",
            "24620004",
            "24661004",
            "24962009",
            "24975009",
            "25251008",
            "25266006",
            "25443007",
            "26333003",
            "26409005",
            "26682008",
            "267513007",
            "267517008",
            "267518003",
            "267524009",
            "267527002",
            "267530009",
            "269175006",
            "2694001",
            "26944003",
            "27080008",
            "271737000",
            "27342004",
            "27366005",
            "273985002",
            "275523003",
            "276448005",
            "276578004",
            "277918006",
            "27798002",
            "278363000",
            "28147001",
            "2835000",
            "286928002",
            "28975000",
            "290246007",
            "291262006",
            "29177004",
            "29551000",
            "300980002",
            "301317008",
            "30418008",
            "30575002",
            "306058006",
            "307333004",
            "307334005",
            "307335006",
            "307336007",
            "307343001",
            "307726001",
            "309742004",
            "310647000",
            "31206006",
            "313291009",
            "31820007",
            "32094009",
            "322699009",
            "323666000",
            "32648007",
            "3272007",
            "32855007",
            "33491002",
            "33905008",
            "34194007",
            "34247008",
            "34629009",
            "34852006",
            "34925000",
            "35703006",
            "3571004",
            "35778001",
            "360495000",
            "363041004",
            "36467003",
            "36472007",
            "36919001",
            "371046004",
            "371315009",
            "37272000",
            "373420004",
            "373421000",
            "373422007",
            "37370005",
            "38292009",
            "38689004",
            "387702001",
            "387745008",
            "38911009",
            "389214003",
            "38970002",
            "39586009",
            "3978000",
            "398623004",
            "398937006",
            "40108008",
            "40387008",
            "413532003",
            "413533008",
            "413565006",
            "413566007",
            "413603009",
            "41387000",
            "41462006",
            "415283002",
            "415284008",
            "41614006",
            "416180004",
            "417425009",
            "41841004",
            "420543008",
            "421102007",
            "421189000",
            "421851008",
            "422167001",
            "42461002",
            "42484009",
            "42601008",
            "428383000",
            "429564000",
            "43707008",
            "438476003",
            "43858000",
            "439007008",
            "440206000",
            "441322009",
            "44206008",
            "44288006",
            "444108000",
            "44452003",
            "44641000",
            "44666001",
            "44910003",
            "45098004",
            "45828008",
            "46737006",
            "46760003",
            "47047009",
            "47084006",
            "47516005",
            "47526003",
            "47844003",
            "4854004",
            "48553001",
            "48580008",
            "49284006",
            "4939006",
            "49472006",
            "49708008",
            "4984008",
            "50220002",
            "50253007",
            "50715003",
            "51071000",
            "51667002",
            "52212006",
            "52565000",
            "52951008",
            "5300004",
            "5315003",
            "53165003",
            "54006005",
            "5430006",
            "54698001",
            "55907008",
            "55995005",
            "5603006",
            "56205004",
            "57192008",
            "5876000",
            "59106005",
            "59548005",
            "59644002",
            "5967006",
            "5994005",
            "60138009",
            "60164003",
            "60504009",
            "61261009",
            "61395005",
            "61777009",
            "62074008",
            "62268000",
            "62389006",
            "62403005",
            "62609001",
            "62677000",
            "62871001",
            "63565007",
            "6398009",
            "65560000",
            "65959000",
            "66055002",
            "66184009",
            "66262001",
            "66309005",
            "6659005",
            "66612000",
            "67894009",
            "68361004",
            "68700003",
            "68870007",
            "68913001",
            "69216008",
            "69574002",
            "69746005",
            "69981004",
            "70517008",
            "71832003",
            "71855000",
            "72501006",
            "73073009",
            "73190000",
            "73891003",
            "74703006",
            "75331009",
            "75443009",
            "75451007",
            "76336008",
            "76366001",
            "77084001",
            "77413008",
            "77607006",
            "77663007",
            "78129009",
            "78209002",
            "78677008",
            "78908001",
            "78997000",
            "79035003",
            "79592006",
            "80126007",
            "80875006",
            "80963002",
            "81711008",
            "82003006",
            "82430007",
            "82895008",
            "82980005",
            "83414005",
            "84027009",
            "84188003",
            "85422000",
            "85557000",
            "85570009",
            "85649008",
            "85746008",
            "862001",
            "86225009",
            "86242003",
            "86325007",
            "86448001",
            "86715000",
            "86859003",
            "87190009",
            "87522002",
            "87806008",
            "87810006",
            "87994004",
            "8857001",
            "88854002",
            "89112009",
            "89459006",
            "89810003",
            "90175006",
            "90414007",
            "91217009",
            "91411007",
            "934007",
            "9434008",
            "9764001"
          ]
        }
      ]
    },
    "atrial_fibrillation_diagnosis_active": {
      "standard_concept": "atrial_fibrillation",
      "standard_category": "diagnosis_condition_problem",
      "standard_concept_id": "A_c381",
      "qds_data_type": "diagnosis_active",
      "qds_id": "A_1306",
      "type": "array",
      "items": {
        "type": "number",
        "format": "utc-sec"
      },
      "codes": [
        {
          "set": "ICD-10-CM",
          "version": "2010",
          "standard_concept": "atrial_fibrillation",
          "standard_concept_id": "A_c116",
          "qds_id": "A_289",
          "values": [
            "I48",
            "I48.0"
          ]
        },
        {
          "set": "ICD-9-CM",
          "version": "2010",
          "standard_concept": "atrial_fibrillation",
          "standard_concept_id": "A_c115",
          "qds_id": "A_288",
          "values": [
            "427.31"
          ]
        },
        {
          "set": "SNOMED-CT",
          "version": "July 2009",
          "standard_concept": "atrial_fibrillation",
          "standard_concept_id": "A_c117",
          "qds_id": "A_290",
          "values": [
            "195080001",
            "282825002",
            "300996004",
            "314208002",
            "426749004",
            "440028005",
            "440059007",
            "49436004"
          ]
        }
      ]
    },
    "esophageal_and_gi_bleed_diagnosis_active": {
      "standard_concept": "esophageal_and_gi_bleed",
      "standard_category": "diagnosis_condition_problem",
      "standard_concept_id": "A_c382",
      "qds_data_type": "diagnosis_active",
      "qds_id": "A_1308",
      "type": "array",
      "items": {
        "type": "number",
        "format": "utc-sec"
      },
      "codes": [
        {
          "set": "ICD-10-CM",
          "version": "2010",
          "standard_concept": "esophageal_and_gi_bleed",
          "standard_concept_id": "A_c228",
          "qds_id": "A_7031",
          "values": [
            "K22.6",
            "K25.0",
            "K25.2",
            "K25.4",
            "K25.6",
            "K26.0",
            "K26.4",
            "K26.6",
            "K27.0",
            "K27.2",
            "K27.4",
            "K27.6",
            "K28.0",
            "K28.2",
            "K28.4",
            "K28.6",
            "K62.5",
            "K92.0",
            "L70.31",
            "R19.5"
          ]
        },
        {
          "set": "ICD-9-CM",
          "version": "2009",
          "standard_concept": "esophageal_and_gi_bleed",
          "standard_concept_id": "A_c221",
          "qds_id": "A_7023",
          "values": [
            "530.7",
            "531.00",
            "531.01",
            "531.20",
            "531.21",
            "531.40",
            "531.41",
            "531.60",
            "531.61",
            "532.00",
            "532.01",
            "532.20",
            "532.21",
            "532.40",
            "532.41",
            "532.60",
            "532.61",
            "533.00",
            "533.01",
            "533.20",
            "533.21",
            "533.40",
            "533.41",
            "533.60",
            "533.61",
            "534.00",
            "534.01",
            "534.20",
            "534.21",
            "534.40",
            "534.41",
            "534.60",
            "534.61",
            "569.3",
            "578.0",
            "578.1",
            "578.9"
          ]
        },
        {
          "set": "SNOMED-CT",
          "version": "07/09",
          "standard_concept": "esophageal_and_gi_bleed",
          "standard_concept_id": "A_c472",
          "qds_id": "A_7045",
          "values": [
            "15238002",
            "15970005",
            "262790002",
            "35265002",
            "439442003",
            "57748001",
            "60698006"
          ]
        }
      ]
    },
    "heart_failure_diagnosis_active": {
      "standard_concept": "heart_failure",
      "standard_category": "diagnosis_condition_problem",
      "standard_concept_id": "A_c376",
      "qds_data_type": "diagnosis_active",
      "qds_id": "A_1310",
      "type": "array",
      "items": {
        "type": "number",
        "format": "utc-sec"
      },
      "codes": [
        {
          "set": "ICD-10-CM",
          "version": "2010",
          "standard_concept": "heart_failure",
          "standard_concept_id": "A_c24",
          "qds_id": "A_1089",
          "values": [
            "I05",
            "I05.0",
            "I05.1",
            "I05.2",
            "I05.8",
            "I05.9",
            "I06",
            "I06.0",
            "I06.1",
            "I06.2",
            "I06.8",
            "I07",
            "I07.0",
            "I07.1",
            "I07.2",
            "I07.8",
            "I07.9",
            "I08",
            "I08.0",
            "I08.1",
            "I08.2",
            "I08.3",
            "I08.8",
            "I08.9",
            "I09",
            "I09.0",
            "I09.1",
            "I09.2",
            "I09.8",
            "I09.89",
            "I09.9",
            "I11.0",
            "I13.0",
            "I42.3",
            "I50.1",
            "I50.2",
            "I50.21",
            "I50.22",
            "I50.23",
            "I50.3",
            "I50.31",
            "I50.32",
            "I50.33",
            "I50.4",
            "I50.41",
            "I50.42",
            "I50.43",
            "I50.9"
          ]
        },
        {
          "set": "ICD-10-CM",
          "version": "2010",
          "standard_concept": "heart_failure",
          "standard_concept_id": "A_c24",
          "qds_id": "A_150",
          "values": [
            "I05",
            "I05.0",
            "I05.1",
            "I05.2",
            "I05.8",
            "I05.9",
            "I06",
            "I06.0",
            "I06.1",
            "I06.2",
            "I06.8",
            "I07",
            "I07.0",
            "I07.1",
            "I07.2",
            "I07.8",
            "I07.9",
            "I08",
            "I08.0",
            "I08.1",
            "I08.2",
            "I08.3",
            "I08.8",
            "I08.9",
            "I09",
            "I09.0",
            "I09.1",
            "I09.2",
            "I09.8",
            "I09.89",
            "I09.9",
            "I11.0",
            "I13.0",
            "I42.3",
            "I50.1",
            "I50.2",
            "I50.21",
            "I50.22",
            "I50.23",
            "I50.3",
            "I50.31",
            "I50.32",
            "I50.33",
            "I50.4",
            "I50.41",
            "I50.42",
            "I50.43",
            "I50.9"
          ]
        },
        {
          "set": "ICD-9-CM",
          "version": "2010",
          "standard_concept": "heart_failure",
          "standard_concept_id": "A_c23",
          "qds_id": "A_1088",
          "values": [
            "402.01",
            "402.11",
            "402.91",
            "404.01",
            "404.03",
            "404.11",
            "404.13",
            "404.91",
            "404.93",
            "428.0",
            "428.1",
            "428.20",
            "428.21",
            "428.22",
            "428.23",
            "428.30",
            "428.31",
            "428.32",
            "428.33",
            "428.40",
            "428.41",
            "428.42",
            "428.43",
            "428.9"
          ]
        },
        {
          "set": "ICD-9-CM",
          "version": "2010",
          "standard_concept": "heart_failure",
          "standard_concept_id": "A_c23",
          "qds_id": "A_148",
          "values": [
            "402.01",
            "402.11",
            "402.91",
            "404.01",
            "404.03",
            "404.11",
            "404.13",
            "404.91",
            "404.93",
            "428.0",
            "428.1",
            "428.20",
            "428.21",
            "428.22",
            "428.23",
            "428.30",
            "428.31",
            "428.32",
            "428.33",
            "428.40",
            "428.41",
            "428.42",
            "428.43",
            "428.9"
          ]
        },
        {
          "set": "SNOMED-CT",
          "version": "07/2009",
          "standard_concept": "heart_failure",
          "standard_concept_id": "A_c25",
          "qds_id": "A_1090",
          "values": [
            "10091002",
            "10335000",
            "10633002",
            "111283005",
            "128404006",
            "13839000",
            "194767001",
            "194779001",
            "194781004",
            "195111005",
            "195112003",
            "195114002",
            "206586007",
            "233924009",
            "25544003",
            "277639002",
            "314206003",
            "33644002",
            "359617009",
            "359620001",
            "364006",
            "367363000",
            "410431009",
            "417996009",
            "418304008",
            "42343007",
            "424404003",
            "426012001",
            "426263006",
            "426611007",
            "43736008",
            "441481004",
            "441530006",
            "44313006",
            "46113002",
            "48447003",
            "5053004",
            "5148006",
            "5375005",
            "56675007",
            "60856006",
            "66989003",
            "74960003",
            "77737007",
            "80479009",
            "82523003",
            "83105008",
            "84114007",
            "85232009",
            "88805009",
            "90727007",
            "92506005"
          ]
        },
        {
          "set": "SNOMED-CT",
          "version": "07/2009",
          "standard_concept": "heart_failure",
          "standard_concept_id": "A_c25",
          "qds_id": "A_151",
          "values": [
            "10091002",
            "10335000",
            "10633002",
            "111283005",
            "128404006",
            "13839000",
            "194767001",
            "194779001",
            "194781004",
            "195111005",
            "195112003",
            "195114002",
            "206586007",
            "233924009",
            "25544003",
            "277639002",
            "314206003",
            "33644002",
            "359617009",
            "359620001",
            "364006",
            "367363000",
            "410431009",
            "417996009",
            "418304008",
            "42343007",
            "424404003",
            "426012001",
            "426263006",
            "426611007",
            "43736008",
            "441481004",
            "441530006",
            "44313006",
            "46113002",
            "48447003",
            "5053004",
            "5148006",
            "5375005",
            "56675007",
            "60856006",
            "66989003",
            "74960003",
            "77737007",
            "80479009",
            "82523003",
            "83105008",
            "84114007",
            "85232009",
            "88805009",
            "90727007",
            "92506005"
          ]
        }
      ]
    },
    "hematuria_diagnosis_active": {
      "standard_concept": "hematuria",
      "standard_category": "diagnosis_condition_problem",
      "standard_concept_id": "A_c387",
      "qds_data_type": "diagnosis_active",
      "qds_id": "A_1318",
      "type": "array",
      "items": {
        "type": "number",
        "format": "utc-sec"
      },
      "codes": [
        {
          "set": "ICD-10-CM",
          "version": "2010",
          "standard_concept": "hematuria",
          "standard_concept_id": "A_c231",
          "qds_id": "A_600",
          "values": [
            "R31"
          ]
        },
        {
          "set": "ICD-10-CM",
          "version": "2010",
          "standard_concept": "hematuria",
          "standard_concept_id": "A_c231",
          "qds_id": "A_601",
          "values": [
            "R31"
          ]
        },
        {
          "set": "ICD-9-CM",
          "version": "2009",
          "standard_concept": "hematuria",
          "standard_concept_id": "A_c224",
          "qds_id": "A_586",
          "values": [
            "599.7"
          ]
        },
        {
          "set": "ICD-9-CM",
          "version": "2009",
          "standard_concept": "hematuria",
          "standard_concept_id": "A_c224",
          "qds_id": "A_587",
          "values": [
            "599.7"
          ]
        },
        {
          "set": "SNOMED-CT",
          "version": "07/09",
          "standard_concept": "hematuria",
          "standard_concept_id": "A_c474",
          "qds_id": "A_7020",
          "values": [
            "197627003",
            "197698000",
            "197699008",
            "197700009",
            "197701008",
            "197702001",
            "197703006",
            "197704000",
            "197705004",
            "197706003",
            "197938001",
            "197939009",
            "197940006",
            "197941005",
            "197942003",
            "20407004",
            "236717007",
            "236718002",
            "281855006",
            "281856007",
            "281857003",
            "281858008",
            "281859000",
            "281860005",
            "314280007",
            "371020003",
            "53298000",
            "57965003",
            "86208007",
            "95567008"
          ]
        }
      ]
    },
    "hemoptysis_diagnosis_active": {
      "standard_concept": "hemoptysis",
      "standard_category": "diagnosis_condition_problem",
      "standard_concept_id": "A_c383",
      "qds_data_type": "diagnosis_active",
      "qds_id": "A_1320",
      "type": "array",
      "items": {
        "type": "number",
        "format": "utc-sec"
      },
      "codes": [
        {
          "set": "ICD-10-CM",
          "version": "2010",
          "standard_concept": "hemoptysis",
          "standard_concept_id": "A_c232",
          "qds_id": "A_602",
          "values": [
            "R04.2"
          ]
        },
        {
          "set": "ICD-10-CM",
          "version": "2010",
          "standard_concept": "hemoptysis",
          "standard_concept_id": "A_c232",
          "qds_id": "A_603",
          "values": [
            "R04.2"
          ]
        },
        {
          "set": "ICD-9-CM",
          "version": "2009",
          "standard_concept": "hemoptysis",
          "standard_concept_id": "A_c225",
          "qds_id": "A_588",
          "values": [
            "786.3",
            "786.30",
            "786.39"
          ]
        },
        {
          "set": "ICD-9-CM",
          "version": "2009",
          "standard_concept": "hemoptysis",
          "standard_concept_id": "A_c225",
          "qds_id": "A_589",
          "values": [
            "786.3",
            "786.30",
            "786.39"
          ]
        },
        {
          "set": "SNOMED-CT",
          "version": "07/09",
          "standard_concept": "hemoptysis",
          "standard_concept_id": "A_c475",
          "qds_id": "A_7090",
          "values": [
            "66857006"
          ]
        }
      ]
    },
    "hemorrhage_diagnosis_active": {
      "standard_concept": "hemorrhage",
      "standard_category": "diagnosis_condition_problem",
      "standard_concept_id": "A_c437",
      "qds_data_type": "diagnosis_active",
      "qds_id": "A_1439",
      "type": "array",
      "items": {
        "type": "number",
        "format": "utc-sec"
      },
      "codes": [
        {
          "set": "ICD-10-CM",
          "version": "2010",
          "standard_concept": "hemorrhage",
          "standard_concept_id": "A_c436",
          "qds_id": "A_7098",
          "values": [
            "R58"
          ]
        },
        {
          "set": "ICD-9-CM",
          "version": "2009",
          "standard_concept": "hemorrhage",
          "standard_concept_id": "A_c226",
          "qds_id": "A_590",
          "values": [
            "459.0"
          ]
        },
        {
          "set": "ICD-9-CM",
          "version": "2009",
          "standard_concept": "hemorrhage",
          "standard_concept_id": "A_c226",
          "qds_id": "A_591",
          "values": [
            "459.0"
          ]
        },
        {
          "set": "SNOMED-CT",
          "version": "07/09",
          "standard_concept": "hemorrhage",
          "standard_concept_id": "A_c476",
          "qds_id": "A_7002",
          "values": [
            "102455002",
            "111371005",
            "111677000",
            "11547003",
            "11623000",
            "12063002",
            "122003",
            "126941005",
            "14255005",
            "14936004",
            "15720001",
            "15902003",
            "163990004",
            "16763008",
            "17615006",
            "17709002",
            "181007",
            "194179009",
            "195176009",
            "197812000",
            "197813005",
            "197887003",
            "198031007",
            "198903000",
            "200016002",
            "200173001",
            "206191000",
            "206408009",
            "206425006",
            "209947002",
            "209956005",
            "209958006",
            "209959003",
            "209960008",
            "209961007",
            "209963005",
            "209987007",
            "210190001",
            "210205007",
            "232371001",
            "232425007",
            "233783005",
            "234003006",
            "234004000",
            "234076002",
            "234077006",
            "234507003",
            "235224000",
            "235999009",
            "236000006",
            "236097003",
            "236506009",
            "236606001",
            "2367005",
            "237102006",
            "237124006",
            "237274002",
            "237275001",
            "237277009",
            "237702003",
            "237766002",
            "24251002",
            "247098001",
            "24807004",
            "249421000",
            "249422007",
            "249423002",
            "25004000",
            "26205001",
            "262668005",
            "262721007",
            "262796008",
            "262808009",
            "262814002",
            "262818004",
            "262819007",
            "262826007",
            "262832002",
            "262838003",
            "262852001",
            "262858002",
            "262865005",
            "262870003",
            "262876009",
            "262891006",
            "262951009",
            "262952002",
            "264558008",
            "266464001",
            "274100004",
            "276543004",
            "281864001",
            "282455004",
            "283907002",
            "283921000",
            "283929003",
            "283938001",
            "283944002",
            "283948004",
            "283958000",
            "283965008",
            "29635000",
            "30400005",
            "304831001",
            "307233002",
            "309750008",
            "31056006",
            "312910009",
            "312946000",
            "313304007",
            "31341008",
            "314483007",
            "314484001",
            "315046005",
            "315047001",
            "324618004",
            "325569000",
            "33878005",
            "34135005",
            "34409000",
            "35265002",
            "35486000",
            "36102002",
            "371050006",
            "373597005",
            "38010008",
            "38280009",
            "384993003",
            "38501006",
            "38822007",
            "399131003",
            "40135004",
            "405539004",
            "405541003",
            "405555006",
            "409506009",
            "410064000",
            "413218001",
            "41486008",
            "417941003",
            "419596007",
            "428561000",
            "43262000",
            "43602006",
            "43696002",
            "438510004",
            "4399003",
            "443826006",
            "444312002",
            "44671008",
            "44843000",
            "45626005",
            "45659008",
            "46758000",
            "47236005",
            "48413001",
            "49111001",
            "50088001",
            "50573001",
            "50581000",
            "5223003",
            "52902005",
            "53162000",
            "53839004",
            "54816003",
            "55898008",
            "56517003",
            "57246001",
            "61401005",
            "62182006",
            "63323000",
            "63489003",
            "66556007",
            "6666006",
            "68162000",
            "69452005",
            "70375006",
            "70861009",
            "71266000",
            "7602002",
            "76682005",
            "77708008",
            "77940004",
            "78171005",
            "79816004",
            "81125004",
            "81488005",
            "8465005",
            "84693004",
            "85521005",
            "87345009",
            "87696004",
            "87763006",
            "89966002",
            "89993004",
            "90053006",
            "90165008",
            "91304009",
            "93475002",
            "93476001",
            "93478000",
            "95431003",
            "95453001",
            "95540002",
            "95560005",
            "95562002",
            "95571006",
            "981008"
          ]
        }
      ]
    },
    "intracranial_hemorrhage_diagnosis_active": {
      "standard_concept": "intracranial_hemorrhage",
      "standard_category": "diagnosis_condition_problem",
      "standard_concept_id": "A_c384",
      "qds_data_type": "diagnosis_active",
      "qds_id": "A_1312",
      "type": "array",
      "items": {
        "type": "number",
        "format": "utc-sec"
      },
      "codes": [
        {
          "set": "ICD-10-CM",
          "version": "2010",
          "standard_concept": "intracranial_hemorrhage",
          "standard_concept_id": "A_c227",
          "qds_id": "A_592",
          "values": [
            "I60",
            "I61",
            "I62.1",
            "I67.1",
            "S06.4"
          ]
        },
        {
          "set": "ICD-10-CM",
          "version": "2010",
          "standard_concept": "intracranial_hemorrhage",
          "standard_concept_id": "A_c227",
          "qds_id": "A_593",
          "values": [
            "I60",
            "I61",
            "I62.1",
            "I67.1",
            "S06.4"
          ]
        },
        {
          "set": "ICD-9-CM",
          "version": "2009",
          "standard_concept": "intracranial_hemorrhage",
          "standard_concept_id": "A_c217",
          "qds_id": "A_576",
          "values": [
            "430",
            "431",
            "432.0",
            "432.1",
            "432.9",
            "437.3"
          ]
        },
        {
          "set": "ICD-9-CM",
          "version": "2009",
          "standard_concept": "intracranial_hemorrhage",
          "standard_concept_id": "A_c217",
          "qds_id": "A_577",
          "values": [
            "430",
            "431",
            "432.0",
            "432.1",
            "432.9",
            "437.3"
          ]
        },
        {
          "set": "SNOMED-CT",
          "version": "07/09",
          "standard_concept": "intracranial_hemorrhage",
          "standard_concept_id": "A_c473",
          "qds_id": "A_7007",
          "values": [
            "111593004",
            "111597003",
            "111601003",
            "111605007",
            "111611005",
            "111615001",
            "111668007",
            "111671004",
            "111673001",
            "111677000",
            "111681000",
            "127308007",
            "127309004",
            "127310009",
            "127311008",
            "127312001",
            "13289004",
            "1386000",
            "1430001",
            "14460007",
            "14936004",
            "17667005",
            "18485009",
            "18605003",
            "195155004",
            "195160000",
            "195165005",
            "195167002",
            "195168007",
            "195169004",
            "20276007",
            "20908003",
            "209941001",
            "209942008",
            "209943003",
            "209944009",
            "209978003",
            "21202004",
            "230709005",
            "230710000",
            "230711001",
            "230712008",
            "230718007",
            "230719004",
            "23276006",
            "237702003",
            "26205001",
            "262952002",
            "262955000",
            "270907008",
            "274100004",
            "276277008",
            "276278003",
            "276280009",
            "276281008",
            "276282001",
            "276283006",
            "276284000",
            "276285004",
            "276286003",
            "276647007",
            "276648002",
            "276649005",
            "276650005",
            "276651009",
            "276652002",
            "276722003",
            "28048009",
            "28155008",
            "281864001",
            "281865000",
            "28318001",
            "288272004",
            "28837001",
            "291665000",
            "29635000",
            "301764006",
            "301765007",
            "30400005",
            "304831001",
            "32728005",
            "34135005",
            "34501004",
            "35672006",
            "371050006",
            "37134004",
            "37955001",
            "38453000",
            "40135004",
            "40549004",
            "42429001",
            "425957003",
            "428561000",
            "431266005",
            "43216008",
            "43262000",
            "4332009",
            "45659008",
            "46758000",
            "49422009",
            "52201006",
            "52902005",
            "59648004",
            "62973004",
            "63323000",
            "65189006",
            "65971006",
            "6666006",
            "66976009",
            "69178005",
            "69458009",
            "70611002",
            "70861009",
            "71074007",
            "71266000",
            "72986009",
            "73020009",
            "73308006",
            "73439007",
            "75038005",
            "75507000",
            "7602002",
            "7713009",
            "77498000",
            "77768006",
            "7819003",
            "78477003",
            "78757009",
            "78879009",
            "81520002",
            "82894007",
            "84792001",
            "86182004",
            "87020000",
            "87253004",
            "87345009",
            "88747000",
            "90165008",
            "90178008",
            "91216000",
            "95454007"
          ]
        }
      ]
    },
    "leukemias_myeloproliferative_disorders_diagnosis_active": {
      "standard_concept": "leukemias_myeloproliferative_disorders",
      "standard_category": "diagnosis_condition_problem",
      "standard_concept_id": "A_c385",
      "qds_data_type": "diagnosis_active",
      "qds_id": "A_1314",
      "type": "array",
      "items": {
        "type": "number",
        "format": "utc-sec"
      },
      "codes": [
        {
          "set": "ICD-10-CM",
          "version": "2010",
          "standard_concept": "leukemias_myeloproliferative_disorders",
          "standard_concept_id": "A_c229",
          "qds_id": "A_596",
          "values": [
            "C88.9",
            "C90.0",
            "C90.01",
            "C90.10",
            "C90.11",
            "C91.00",
            "C91.01",
            "C91.10",
            "C91.11",
            "C91.20",
            "C91.21",
            "C91.70",
            "C91.71",
            "C91.90",
            "C91.91",
            "C92.00",
            "C92.01",
            "C92.10",
            "C92.11",
            "C92.20",
            "C92.21",
            "C92.30",
            "C92.31",
            "C92.70",
            "C92.71",
            "C92.90",
            "C92.91",
            "C93.00",
            "C93.01",
            "C93.10",
            "C93.11",
            "C93.20",
            "C93.21",
            "C93.70",
            "C93.71",
            "C93.90",
            "C93.91",
            "C94.00",
            "C94.01",
            "C94.10",
            "C94.11",
            "C94.20",
            "C94.21",
            "C94.70",
            "C94.71",
            "C95.00",
            "C95.01",
            "C95.10",
            "C95.11",
            "C95.20",
            "C95.21",
            "C95.70",
            "C95.71",
            "C95.90",
            "C95.91"
          ]
        },
        {
          "set": "ICD-10-CM",
          "version": "2010",
          "standard_concept": "leukemias_myeloproliferative_disorders",
          "standard_concept_id": "A_c229",
          "qds_id": "A_597",
          "values": [
            "C88.9",
            "C90.0",
            "C90.01",
            "C90.10",
            "C90.11",
            "C91.00",
            "C91.01",
            "C91.10",
            "C91.11",
            "C91.20",
            "C91.21",
            "C91.70",
            "C91.71",
            "C91.90",
            "C91.91",
            "C92.00",
            "C92.01",
            "C92.10",
            "C92.11",
            "C92.20",
            "C92.21",
            "C92.30",
            "C92.31",
            "C92.70",
            "C92.71",
            "C92.90",
            "C92.91",
            "C93.00",
            "C93.01",
            "C93.10",
            "C93.11",
            "C93.20",
            "C93.21",
            "C93.70",
            "C93.71",
            "C93.90",
            "C93.91",
            "C94.00",
            "C94.01",
            "C94.10",
            "C94.11",
            "C94.20",
            "C94.21",
            "C94.70",
            "C94.71",
            "C95.00",
            "C95.01",
            "C95.10",
            "C95.11",
            "C95.20",
            "C95.21",
            "C95.70",
            "C95.71",
            "C95.90",
            "C95.91"
          ]
        },
        {
          "set": "ICD-9-CM",
          "version": "2009",
          "standard_concept": "leukemias_myeloproliferative_disorders",
          "standard_concept_id": "A_c222",
          "qds_id": "A_582",
          "values": [
            "203.00",
            "203.01",
            "203.10",
            "203.11",
            "203.80",
            "203.81",
            "204.00",
            "204.01",
            "204.10",
            "204.11",
            "204.20",
            "204.21",
            "204.80",
            "204.81",
            "204.90",
            "204.91",
            "205.00",
            "205.01",
            "205.10",
            "205.11",
            "205.20",
            "205.21",
            "205.30",
            "205.31",
            "205.80",
            "205.81",
            "205.90",
            "205.91",
            "206.00",
            "206.01",
            "206.10",
            "206.11",
            "206.20",
            "206.21",
            "206.80",
            "206.81",
            "206.90",
            "206.91",
            "207.00",
            "207.01",
            "207.10",
            "207.11",
            "207.20",
            "207.21",
            "207.80",
            "207.81",
            "208.00",
            "208.01",
            "208.10",
            "208.11",
            "208.20",
            "208.21",
            "208.80",
            "208.81",
            "208.90",
            "208.91"
          ]
        },
        {
          "set": "ICD-9-CM",
          "version": "2009",
          "standard_concept": "leukemias_myeloproliferative_disorders",
          "standard_concept_id": "A_c222",
          "qds_id": "A_583",
          "values": [
            "203.00",
            "203.01",
            "203.10",
            "203.11",
            "203.80",
            "203.81",
            "204.00",
            "204.01",
            "204.10",
            "204.11",
            "204.20",
            "204.21",
            "204.80",
            "204.81",
            "204.90",
            "204.91",
            "205.00",
            "205.01",
            "205.10",
            "205.11",
            "205.20",
            "205.21",
            "205.30",
            "205.31",
            "205.80",
            "205.81",
            "205.90",
            "205.91",
            "206.00",
            "206.01",
            "206.10",
            "206.11",
            "206.20",
            "206.21",
            "206.80",
            "206.81",
            "206.90",
            "206.91",
            "207.00",
            "207.01",
            "207.10",
            "207.11",
            "207.20",
            "207.21",
            "207.80",
            "207.81",
            "208.00",
            "208.01",
            "208.10",
            "208.11",
            "208.20",
            "208.21",
            "208.80",
            "208.81",
            "208.90",
            "208.91"
          ]
        },
        {
          "set": "SNOMED-CT",
          "version": "07/09",
          "standard_concept": "leukemias_myeloproliferative_disorders",
          "standard_concept_id": "A_c477",
          "qds_id": "A_7008",
          "values": [
            "109991003",
            "109992005",
            "109993000",
            "110002002",
            "110004001",
            "110005000",
            "110006004",
            "110007008",
            "118613001",
            "127035006",
            "127066000",
            "127225006",
            "188645002",
            "188649008",
            "188651007",
            "188725004",
            "188726003",
            "188728002",
            "188729005",
            "188732008",
            "188733003",
            "188734009",
            "188736006",
            "188737002",
            "188738007",
            "188741003",
            "188744006",
            "188745007",
            "188746008",
            "188748009",
            "188754005",
            "188768003",
            "188770007",
            "190030009",
            "269475001",
            "277473004",
            "277474005",
            "277545003",
            "277549009",
            "277550009",
            "277551008",
            "277567002",
            "277568007",
            "277569004",
            "277570003",
            "277571004",
            "277572006",
            "277573001",
            "277574007",
            "277575008",
            "277589003",
            "277601005",
            "277602003",
            "277604002",
            "277619001",
            "278189009",
            "278453007",
            "285769009",
            "285839005",
            "302855005",
            "302856006",
            "307341004",
            "307592006",
            "307617006",
            "307651005",
            "359631009",
            "359640008",
            "359648001",
            "371012000",
            "372087000",
            "404122003",
            "404124002",
            "404139001",
            "404151004",
            "404152006",
            "404153001",
            "404154007",
            "413389003",
            "413441006",
            "413442004",
            "413656006",
            "413842007",
            "413843002",
            "413847001",
            "414026006",
            "414824005",
            "414825006",
            "415287001",
            "425333006",
            "425688002",
            "425749006",
            "425869007",
            "425941003",
            "426124006",
            "426217000",
            "426370008",
            "426642002",
            "427056005",
            "427642009",
            "427658007",
            "430338009",
            "91854005",
            "91855006",
            "91856007",
            "91857003",
            "91858008",
            "91860005",
            "91861009",
            "92811003",
            "92812005",
            "92813000",
            "92814006",
            "92817004",
            "92818009",
            "93142004",
            "93143009",
            "93144003",
            "93145002",
            "93146001",
            "93147005",
            "93148000",
            "93149008",
            "93150008",
            "93151007",
            "93152000",
            "93169003",
            "93450001",
            "93451002",
            "94148006",
            "94716000",
            "94718004",
            "94719007",
            "95209008",
            "95210003"
          ]
        }
      ]
    },
    "liver_disorders_diagnosis_active": {
      "standard_concept": "liver_disorders",
      "standard_category": "diagnosis_condition_problem",
      "standard_concept_id": "A_c407",
      "qds_data_type": "diagnosis_active",
      "qds_id": "A_1359",
      "type": "array",
      "items": {
        "type": "number",
        "format": "utc-sec"
      },
      "codes": [
        {
          "set": "ICD-10-CM",
          "version": "2010",
          "standard_concept": "liver_disorders",
          "standard_concept_id": "A_c406",
          "qds_id": "A_7070",
          "values": [
            "K70.30",
            "K70.31",
            "K76.2"
          ]
        },
        {
          "set": "ICD-9-CM",
          "version": "2010",
          "standard_concept": "liver_disorders",
          "standard_concept_id": "A_c405",
          "qds_id": "A_7078",
          "values": [
            "570",
            "571.2",
            "571.5"
          ]
        },
        {
          "set": "SNOMED-CT",
          "version": "07/09",
          "standard_concept": "liver_disorders",
          "standard_concept_id": "A_c478",
          "qds_id": "A_7021",
          "values": [
            "111370006",
            "1761006",
            "197269008",
            "197270009",
            "197274000",
            "197275004",
            "197279005",
            "197291001",
            "197293003",
            "197294009",
            "197296006",
            "197299004",
            "197300007",
            "197301006",
            "197303009",
            "197304003",
            "197305002",
            "197316009",
            "19943007",
            "235880004",
            "235881000",
            "235895002",
            "235896001",
            "243978007",
            "266468003",
            "266470007",
            "271440004",
            "50325005",
            "536002",
            "9953008"
          ]
        }
      ]
    },
    "encounter_nursing_facility_encounter": {
      "standard_concept": "encounter_nursing_facility",
      "standard_category": "encounter",
      "standard_concept_id": "A_c28",
      "qds_data_type": "encounter",
      "qds_id": "A_238",
      "type": "array",
      "items": {
        "type": "number",
        "format": "utc-sec"
      },
      "codes": [
        {
          "set": "CPT",
          "version": "2010",
          "standard_concept": "encounter_nursing_facility",
          "standard_concept_id": "A_c28",
          "qds_id": "A_238",
          "values": [
            "99304",
            "99305",
            "99306",
            "99307",
            "99308",
            "99309",
            "99310"
          ]
        }
      ]
    },
    "encounter_outpatient_encounter": {
      "standard_concept": "encounter_outpatient",
      "standard_category": "encounter",
      "standard_concept_id": "A_c26",
      "qds_data_type": "encounter",
      "qds_id": "A_239",
      "type": "array",
      "items": {
        "type": "number",
        "format": "utc-sec"
      },
      "codes": [
        {
          "set": "CPT",
          "version": "2010",
          "standard_concept": "encounter_outpatient",
          "standard_concept_id": "A_c26",
          "qds_id": "A_239",
          "values": [
            "99201",
            "99202",
            "99203",
            "99204",
            "99205",
            "99212",
            "99213",
            "99214",
            "99215",
            "99241",
            "99242",
            "99243",
            "99244",
            "99245",
            "99324",
            "99325",
            "99326",
            "99327",
            "99328",
            "99334",
            "99335",
            "99336",
            "99337",
            "99341",
            "99342",
            "99343",
            "99344",
            "99345",
            "99347",
            "99348",
            "99349",
            "99350"
          ]
        }
      ]
    },
    "medical_reason_medication_not_done": {
      "standard_concept": "medical_reason",
      "standard_category": "negation_rationale",
      "standard_concept_id": "A_c313",
      "qds_data_type": "medication_not_done",
      "qds_id": "A_1058",
      "type": "array",
      "items": {
        "type": "number",
        "format": "utc-sec"
      },
      "codes": [
        {
          "set": "HL7",
          "version": "3.0",
          "standard_concept": "medical_reason",
          "standard_concept_id": "A_c313",
          "qds_id": "A_1058",
          "values": [
            "21703",
            "21704",
            "21738",
            "21745",
            "21747",
            "21815",
            "21990",
            "22259",
            "22261",
            "22855"
          ]
        }
      ]
    },
    "patient_reason_medication_not_done": {
      "standard_concept": "patient_reason",
      "standard_category": "negation_rationale",
      "standard_concept_id": "A_c311",
      "qds_data_type": "medication_not_done",
      "qds_id": "A_1060",
      "type": "array",
      "items": {
        "type": "number",
        "format": "utc-sec"
      },
      "codes": [
        {
          "set": "HL7",
          "version": "3.0",
          "standard_concept": "patient_reason",
          "standard_concept_id": "A_c311",
          "qds_id": "A_1060",
          "values": [
            "14880",
            "15985",
            "19729",
            "21708",
            "21710",
            "21741",
            "21743",
            "21746",
            "22260",
            "22851"
          ]
        }
      ]
    },
    "system_reason_medication_not_done": {
      "standard_concept": "system_reason",
      "standard_category": "negation_rationale",
      "standard_concept_id": "A_c310",
      "qds_data_type": "medication_not_done",
      "qds_id": "A_1062",
      "type": "array",
      "items": {
        "type": "number",
        "format": "utc-sec"
      },
      "codes": [
        {
          "set": "HL7",
          "version": "3.0",
          "standard_concept": "system_reason",
          "standard_concept_id": "A_c310",
          "qds_id": "A_1062",
          "values": [
            "19730",
            "19731",
            "19733",
            "19734",
            "19735",
            "19736",
            "19987",
            "19988",
            "19989",
            "19990",
            "21408",
            "21493",
            "21568",
            "21706",
            "21707",
            "21709",
            "21728",
            "21729",
            "21730",
            "21731",
            "21732",
            "21733",
            "21734",
            "21735",
            "21744",
            "22023",
            "22024",
            "22165",
            "22166",
            "22167",
            "22168",
            "22169",
            "22857",
            "22858",
            "22859",
            "22865",
            "22866",
            "22867",
            "22907",
            "22909",
            "22911",
            "22912",
            "22913"
          ]
        }
      ]
    },
    "warfarin_therapy_medication_active": {
      "standard_concept": "warfarin_therapy",
      "standard_category": "medication",
      "standard_concept_id": "A_c135",
      "qds_data_type": "medication_active",
      "qds_id": "A_358",
      "type": "array",
      "items": {
        "type": "number",
        "format": "utc-sec"
      },
      "codes": [
        {
          "set": "RxNorm",
          "version": "12/2009",
          "standard_concept": "warfarin_therapy",
          "standard_concept_id": "A_c135",
          "qds_id": "A_358",
          "values": [
            "855288",
            "855290",
            "855292",
            "855296",
            "855298",
            "855300",
            "855302",
            "855304",
            "855306",
            "855310",
            "855312",
            "855314",
            "855316",
            "855318",
            "855320",
            "855322",
            "855324",
            "855326",
            "855328",
            "855332",
            "855334",
            "855336",
            "855338",
            "855340",
            "855342",
            "855344",
            "855346",
            "855348"
          ]
        }
      ]
    },
    "warfarin_therapy_medication_order": {
      "standard_concept": "warfarin_therapy",
      "standard_category": "medication",
      "standard_concept_id": "A_c135",
      "qds_data_type": "medication_order",
      "qds_id": "A_359",
      "type": "array",
      "items": {
        "type": "number",
        "format": "utc-sec"
      },
      "codes": [
        {
          "set": "RxNorm",
          "version": "12/2009",
          "standard_concept": "warfarin_therapy",
          "standard_concept_id": "A_c135",
          "qds_id": "A_359",
          "values": [
            "855288",
            "855290",
            "855292",
            "855296",
            "855298",
            "855300",
            "855302",
            "855304",
            "855306",
            "855310",
            "855312",
            "855314",
            "855316",
            "855318",
            "855320",
            "855322",
            "855324",
            "855326",
            "855328",
            "855332",
            "855334",
            "855336",
            "855338",
            "855340",
            "855342",
            "855344",
            "855346",
            "855348"
          ]
        }
      ]
    },
    "warfarin_therapy_medication_allergy": {
      "standard_concept": "warfarin_therapy",
      "standard_category": "medication",
      "standard_concept_id": "A_c135",
      "qds_data_type": "medication_allergy",
      "qds_id": "A_920",
      "type": "array",
      "items": {
        "type": "number",
        "format": "utc-sec"
      },
      "codes": [
        {
          "set": "RxNorm",
          "version": "12/2009",
          "standard_concept": "warfarin_therapy",
          "standard_concept_id": "A_c135",
          "qds_id": "A_920",
          "values": [
            "855288",
            "855290",
            "855292",
            "855296",
            "855298",
            "855300",
            "855302",
            "855304",
            "855306",
            "855310",
            "855312",
            "855314",
            "855316",
            "855318",
            "855320",
            "855322",
            "855324",
            "855326",
            "855328",
            "855332",
            "855334",
            "855336",
            "855338",
            "855340",
            "855342",
            "855344",
            "855346",
            "855348"
          ]
        }
      ]
    },
    "warfarin_therapy_medication_adverse_event": {
      "standard_concept": "warfarin_therapy",
      "standard_category": "medication",
      "standard_concept_id": "A_c135",
      "qds_data_type": "medication_adverse_event",
      "qds_id": "A_922",
      "type": "array",
      "items": {
        "type": "number",
        "format": "utc-sec"
      },
      "codes": [
        {
          "set": "RxNorm",
          "version": "12/2009",
          "standard_concept": "warfarin_therapy",
          "standard_concept_id": "A_c135",
          "qds_id": "A_922",
          "values": [
            "855288",
            "855290",
            "855292",
            "855296",
            "855298",
            "855300",
            "855302",
            "855304",
            "855306",
            "855310",
            "855312",
            "855314",
            "855316",
            "855318",
            "855320",
            "855322",
            "855324",
            "855326",
            "855328",
            "855332",
            "855334",
            "855336",
            "855338",
            "855340",
            "855342",
            "855344",
            "855346",
            "855348"
          ]
        }
      ]
    },
    "warfarin_therapy_medication_intolerance": {
      "standard_concept": "warfarin_therapy",
      "standard_category": "medication",
      "standard_concept_id": "A_c135",
      "qds_data_type": "medication_intolerance",
      "qds_id": "A_924",
      "type": "array",
      "items": {
        "type": "number",
        "format": "utc-sec"
      },
      "codes": [
        {
          "set": "RxNorm",
          "version": "12/2009",
          "standard_concept": "warfarin_therapy",
          "standard_concept_id": "A_c135",
          "qds_id": "A_924",
          "values": [
            "855288",
            "855290",
            "855292",
            "855296",
            "855298",
            "855300",
            "855302",
            "855304",
            "855306",
            "855310",
            "855312",
            "855314",
            "855316",
            "855318",
            "855320",
            "855322",
            "855324",
            "855326",
            "855328",
            "855332",
            "855334",
            "855336",
            "855338",
            "855340",
            "855342",
            "855344",
            "855346",
            "855348"
          ]
        }
      ]
    }
  }
}