{
  "endorser": "NQF",
  "id": "0086",
  "properties": [
    "NQF_Retooled_Measure_0086.xlsx.json"
  ],
  "name": "Primary Open Angle Glaucoma (POAG): Optic Nerve Evaluation",
  "description": "Percentage of patients aged 18 years and older with a diagnosis of POAG who have been seen for at least 2 office visits, who have an optic nerve head evaluation during one or more office visits within 12 months.",
  "category": "Miscellaneous",
  "steward": "AMA",
  "parameters": {
    "effective_date": {
      "description": "Effective end date for measure",
      "type": "number",
      "format": "utc-sec"
    }
  },
  "patient": {
    "birthdate": {
      "description": "Date of birth",
      "type": "number",
      "category_type": "patient_characteristic",
      "format": "utc-sec",
      "codes": [
        {
          "set": "HL7",
          "version": "3.0",
          "values": [
            "00110"
          ]
        }
      ]
    }
  },
  "population": {
    "conjunction": "and",
    "items": [
      {
        "category": "Patient characteristic",
        "title": "Age >= 18 years"
      },
      {
        "category": "Diagnosis active",
        "title": "Primary Open Angle Glaucoma"
      },
      {
        "conjunction": "or",
        "items": [
          {
            "category": "Encounter",
            "title": ">= 2 counts of domiciliary encounter"
          },
          {
            "category": "Encounter",
            "title": ">= 2 counts of nursing facility encounter"
          },
          {
            "category": "Encounter",
            "title": ">= 2 counts of office and outpatient consult encounter"
          },
          {
            "category": "Encounter",
            "title": ">= 2 counts of ophthalmological services encounter"
          }
        ]
      }
    ]
  },
  "denominator": {
  },
  "numerator": {
    "conjunction": "and",
    "items": [
      {
        "category": "Procedure performed",
        "title": ">= 1 count(s) of optic nerve head evaluation performed"
      }
    ]
  },
  "exclusions": {
    "conjunction": "and",
    "items": [
      {
        "category": "Procedure not done",
        "title": "Medical reason"
      }
    ]
  },
  "map_fn": "function() {\n  var patient = this;\n  var measure = patient.measures[\"0086\"];\n  if (measure == null)\n    measure={};\n\n  <%= init_js_frameworks %>\n\n  var day = 24 * 60 * 60;\n  var year = 365 * day;\n  var effective_date = <%= effective_date %>;\n\n  var measurement_period_start =  effective_date - (1 * year);\n  var latest_birthdate = latestBirthdayForThisAge(18, measurement_period_start);\n\n  var earliest_encounter = effective_date - (1 * year);\n  var all_encounters = normalize(\n    measure.encounter_domiciliary_encounter,\n    measure.encounter_nursing_facility_encounter,\n    measure.encounter_office_outpatient_consult_encounter,\n    measure.encounter_ophthalmological_services_encounter);\n  \n  var population = function() {\n    var encounters_in_range = inRange(all_encounters, earliest_encounter, effective_date);\n    var poag_before_encounter = actionFollowingSomething(measure.primary_open_angle_glaucoma_poag_diagnosis_active, all_encounters);\n    return ((patient.birthdate<=latest_birthdate) && (encounters_in_range>=2) && poag_before_encounter);\n  }\n\n  var denominator = function() {\n    return true;\n  }\n\n  var numerator = function() {\n    var procedure = somethingDuringEncounter(measure.optic_nerve_head_evaluation_procedure_performed, \n      all_encounters, earliest_encounter, effective_date);\n    return (procedure);\n  }\n\n  var exclusion = function() {\n    var medical = inRange(measure.medical_reason_procedure_not_done, \n      earliest_encounter, effective_date);\n    return medical;\n  }\n\n  map(patient, population, denominator, numerator, exclusion);\n};",
  "measure": {
    "primary_open_angle_glaucoma_poag_diagnosis_active": {
      "standard_concept": "primary_open_angle_glaucoma_poag",
      "standard_category": "diagnosis_condition_problem",
      "standard_concept_id": "A_c326",
      "qds_data_type": "diagnosis_active",
      "qds_id": "A_1136",
      "type": "array",
      "items": {
        "type": "number",
        "format": "utc-sec"
      },
      "codes": [
        {
          "set": "ICD-10-CM",
          "version": "2010",
          "standard_concept": "primary_open_angle_glaucoma_poag",
          "standard_concept_id": "A_c73",
          "qds_id": "A_7037",
          "values": [
            "H40",
            "H40.1",
            "H40.10",
            "H40.11",
            "H40.12",
            "H40.13",
            "H40.14",
            "H40.15",
            "H40.2",
            "H40.22",
            "H40.23",
            "H40.3",
            "H40.4",
            "H40.5",
            "H40.8",
            "H42"
          ]
        },
        {
          "set": "ICD-9-CM",
          "version": "2010",
          "standard_concept": "primary_open_angle_glaucoma_poag",
          "standard_concept_id": "A_c72",
          "qds_id": "A_7063",
          "values": [
            "365.10",
            "365.11",
            "365.12",
            "365.15"
          ]
        },
        {
          "set": "SNOMED-CT",
          "version": "7/2009",
          "standard_concept": "primary_open_angle_glaucoma_poag",
          "standard_concept_id": "A_c74",
          "qds_id": "A_7077",
          "values": [
            "77075001",
            "84494001"
          ]
        }
      ]
    },
    "encounter_domiciliary_encounter": {
      "standard_concept": "encounter_domiciliary",
      "standard_category": "encounter",
      "standard_concept_id": "A_c110",
      "qds_data_type": "encounter",
      "qds_id": "A_271",
      "type": "array",
      "items": {
        "type": "number",
        "format": "utc-sec"
      },
      "codes": [
        {
          "set": "CPT",
          "version": "2010",
          "standard_concept": "encounter_domiciliary",
          "standard_concept_id": "A_c110",
          "qds_id": "A_271",
          "values": [
            "99324",
            "99325",
            "99326",
            "99327",
            "99328",
            "99334",
            "99335",
            "99336",
            "99337"
          ]
        }
      ]
    },
    "encounter_nursing_facility_encounter": {
      "standard_concept": "encounter_nursing_facility",
      "standard_category": "encounter",
      "standard_concept_id": "A_c28",
      "qds_data_type": "encounter",
      "qds_id": "A_270",
      "type": "array",
      "items": {
        "type": "number",
        "format": "utc-sec"
      },
      "codes": [
        {
          "set": "CPT",
          "version": "2010",
          "standard_concept": "encounter_nursing_facility",
          "standard_concept_id": "A_c28",
          "qds_id": "A_270",
          "values": [
            "99304",
            "99305",
            "99306",
            "99307",
            "99308",
            "99309",
            "99310"
          ]
        }
      ]
    },
    "encounter_office_outpatient_consult_encounter": {
      "standard_concept": "encounter_office_outpatient_consult",
      "standard_category": "encounter",
      "standard_concept_id": "A_c99",
      "qds_data_type": "encounter",
      "qds_id": "A_269",
      "type": "array",
      "items": {
        "type": "number",
        "format": "utc-sec"
      },
      "codes": [
        {
          "set": "CPT",
          "version": "2010",
          "standard_concept": "encounter_office_outpatient_consult",
          "standard_concept_id": "A_c99",
          "qds_id": "A_269",
          "values": [
            "99201",
            "99202",
            "99203",
            "99204",
            "99205",
            "99212",
            "99213",
            "99214",
            "99215",
            "99241",
            "99242",
            "99243",
            "99244",
            "99245"
          ]
        }
      ]
    },
    "encounter_ophthalmological_services_encounter": {
      "standard_concept": "encounter_ophthalmological_services",
      "standard_category": "encounter",
      "standard_concept_id": "A_c111",
      "qds_data_type": "encounter",
      "qds_id": "A_268",
      "type": "array",
      "items": {
        "type": "number",
        "format": "utc-sec"
      },
      "codes": [
        {
          "set": "CPT",
          "version": "2010",
          "standard_concept": "encounter_ophthalmological_services",
          "standard_concept_id": "A_c111",
          "qds_id": "A_268",
          "values": [
            "92002",
            "92004",
            "92012",
            "92014"
          ]
        }
      ]
    },
    "medical_reason_procedure_not_done": {
      "standard_concept": "medical_reason",
      "standard_category": "negation_rationale",
      "standard_concept_id": "A_c313",
      "qds_data_type": "procedure_not_done",
      "qds_id": "A_1050",
      "type": "array",
      "items": {
        "type": "number",
        "format": "utc-sec"
      },
      "codes": [
        {
          "set": "HL7",
          "version": "3.0",
          "standard_concept": "medical_reason",
          "standard_concept_id": "A_c313",
          "qds_id": "A_1050",
          "values": [
            "21703",
            "21704",
            "21738",
            "21745",
            "21747",
            "21815",
            "21990",
            "22259",
            "22261",
            "22855"
          ]
        }
      ]
    },
    "optic_nerve_head_evaluation_procedure_performed": {
      "standard_concept": "optic_nerve_head_evaluation",
      "standard_category": "procedure",
      "standard_concept_id": "A_c147",
      "qds_data_type": "procedure_performed",
      "qds_id": "A_379",
      "type": "array",
      "items": {
        "type": "number",
        "format": "utc-sec"
      },
      "codes": [
        {
          "set": "SNOMED-CT",
          "version": "7/2009",
          "standard_concept": "optic_nerve_head_evaluation",
          "standard_concept_id": "A_c147",
          "qds_id": "A_379",
          "values": [
            "171671002",
            "36228007"
          ]
        }
      ]
    }
  }
}