{
  "endorser": "NQF",
  "id": "0088",
  "properties": [
    "NQF_Retooled_Measure_0088.xlsx.json"
  ],
  "name": "Diabetic Retinopathy - Level of Severity",
  "description": "Percentage of patients aged 18 years and older with a diagnosis of diabetic retinopathy who had a dilated macular or fundus exam performed which included documentation of the level of severity of retinopathy and the presence or absence of macular edema during one or more office visits within 12 months.",
  "category": "Diabetes",
  "steward": "AMA",
  "parameters": {
    "effective_date": {
      "description": "Effective end date for measure",
      "type": "number",
      "format": "utc-sec"
    }
  },
  "patient": {
    "birthdate": {
      "description": "Date of birth",
      "type": "number",
      "standard_category": "characteristic",
      "format": "utc-sec",
      "codes": [
        {
          "set": "HL7",
          "version": "3.0",
          "values": [
            "00110"
          ]
        }
      ]
    }
  },
  "population": {
    "conjunction": "and",
    "items": [
      {
        "category": "Patient Characteristic",
        "title": "Age >= 18"
      },
      {
        "category": "Diagnosis Active",
        "title": "Diabetic Retinopathy"
      },
      {
        "conjunction": "or",
        "items": [
          {
            "category": "Encounter",
            "title": ">= 2 counts of office and outpatient consult"
          },
          {
            "category": "Encounter",
            "title": ">= 2 counts of ophthalmological services"
          },
          {
            "category": "Encounter",
            "title": ">= 2 counts of nursing facility"
          },
          {
            "category": "Encounter",
            "title": ">= 2 counts of domiciliary"
          }
        ]
      }
    ]
  },
  "denominator": {
  },
  "numerator": {
    "conjunction": "and",
    "items": [
      {
        "category": "Procedure",
        "title": "Macular or fundus exam"
      },
      {
        "conjunction": "or",
        "items": [
          {
            "conjunction": "and",
            "items": [
              {
                "category": "Physical Exam Finding",
                "title": "Macular edema findings"
              },
              {
                "category": "Physical Exam Finding",
                "title": "Level of severity of retinopathy findings"
              }
            ]
          },
          {
            "category": "Physical Exam Finding",
            "title": "Severity of retinopathy and macular edema findings"
          }
        ]
      }
    ]
  },
  "exclusions": {
    "conjunction": "or",
    "items": [
      {
        "category": "Procedure Not Done",
        "title": "Medical reason"
      },
      {
        "category": "Procedure Not Done",
        "title": "Patient reason"
      }
    ]
  },
  "map_fn": "function() {\n  var patient = this;\n  var measure = patient.measures[\"0088\"];\n  if (measure == null)\n    measure={};\n\n  <%= init_js_frameworks %>\n\n  var day = 24 * 60 * 60;\n  var year = 365 * day;\n  var effective_date = <%= effective_date %>;\n\n  var measurement_period_start =  effective_date - (1 * year);\n  // AGE BUG FIXED - AQ (should use mp_start not effective date)\n  var latest_birthdate = latestBirthdayForThisAge(18, measurement_period_start);\n\n  var earliest_encounter = effective_date - (1 * year);\n  var all_encounters = normalize(\n    measure.encounter_domiciliary_encounter,\n    measure.encounter_nursing_facility_encounter,\n    measure.encounter_office_outpatient_consult_encounter,\n    measure.encounter_ophthalmological_services_encounter);  \n\n  var population = function() {\n    var encounters_in_range = inRange(all_encounters, earliest_encounter, effective_date);\n    var retinopathy_diagnosis_before_encounter = actionFollowingSomething(measure.diabetic_retinopathy_diagnosis_active, all_encounters);\n    return ((patient.birthdate<=latest_birthdate) && (encounters_in_range>=2) && retinopathy_diagnosis_before_encounter);\n  }\n  \n  var denominator = function() {\n    return true;\n  }\n  \n  var numerator = function() {\n    var macular_fundus = diagnosisDuringEncounter(measure.macular_or_fundus_exam_procedure_performed, \n      all_encounters, earliest_encounter, effective_date);\n    var macular_edema = actionFollowingSomething(all_encounters,\n      measure.macular_edema_findings_physical_exam_finding, \n      earliest_encounter, effective_date);\n    var retinopathy = actionFollowingSomething (all_encounters,\n      measure.level_of_severity_of_retinopathy_findings_physical_exam_finding, \n      earliest_encounter, effective_date);\n    var retinopathy_and_macular = actionFollowingSomething (all_encounters,                                   \n       measure.severity_of_retinopathy_and_macular_edema_findings_physical_exam_finding, \n       earliest_encounter, effective_date);\n    return (macular_fundus && ((macular_edema && retinopathy) || retinopathy_and_macular));\n  }\n  \n  var exclusion = function() {\n    var patient = inRange(measure.patient_reason_procedure_not_done, earliest_encounter, effective_date);\n    var medical = inRange(measure.medical_reason_procedure_not_done, earliest_encounter, effective_date);\n    return patient || medical;\n  }\n  \n  map(patient, population, denominator, numerator, exclusion);\n};\n",
  "measure": {
    "diabetic_retinopathy_diagnosis_active": {
      "standard_concept": "diabetic_retinopathy",
      "standard_category": "diagnosis_condition_problem",
      "standard_concept_id": "A_c327",
      "qds_data_type": "diagnosis_active",
      "qds_id": "A_1140",
      "type": "array",
      "items": {
        "type": "number",
        "format": "utc-sec"
      },
      "codes": [
        {
          "set": "ICD-10-CM",
          "version": "2010",
          "standard_concept": "diabetic_retinopathy",
          "standard_concept_id": "A_c76",
          "qds_id": "A_7034",
          "values": [
            "E10.3",
            "E10.31",
            "E10.311",
            "E10.319",
            "E11.31",
            "E11.311",
            "E11.319",
            "E11.32",
            "E11.321",
            "E11.329",
            "E11.33",
            "E11.331",
            "E11.339",
            "E11.34",
            "E11.341",
            "E11.349"
          ]
        },
        {
          "set": "ICD-9-CM",
          "version": "2009",
          "standard_concept": "diabetic_retinopathy",
          "standard_concept_id": "A_c78",
          "qds_id": "A_7054",
          "values": [
            "362.01",
            "362.02",
            "362.03",
            "362.04",
            "362.05",
            "362.06"
          ]
        },
        {
          "set": "SNOMED-CT",
          "version": "7/2009",
          "standard_concept": "diabetic_retinopathy",
          "standard_concept_id": "A_c80",
          "qds_id": "A_7013",
          "values": [
            "193349004",
            "193350004",
            "232020009",
            "232021008",
            "232022001",
            "232023006",
            "25093002",
            "25412000",
            "311782002",
            "312903003",
            "312904009",
            "312905005",
            "312906006",
            "312907002",
            "312908007",
            "312909004",
            "312912001",
            "314010006",
            "314011005",
            "314014002",
            "314015001",
            "390834004",
            "399625000",
            "399862001",
            "399863006",
            "399864000",
            "399865004",
            "399866003",
            "399868002",
            "399869005",
            "399870006",
            "399871005",
            "399872003",
            "399873008",
            "399874002",
            "399875001",
            "399876000",
            "399877009",
            "408409007",
            "408410002",
            "408411003",
            "408412005",
            "408413000",
            "408414006",
            "408415007",
            "408416008",
            "414892004",
            "414894003",
            "414908005",
            "414910007",
            "417677008",
            "420486006",
            "420789003",
            "421779007",
            "422034002",
            "4855003",
            "59276001",
            "62585004"
          ]
        }
      ]
    },
    "encounter_domiciliary_encounter": {
      "standard_concept": "encounter_domiciliary",
      "standard_category": "encounter",
      "standard_concept_id": "A_c110",
      "qds_data_type": "encounter",
      "qds_id": "A_276",
      "type": "array",
      "items": {
        "type": "number",
        "format": "utc-sec"
      },
      "codes": [
        {
          "set": "CPT",
          "version": "2010",
          "standard_concept": "encounter_domiciliary",
          "standard_concept_id": "A_c110",
          "qds_id": "A_276",
          "values": [
            "99324",
            "99325",
            "99326",
            "99327",
            "99328",
            "99334",
            "99335",
            "99336",
            "99337"
          ]
        }
      ]
    },
    "encounter_nursing_facility_encounter": {
      "standard_concept": "encounter_nursing_facility",
      "standard_category": "encounter",
      "standard_concept_id": "A_c28",
      "qds_data_type": "encounter",
      "qds_id": "A_277",
      "type": "array",
      "items": {
        "type": "number",
        "format": "utc-sec"
      },
      "codes": [
        {
          "set": "CPT",
          "version": "2010",
          "standard_concept": "encounter_nursing_facility",
          "standard_concept_id": "A_c28",
          "qds_id": "A_277",
          "values": [
            "99304",
            "99305",
            "99306",
            "99307",
            "99308",
            "99309",
            "99310"
          ]
        }
      ]
    },
    "encounter_office_outpatient_consult_encounter": {
      "standard_concept": "encounter_office_outpatient_consult",
      "standard_category": "encounter",
      "standard_concept_id": "A_c99",
      "qds_data_type": "encounter",
      "qds_id": "A_278",
      "type": "array",
      "items": {
        "type": "number",
        "format": "utc-sec"
      },
      "codes": [
        {
          "set": "CPT",
          "version": "2010",
          "standard_concept": "encounter_office_outpatient_consult",
          "standard_concept_id": "A_c99",
          "qds_id": "A_278",
          "values": [
            "99201",
            "99202",
            "99203",
            "99204",
            "99205",
            "99212",
            "99213",
            "99214",
            "99215",
            "99241",
            "99242",
            "99243",
            "99244",
            "99245"
          ]
        }
      ]
    },
    "encounter_ophthalmological_services_encounter": {
      "standard_concept": "encounter_ophthalmological_services",
      "standard_category": "encounter",
      "standard_concept_id": "A_c111",
      "qds_data_type": "encounter",
      "qds_id": "A_279",
      "type": "array",
      "items": {
        "type": "number",
        "format": "utc-sec"
      },
      "codes": [
        {
          "set": "CPT",
          "version": "2010",
          "standard_concept": "encounter_ophthalmological_services",
          "standard_concept_id": "A_c111",
          "qds_id": "A_279",
          "values": [
            "92002",
            "92004",
            "92012",
            "92014"
          ]
        }
      ]
    },
    "level_of_severity_of_retinopathy_findings_physical_exam_finding": {
      "standard_concept": "level_of_severity_of_retinopathy_findings",
      "standard_category": "physical_exam",
      "standard_concept_id": "A_c154",
      "qds_data_type": "physical_exam_finding",
      "qds_id": "A_514",
      "type": "array",
      "items": {
        "type": "number",
        "format": "utc-sec"
      },
      "codes": [
        {
          "set": "SNOMED-CT",
          "version": "7/2009",
          "standard_concept": "level_of_severity_of_retinopathy_findings",
          "standard_concept_id": "A_c154",
          "qds_id": "A_514",
          "values": [
            "193349004",
            "312903003",
            "312904009",
            "312905005",
            "390834004",
            "408411003",
            "408412005"
          ]
        }
      ]
    },
    "macular_edema_findings_physical_exam_finding": {
      "standard_concept": "macular_edema_findings",
      "standard_category": "physical_exam",
      "standard_concept_id": "A_c155",
      "qds_data_type": "physical_exam_finding",
      "qds_id": "A_508",
      "type": "array",
      "items": {
        "type": "number",
        "format": "utc-sec"
      },
      "codes": [
        {
          "set": "SNOMED-CT",
          "version": "7/2009",
          "standard_concept": "macular_edema_findings",
          "standard_concept_id": "A_c155",
          "qds_id": "A_508",
          "values": [
            "193350004",
            "193387007",
            "232020009",
            "312911008",
            "312912001",
            "312920004",
            "312921000",
            "312922007",
            "314010006",
            "314011005",
            "314014002",
            "314015001",
            "37231002",
            "399864000",
            "408415007",
            "408416008",
            "414892004",
            "414908005",
            "420486006",
            "421779007",
            "432789001"
          ]
        }
      ]
    },
    "macular_or_fundus_exam_procedure_performed": {
      "standard_concept": "macular_or_fundus_exam",
      "standard_category": "procedure",
      "standard_concept_id": "A_c152",
      "qds_data_type": "procedure_performed",
      "qds_id": "A_501",
      "type": "array",
      "items": {
        "type": "number",
        "format": "utc-sec"
      },
      "codes": [
        {
          "set": "SNOMED-CT",
          "version": "7/2009",
          "standard_concept": "macular_or_fundus_exam",
          "standard_concept_id": "A_c152",
          "qds_id": "A_501",
          "values": [
            "410455004"
          ]
        }
      ]
    },
    "medical_reason_procedure_not_done": {
      "standard_concept": "medical_reason",
      "standard_category": "negation_rationale",
      "standard_concept_id": "A_c313",
      "qds_data_type": "procedure_not_done",
      "qds_id": "A_1042",
      "type": "array",
      "items": {
        "type": "number",
        "format": "utc-sec"
      },
      "codes": [
        {
          "set": "HL7",
          "version": "3.0",
          "standard_concept": "medical_reason",
          "standard_concept_id": "A_c313",
          "qds_id": "A_1042",
          "values": [
            "21703",
            "21704",
            "21738",
            "21745",
            "21747",
            "21815",
            "21990",
            "22259",
            "22261",
            "22855"
          ]
        }
      ]
    },
    "patient_reason_procedure_not_done": {
      "standard_concept": "patient_reason",
      "standard_category": "negation_rationale",
      "standard_concept_id": "A_c311",
      "qds_data_type": "procedure_not_done",
      "qds_id": "A_1046",
      "type": "array",
      "items": {
        "type": "number",
        "format": "utc-sec"
      },
      "codes": [
        {
          "set": "HL7",
          "version": "3.0",
          "standard_concept": "patient_reason",
          "standard_concept_id": "A_c311",
          "qds_id": "A_1046",
          "values": [
            "14880",
            "15985",
            "19729",
            "21708",
            "21710",
            "21741",
            "21743",
            "21746",
            "22260",
            "22851"
          ]
        }
      ]
    },
    "severity_of_retinopathy_and_macular_edema_findings_physical_exam_finding": {
      "standard_concept": "severity_of_retinopathy_and_macular_edema_findings",
      "standard_category": "physical_exam",
      "standard_concept_id": "A_c153",
      "qds_data_type": "physical_exam_finding",
      "qds_id": "A_505",
      "type": "array",
      "items": {
        "type": "number",
        "format": "utc-sec"
      },
      "codes": [
        {
          "set": "SNOMED-CT",
          "version": "7/2009",
          "standard_concept": "severity_of_retinopathy_and_macular_edema_findings",
          "standard_concept_id": "A_c153",
          "qds_id": "A_505",
          "values": [
            "399872003",
            "399873008",
            "399874002",
            "399875001",
            "399877009"
          ]
        }
      ]
    }
  }
}