{
  "endorser": "NQF",
  "id": "0105",
  "properties": [
    "NQF_Retooled_Measure_0105.xlsx.json"
  ],
  "name": "Anti‐depressant medication management",
  "description": "The percentage of patients 18 years of age and older who were diagnosed with a new episode of major depression, treated with antidepressant medication, and who remained on an antidepressant medication treatment.",
  "category": "Miscellaneous",
  "steward": "NCQA",
  "parameters": {
    "effective_date": {
      "description": "Effective end date for measure",
      "type": "number",
      "format": "utc-sec"
    }
  },
  "patient": {
    "birthdate": {
      "description": "Date of birth",
      "type": "number",
      "category_type": "patient_characteristic",
      "format": "utc-sec",
      "codes": [
        {
          "set": "HL7",
          "version": "3.0",
          "values": [
            "00110"
          ]
        }
      ]
    }
  },
  "population": {
    "and": [
      {
        "category": "Patient characteristic",
        "title": "Age 18 years of age or older as of April 30 of the measurement period"
      },
      {
        "category": "Diagnosis active",
        "title": "New diagnosis of Major Depression during an encounter from May 1st in the previous year until April 30 of the measurement period"
      },
      {
        "category": "Medication dispensed",
        "title": "Antidepressant medication dispensed within 30 days prior to first diagnosis of major depression"
      },
      {
        "category": "Medication dispensed",
        "title": "Antidepressant medication dispensed within 14 days following first diagnosis of major depression"
      },
      {
        "category": "Medication ordered",
        "title": "Antidepressant medication ordered within 30 days prior to first diagnosis of major depression"
      },
      {
        "category": "Medication ordered",
        "title": "Antidepressant medication ordered within 14 days following first diagnosis of major depression"
      },
      {
        "category": "Medication active",
        "title": "Antidepressant medication active within 30 days prior to first diagnosis of major depression"
      },
      {
        "category": "Medication active",
        "title": "Antidepressant medication active within 14 days following first diagnosis of major depression"
      }
    ]
  },
  "denominator": {
    "not": [
      {
        "or": [
          {
            "category": "Diagnosis Active",
            "title": "Diagnosis of Major Depression less than 120 days prior to first diagnosis of major depression in population criteria"
          },
          {
            "category": "Diagnosis Active",
            "title": "Diagnosis of Depression less than 120 days prior to first diagnosis of major depression in population criteria"
          }
        ]
      }
    ]
  },
  "exclusions": {
  },
  "map_fn": "function() {\n  var patient = this;\n  var measure = patient.measures[\"0105\"];\n  if (measure == null)\n    measure={};\n\n  <%= init_js_frameworks %>\n\n  var day = 24 * 60 * 60;\n  var year = 365 * day;\n  var effective_date =        <%= effective_date %>;\n  var latest_birthdate = latestBirthdayForThisAge(18, effective_date) - (245 * day);\n  var earliest_encounter =        effective_date - ((1 * year) + (245 * day));\n  var latest_encounter =          effective_date - (245 * day);\n  var first_diagnosis = null;\n  var encounters_during_interval = null;\n\n  var population = function() {\n    if (patient.birthdate > latest_birthdate) {\n      return(false);\n    }\n    var all_encounters = normalize(measure.encounter_ed_encounter,\n                                   measure.encounter_outpt_bh_req_pos_encounter,\n                                   measure.encounter_outpt_bh_encounter);\n    var encounters_during_interval = inRange(all_encounters,\n                                             earliest_encounter,\n                                             latest_encounter);\n    var major_depression_during_interval = inRange(measure.major_depression_diagnosis_active,\n                                                   earliest_encounter,\n                                                   latest_encounter);\n    var depression_during_encounter = allDiagnosesDuringEncounter(measure.major_depression_diagnosis_active,\n                                                                  all_encounters,\n                                                                  earliest_encounter,\n                                                                  latest_encounter);\n    if (depression_during_encounter.length == 0) {\n      return(false);\n    }\n\n    first_diagnosis = _.min(depression_during_encounter);\n    var meds_dispensed_before_first_diagnosis30 = inRange(measure.antidepressant_medications_medication_dispensed,first_diagnosis - (30 * day), first_diagnosis);\n    var meds_dispensed_after_first_diagnosis14 = inRange(measure.antidepressant_medications_medication_dispensed, first_diagnosis, first_diagnosis + (14 * day));\n    var meds_ordered_before_first_diagnosis30 = inRange(measure.antidepressant_medications_medication_order,first_diagnosis - (30 * day), first_diagnosis);\n    var meds_ordered_after_first_diagnosis14 = inRange(measure.antidepressant_medications_medication_order, first_diagnosis, first_diagnosis + (14 * day));\n    var meds_active_before_first_diagnosis30 = inRange(measure.antidepressant_medications_medication_active,first_diagnosis - (30 * day), first_diagnosis);\n    var meds_active_after_first_diagnosis14 = inRange(measure.antidepressant_medications_medication_active, first_diagnosis, first_diagnosis + (14 * day));\n\n    return(meds_dispensed_before_first_diagnosis30 &&\n           meds_ordered_before_first_diagnosis30 &&\n           meds_active_before_first_diagnosis30 &&\n           meds_dispensed_after_first_diagnosis14 &&\n           meds_ordered_after_first_diagnosis14 &&\n           meds_active_after_first_diagnosis14);\n  }\n\n  var denominator = function() {\n    var earlier_major_depression = inRange(measure.major_depression_diagnosis_active,\n                                           first_diagnosis - (120 * day),\n                                           (first_diagnosis - 1));\n    var earlier_depression = inRange(measure.depression_diagnosis_active,\n                                     first_diagnosis - (120 * day),\n                                     (first_diagnosis - 1));\n    return((earlier_major_depression + earlier_depression) == 0);\n  }\n\n  var numerator = function() {\n    var meds_after = first_diagnosis + (180 * day);\n    var max_meds = _.max(measure.antidepressant_medications_medication_dispensed);\n    return(meds_after < max_meds);\n  }\n\n  var exclusion = function() {\n    return false;\n  }\n\n  map(patient, population, denominator, numerator, exclusion);\n};",
  "measure": {
    "depression_diagnosis_active": {
      "standard_concept": "depression",
      "standard_category": "diagnosis_condition_problem",
      "standard_concept_id": "N_c612",
      "qds_data_type": "diagnosis_active",
      "qds_id": "N_2031",
      "type": "array",
      "items": {
        "type": "number",
        "format": "utc-sec"
      },
      "codes": [
        {
          "set": "ICD-10-CM",
          "version": "06/2009",
          "standard_concept": "depression",
          "standard_concept_id": "N_c610",
          "qds_id": "N_2032",
          "values": [
            "F31",
            "F32.3",
            "F33.3",
            "F39",
            "F43.2",
            "F43.23"
          ]
        },
        {
          "set": "ICD-9-CM",
          "version": "06/2009",
          "standard_concept": "depression",
          "standard_concept_id": "N_c609",
          "qds_id": "N_2033",
          "values": [
            "296.26",
            "296.36",
            "296.4",
            "296.40",
            "296.41",
            "296.42",
            "296.43",
            "296.44",
            "296.45",
            "296.46",
            "296.5",
            "296.50",
            "296.51",
            "296.52",
            "296.53",
            "296.54",
            "296.55",
            "296.56",
            "296.6",
            "296.60",
            "296.61",
            "296.62",
            "296.63",
            "296.64",
            "296.65",
            "296.66",
            "296.7",
            "296.8",
            "296.80",
            "296.81",
            "296.82",
            "296.89",
            "296.9",
            "296.90",
            "296.99",
            "309.0",
            "309.28"
          ]
        },
        {
          "set": "SNOMED-CT",
          "version": "07/2009",
          "standard_concept": "depression",
          "standard_concept_id": "N_c611",
          "qds_id": "N_2034",
          "values": [
            "1196001",
            "15193003",
            "15639000",
            "16295005",
            "18818009",
            "191495003",
            "191601008",
            "191602001",
            "191604000",
            "191606003",
            "191610000",
            "191611001",
            "191613003",
            "191615005",
            "191627008",
            "191629006",
            "191630001",
            "191632009",
            "191634005",
            "191659001",
            "191676002",
            "192079006",
            "192080009",
            "19694002",
            "20250007",
            "22121000",
            "22407005",
            "231485007",
            "231499006",
            "231500002",
            "231542000",
            "237349002",
            "237350002",
            "247803002",
            "2506003",
            "25922000",
            "2618002",
            "26203008",
            "268620009",
            "268621008",
            "274948002",
            "279225001",
            "28475009",
            "29929003",
            "300706003",
            "30687003",
            "310495003",
            "310496002",
            "310497006",
            "3109008",
            "319768000",
            "320751009",
            "321717001",
            "33078009",
            "33135002",
            "33736005",
            "34315001",
            "35489007",
            "357705009",
            "36170009",
            "36474008",
            "36923009",
            "370143000",
            "38451003",
            "39809009",
            "40379007",
            "40568001",
            "426578000",
            "42810003",
            "42925002",
            "430852001",
            "43568002",
            "442057004",
            "46244001",
            "48589009",
            "49468007",
            "49512000",
            "51637008",
            "53607008",
            "54761006",
            "58703003",
            "596004",
            "59617007",
            "60099002",
            "61403008",
            "66344007",
            "66631006",
            "67711008",
            "68019004",
            "71336009",
            "73867007",
            "74686005",
            "75084000",
            "75752004",
            "76441001",
            "77911002",
            "78667006",
            "79842004",
            "82218004",
            "83176005",
            "832007",
            "83458005",
            "84760002",
            "84788008",
            "85080004",
            "87414006",
            "87512008",
            "87842000"
          ]
        }
      ]
    },
    "major_depression_diagnosis_active": {
      "standard_concept": "major_depression",
      "standard_category": "diagnosis_condition_problem",
      "standard_concept_id": "N_c616",
      "qds_data_type": "diagnosis_active",
      "qds_id": "N_2035",
      "type": "array",
      "items": {
        "type": "number",
        "format": "utc-sec"
      },
      "codes": [
        {
          "set": "ICD-10-CM",
          "version": "06/2009",
          "standard_concept": "major_depression",
          "standard_concept_id": "N_c614",
          "qds_id": "N_2036",
          "values": [
            "F30",
            "F30.2",
            "F32",
            "F33",
            "F33.0",
            "F33.1",
            "F33.2",
            "F33.3",
            "F33.9",
            "F34.1",
            "F34.9",
            "F43.21"
          ]
        },
        {
          "set": "ICD-9-CM",
          "version": "06/2009",
          "standard_concept": "major_depression",
          "standard_concept_id": "N_c613",
          "qds_id": "N_2037",
          "values": [
            "296.20",
            "296.21",
            "296.22",
            "296.23",
            "296.24",
            "296.25",
            "296.30",
            "296.31",
            "296.32",
            "296.33",
            "296.34",
            "296.35",
            "298.0",
            "300.4",
            "309.1",
            "311"
          ]
        },
        {
          "set": "SNOMED-CT",
          "version": "07/2009",
          "standard_concept": "major_depression",
          "standard_concept_id": "N_c615",
          "qds_id": "N_2038",
          "values": [
            "14183003",
            "15193003",
            "15639000",
            "18818009",
            "191610000",
            "191611001",
            "191613003",
            "191615005",
            "19527009",
            "20250007",
            "25922000",
            "2618002",
            "268621008",
            "28475009",
            "30605009",
            "319768000",
            "320751009",
            "33078009",
            "33135002",
            "33736005",
            "35489007",
            "36474008",
            "36923009",
            "370143000",
            "38694004",
            "39809009",
            "40379007",
            "42810003",
            "42925002",
            "430852001",
            "46244001",
            "60099002",
            "63412003",
            "63778009",
            "66344007",
            "68019004",
            "69392006",
            "70747007",
            "71336009",
            "73867007",
            "75084000",
            "76441001",
            "77911002",
            "79298009",
            "832007",
            "87512008"
          ]
        }
      ]
    },
    "antidepressant_medications_medication_dispensed": {
      "standard_concept": "antidepressant_medications",
      "standard_category": "medication",
      "standard_concept_id": "N_c625",
      "qds_data_type": "medication_dispensed",
      "qds_id": "N_2040",
      "type": "array",
      "items": {
        "type": "number",
        "format": "utc-sec"
      },
      "codes": [
        {
          "set": "RxNorm",
          "version": "07/2009",
          "standard_concept": "miscellaneous_antidepressants",
          "standard_concept_id": "N_c617",
          "qds_id": "N_2041",
          "values": [
            "199676",
            "199677",
            "260278",
            "260279",
            "403917",
            "403918",
            "434428",
            "484425",
            "636353",
            "636354",
            "700622",
            "803402",
            "803404",
            "803406",
            "844970",
            "845133",
            "845134",
            "845135"
          ]
        },
        {
          "set": "RxNorm",
          "version": "07/2009",
          "standard_concept": "phenylpiperazine_antidepressants",
          "standard_concept_id": "N_c619",
          "qds_id": "N_2042",
          "values": [
            "204453",
            "204454",
            "204455",
            "204456",
            "311923",
            "351128",
            "856364",
            "856369",
            "856373",
            "856377",
            "856381",
            "856382",
            "856383",
            "898697",
            "898702",
            "898704",
            "898707"
          ]
        },
        {
          "set": "RxNorm",
          "version": "07/2009",
          "standard_concept": "ssnri_antidepressants",
          "standard_concept_id": "N_c621",
          "qds_id": "N_2043",
          "values": [
            "313580",
            "313581",
            "313582",
            "313583",
            "313584",
            "313585",
            "313586",
            "314277",
            "411815",
            "411816",
            "431737",
            "431753",
            "431754",
            "596926",
            "596930",
            "596934",
            "616402",
            "790264",
            "790288",
            "801849",
            "803408",
            "803409",
            "808744",
            "808748",
            "808751",
            "808753",
            "844817",
            "845104",
            "845106"
          ]
        },
        {
          "set": "RxNorm",
          "version": "07/2009",
          "standard_concept": "ssri_antidepressants",
          "standard_concept_id": "N_c622",
          "qds_id": "N_2044",
          "values": [
            "151260",
            "200371",
            "248642",
            "251200",
            "283672",
            "309313",
            "309314",
            "310384",
            "310385",
            "312241",
            "312242",
            "312243",
            "312244",
            "312938",
            "312940",
            "312941",
            "313989",
            "313990",
            "313995",
            "314199",
            "349332",
            "351249",
            "351250",
            "351285",
            "389202",
            "541357",
            "562790",
            "562791",
            "562815",
            "645289",
            "645290",
            "645291",
            "730440",
            "730441",
            "730442",
            "794947",
            "803293",
            "826098",
            "826103",
            "861064",
            "902714",
            "902718",
            "903873",
            "903876",
            "903879",
            "903882",
            "903884",
            "903887",
            "903891"
          ]
        },
        {
          "set": "RxNorm",
          "version": "07/2009",
          "standard_concept": "tetracyclic_antidepressants",
          "standard_concept_id": "N_c623",
          "qds_id": "N_2045",
          "values": [
            "104817",
            "197909",
            "197910",
            "197911",
            "283406",
            "283407",
            "283485",
            "311725",
            "311726",
            "314111",
            "476809"
          ]
        },
        {
          "set": "RxNorm",
          "version": "07/2009",
          "standard_concept": "tricyclic_antidepressants",
          "standard_concept_id": "N_c624",
          "qds_id": "N_2046",
          "values": [
            "197363",
            "197364",
            "197365",
            "197366",
            "197565",
            "197566",
            "197567",
            "197568",
            "197569",
            "197570",
            "197629",
            "197630",
            "197631",
            "197632",
            "198045",
            "198046",
            "198047",
            "199283",
            "199406",
            "199820",
            "250033",
            "309671",
            "309672",
            "310019",
            "310020",
            "310021",
            "310022",
            "312036",
            "313496",
            "313498",
            "313499",
            "317136",
            "484938",
            "835564",
            "835568",
            "835572",
            "835577",
            "835582",
            "835586",
            "835589",
            "835591",
            "835593",
            "856762",
            "856773",
            "856783",
            "856834",
            "856845",
            "856853",
            "856859",
            "856862",
            "856865",
            "856867",
            "856868",
            "857289",
            "857292",
            "857297",
            "857301",
            "857305",
            "857326",
            "865143",
            "865146",
            "892742",
            "894755",
            "894759",
            "894763",
            "905168",
            "905172",
            "966787"
          ]
        },
        {
          "set": "RxNorm",
          "version": "07/2009",
          "standard_concept": "monoamine_oxidase_inhibitors",
          "standard_concept_id": "N_c618",
          "qds_id": "N_2047",
          "values": [
            "104837",
            "312347",
            "313447",
            "859186",
            "859190",
            "859193",
            "865206",
            "865210",
            "865214",
            "865218",
            "865220",
            "865222",
            "880383",
            "897069"
          ]
        },
        {
          "set": "RxNorm",
          "version": "07/2009",
          "standard_concept": "psychotherapeutic_combinations",
          "standard_concept_id": "N_c620",
          "qds_id": "N_2048",
          "values": [
            "403969",
            "403970",
            "403971",
            "403972",
            "721787",
            "856706",
            "856720",
            "856769",
            "856792",
            "856797",
            "856825",
            "856840",
            "856863"
          ]
        },
        {
          "set": "RxNorm",
          "version": "07/2009",
          "standard_concept": "miscellaneous_antidepressants",
          "standard_concept_id": "N_c617",
          "qds_id": "N_2106",
          "values": [
            "199676",
            "199677",
            "260278",
            "260279",
            "403917",
            "403918",
            "434428",
            "484425",
            "636353",
            "636354",
            "700622",
            "803402",
            "803404",
            "803406",
            "844970",
            "845133",
            "845134",
            "845135"
          ]
        },
        {
          "set": "RxNorm",
          "version": "07/2009",
          "standard_concept": "miscellaneous_antidepressants",
          "standard_concept_id": "N_c617",
          "qds_id": "N_2107",
          "values": [
            "199676",
            "199677",
            "260278",
            "260279",
            "403917",
            "403918",
            "434428",
            "484425",
            "636353",
            "636354",
            "700622",
            "803402",
            "803404",
            "803406",
            "844970",
            "845133",
            "845134",
            "845135"
          ]
        },
        {
          "set": "RxNorm",
          "version": "07/2009",
          "standard_concept": "monoamine_oxidase_inhibitors",
          "standard_concept_id": "N_c618",
          "qds_id": "N_2108",
          "values": [
            "104837",
            "312347",
            "313447",
            "859186",
            "859190",
            "859193",
            "865206",
            "865210",
            "865214",
            "865218",
            "865220",
            "865222",
            "880383",
            "897069"
          ]
        },
        {
          "set": "RxNorm",
          "version": "07/2009",
          "standard_concept": "monoamine_oxidase_inhibitors",
          "standard_concept_id": "N_c618",
          "qds_id": "N_2109",
          "values": [
            "104837",
            "312347",
            "313447",
            "859186",
            "859190",
            "859193",
            "865206",
            "865210",
            "865214",
            "865218",
            "865220",
            "865222",
            "880383",
            "897069"
          ]
        },
        {
          "set": "RxNorm",
          "version": "07/2009",
          "standard_concept": "phenylpiperazine_antidepressants",
          "standard_concept_id": "N_c619",
          "qds_id": "N_2110",
          "values": [
            "204453",
            "204454",
            "204455",
            "204456",
            "311923",
            "351128",
            "856364",
            "856369",
            "856373",
            "856377",
            "856381",
            "856382",
            "856383",
            "898697",
            "898702",
            "898704",
            "898707"
          ]
        },
        {
          "set": "RxNorm",
          "version": "07/2009",
          "standard_concept": "phenylpiperazine_antidepressants",
          "standard_concept_id": "N_c619",
          "qds_id": "N_2111",
          "values": [
            "204453",
            "204454",
            "204455",
            "204456",
            "311923",
            "351128",
            "856364",
            "856369",
            "856373",
            "856377",
            "856381",
            "856382",
            "856383",
            "898697",
            "898702",
            "898704",
            "898707"
          ]
        },
        {
          "set": "RxNorm",
          "version": "07/2009",
          "standard_concept": "psychotherapeutic_combinations",
          "standard_concept_id": "N_c620",
          "qds_id": "N_2112",
          "values": [
            "403969",
            "403970",
            "403971",
            "403972",
            "721787",
            "856706",
            "856720",
            "856769",
            "856792",
            "856797",
            "856825",
            "856840",
            "856863"
          ]
        },
        {
          "set": "RxNorm",
          "version": "07/2009",
          "standard_concept": "psychotherapeutic_combinations",
          "standard_concept_id": "N_c620",
          "qds_id": "N_2113",
          "values": [
            "403969",
            "403970",
            "403971",
            "403972",
            "721787",
            "856706",
            "856720",
            "856769",
            "856792",
            "856797",
            "856825",
            "856840",
            "856863"
          ]
        },
        {
          "set": "RxNorm",
          "version": "07/2009",
          "standard_concept": "ssnri_antidepressants",
          "standard_concept_id": "N_c621",
          "qds_id": "N_2114",
          "values": [
            "313580",
            "313581",
            "313582",
            "313583",
            "313584",
            "313585",
            "313586",
            "314277",
            "411815",
            "411816",
            "431737",
            "431753",
            "431754",
            "596926",
            "596930",
            "596934",
            "616402",
            "790264",
            "790288",
            "801849",
            "803408",
            "803409",
            "808744",
            "808748",
            "808751",
            "808753",
            "844817",
            "845104",
            "845106"
          ]
        },
        {
          "set": "RxNorm",
          "version": "07/2009",
          "standard_concept": "ssnri_antidepressants",
          "standard_concept_id": "N_c621",
          "qds_id": "N_2115",
          "values": [
            "313580",
            "313581",
            "313582",
            "313583",
            "313584",
            "313585",
            "313586",
            "314277",
            "411815",
            "411816",
            "431737",
            "431753",
            "431754",
            "596926",
            "596930",
            "596934",
            "616402",
            "790264",
            "790288",
            "801849",
            "803408",
            "803409",
            "808744",
            "808748",
            "808751",
            "808753",
            "844817",
            "845104",
            "845106"
          ]
        },
        {
          "set": "RxNorm",
          "version": "07/2009",
          "standard_concept": "ssri_antidepressants",
          "standard_concept_id": "N_c622",
          "qds_id": "N_2116",
          "values": [
            "151260",
            "200371",
            "248642",
            "251200",
            "283672",
            "309313",
            "309314",
            "310384",
            "310385",
            "312241",
            "312242",
            "312243",
            "312244",
            "312938",
            "312940",
            "312941",
            "313989",
            "313990",
            "313995",
            "314199",
            "349332",
            "351249",
            "351250",
            "351285",
            "389202",
            "541357",
            "562790",
            "562791",
            "562815",
            "645289",
            "645290",
            "645291",
            "730440",
            "730441",
            "730442",
            "794947",
            "803293",
            "826098",
            "826103",
            "861064",
            "902714",
            "902718",
            "903873",
            "903876",
            "903879",
            "903882",
            "903884",
            "903887",
            "903891"
          ]
        },
        {
          "set": "RxNorm",
          "version": "07/2009",
          "standard_concept": "ssri_antidepressants",
          "standard_concept_id": "N_c622",
          "qds_id": "N_2117",
          "values": [
            "151260",
            "200371",
            "248642",
            "251200",
            "283672",
            "309313",
            "309314",
            "310384",
            "310385",
            "312241",
            "312242",
            "312243",
            "312244",
            "312938",
            "312940",
            "312941",
            "313989",
            "313990",
            "313995",
            "314199",
            "349332",
            "351249",
            "351250",
            "351285",
            "389202",
            "541357",
            "562790",
            "562791",
            "562815",
            "645289",
            "645290",
            "645291",
            "730440",
            "730441",
            "730442",
            "794947",
            "803293",
            "826098",
            "826103",
            "861064",
            "902714",
            "902718",
            "903873",
            "903876",
            "903879",
            "903882",
            "903884",
            "903887",
            "903891"
          ]
        },
        {
          "set": "RxNorm",
          "version": "07/2009",
          "standard_concept": "tetracyclic_antidepressants",
          "standard_concept_id": "N_c623",
          "qds_id": "N_2118",
          "values": [
            "104817",
            "197909",
            "197910",
            "197911",
            "283406",
            "283407",
            "283485",
            "311725",
            "311726",
            "314111",
            "476809"
          ]
        },
        {
          "set": "RxNorm",
          "version": "07/2009",
          "standard_concept": "tetracyclic_antidepressants",
          "standard_concept_id": "N_c623",
          "qds_id": "N_2119",
          "values": [
            "104817",
            "197909",
            "197910",
            "197911",
            "283406",
            "283407",
            "283485",
            "311725",
            "311726",
            "314111",
            "476809"
          ]
        },
        {
          "set": "RxNorm",
          "version": "07/2009",
          "standard_concept": "tricyclic_antidepressants",
          "standard_concept_id": "N_c624",
          "qds_id": "N_2120",
          "values": [
            "197363",
            "197364",
            "197365",
            "197366",
            "197565",
            "197566",
            "197567",
            "197568",
            "197569",
            "197570",
            "197629",
            "197630",
            "197631",
            "197632",
            "198045",
            "198046",
            "198047",
            "199283",
            "199406",
            "199820",
            "250033",
            "309671",
            "309672",
            "310019",
            "310020",
            "310021",
            "310022",
            "312036",
            "313496",
            "313498",
            "313499",
            "317136",
            "484938",
            "835564",
            "835568",
            "835572",
            "835577",
            "835582",
            "835586",
            "835589",
            "835591",
            "835593",
            "856762",
            "856773",
            "856783",
            "856834",
            "856845",
            "856853",
            "856859",
            "856862",
            "856865",
            "856867",
            "856868",
            "857289",
            "857292",
            "857297",
            "857301",
            "857305",
            "857326",
            "865143",
            "865146",
            "892742",
            "894755",
            "894759",
            "894763",
            "905168",
            "905172",
            "966787"
          ]
        },
        {
          "set": "RxNorm",
          "version": "07/2009",
          "standard_concept": "tricyclic_antidepressants",
          "standard_concept_id": "N_c624",
          "qds_id": "N_2121",
          "values": [
            "197363",
            "197364",
            "197365",
            "197366",
            "197565",
            "197566",
            "197567",
            "197568",
            "197569",
            "197570",
            "197629",
            "197630",
            "197631",
            "197632",
            "198045",
            "198046",
            "198047",
            "199283",
            "199406",
            "199820",
            "250033",
            "309671",
            "309672",
            "310019",
            "310020",
            "310021",
            "310022",
            "312036",
            "313496",
            "313498",
            "313499",
            "317136",
            "484938",
            "835564",
            "835568",
            "835572",
            "835577",
            "835582",
            "835586",
            "835589",
            "835591",
            "835593",
            "856762",
            "856773",
            "856783",
            "856834",
            "856845",
            "856853",
            "856859",
            "856862",
            "856865",
            "856867",
            "856868",
            "857289",
            "857292",
            "857297",
            "857301",
            "857305",
            "857326",
            "865143",
            "865146",
            "892742",
            "894755",
            "894759",
            "894763",
            "905168",
            "905172",
            "966787"
          ]
        }
      ]
    },
    "patient_encounter_bh_bh_req_pos_encounter_point_non_acute_inpatient_inpatient_encounter": {
      "standard_concept": "patient_encounter_bh_bh_req_pos_encounter_point_non_acute_inpatient_inpatient",
      "standard_category": "encounter",
      "standard_concept_id": "added-N_c603-N_c604-N_c605-N_c28,-N_c26",
      "qds_data_type": "encounter",
      "qds_id": "added",
      "type": "array",
      "items": {
        "type": "number",
        "format": "utc-sec"
      },
      "codes": [
        {
          "set": "CPT",
          "version": "06/2009",
          "standard_concept": "encounter_outpatient_bh",
          "standard_concept_id": "N_c603",
          "qds_id": "N_2054",
          "values": [
            "90804",
            "90805",
            "90806",
            "90807",
            "90808",
            "90809",
            "90810",
            "90811",
            "90812",
            "90813",
            "90814",
            "90815",
            "98960",
            "98961",
            "98962",
            "99078",
            "99201",
            "99202",
            "99203",
            "99204",
            "99205",
            "99211",
            "99212",
            "99213",
            "99214",
            "99215",
            "99217",
            "99218",
            "99219",
            "99220",
            "99241",
            "99242",
            "99243",
            "99244",
            "99245",
            "99341",
            "99342",
            "99343",
            "99344",
            "99345",
            "99347",
            "99348",
            "99349",
            "99350",
            "99384",
            "99385",
            "99386",
            "99387",
            "99394",
            "99395",
            "99396",
            "99397",
            "99401",
            "99402",
            "99403",
            "99404",
            "99408",
            "99409",
            "99411",
            "99412",
            "99510"
          ]
        },
        {
          "set": "CPT",
          "version": "06/2009",
          "standard_concept": "encounter_outpt_bh_req_pos",
          "standard_concept_id": "N_c604",
          "qds_id": "N_2055",
          "values": [
            "90801",
            "90802",
            "90816",
            "90817",
            "90818",
            "90819",
            "90821",
            "90822",
            "90823",
            "90824",
            "90826",
            "90827",
            "90828",
            "90829",
            "90845",
            "90847",
            "90849",
            "90853",
            "90857",
            "90862",
            "90875",
            "90876",
            "99221",
            "99222",
            "99223",
            "99231",
            "99232",
            "99233",
            "99238",
            "99239",
            "99251",
            "99252",
            "99253",
            "99254",
            "99255"
          ]
        },
        {
          "set": "CPT",
          "version": "06/2009",
          "standard_concept": "encounter_point_of_service_modifier",
          "standard_concept_id": "N_c605",
          "qds_id": "N_2056",
          "values": [
            "03",
            "05",
            "07",
            "09",
            "11",
            "12",
            "13",
            "14",
            "15",
            "20",
            "22",
            "33",
            "49",
            "50",
            "52",
            "53",
            "57",
            "71",
            "72"
          ]
        },
        {
          "set": "CPT",
          "version": "06/2009",
          "standard_concept": "encounter_non_acute_inpatient",
          "standard_concept_id": "N_c28",
          "qds_id": "N_2057",
          "values": [
            "99304",
            "99305",
            "99306",
            "99307",
            "99308",
            "99309",
            "99310",
            "99315",
            "99316",
            "99318",
            "99324",
            "99325",
            "99326",
            "99327",
            "99328",
            "99334",
            "99335",
            "99336",
            "99337"
          ]
        },
        {
          "set": "CPT",
          "version": "06/2009",
          "standard_concept": "encounter_acute_inpt",
          "standard_concept_id": "N_c26",
          "qds_id": "N_2058",
          "values": [
            "99221",
            "99222",
            "99223",
            "99231",
            "99232",
            "99233",
            "99238",
            "99239",
            "99251",
            "99252",
            "99253",
            "99254",
            "99255",
            "99291"
          ]
        }
      ]
    },
    "antidepressant_medications_medication_order": {
      "standard_concept": "antidepressant_medications",
      "standard_category": "medication",
      "standard_concept_id": "N_c625",
      "qds_data_type": "medication_order",
      "qds_id": "N_2104",
      "type": "array",
      "items": {
        "type": "number",
        "format": "utc-sec"
      },
      "codes": [
        {
          "set": "RxNorm",
          "version": "07/2009",
          "standard_concept": "miscellaneous_antidepressants",
          "standard_concept_id": "N_c617",
          "qds_id": "N_2041",
          "values": [
            "199676",
            "199677",
            "260278",
            "260279",
            "403917",
            "403918",
            "434428",
            "484425",
            "636353",
            "636354",
            "700622",
            "803402",
            "803404",
            "803406",
            "844970",
            "845133",
            "845134",
            "845135"
          ]
        },
        {
          "set": "RxNorm",
          "version": "07/2009",
          "standard_concept": "phenylpiperazine_antidepressants",
          "standard_concept_id": "N_c619",
          "qds_id": "N_2042",
          "values": [
            "204453",
            "204454",
            "204455",
            "204456",
            "311923",
            "351128",
            "856364",
            "856369",
            "856373",
            "856377",
            "856381",
            "856382",
            "856383",
            "898697",
            "898702",
            "898704",
            "898707"
          ]
        },
        {
          "set": "RxNorm",
          "version": "07/2009",
          "standard_concept": "ssnri_antidepressants",
          "standard_concept_id": "N_c621",
          "qds_id": "N_2043",
          "values": [
            "313580",
            "313581",
            "313582",
            "313583",
            "313584",
            "313585",
            "313586",
            "314277",
            "411815",
            "411816",
            "431737",
            "431753",
            "431754",
            "596926",
            "596930",
            "596934",
            "616402",
            "790264",
            "790288",
            "801849",
            "803408",
            "803409",
            "808744",
            "808748",
            "808751",
            "808753",
            "844817",
            "845104",
            "845106"
          ]
        },
        {
          "set": "RxNorm",
          "version": "07/2009",
          "standard_concept": "ssri_antidepressants",
          "standard_concept_id": "N_c622",
          "qds_id": "N_2044",
          "values": [
            "151260",
            "200371",
            "248642",
            "251200",
            "283672",
            "309313",
            "309314",
            "310384",
            "310385",
            "312241",
            "312242",
            "312243",
            "312244",
            "312938",
            "312940",
            "312941",
            "313989",
            "313990",
            "313995",
            "314199",
            "349332",
            "351249",
            "351250",
            "351285",
            "389202",
            "541357",
            "562790",
            "562791",
            "562815",
            "645289",
            "645290",
            "645291",
            "730440",
            "730441",
            "730442",
            "794947",
            "803293",
            "826098",
            "826103",
            "861064",
            "902714",
            "902718",
            "903873",
            "903876",
            "903879",
            "903882",
            "903884",
            "903887",
            "903891"
          ]
        },
        {
          "set": "RxNorm",
          "version": "07/2009",
          "standard_concept": "tetracyclic_antidepressants",
          "standard_concept_id": "N_c623",
          "qds_id": "N_2045",
          "values": [
            "104817",
            "197909",
            "197910",
            "197911",
            "283406",
            "283407",
            "283485",
            "311725",
            "311726",
            "314111",
            "476809"
          ]
        },
        {
          "set": "RxNorm",
          "version": "07/2009",
          "standard_concept": "tricyclic_antidepressants",
          "standard_concept_id": "N_c624",
          "qds_id": "N_2046",
          "values": [
            "197363",
            "197364",
            "197365",
            "197366",
            "197565",
            "197566",
            "197567",
            "197568",
            "197569",
            "197570",
            "197629",
            "197630",
            "197631",
            "197632",
            "198045",
            "198046",
            "198047",
            "199283",
            "199406",
            "199820",
            "250033",
            "309671",
            "309672",
            "310019",
            "310020",
            "310021",
            "310022",
            "312036",
            "313496",
            "313498",
            "313499",
            "317136",
            "484938",
            "835564",
            "835568",
            "835572",
            "835577",
            "835582",
            "835586",
            "835589",
            "835591",
            "835593",
            "856762",
            "856773",
            "856783",
            "856834",
            "856845",
            "856853",
            "856859",
            "856862",
            "856865",
            "856867",
            "856868",
            "857289",
            "857292",
            "857297",
            "857301",
            "857305",
            "857326",
            "865143",
            "865146",
            "892742",
            "894755",
            "894759",
            "894763",
            "905168",
            "905172",
            "966787"
          ]
        },
        {
          "set": "RxNorm",
          "version": "07/2009",
          "standard_concept": "monoamine_oxidase_inhibitors",
          "standard_concept_id": "N_c618",
          "qds_id": "N_2047",
          "values": [
            "104837",
            "312347",
            "313447",
            "859186",
            "859190",
            "859193",
            "865206",
            "865210",
            "865214",
            "865218",
            "865220",
            "865222",
            "880383",
            "897069"
          ]
        },
        {
          "set": "RxNorm",
          "version": "07/2009",
          "standard_concept": "psychotherapeutic_combinations",
          "standard_concept_id": "N_c620",
          "qds_id": "N_2048",
          "values": [
            "403969",
            "403970",
            "403971",
            "403972",
            "721787",
            "856706",
            "856720",
            "856769",
            "856792",
            "856797",
            "856825",
            "856840",
            "856863"
          ]
        },
        {
          "set": "RxNorm",
          "version": "07/2009",
          "standard_concept": "miscellaneous_antidepressants",
          "standard_concept_id": "N_c617",
          "qds_id": "N_2106",
          "values": [
            "199676",
            "199677",
            "260278",
            "260279",
            "403917",
            "403918",
            "434428",
            "484425",
            "636353",
            "636354",
            "700622",
            "803402",
            "803404",
            "803406",
            "844970",
            "845133",
            "845134",
            "845135"
          ]
        },
        {
          "set": "RxNorm",
          "version": "07/2009",
          "standard_concept": "miscellaneous_antidepressants",
          "standard_concept_id": "N_c617",
          "qds_id": "N_2107",
          "values": [
            "199676",
            "199677",
            "260278",
            "260279",
            "403917",
            "403918",
            "434428",
            "484425",
            "636353",
            "636354",
            "700622",
            "803402",
            "803404",
            "803406",
            "844970",
            "845133",
            "845134",
            "845135"
          ]
        },
        {
          "set": "RxNorm",
          "version": "07/2009",
          "standard_concept": "monoamine_oxidase_inhibitors",
          "standard_concept_id": "N_c618",
          "qds_id": "N_2108",
          "values": [
            "104837",
            "312347",
            "313447",
            "859186",
            "859190",
            "859193",
            "865206",
            "865210",
            "865214",
            "865218",
            "865220",
            "865222",
            "880383",
            "897069"
          ]
        },
        {
          "set": "RxNorm",
          "version": "07/2009",
          "standard_concept": "monoamine_oxidase_inhibitors",
          "standard_concept_id": "N_c618",
          "qds_id": "N_2109",
          "values": [
            "104837",
            "312347",
            "313447",
            "859186",
            "859190",
            "859193",
            "865206",
            "865210",
            "865214",
            "865218",
            "865220",
            "865222",
            "880383",
            "897069"
          ]
        },
        {
          "set": "RxNorm",
          "version": "07/2009",
          "standard_concept": "phenylpiperazine_antidepressants",
          "standard_concept_id": "N_c619",
          "qds_id": "N_2110",
          "values": [
            "204453",
            "204454",
            "204455",
            "204456",
            "311923",
            "351128",
            "856364",
            "856369",
            "856373",
            "856377",
            "856381",
            "856382",
            "856383",
            "898697",
            "898702",
            "898704",
            "898707"
          ]
        },
        {
          "set": "RxNorm",
          "version": "07/2009",
          "standard_concept": "phenylpiperazine_antidepressants",
          "standard_concept_id": "N_c619",
          "qds_id": "N_2111",
          "values": [
            "204453",
            "204454",
            "204455",
            "204456",
            "311923",
            "351128",
            "856364",
            "856369",
            "856373",
            "856377",
            "856381",
            "856382",
            "856383",
            "898697",
            "898702",
            "898704",
            "898707"
          ]
        },
        {
          "set": "RxNorm",
          "version": "07/2009",
          "standard_concept": "psychotherapeutic_combinations",
          "standard_concept_id": "N_c620",
          "qds_id": "N_2112",
          "values": [
            "403969",
            "403970",
            "403971",
            "403972",
            "721787",
            "856706",
            "856720",
            "856769",
            "856792",
            "856797",
            "856825",
            "856840",
            "856863"
          ]
        },
        {
          "set": "RxNorm",
          "version": "07/2009",
          "standard_concept": "psychotherapeutic_combinations",
          "standard_concept_id": "N_c620",
          "qds_id": "N_2113",
          "values": [
            "403969",
            "403970",
            "403971",
            "403972",
            "721787",
            "856706",
            "856720",
            "856769",
            "856792",
            "856797",
            "856825",
            "856840",
            "856863"
          ]
        },
        {
          "set": "RxNorm",
          "version": "07/2009",
          "standard_concept": "ssnri_antidepressants",
          "standard_concept_id": "N_c621",
          "qds_id": "N_2114",
          "values": [
            "313580",
            "313581",
            "313582",
            "313583",
            "313584",
            "313585",
            "313586",
            "314277",
            "411815",
            "411816",
            "431737",
            "431753",
            "431754",
            "596926",
            "596930",
            "596934",
            "616402",
            "790264",
            "790288",
            "801849",
            "803408",
            "803409",
            "808744",
            "808748",
            "808751",
            "808753",
            "844817",
            "845104",
            "845106"
          ]
        },
        {
          "set": "RxNorm",
          "version": "07/2009",
          "standard_concept": "ssnri_antidepressants",
          "standard_concept_id": "N_c621",
          "qds_id": "N_2115",
          "values": [
            "313580",
            "313581",
            "313582",
            "313583",
            "313584",
            "313585",
            "313586",
            "314277",
            "411815",
            "411816",
            "431737",
            "431753",
            "431754",
            "596926",
            "596930",
            "596934",
            "616402",
            "790264",
            "790288",
            "801849",
            "803408",
            "803409",
            "808744",
            "808748",
            "808751",
            "808753",
            "844817",
            "845104",
            "845106"
          ]
        },
        {
          "set": "RxNorm",
          "version": "07/2009",
          "standard_concept": "ssri_antidepressants",
          "standard_concept_id": "N_c622",
          "qds_id": "N_2116",
          "values": [
            "151260",
            "200371",
            "248642",
            "251200",
            "283672",
            "309313",
            "309314",
            "310384",
            "310385",
            "312241",
            "312242",
            "312243",
            "312244",
            "312938",
            "312940",
            "312941",
            "313989",
            "313990",
            "313995",
            "314199",
            "349332",
            "351249",
            "351250",
            "351285",
            "389202",
            "541357",
            "562790",
            "562791",
            "562815",
            "645289",
            "645290",
            "645291",
            "730440",
            "730441",
            "730442",
            "794947",
            "803293",
            "826098",
            "826103",
            "861064",
            "902714",
            "902718",
            "903873",
            "903876",
            "903879",
            "903882",
            "903884",
            "903887",
            "903891"
          ]
        },
        {
          "set": "RxNorm",
          "version": "07/2009",
          "standard_concept": "ssri_antidepressants",
          "standard_concept_id": "N_c622",
          "qds_id": "N_2117",
          "values": [
            "151260",
            "200371",
            "248642",
            "251200",
            "283672",
            "309313",
            "309314",
            "310384",
            "310385",
            "312241",
            "312242",
            "312243",
            "312244",
            "312938",
            "312940",
            "312941",
            "313989",
            "313990",
            "313995",
            "314199",
            "349332",
            "351249",
            "351250",
            "351285",
            "389202",
            "541357",
            "562790",
            "562791",
            "562815",
            "645289",
            "645290",
            "645291",
            "730440",
            "730441",
            "730442",
            "794947",
            "803293",
            "826098",
            "826103",
            "861064",
            "902714",
            "902718",
            "903873",
            "903876",
            "903879",
            "903882",
            "903884",
            "903887",
            "903891"
          ]
        },
        {
          "set": "RxNorm",
          "version": "07/2009",
          "standard_concept": "tetracyclic_antidepressants",
          "standard_concept_id": "N_c623",
          "qds_id": "N_2118",
          "values": [
            "104817",
            "197909",
            "197910",
            "197911",
            "283406",
            "283407",
            "283485",
            "311725",
            "311726",
            "314111",
            "476809"
          ]
        },
        {
          "set": "RxNorm",
          "version": "07/2009",
          "standard_concept": "tetracyclic_antidepressants",
          "standard_concept_id": "N_c623",
          "qds_id": "N_2119",
          "values": [
            "104817",
            "197909",
            "197910",
            "197911",
            "283406",
            "283407",
            "283485",
            "311725",
            "311726",
            "314111",
            "476809"
          ]
        },
        {
          "set": "RxNorm",
          "version": "07/2009",
          "standard_concept": "tricyclic_antidepressants",
          "standard_concept_id": "N_c624",
          "qds_id": "N_2120",
          "values": [
            "197363",
            "197364",
            "197365",
            "197366",
            "197565",
            "197566",
            "197567",
            "197568",
            "197569",
            "197570",
            "197629",
            "197630",
            "197631",
            "197632",
            "198045",
            "198046",
            "198047",
            "199283",
            "199406",
            "199820",
            "250033",
            "309671",
            "309672",
            "310019",
            "310020",
            "310021",
            "310022",
            "312036",
            "313496",
            "313498",
            "313499",
            "317136",
            "484938",
            "835564",
            "835568",
            "835572",
            "835577",
            "835582",
            "835586",
            "835589",
            "835591",
            "835593",
            "856762",
            "856773",
            "856783",
            "856834",
            "856845",
            "856853",
            "856859",
            "856862",
            "856865",
            "856867",
            "856868",
            "857289",
            "857292",
            "857297",
            "857301",
            "857305",
            "857326",
            "865143",
            "865146",
            "892742",
            "894755",
            "894759",
            "894763",
            "905168",
            "905172",
            "966787"
          ]
        },
        {
          "set": "RxNorm",
          "version": "07/2009",
          "standard_concept": "tricyclic_antidepressants",
          "standard_concept_id": "N_c624",
          "qds_id": "N_2121",
          "values": [
            "197363",
            "197364",
            "197365",
            "197366",
            "197565",
            "197566",
            "197567",
            "197568",
            "197569",
            "197570",
            "197629",
            "197630",
            "197631",
            "197632",
            "198045",
            "198046",
            "198047",
            "199283",
            "199406",
            "199820",
            "250033",
            "309671",
            "309672",
            "310019",
            "310020",
            "310021",
            "310022",
            "312036",
            "313496",
            "313498",
            "313499",
            "317136",
            "484938",
            "835564",
            "835568",
            "835572",
            "835577",
            "835582",
            "835586",
            "835589",
            "835591",
            "835593",
            "856762",
            "856773",
            "856783",
            "856834",
            "856845",
            "856853",
            "856859",
            "856862",
            "856865",
            "856867",
            "856868",
            "857289",
            "857292",
            "857297",
            "857301",
            "857305",
            "857326",
            "865143",
            "865146",
            "892742",
            "894755",
            "894759",
            "894763",
            "905168",
            "905172",
            "966787"
          ]
        }
      ]
    },
    "antidepressant_medications_medication_active": {
      "standard_concept": "antidepressant_medications",
      "standard_category": "medication",
      "standard_concept_id": "N_c625",
      "qds_data_type": "medication_active",
      "qds_id": "N_2105",
      "type": "array",
      "items": {
        "type": "number",
        "format": "utc-sec"
      },
      "codes": [
        {
          "set": "RxNorm",
          "version": "07/2009",
          "standard_concept": "miscellaneous_antidepressants",
          "standard_concept_id": "N_c617",
          "qds_id": "N_2041",
          "values": [
            "199676",
            "199677",
            "260278",
            "260279",
            "403917",
            "403918",
            "434428",
            "484425",
            "636353",
            "636354",
            "700622",
            "803402",
            "803404",
            "803406",
            "844970",
            "845133",
            "845134",
            "845135"
          ]
        },
        {
          "set": "RxNorm",
          "version": "07/2009",
          "standard_concept": "phenylpiperazine_antidepressants",
          "standard_concept_id": "N_c619",
          "qds_id": "N_2042",
          "values": [
            "204453",
            "204454",
            "204455",
            "204456",
            "311923",
            "351128",
            "856364",
            "856369",
            "856373",
            "856377",
            "856381",
            "856382",
            "856383",
            "898697",
            "898702",
            "898704",
            "898707"
          ]
        },
        {
          "set": "RxNorm",
          "version": "07/2009",
          "standard_concept": "ssnri_antidepressants",
          "standard_concept_id": "N_c621",
          "qds_id": "N_2043",
          "values": [
            "313580",
            "313581",
            "313582",
            "313583",
            "313584",
            "313585",
            "313586",
            "314277",
            "411815",
            "411816",
            "431737",
            "431753",
            "431754",
            "596926",
            "596930",
            "596934",
            "616402",
            "790264",
            "790288",
            "801849",
            "803408",
            "803409",
            "808744",
            "808748",
            "808751",
            "808753",
            "844817",
            "845104",
            "845106"
          ]
        },
        {
          "set": "RxNorm",
          "version": "07/2009",
          "standard_concept": "ssri_antidepressants",
          "standard_concept_id": "N_c622",
          "qds_id": "N_2044",
          "values": [
            "151260",
            "200371",
            "248642",
            "251200",
            "283672",
            "309313",
            "309314",
            "310384",
            "310385",
            "312241",
            "312242",
            "312243",
            "312244",
            "312938",
            "312940",
            "312941",
            "313989",
            "313990",
            "313995",
            "314199",
            "349332",
            "351249",
            "351250",
            "351285",
            "389202",
            "541357",
            "562790",
            "562791",
            "562815",
            "645289",
            "645290",
            "645291",
            "730440",
            "730441",
            "730442",
            "794947",
            "803293",
            "826098",
            "826103",
            "861064",
            "902714",
            "902718",
            "903873",
            "903876",
            "903879",
            "903882",
            "903884",
            "903887",
            "903891"
          ]
        },
        {
          "set": "RxNorm",
          "version": "07/2009",
          "standard_concept": "tetracyclic_antidepressants",
          "standard_concept_id": "N_c623",
          "qds_id": "N_2045",
          "values": [
            "104817",
            "197909",
            "197910",
            "197911",
            "283406",
            "283407",
            "283485",
            "311725",
            "311726",
            "314111",
            "476809"
          ]
        },
        {
          "set": "RxNorm",
          "version": "07/2009",
          "standard_concept": "tricyclic_antidepressants",
          "standard_concept_id": "N_c624",
          "qds_id": "N_2046",
          "values": [
            "197363",
            "197364",
            "197365",
            "197366",
            "197565",
            "197566",
            "197567",
            "197568",
            "197569",
            "197570",
            "197629",
            "197630",
            "197631",
            "197632",
            "198045",
            "198046",
            "198047",
            "199283",
            "199406",
            "199820",
            "250033",
            "309671",
            "309672",
            "310019",
            "310020",
            "310021",
            "310022",
            "312036",
            "313496",
            "313498",
            "313499",
            "317136",
            "484938",
            "835564",
            "835568",
            "835572",
            "835577",
            "835582",
            "835586",
            "835589",
            "835591",
            "835593",
            "856762",
            "856773",
            "856783",
            "856834",
            "856845",
            "856853",
            "856859",
            "856862",
            "856865",
            "856867",
            "856868",
            "857289",
            "857292",
            "857297",
            "857301",
            "857305",
            "857326",
            "865143",
            "865146",
            "892742",
            "894755",
            "894759",
            "894763",
            "905168",
            "905172",
            "966787"
          ]
        },
        {
          "set": "RxNorm",
          "version": "07/2009",
          "standard_concept": "monoamine_oxidase_inhibitors",
          "standard_concept_id": "N_c618",
          "qds_id": "N_2047",
          "values": [
            "104837",
            "312347",
            "313447",
            "859186",
            "859190",
            "859193",
            "865206",
            "865210",
            "865214",
            "865218",
            "865220",
            "865222",
            "880383",
            "897069"
          ]
        },
        {
          "set": "RxNorm",
          "version": "07/2009",
          "standard_concept": "psychotherapeutic_combinations",
          "standard_concept_id": "N_c620",
          "qds_id": "N_2048",
          "values": [
            "403969",
            "403970",
            "403971",
            "403972",
            "721787",
            "856706",
            "856720",
            "856769",
            "856792",
            "856797",
            "856825",
            "856840",
            "856863"
          ]
        },
        {
          "set": "RxNorm",
          "version": "07/2009",
          "standard_concept": "miscellaneous_antidepressants",
          "standard_concept_id": "N_c617",
          "qds_id": "N_2106",
          "values": [
            "199676",
            "199677",
            "260278",
            "260279",
            "403917",
            "403918",
            "434428",
            "484425",
            "636353",
            "636354",
            "700622",
            "803402",
            "803404",
            "803406",
            "844970",
            "845133",
            "845134",
            "845135"
          ]
        },
        {
          "set": "RxNorm",
          "version": "07/2009",
          "standard_concept": "miscellaneous_antidepressants",
          "standard_concept_id": "N_c617",
          "qds_id": "N_2107",
          "values": [
            "199676",
            "199677",
            "260278",
            "260279",
            "403917",
            "403918",
            "434428",
            "484425",
            "636353",
            "636354",
            "700622",
            "803402",
            "803404",
            "803406",
            "844970",
            "845133",
            "845134",
            "845135"
          ]
        },
        {
          "set": "RxNorm",
          "version": "07/2009",
          "standard_concept": "monoamine_oxidase_inhibitors",
          "standard_concept_id": "N_c618",
          "qds_id": "N_2108",
          "values": [
            "104837",
            "312347",
            "313447",
            "859186",
            "859190",
            "859193",
            "865206",
            "865210",
            "865214",
            "865218",
            "865220",
            "865222",
            "880383",
            "897069"
          ]
        },
        {
          "set": "RxNorm",
          "version": "07/2009",
          "standard_concept": "monoamine_oxidase_inhibitors",
          "standard_concept_id": "N_c618",
          "qds_id": "N_2109",
          "values": [
            "104837",
            "312347",
            "313447",
            "859186",
            "859190",
            "859193",
            "865206",
            "865210",
            "865214",
            "865218",
            "865220",
            "865222",
            "880383",
            "897069"
          ]
        },
        {
          "set": "RxNorm",
          "version": "07/2009",
          "standard_concept": "phenylpiperazine_antidepressants",
          "standard_concept_id": "N_c619",
          "qds_id": "N_2110",
          "values": [
            "204453",
            "204454",
            "204455",
            "204456",
            "311923",
            "351128",
            "856364",
            "856369",
            "856373",
            "856377",
            "856381",
            "856382",
            "856383",
            "898697",
            "898702",
            "898704",
            "898707"
          ]
        },
        {
          "set": "RxNorm",
          "version": "07/2009",
          "standard_concept": "phenylpiperazine_antidepressants",
          "standard_concept_id": "N_c619",
          "qds_id": "N_2111",
          "values": [
            "204453",
            "204454",
            "204455",
            "204456",
            "311923",
            "351128",
            "856364",
            "856369",
            "856373",
            "856377",
            "856381",
            "856382",
            "856383",
            "898697",
            "898702",
            "898704",
            "898707"
          ]
        },
        {
          "set": "RxNorm",
          "version": "07/2009",
          "standard_concept": "psychotherapeutic_combinations",
          "standard_concept_id": "N_c620",
          "qds_id": "N_2112",
          "values": [
            "403969",
            "403970",
            "403971",
            "403972",
            "721787",
            "856706",
            "856720",
            "856769",
            "856792",
            "856797",
            "856825",
            "856840",
            "856863"
          ]
        },
        {
          "set": "RxNorm",
          "version": "07/2009",
          "standard_concept": "psychotherapeutic_combinations",
          "standard_concept_id": "N_c620",
          "qds_id": "N_2113",
          "values": [
            "403969",
            "403970",
            "403971",
            "403972",
            "721787",
            "856706",
            "856720",
            "856769",
            "856792",
            "856797",
            "856825",
            "856840",
            "856863"
          ]
        },
        {
          "set": "RxNorm",
          "version": "07/2009",
          "standard_concept": "ssnri_antidepressants",
          "standard_concept_id": "N_c621",
          "qds_id": "N_2114",
          "values": [
            "313580",
            "313581",
            "313582",
            "313583",
            "313584",
            "313585",
            "313586",
            "314277",
            "411815",
            "411816",
            "431737",
            "431753",
            "431754",
            "596926",
            "596930",
            "596934",
            "616402",
            "790264",
            "790288",
            "801849",
            "803408",
            "803409",
            "808744",
            "808748",
            "808751",
            "808753",
            "844817",
            "845104",
            "845106"
          ]
        },
        {
          "set": "RxNorm",
          "version": "07/2009",
          "standard_concept": "ssnri_antidepressants",
          "standard_concept_id": "N_c621",
          "qds_id": "N_2115",
          "values": [
            "313580",
            "313581",
            "313582",
            "313583",
            "313584",
            "313585",
            "313586",
            "314277",
            "411815",
            "411816",
            "431737",
            "431753",
            "431754",
            "596926",
            "596930",
            "596934",
            "616402",
            "790264",
            "790288",
            "801849",
            "803408",
            "803409",
            "808744",
            "808748",
            "808751",
            "808753",
            "844817",
            "845104",
            "845106"
          ]
        },
        {
          "set": "RxNorm",
          "version": "07/2009",
          "standard_concept": "ssri_antidepressants",
          "standard_concept_id": "N_c622",
          "qds_id": "N_2116",
          "values": [
            "151260",
            "200371",
            "248642",
            "251200",
            "283672",
            "309313",
            "309314",
            "310384",
            "310385",
            "312241",
            "312242",
            "312243",
            "312244",
            "312938",
            "312940",
            "312941",
            "313989",
            "313990",
            "313995",
            "314199",
            "349332",
            "351249",
            "351250",
            "351285",
            "389202",
            "541357",
            "562790",
            "562791",
            "562815",
            "645289",
            "645290",
            "645291",
            "730440",
            "730441",
            "730442",
            "794947",
            "803293",
            "826098",
            "826103",
            "861064",
            "902714",
            "902718",
            "903873",
            "903876",
            "903879",
            "903882",
            "903884",
            "903887",
            "903891"
          ]
        },
        {
          "set": "RxNorm",
          "version": "07/2009",
          "standard_concept": "ssri_antidepressants",
          "standard_concept_id": "N_c622",
          "qds_id": "N_2117",
          "values": [
            "151260",
            "200371",
            "248642",
            "251200",
            "283672",
            "309313",
            "309314",
            "310384",
            "310385",
            "312241",
            "312242",
            "312243",
            "312244",
            "312938",
            "312940",
            "312941",
            "313989",
            "313990",
            "313995",
            "314199",
            "349332",
            "351249",
            "351250",
            "351285",
            "389202",
            "541357",
            "562790",
            "562791",
            "562815",
            "645289",
            "645290",
            "645291",
            "730440",
            "730441",
            "730442",
            "794947",
            "803293",
            "826098",
            "826103",
            "861064",
            "902714",
            "902718",
            "903873",
            "903876",
            "903879",
            "903882",
            "903884",
            "903887",
            "903891"
          ]
        },
        {
          "set": "RxNorm",
          "version": "07/2009",
          "standard_concept": "tetracyclic_antidepressants",
          "standard_concept_id": "N_c623",
          "qds_id": "N_2118",
          "values": [
            "104817",
            "197909",
            "197910",
            "197911",
            "283406",
            "283407",
            "283485",
            "311725",
            "311726",
            "314111",
            "476809"
          ]
        },
        {
          "set": "RxNorm",
          "version": "07/2009",
          "standard_concept": "tetracyclic_antidepressants",
          "standard_concept_id": "N_c623",
          "qds_id": "N_2119",
          "values": [
            "104817",
            "197909",
            "197910",
            "197911",
            "283406",
            "283407",
            "283485",
            "311725",
            "311726",
            "314111",
            "476809"
          ]
        },
        {
          "set": "RxNorm",
          "version": "07/2009",
          "standard_concept": "tricyclic_antidepressants",
          "standard_concept_id": "N_c624",
          "qds_id": "N_2120",
          "values": [
            "197363",
            "197364",
            "197365",
            "197366",
            "197565",
            "197566",
            "197567",
            "197568",
            "197569",
            "197570",
            "197629",
            "197630",
            "197631",
            "197632",
            "198045",
            "198046",
            "198047",
            "199283",
            "199406",
            "199820",
            "250033",
            "309671",
            "309672",
            "310019",
            "310020",
            "310021",
            "310022",
            "312036",
            "313496",
            "313498",
            "313499",
            "317136",
            "484938",
            "835564",
            "835568",
            "835572",
            "835577",
            "835582",
            "835586",
            "835589",
            "835591",
            "835593",
            "856762",
            "856773",
            "856783",
            "856834",
            "856845",
            "856853",
            "856859",
            "856862",
            "856865",
            "856867",
            "856868",
            "857289",
            "857292",
            "857297",
            "857301",
            "857305",
            "857326",
            "865143",
            "865146",
            "892742",
            "894755",
            "894759",
            "894763",
            "905168",
            "905172",
            "966787"
          ]
        },
        {
          "set": "RxNorm",
          "version": "07/2009",
          "standard_concept": "tricyclic_antidepressants",
          "standard_concept_id": "N_c624",
          "qds_id": "N_2121",
          "values": [
            "197363",
            "197364",
            "197365",
            "197366",
            "197565",
            "197566",
            "197567",
            "197568",
            "197569",
            "197570",
            "197629",
            "197630",
            "197631",
            "197632",
            "198045",
            "198046",
            "198047",
            "199283",
            "199406",
            "199820",
            "250033",
            "309671",
            "309672",
            "310019",
            "310020",
            "310021",
            "310022",
            "312036",
            "313496",
            "313498",
            "313499",
            "317136",
            "484938",
            "835564",
            "835568",
            "835572",
            "835577",
            "835582",
            "835586",
            "835589",
            "835591",
            "835593",
            "856762",
            "856773",
            "856783",
            "856834",
            "856845",
            "856853",
            "856859",
            "856862",
            "856865",
            "856867",
            "856868",
            "857289",
            "857292",
            "857297",
            "857301",
            "857305",
            "857326",
            "865143",
            "865146",
            "892742",
            "894755",
            "894759",
            "894763",
            "905168",
            "905172",
            "966787"
          ]
        }
      ]
    },
    "encounter_ed_encounter": {
      "standard_concept": "encounter_ed",
      "standard_category": "encounter",
      "standard_concept_id": "N_c60",
      "qds_data_type": "encounter",
      "qds_id": "N_2039",
      "type": "array",
      "items": {
        "type": "number",
        "format": "utc-sec"
      },
      "codes": [
        {
          "set": "CPT",
          "version": "06/2009",
          "standard_concept": "encounter_ed",
          "standard_concept_id": "N_c60",
          "qds_id": "N_2039",
          "values": [
            "99281",
            "99282",
            "99283",
            "99284",
            "99285"
          ]
        }
      ]
    }
  },
  "sub_id": "b",
  "subtitle": "Antidepressant medication dispensed for at least 180 days following first diagnosis of major depression",
  "short_subtitle": "180day",
  "numerator": {
    "and": [
      {
        "category": "Medication Dispensed",
        "title": "Antidepressant medication dispensed for at least 180 days following first diagnosis of major depression"
      }
    ]
  }
}