{
  "endorser": "NQF",
  "id": "0385",
  "properties": [
    "NQF_Retooled_Measure_0385.xlsx.json"
  ],
  "name": "Oncology Colon Cancer: Chemotherapy for Stage III Colon Cancer Patients",
  "description": "Percentage of patients aged 18 years and older with Stage IIIA through IIIC colon cancer who are referred for adjuvant chemotherapy, prescribed adjuvant chemotherapy, or have previously received adjuvant chemotherapy within the 12-month reporting period.",
  "category": "Cancer",
  "steward": "AMA",
  "parameters": {
    "effective_date": {
      "description": "Effective end date for measure",
      "type": "number",
      "format": "utc-sec"
    }
  },
  "patient": {
    "birthdate": {
      "description": "Date of birth",
      "type": "number",
      "standard_category": "characteristic",
      "format": "utc-sec",
      "codes": [
        {
          "set": "HL7",
          "version": "3.0",
          "values": [
            "00110"
          ]
        }
      ]
    }
  },
  "population": {
    "conjunction": "and",
    "items": [
      {
        "category": "Patient characteristic",
        "title": "Age >= 18 years"
      },
      {
        "conjunction": "or",
        "items": [
          {
            "category": "Diagnosis active",
            "title": "Colon cancer"
          },
          {
            "category": "Diagnosis inactive",
            "title": "Colon cancer history"
          }
        ]
      },
      {
        "category": "Encounter",
        "title": ">= 2 counts of office visit"
      }
    ]
  },
  "denominator": {
    "conjunction": "and",
    "items": [
      {
        "category": "Procedure result",
        "title": "Colon cancer stage III"
      }
    ]
  },
  "numerator": {
    "conjunction": "or",
    "items": [
      {
        "category": "Medication order",
        "title": "Chemotherapy for colon cancer"
      },
      {
        "category": "Medication administered",
        "title": "Chemotherapy for colon cancer"
      }
    ]
  },
  "exclusions": {
    "conjunction": "or",
    "items": [
      {
        "category": "Diagnosis active",
        "title": "Metastatic sites common to colon cancer"
      },
      {
        "category": "Diagnosis active",
        "title": "Acute renal insufficiency"
      },
      {
        "category": "Diagnosis active",
        "title": "Neutropenia"
      },
      {
        "category": "Diagnosis active",
        "title": "Leukopenia"
      },
      {
        "category": "Patient characteristic",
        "title": "ECOG performance status poor"
      },
      {
        "category": "Medication intolerance",
        "title": "Chemotherapy for colon cancer"
      },
      {
        "category": "Medication adverse event",
        "title": "Chemotherapy for colon cancer"
      },
      {
        "category": "Medication allergy",
        "title": "Chemotherapy for colon cancer"
      },
      {
        "category": "Medication not done",
        "title": "Medical reason"
      },
      {
        "category": "Medication not done",
        "title": "Patient reason"
      },
      {
        "category": "Medication not done",
        "title": "System reason"
      }
    ]
  },
  "map_fn": "function() {\n  var patient = this;\n  var measure = patient.measures[\"0385\"];\n  if (measure == null)\n    measure={};\n\n  <%= init_js_frameworks %>\n\n  var day = 24 * 60 * 60;\n  var year = 365 * day;\n  var effective_date =        <%= effective_date %>;\n\n  var measurement_period_start =  effective_date - (1 * year);\n  var latest_birthdate = latestBirthdayForThisAge(18, measurement_period_start);\n\n  var earliest_encounter =        measurement_period_start - (1 * year);\n\n  var latest_encounter = maxInRange(measure.encounter_office_visit_encounter, earliest_encounter, effective_date);\n\n  var population = function() {\n    var age_match = patient.birthdate <= latest_birthdate;\n    if (latest_encounter == -Infinity) {\n      return false;\n    }\n    var colon_cancer = lessThan(measure.colon_cancer_diagnosis_active, latest_encounter); \n    var colon_cancer_history = lessThan(measure.colon_cancer_history_diagnosis_inactive, latest_encounter);\n    var encounter_count = inRange(measure.encounter_office_visit_encounter, earliest_encounter, effective_date);\n    return (age_match &&\n            (colon_cancer || colon_cancer_history) &&\n            (encounter_count > 1));\n  }\n\n  var denominator = function() {\n    var colon_cancer_iii = lessThan(measure.colon_cancer_stage_iii_procedure_result, latest_encounter); \n    return colon_cancer_iii;\n  }\n\n  var numerator = function() {\n    var chemo_dates = normalize(measure.chemotherapy_for_colon_cancer_medication_order,\n      measure.chemotherapy_for_colon_cancer_medication_administered);\n    var chemo = lessThan(chemo_dates, latest_encounter);\n    return chemo;\n  }\n\n  var exclusion = function() {\n    var metastatic_sites = lessThan(measure.metastatic_sites_common_to_colon_cancer_diagnosis_active, latest_encounter);\n    var renal_isufficiency = lessThan(measure.acute_renal_insufficiency_diagnosis_active, latest_encounter);\n    var neutropenia = lessThan(measure.neutropenia_diagnosis_active, latest_encounter);\n    var leukopenia = lessThan(measure.leukopenia_diagnosis_active, latest_encounter);\n    var ecog = lessThan(measure.ecog_performance_status_poor_patient_characteristic, latest_encounter);\n    var allergy = lessThan(measure.chemotherapy_for_colon_cancer_medication_allergy, latest_encounter);\n    var medical = lessThan(measure.medical_reason_medication_not_done, effective_date);\n    var patient = lessThan(measure.patient_reason_medication_not_done, effective_date);\n    var system = lessThan(measure.system_reason_medication_not_done, effective_date);\n\n    return metastatic_sites || renal_isufficiency || neutropenia || leukopenia || ecog || allergy\n      || medical || patient || system;\n  }\n  \n  map(patient, population, denominator, numerator, exclusion);\n};\n",
  "measure": {
    "acute_renal_insufficiency_diagnosis_active": {
      "standard_concept": "acute_renal_insufficiency",
      "standard_category": "diagnosis_condition_problem",
      "standard_concept_id": "A_c498",
      "qds_data_type": "diagnosis_active",
      "qds_id": "A_1508",
      "type": "array",
      "items": {
        "type": "number",
        "format": "utc-sec"
      },
      "codes": [
        {
          "set": "ICD-10-CM",
          "version": "2010",
          "standard_concept": "acute_renal_insufficiency",
          "standard_concept_id": "A_c496",
          "qds_id": "A_7085",
          "values": [
            "N18.9",
            "N28.9"
          ]
        },
        {
          "set": "ICD-9-CM",
          "version": "2010",
          "standard_concept": "acute_renal_insufficiency",
          "standard_concept_id": "A_c495",
          "qds_id": "A_7097",
          "values": [
            "593.9"
          ]
        },
        {
          "set": "SNOMED-CT",
          "version": "07/2009",
          "standard_concept": "acute_renal_insufficiency",
          "standard_concept_id": "A_c497",
          "qds_id": "A_7042",
          "values": [
            "14669001",
            "236428007",
            "269257004",
            "301814009",
            "307309005",
            "422593004",
            "430535006",
            "55655006"
          ]
        }
      ]
    },
    "colon_cancer_diagnosis_active": {
      "standard_concept": "colon_cancer",
      "standard_category": "diagnosis_condition_problem",
      "standard_concept_id": "A_c391",
      "qds_data_type": "diagnosis_active",
      "qds_id": "A_1324",
      "type": "array",
      "items": {
        "type": "number",
        "format": "utc-sec"
      },
      "codes": [
        {
          "set": "ICD-10-CM",
          "version": "2010",
          "standard_concept": "colon_cancer",
          "standard_concept_id": "A_c345",
          "qds_id": "A_1192",
          "values": [
            "C18.0",
            "C18.1",
            "C18.2",
            "C18.3",
            "C18.4",
            "C18.5",
            "C18.6",
            "C18.7",
            "C18.9",
            "C19"
          ]
        },
        {
          "set": "ICD-9-CM",
          "version": "2009",
          "standard_concept": "colon_cancer",
          "standard_concept_id": "A_c344",
          "qds_id": "A_1191",
          "values": [
            "153.0",
            "153.1",
            "153.2",
            "153.3",
            "153.4",
            "153.5",
            "153.6",
            "153.7",
            "153.8",
            "153.9"
          ]
        },
        {
          "set": "SNOMED-CT",
          "version": "07/09",
          "standard_concept": "colon_cancer",
          "standard_concept_id": "A_c316",
          "qds_id": "A_1118",
          "values": [
            "109838007",
            "126838000",
            "187757001",
            "187758006",
            "269533000",
            "269544008",
            "285312008",
            "285611007",
            "301756000",
            "312111009",
            "312112002",
            "312113007",
            "312114001",
            "312115000",
            "314965007",
            "315058005",
            "363406005",
            "363407001",
            "363408006",
            "363409003",
            "363410008",
            "363412000",
            "363413005",
            "363414004",
            "363510005",
            "425178004",
            "93683002",
            "93761005",
            "93771007",
            "93826009",
            "93980002",
            "94006002",
            "94072004",
            "94105000",
            "94179005",
            "94260004",
            "94271003",
            "94328005",
            "94509004",
            "94538001",
            "94604000",
            "94643001"
          ]
        }
      ]
    },
    "colon_cancer_history_diagnosis_inactive": {
      "standard_concept": "colon_cancer_history",
      "standard_category": "diagnosis_condition_problem",
      "standard_concept_id": "A_c392",
      "qds_data_type": "diagnosis_inactive",
      "qds_id": "A_1325",
      "type": "array",
      "items": {
        "type": "number",
        "format": "utc-sec"
      },
      "codes": [
        {
          "set": "ICD-10-CM",
          "version": "2010",
          "standard_concept": "colon_cancer_history",
          "standard_concept_id": "A_c94",
          "qds_id": "A_785",
          "values": [
            "Z85.03"
          ]
        },
        {
          "set": "ICD-9-CM",
          "version": "2009",
          "standard_concept": "colon_cancer_history",
          "standard_concept_id": "A_c93",
          "qds_id": "A_784",
          "values": [
            "V10.05"
          ]
        },
        {
          "set": "SNOMED-CT",
          "version": "07/09",
          "standard_concept": "colon_cancer_history",
          "standard_concept_id": "A_c415",
          "qds_id": "A_1443",
          "values": [
            "429699009"
          ]
        }
      ]
    },
    "leukopenia_diagnosis_active": {
      "standard_concept": "leukopenia",
      "standard_category": "diagnosis_condition_problem",
      "standard_concept_id": "A_c506",
      "qds_data_type": "diagnosis_active",
      "qds_id": "A_1510",
      "type": "array",
      "items": {
        "type": "number",
        "format": "utc-sec"
      },
      "codes": [
        {
          "set": "ICD-10-CM",
          "version": "2010",
          "standard_concept": "leukopenia",
          "standard_concept_id": "A_c504",
          "qds_id": "A_7067",
          "values": [
            "D70.0",
            "D72.818",
            "D72.819"
          ]
        },
        {
          "set": "ICD-9-CM",
          "version": "2010",
          "standard_concept": "leukopenia",
          "standard_concept_id": "A_c503",
          "qds_id": "A_7080",
          "values": [
            "288.50",
            "288.59"
          ]
        },
        {
          "set": "SNOMED-CT",
          "version": "07/2009",
          "standard_concept": "leukopenia",
          "standard_concept_id": "A_c505",
          "qds_id": "A_7040",
          "values": [
            "123777002",
            "127034005",
            "183005",
            "234418001",
            "417672002",
            "426800001",
            "427245000",
            "5876000",
            "84828003"
          ]
        }
      ]
    },
    "metastatic_sites_common_to_colon_cancer_diagnosis_active": {
      "standard_concept": "metastatic_sites_common_to_colon_cancer",
      "standard_category": "diagnosis_condition_problem",
      "standard_concept_id": "A_c490",
      "qds_data_type": "diagnosis_active",
      "qds_id": "A_1506",
      "type": "array",
      "items": {
        "type": "number",
        "format": "utc-sec"
      },
      "codes": [
        {
          "set": "ICD-10-CM",
          "version": "2010",
          "standard_concept": "metastatic_sites_common_to_colon_cancer",
          "standard_concept_id": "A_c488",
          "qds_id": "A_7096",
          "values": [
            "C78.7"
          ]
        },
        {
          "set": "ICD-9-CM",
          "version": "2010",
          "standard_concept": "metastatic_sites_common_to_colon_cancer",
          "standard_concept_id": "A_c487",
          "qds_id": "A_7095",
          "values": [
            "197.7"
          ]
        },
        {
          "set": "SNOMED-CT",
          "version": "07/2009",
          "standard_concept": "metastatic_sites_common_to_colon_cancer",
          "standard_concept_id": "A_c489",
          "qds_id": "A_7093",
          "values": [
            "94222008"
          ]
        }
      ]
    },
    "neutropenia_diagnosis_active": {
      "standard_concept": "neutropenia",
      "standard_category": "diagnosis_condition_problem",
      "standard_concept_id": "A_c502",
      "qds_data_type": "diagnosis_active",
      "qds_id": "A_1509",
      "type": "array",
      "items": {
        "type": "number",
        "format": "utc-sec"
      },
      "codes": [
        {
          "set": "ICD-10-CM",
          "version": "2010",
          "standard_concept": "acute_renal_insufficiency",
          "standard_concept_id": "A_c496",
          "qds_id": "A_7085",
          "values": [
            "N18.9",
            "N28.9"
          ]
        },
        {
          "set": "SNOMED-CT",
          "version": "07/2009",
          "standard_concept": "acute_renal_insufficiency",
          "standard_concept_id": "A_c497",
          "qds_id": "A_7042",
          "values": [
            "14669001",
            "236428007",
            "269257004",
            "301814009",
            "307309005",
            "422593004",
            "430535006",
            "55655006"
          ]
        },
        {
          "set": "ICD-9-CM",
          "version": "2010",
          "standard_concept": "neutropenia",
          "standard_concept_id": "A_c499",
          "qds_id": "A_7055",
          "values": [
            "288.00",
            "288.02",
            "288.03",
            "288.04",
            "288.09",
            "289.53"
          ]
        }
      ]
    },
    "chemotherapy_for_colon_cancer_medication_order": {
      "standard_concept": "chemotherapy_for_colon_cancer",
      "standard_category": "medication",
      "standard_concept_id": "A_c293",
      "qds_data_type": "medication_order",
      "qds_id": "A_790",
      "type": "array",
      "items": {
        "type": "number",
        "format": "utc-sec"
      },
      "codes": [
        {
          "set": "RxNorm",
          "version": "12/2009",
          "standard_concept": "chemotherapy_for_colon_cancer",
          "standard_concept_id": "A_c293",
          "qds_id": "A_790",
          "values": [
            "105583",
            "105584",
            "105691",
            "197352",
            "197709",
            "197860",
            "197861",
            "197862",
            "197863",
            "199224",
            "199316",
            "200327",
            "200328",
            "237788",
            "239177",
            "244197",
            "250288",
            "284191",
            "310261",
            "310378",
            "310379",
            "310380",
            "311282",
            "388641"
          ]
        }
      ]
    },
    "chemotherapy_for_colon_cancer_medication_administered": {
      "standard_concept": "chemotherapy_for_colon_cancer",
      "standard_category": "medication",
      "standard_concept_id": "A_c293",
      "qds_data_type": "medication_administered",
      "qds_id": "A_791",
      "type": "array",
      "items": {
        "type": "number",
        "format": "utc-sec"
      },
      "codes": [
        {
          "set": "RxNorm",
          "version": "12/2009",
          "standard_concept": "chemotherapy_for_colon_cancer",
          "standard_concept_id": "A_c293",
          "qds_id": "A_791",
          "values": [
            "105583",
            "105584",
            "105691",
            "197352",
            "197709",
            "197860",
            "197861",
            "197862",
            "197863",
            "199224",
            "199316",
            "200327",
            "200328",
            "237788",
            "239177",
            "244197",
            "250288",
            "284191",
            "310261",
            "310378",
            "310379",
            "310380",
            "311282",
            "388641"
          ]
        }
      ]
    },
    "chemotherapy_for_colon_cancer_medication_intolerance": {
      "standard_concept": "chemotherapy_for_colon_cancer",
      "standard_category": "medication",
      "standard_concept_id": "A_c293",
      "qds_data_type": "medication_intolerance",
      "qds_id": "A_797",
      "type": "array",
      "items": {
        "type": "number",
        "format": "utc-sec"
      },
      "codes": [
        {
          "set": "RxNorm",
          "version": "12/2009",
          "standard_concept": "chemotherapy_for_colon_cancer",
          "standard_concept_id": "A_c293",
          "qds_id": "A_797",
          "values": [
            "105583",
            "105584",
            "105691",
            "197352",
            "197709",
            "197860",
            "197861",
            "197862",
            "197863",
            "199224",
            "199316",
            "200327",
            "200328",
            "237788",
            "239177",
            "244197",
            "250288",
            "284191",
            "310261",
            "310378",
            "310379",
            "310380",
            "311282",
            "388641"
          ]
        }
      ]
    },
    "chemotherapy_for_colon_cancer_medication_adverse_event": {
      "standard_concept": "chemotherapy_for_colon_cancer",
      "standard_category": "medication",
      "standard_concept_id": "A_c293",
      "qds_data_type": "medication_adverse_event",
      "qds_id": "A_798",
      "type": "array",
      "items": {
        "type": "number",
        "format": "utc-sec"
      },
      "codes": [
        {
          "set": "RxNorm",
          "version": "12/2009",
          "standard_concept": "chemotherapy_for_colon_cancer",
          "standard_concept_id": "A_c293",
          "qds_id": "A_798",
          "values": [
            "105583",
            "105584",
            "105691",
            "197352",
            "197709",
            "197860",
            "197861",
            "197862",
            "197863",
            "199224",
            "199316",
            "200327",
            "200328",
            "237788",
            "239177",
            "244197",
            "250288",
            "284191",
            "310261",
            "310378",
            "310379",
            "310380",
            "311282",
            "388641"
          ]
        }
      ]
    },
    "chemotherapy_for_colon_cancer_medication_allergy": {
      "standard_concept": "chemotherapy_for_colon_cancer",
      "standard_category": "medication",
      "standard_concept_id": "A_c293",
      "qds_data_type": "medication_allergy",
      "qds_id": "A_799",
      "type": "array",
      "items": {
        "type": "number",
        "format": "utc-sec"
      },
      "codes": [
        {
          "set": "RxNorm",
          "version": "12/2009",
          "standard_concept": "chemotherapy_for_colon_cancer",
          "standard_concept_id": "A_c293",
          "qds_id": "A_799",
          "values": [
            "105583",
            "105584",
            "105691",
            "197352",
            "197709",
            "197860",
            "197861",
            "197862",
            "197863",
            "199224",
            "199316",
            "200327",
            "200328",
            "237788",
            "239177",
            "244197",
            "250288",
            "284191",
            "310261",
            "310378",
            "310379",
            "310380",
            "311282",
            "388641"
          ]
        }
      ]
    },
    "colon_cancer_stage_iii_procedure_result": {
      "standard_concept": "colon_cancer_stage_iii",
      "standard_category": "procedure",
      "standard_concept_id": "A_c292",
      "qds_data_type": "procedure_result",
      "qds_id": "A_788",
      "type": "array",
      "items": {
        "type": "number",
        "format": "utc-sec"
      },
      "codes": [
        {
          "set": "SNOMED-CT",
          "version": "7/2009",
          "standard_concept": "colon_cancer_stage_iii",
          "standard_concept_id": "A_c292",
          "qds_id": "A_788",
          "values": [
            "261654001",
            "261656004",
            "261657008",
            "261658003",
            "369921003",
            "370046006"
          ]
        }
      ]
    },
    "ecog_performance_status_poor_patient_characteristic": {
      "standard_concept": "ecog_performance_status_poor",
      "standard_category": "individual_characteristic",
      "standard_concept_id": "A_c508",
      "qds_data_type": "patient_characteristic",
      "qds_id": "A_1511",
      "type": "array",
      "items": {
        "type": "number",
        "format": "utc-sec"
      },
      "codes": [
        {
          "set": "SNOMED-CT",
          "version": "07/2009",
          "standard_concept": "ecog_performance_status_poor",
          "standard_concept_id": "A_c508",
          "qds_id": "A_1511",
          "values": [
            "422894000",
            "423053003",
            "423237006"
          ]
        }
      ]
    },
    "encounter_office_visit_encounter": {
      "standard_concept": "encounter_office_visit",
      "standard_category": "encounter",
      "standard_concept_id": "A_c114",
      "qds_data_type": "encounter",
      "qds_id": "A_287",
      "type": "array",
      "items": {
        "type": "number",
        "format": "utc-sec"
      },
      "codes": [
        {
          "set": "CPT",
          "version": "2010",
          "standard_concept": "encounter_office_visit",
          "standard_concept_id": "A_c114",
          "qds_id": "A_287",
          "values": [
            "99201",
            "99202",
            "99203",
            "99204",
            "99205",
            "99212",
            "99213",
            "99214",
            "99215"
          ]
        }
      ]
    },
    "medical_reason_medication_not_done": {
      "standard_concept": "medical_reason",
      "standard_category": "negation_rationale",
      "standard_concept_id": "A_c313",
      "qds_data_type": "medication_not_done",
      "qds_id": "A_984",
      "type": "array",
      "items": {
        "type": "number",
        "format": "utc-sec"
      },
      "codes": [
        {
          "set": "HL7",
          "version": "3.0",
          "standard_concept": "medical_reason",
          "standard_concept_id": "A_c313",
          "qds_id": "A_984",
          "values": [
            "21703",
            "21704",
            "21738",
            "21745",
            "21747",
            "21815",
            "21990",
            "22259",
            "22261",
            "22855"
          ]
        }
      ]
    },
    "patient_reason_medication_not_done": {
      "standard_concept": "patient_reason",
      "standard_category": "negation_rationale",
      "standard_concept_id": "A_c311",
      "qds_data_type": "medication_not_done",
      "qds_id": "A_982",
      "type": "array",
      "items": {
        "type": "number",
        "format": "utc-sec"
      },
      "codes": [
        {
          "set": "HL7",
          "version": "3.0",
          "standard_concept": "patient_reason",
          "standard_concept_id": "A_c311",
          "qds_id": "A_982",
          "values": [
            "14880",
            "15985",
            "19729",
            "21708",
            "21710",
            "21741",
            "21743",
            "21746",
            "22260",
            "22851"
          ]
        }
      ]
    },
    "system_reason_medication_not_done": {
      "standard_concept": "system_reason",
      "standard_category": "negation_rationale",
      "standard_concept_id": "A_c310",
      "qds_data_type": "medication_not_done",
      "qds_id": "A_980",
      "type": "array",
      "items": {
        "type": "number",
        "format": "utc-sec"
      },
      "codes": [
        {
          "set": "HL7",
          "version": "3.0",
          "standard_concept": "system_reason",
          "standard_concept_id": "A_c310",
          "qds_id": "A_980",
          "values": [
            "19730",
            "19731",
            "19733",
            "19734",
            "19735",
            "19736",
            "19987",
            "19988",
            "19989",
            "19990",
            "21408",
            "21493",
            "21568",
            "21706",
            "21707",
            "21709",
            "21728",
            "21729",
            "21730",
            "21731",
            "21732",
            "21733",
            "21734",
            "21735",
            "21744",
            "22023",
            "22024",
            "22165",
            "22166",
            "22167",
            "22168",
            "22169",
            "22857",
            "22858",
            "22859",
            "22865",
            "22866",
            "22867",
            "22907",
            "22909",
            "22911",
            "22912",
            "22913"
          ]
        }
      ]
    }
  }
}