{
  "endorser": "NQF",
  "id": "0387",
  "properties": [
    "NQF_Retooled_Measure_0387.xlsx.json"
  ],
  "name": "Oncology Breast Cancer: Hormonal Therapy for Stage IC-IIIC Estrogen Receptor/Progesterone Receptor (ER/PR) Positive Breast Cancer",
  "description": "Percentage of female patients aged 18 years and older with Stage IC through IIIC, ER or PR positive breast cancer who were prescribed tamoxifen or aromatase inhibitor (AI) during the 12-month reporting period.",
  "category": "Cancer",
  "steward": "AMA",
  "parameters": {
    "effective_date": {
      "description": "Effective end date for measure",
      "type": "number",
      "format": "utc-sec"
    }
  },
  "patient": {
    "birthdate": {
      "description": "Date of birth",
      "type": "number",
      "standard_category": "characteristic",
      "format": "utc-sec",
      "codes": [
        {
          "set": "HL7",
          "version": "3.0",
          "values": [
            "00110"
          ]
        }
      ]
    }
  },
  "population": {
    "conjunction": "and",
    "items": [
      {
        "category": "Patient characteristic",
        "title": "Age >= 18 years"
      },
      {
        "conjunction": "or",
        "items": [
          {
            "category": "Diagnosis active",
            "title": "Active breast cancer"
          },
          {
            "category": "Diagnosis inactive",
            "title": "Breast cancer history"
          }
        ]
      },
      {
        "category": "Encounter",
        "title": ">= 2 counts of office visit encounter"
      }
    ]
  },
  "denominator": {
    "conjunction": "and",
    "items": [
      {
        "category": "Patient Characteristic",
        "title": "Gender Female"
      },
      {
        "category": "Procedure Result",
        "title": "Breast Cancer Stage IC-IIIC"
      },
      {
        "category": "Procedure result",
        "title": "breast cancer ER or PR positive"
      }
    ]
  },
  "numerator": {
    "conjunction": "or",
    "items": [
      {
        "category": "Medication order",
        "title": "Tamoxifen or aromatase inhibitor therapy"
      },
      {
        "category": "Medication active",
        "title": "Tamoxifen or aromatase inhibitor therapy"
      }
    ]
  },
  "exclusions": {
    "conjunction": "or",
    "items": [
      {
        "category": "Medication intolerance",
        "title": "Tamoxifen or aromatase inhibitor therapy"
      },
      {
        "category": "Medication adverse event",
        "title": "Tamoxifen or aromatase inhibitor therapy"
      },
      {
        "category": "Medication allergy",
        "title": "Tamoxifen or aromatase inhibitor therapy"
      },
      {
        "category": "Medication Active",
        "title": "Gonadotropin-releasing hormone analogue medication"
      },
      {
        "category": "Procedure Performed",
        "title": "Bilateral oophorectomy"
      },
      {
        "category": "Procedure Performed",
        "title": "Radiation therapy"
      },
      {
        "category": "Procedure Performed",
        "title": "Chemotherapy"
      },
      {
        "category": "Diagnosis Active",
        "title": "Metastatic sites common to breast cancer"
      },
      {
        "category": "Tamoxifen or aromatase inhibitor therapy not done",
        "title": "Medical reason"
      },
      {
        "category": "Tamoxifen or aromatase inhibitor therapy not done",
        "title": "Patient reason"
      },
      {
        "category": "Tamoxifen or aromatase inhibitor therapy not done",
        "title": "System reason"
      }
    ]
  },
  "map_fn": "function() {\n  var patient = this;\n  var measure = patient.measures[\"0387\"];\n  if (measure == null)\n    measure={};\n\n  <%= init_js_frameworks %>\n\n  var day = 24 * 60 * 60;\n  var year = 365 * day;\n  var effective_date =        <%= effective_date %>;\n  var measurement_period_start =  effective_date - (1 * year);\n  var latest_birthdate = latestBirthdayForThisAge(18, measurement_period_start);\n\n  var earliest_encounter = effective_date - (1 * year);\n  var latest_encounter = maxInRange(measure.encounter_office_visit_encounter, earliest_encounter, effective_date);\n\n  var population = function() {\n    var age_match = patient.birthdate <= latest_birthdate;\n    var breast_cancer = lessThan(measure.breast_cancer_diagnosis_active, latest_encounter);\n    var breast_cancer_history = lessThan(measure.breast_cancer_history_diagnosis_inactive, latest_encounter);\n    return (age_match && (breast_cancer || breast_cancer_history)) ;\n  };\n\n  var denominator = function() {\n    var breast_cancer_stage_ic_iiic = lessThan(measure.breast_cancer_stage_ic_iiic_procedure_result, latest_encounter);\n    var breast_cancer_er_or_pr_positive = lessThan(measure.breast_cancer_er_or_pr_positive_procedure_result, latest_encounter);\n    return (patient.gender == \"F\"  && breast_cancer_stage_ic_iiic && breast_cancer_er_or_pr_positive);\n  };\n\n  var numerator = function() {\n    var meds_order_active = normalize(measure.tamoxifen_or_aromatase_inhibitor_therapy_medication_order,\n      measure.tamoxifen_or_aromatase_inhibitor_therapy_medication_active);\n    var meds = inRange(meds_order_active, earliest_encounter, effective_date);\n    return (meds)\n  };\n\n  var exclusion = function() {\n    var meds_issues = normalize(measure.tamoxifen_or_aromatase_inhibitor_therapy_medication_intolerance,\n      measure.tamoxifen_or_aromatase_inhibitor_therapy_medication_adverse_event,\n      measure.tamoxifen_or_aromatase_inhibitor_therapy_medication_allergy);\n    var meds_issues_happened = inRange(meds_issues, earliest_encounter, effective_date);\n    var metastatic_sites = lessThan(measure.metastatic_sites_common_to_breast_cancer_diagnosis_active, latest_encounter);\n    var bilateral_oophorectomy = lessThan(measure.bilateral_oophorectomy_procedure_performed, latest_encounter);\n    var radiation_therapy = lessThan(measure.radiation_therapy_procedure_performed, latest_encounter);\n    var chemotherapy = lessThan(measure.chemotherapy_procedure_performed, latest_encounter);\n    var medical = lessThan(measure.medical_reason_medication_not_done, effective_date);\n    var patient = lessThan(measure.patient_reason_medication_not_done, effective_date);\n    var system = lessThan(measure.system_reason_medication_not_done, effective_date);\n    return meds_issues_happened || metastatic_sites || bilateral_oophorectomy ||\n      radiation_therapy || chemotherapy || medical || patient || system;\n  }\n\n  map(patient, population, denominator, numerator, exclusion);\n}",
  "measure": {
    "bilateral_oophorectomy_procedure_performed": {
      "standard_concept": "bilateral_oophorectomy",
      "standard_category": "procedure",
      "standard_concept_id": "A_c471",
      "qds_data_type": "procedure_performed",
      "qds_id": "A_1499",
      "type": "array",
      "items": {
        "type": "number",
        "format": "utc-sec"
      },
      "codes": [
        {
          "set": "CPT",
          "version": "2010",
          "standard_concept": "bilateral_oophorectomy",
          "standard_concept_id": "A_c470",
          "qds_id": "A_7048",
          "values": [
            "58720",
            "58940",
            "58943",
            "58950",
            "58951",
            "58952",
            "58953",
            "58954",
            "58956"
          ]
        },
        {
          "set": "SNOMED-CT",
          "version": "07/2009",
          "standard_concept": "bilateral_oophorectomy",
          "standard_concept_id": "A_c469",
          "qds_id": "A_7050",
          "values": [
            "29529008",
            "29827000",
            "441820006",
            "44619000",
            "76876009",
            "86477000"
          ]
        }
      ]
    },
    "breast_cancer_diagnosis_active": {
      "standard_concept": "breast_cancer",
      "standard_category": "diagnosis_condition_problem",
      "standard_concept_id": "A_c389",
      "qds_data_type": "diagnosis_active",
      "qds_id": "A_1322",
      "type": "array",
      "items": {
        "type": "number",
        "format": "utc-sec"
      },
      "codes": [
        {
          "set": "ICD-10-CM",
          "version": "2010",
          "standard_concept": "breast_cancer",
          "standard_concept_id": "A_c97",
          "qds_id": "A_234",
          "values": [
            "C50",
            "C50.0",
            "C50.4",
            "C50.5",
            "C50.6",
            "C50.9"
          ]
        },
        {
          "set": "ICD-9-CM",
          "version": "2009",
          "standard_concept": "breast_cancer",
          "standard_concept_id": "A_c96",
          "qds_id": "A_233",
          "values": [
            "174.0",
            "174.1",
            "174.2",
            "174.3",
            "174.4",
            "174.5",
            "174.6",
            "174.8",
            "174.9"
          ]
        },
        {
          "set": "SNOMED-CT",
          "version": "7/2009",
          "standard_concept": "breast_cancer",
          "standard_concept_id": "A_c98",
          "qds_id": "A_235",
          "values": [
            "109886000",
            "126926005",
            "188050009",
            "188147009",
            "188151006",
            "188152004",
            "188153009",
            "188154003",
            "188155002",
            "188156001",
            "188157005",
            "188158000",
            "188159008",
            "188161004",
            "188361007",
            "254837009",
            "254838004",
            "254839007",
            "254840009",
            "254841008",
            "254843006",
            "254844000",
            "278050001",
            "278052009",
            "278053004",
            "278054005",
            "286892007",
            "286893002",
            "286894008",
            "286895009",
            "286896005",
            "286897001",
            "314955001",
            "372064008",
            "372092003",
            "372093008",
            "372094002",
            "372095001",
            "372096000",
            "372137005",
            "373080008",
            "373081007",
            "373082000",
            "373083005",
            "373088001",
            "373089009",
            "373090000",
            "373091001",
            "403458008",
            "403946000",
            "408643008",
            "417181009",
            "427685000",
            "431396003",
            "93215006",
            "93680004",
            "93745008",
            "93776002",
            "93796005",
            "93874009",
            "93876006",
            "93924008",
            "94012007",
            "94115006",
            "94176003",
            "94182000",
            "94244003",
            "94276008",
            "94297009",
            "94385006",
            "94387003",
            "94443006",
            "94544002",
            "94653000",
            "94655007"
          ]
        }
      ]
    },
    "breast_cancer_history_diagnosis_inactive": {
      "standard_concept": "breast_cancer_history",
      "standard_category": "diagnosis_condition_problem",
      "standard_concept_id": "A_c390",
      "qds_data_type": "diagnosis_inactive",
      "qds_id": "A_1323",
      "type": "array",
      "items": {
        "type": "number",
        "format": "utc-sec"
      },
      "codes": [
        {
          "set": "ICD-10-CM",
          "version": "2010",
          "standard_concept": "breast_cancer_history",
          "standard_concept_id": "A_c279",
          "qds_id": "A_763",
          "values": [
            "Z85.3"
          ]
        },
        {
          "set": "ICD-9-CM",
          "version": "2009",
          "standard_concept": "breast_cancer_history",
          "standard_concept_id": "A_c278",
          "qds_id": "A_762",
          "values": [
            "V10.3"
          ]
        },
        {
          "set": "SNOMED-CT",
          "version": "07/09",
          "standard_concept": "breast_cancer_history",
          "standard_concept_id": "A_c416",
          "qds_id": "A_1444",
          "values": [
            "429087003"
          ]
        }
      ]
    },
    "chemotherapy_procedure_performed": {
      "standard_concept": "chemotherapy",
      "standard_category": "procedure",
      "standard_concept_id": "A_c485",
      "qds_data_type": "procedure_performed",
      "qds_id": "A_1502",
      "type": "array",
      "items": {
        "type": "number",
        "format": "utc-sec"
      },
      "codes": [
        {
          "set": "CPT",
          "version": "2010",
          "standard_concept": "chemotherapy",
          "standard_concept_id": "A_c484",
          "qds_id": "A_7030",
          "values": [
            "96401",
            "96402",
            "96405",
            "96406",
            "96409",
            "96411",
            "96413",
            "96415",
            "96416",
            "96417",
            "96420",
            "96422",
            "96423",
            "96425",
            "96440",
            "96445",
            "96450",
            "96521",
            "96522",
            "96523",
            "96542",
            "96549"
          ]
        },
        {
          "set": "SNOMED-CT",
          "version": "07/2009",
          "standard_concept": "chemotherapy",
          "standard_concept_id": "A_c483",
          "qds_id": "A_7022",
          "values": [
            "169396008",
            "169397004",
            "169398009",
            "169399001",
            "169400008",
            "169401007",
            "169402000",
            "169403005",
            "182975000",
            "183651009",
            "22733003",
            "24977001",
            "265760000",
            "265761001",
            "265762008",
            "266719004",
            "268500004",
            "315601005",
            "31652009",
            "38216008",
            "394894008",
            "394895009",
            "394935005",
            "399042005",
            "4114003",
            "51534007",
            "68619000",
            "6872008",
            "69960004",
            "77738002"
          ]
        }
      ]
    },
    "metastatic_sites_common_to_breast_cancer_diagnosis_active": {
      "standard_concept": "metastatic_sites_common_to_breast_cancer",
      "standard_category": "diagnosis_condition_problem",
      "standard_concept_id": "A_c447",
      "qds_data_type": "diagnosis_active",
      "qds_id": "A_1503",
      "type": "array",
      "items": {
        "type": "number",
        "format": "utc-sec"
      },
      "codes": [
        {
          "set": "ICD-10-CM",
          "version": "2010",
          "standard_concept": "metastatic_sites_common_to_breast_cancer",
          "standard_concept_id": "A_c445",
          "qds_id": "A_7058",
          "values": [
            "C78.00",
            "C78.01",
            "C78.02",
            "C79.31",
            "C79.51"
          ]
        },
        {
          "set": "ICD-9-CM",
          "version": "2010",
          "standard_concept": "metastatic_sites_common_to_breast_cancer",
          "standard_concept_id": "A_c443",
          "qds_id": "A_7066",
          "values": [
            "197.0",
            "197.7",
            "198.3",
            "198.5"
          ]
        },
        {
          "set": "SNOMED-CT",
          "version": "07/09",
          "standard_concept": "metastatic_sites_common_to_breast_cancer",
          "standard_concept_id": "A_c446",
          "qds_id": "A_7010",
          "values": [
            "188462001",
            "233940007",
            "255119002",
            "285604008",
            "285619009",
            "285641009",
            "424887002",
            "94157000",
            "94218003",
            "94219006",
            "94220000",
            "94221001",
            "94222008",
            "94224009",
            "94225005",
            "94228007",
            "94229004",
            "94230009",
            "94231008",
            "94232001",
            "94236003",
            "94240007",
            "94243009",
            "94245002",
            "94246001",
            "94247005",
            "94248000",
            "94250008",
            "94256002",
            "94259009",
            "94267001",
            "94269003",
            "94274006",
            "94287000",
            "94300004",
            "94301000",
            "94302007",
            "94308006",
            "94309003",
            "94322006",
            "94326009",
            "94329002",
            "94337005",
            "94348003",
            "94349006",
            "94352003",
            "94353008",
            "94375005",
            "94376006",
            "94381002",
            "94382009",
            "94383004",
            "94389000",
            "94390009",
            "94391008",
            "94403001",
            "94404007",
            "94405008",
            "94411006",
            "94412004",
            "94435001",
            "94439007",
            "94440009",
            "94447007",
            "94448002",
            "94451009",
            "94457008",
            "94470004",
            "94471000",
            "94476005",
            "94478006",
            "94486006",
            "94487002",
            "94489004",
            "94490008",
            "94491007",
            "94504009",
            "94508007",
            "94515004",
            "94521000",
            "94522007",
            "94523002",
            "94524008",
            "94527001",
            "94529003",
            "94533005",
            "94535003",
            "94536002",
            "94598003",
            "94602001",
            "94605004",
            "94619004",
            "94620005",
            "94621009",
            "94622002",
            "94630001",
            "94635006",
            "94644007",
            "94645008",
            "94650002",
            "94680007",
            "94683009"
          ]
        }
      ]
    },
    "radiation_therapy_procedure_performed": {
      "standard_concept": "radiation_therapy",
      "standard_category": "procedure",
      "standard_concept_id": "A_c482",
      "qds_data_type": "procedure_performed",
      "qds_id": "A_1501",
      "type": "array",
      "items": {
        "type": "number",
        "format": "utc-sec"
      },
      "codes": [
        {
          "set": "CPT",
          "version": "2010",
          "standard_concept": "radiation_therapy",
          "standard_concept_id": "A_c480",
          "qds_id": "A_7076",
          "values": [
            "77427",
            "77435",
            "77470"
          ]
        },
        {
          "set": "SNOMED-CT",
          "version": "07/2009",
          "standard_concept": "radiation_therapy",
          "standard_concept_id": "A_c481",
          "qds_id": "A_7014",
          "values": [
            "10226009",
            "108290001",
            "113115007",
            "118641002",
            "15543008",
            "1699009",
            "17876001",
            "228703003",
            "228704009",
            "228705005",
            "228708007",
            "228712001",
            "228713006",
            "228716003",
            "228721000",
            "228722007",
            "228723002",
            "228724008",
            "228725009",
            "228726005",
            "228727001",
            "228728006",
            "228729003",
            "228730008",
            "24689001",
            "26802008",
            "31344000",
            "32947004",
            "35437002",
            "38183002",
            "385798007",
            "394935005",
            "49097004",
            "4914002",
            "49963009",
            "50917001",
            "52338008",
            "53438000",
            "56636003",
            "57966002",
            "59690005",
            "61109003",
            "65263004",
            "69497001",
            "80893007",
            "84336003",
            "84755001",
            "84778007",
            "87390000",
            "9728002",
            "9990009"
          ]
        }
      ]
    },
    "breast_cancer_er_or_pr_positive_procedure_result": {
      "standard_concept": "breast_cancer_er_or_pr_positive",
      "standard_category": "procedure",
      "standard_concept_id": "A_c284",
      "qds_data_type": "procedure_result",
      "qds_id": "A_771",
      "type": "array",
      "items": {
        "type": "number",
        "format": "utc-sec"
      },
      "codes": [
        {
          "set": "SNOMED-CT",
          "version": "7/2009",
          "standard_concept": "breast_cancer_er_or_pr_positive",
          "standard_concept_id": "A_c284",
          "qds_id": "A_771",
          "values": [
            "416053008",
            "416561008",
            "417181009",
            "417742002",
            "427685000"
          ]
        }
      ]
    },
    "breast_cancer_stage_ic_iiic_procedure_result": {
      "standard_concept": "breast_cancer_stage_ic_iiic",
      "standard_category": "procedure",
      "standard_concept_id": "A_c283",
      "qds_data_type": "procedure_result",
      "qds_id": "A_766",
      "type": "array",
      "items": {
        "type": "number",
        "format": "utc-sec"
      },
      "codes": [
        {
          "set": "SNOMED-CT",
          "version": "7/2009",
          "standard_concept": "breast_cancer_stage_ic_iiic",
          "standard_concept_id": "A_c283",
          "qds_id": "A_766",
          "values": [
            "261650005",
            "261653007",
            "261658003",
            "369899008",
            "369900003",
            "369901004"
          ]
        }
      ]
    },
    "encounter_office_visit_encounter": {
      "standard_concept": "encounter_office_visit",
      "standard_category": "encounter",
      "standard_concept_id": "A_c114",
      "qds_data_type": "encounter",
      "qds_id": "A_286",
      "type": "array",
      "items": {
        "type": "number",
        "format": "utc-sec"
      },
      "codes": [
        {
          "set": "CPT",
          "version": "2010",
          "standard_concept": "encounter_office_visit",
          "standard_concept_id": "A_c114",
          "qds_id": "A_286",
          "values": [
            "99201",
            "99202",
            "99203",
            "99204",
            "99205",
            "99212",
            "99213",
            "99214",
            "99215"
          ]
        }
      ]
    },
    "gender_patient_characteristic": {
      "standard_concept": "gender",
      "standard_category": "individual_characteristic",
      "standard_concept_id": "A_c290",
      "qds_data_type": "patient_characteristic",
      "qds_id": "A_778",
      "type": "array",
      "items": {
        "type": "number",
        "format": "utc-sec"
      },
      "codes": [
        {
          "set": "HL7",
          "version": "3.0",
          "standard_concept": "gender",
          "standard_concept_id": "A_c290",
          "qds_id": "A_778",
          "values": [
            "10173",
            "10174",
            "17718"
          ]
        }
      ]
    },
    "gonadotropin_releasing_hormone_analogue_medication_medication_active": {
      "standard_concept": "gonadotropin_releasing_hormone_analogue_medication",
      "standard_category": "medication",
      "standard_concept_id": "A_c467",
      "qds_data_type": "medication_active",
      "qds_id": "A_1497",
      "type": "array",
      "items": {
        "type": "number",
        "format": "utc-sec"
      },
      "codes": [
        {
          "set": "RxNorm",
          "version": "12/2009",
          "standard_concept": "gonadotropin_releasing_hormone_analogue_medication",
          "standard_concept_id": "A_c467",
          "qds_id": "A_1497",
          "values": [
            "105629",
            "108754",
            "197866",
            "199821",
            "204418",
            "204864",
            "247495",
            "259291",
            "284986",
            "310592",
            "311283",
            "314008",
            "348161",
            "348162",
            "348163",
            "353530",
            "583425",
            "597333",
            "642361",
            "727600",
            "727935",
            "727938",
            "752884",
            "752889",
            "752894",
            "752899",
            "763346",
            "763348",
            "763359",
            "763392",
            "853483",
            "905053",
            "905062"
          ]
        }
      ]
    },
    "medical_reason_medication_not_done": {
      "standard_concept": "medical_reason",
      "standard_category": "negation_rationale",
      "standard_concept_id": "A_c313",
      "qds_data_type": "medication_not_done",
      "qds_id": "A_976",
      "type": "array",
      "items": {
        "type": "number",
        "format": "utc-sec"
      },
      "codes": [
        {
          "set": "HL7",
          "version": "3.0",
          "standard_concept": "medical_reason",
          "standard_concept_id": "A_c313",
          "qds_id": "A_976",
          "values": [
            "21703",
            "21704",
            "21738",
            "21745",
            "21747",
            "21815",
            "21990",
            "22259",
            "22261",
            "22855"
          ]
        }
      ]
    },
    "patient_reason_medication_not_done": {
      "standard_concept": "patient_reason",
      "standard_category": "negation_rationale",
      "standard_concept_id": "A_c311",
      "qds_data_type": "medication_not_done",
      "qds_id": "A_987",
      "type": "array",
      "items": {
        "type": "number",
        "format": "utc-sec"
      },
      "codes": [
        {
          "set": "HL7",
          "version": "3.0",
          "standard_concept": "patient_reason",
          "standard_concept_id": "A_c311",
          "qds_id": "A_987",
          "values": [
            "14880",
            "15985",
            "19729",
            "21708",
            "21710",
            "21741",
            "21743",
            "21746",
            "22260",
            "22851"
          ]
        }
      ]
    },
    "system_reason_medication_not_done": {
      "standard_concept": "system_reason",
      "standard_category": "negation_rationale",
      "standard_concept_id": "A_c310",
      "qds_data_type": "medication_not_done",
      "qds_id": "A_985",
      "type": "array",
      "items": {
        "type": "number",
        "format": "utc-sec"
      },
      "codes": [
        {
          "set": "HL7",
          "version": "3.0",
          "standard_concept": "system_reason",
          "standard_concept_id": "A_c310",
          "qds_id": "A_985",
          "values": [
            "19730",
            "19731",
            "19733",
            "19734",
            "19735",
            "19736",
            "19987",
            "19988",
            "19989",
            "19990",
            "21408",
            "21493",
            "21568",
            "21706",
            "21707",
            "21709",
            "21728",
            "21729",
            "21730",
            "21731",
            "21732",
            "21733",
            "21734",
            "21735",
            "21744",
            "22023",
            "22024",
            "22165",
            "22166",
            "22167",
            "22168",
            "22169",
            "22857",
            "22858",
            "22859",
            "22865",
            "22866",
            "22867",
            "22907",
            "22909",
            "22911",
            "22912",
            "22913"
          ]
        }
      ]
    },
    "tamoxifen_or_aromatase_inhibitor_therapy_medication_order": {
      "standard_concept": "tamoxifen_or_aromatase_inhibitor_therapy",
      "standard_category": "medication",
      "standard_concept_id": "A_c285",
      "qds_data_type": "medication_order",
      "qds_id": "A_772",
      "type": "array",
      "items": {
        "type": "number",
        "format": "utc-sec"
      },
      "codes": [
        {
          "set": "RxNorm",
          "version": "12/2009",
          "standard_concept": "tamoxifen_or_aromatase_inhibitor_therapy",
          "standard_concept_id": "A_c285",
          "qds_id": "A_772",
          "values": [
            "198240",
            "199224",
            "200064",
            "250423",
            "310261",
            "313195",
            "389230"
          ]
        }
      ]
    },
    "tamoxifen_or_aromatase_inhibitor_therapy_medication_active": {
      "standard_concept": "tamoxifen_or_aromatase_inhibitor_therapy",
      "standard_category": "medication",
      "standard_concept_id": "A_c285",
      "qds_data_type": "medication_active",
      "qds_id": "A_779",
      "type": "array",
      "items": {
        "type": "number",
        "format": "utc-sec"
      },
      "codes": [
        {
          "set": "RxNorm",
          "version": "12/2009",
          "standard_concept": "tamoxifen_or_aromatase_inhibitor_therapy",
          "standard_concept_id": "A_c285",
          "qds_id": "A_779",
          "values": [
            "198240",
            "199224",
            "200064",
            "250423",
            "310261",
            "313195",
            "389230"
          ]
        }
      ]
    },
    "tamoxifen_or_aromatase_inhibitor_therapy_medication_intolerance": {
      "standard_concept": "tamoxifen_or_aromatase_inhibitor_therapy",
      "standard_category": "medication",
      "standard_concept_id": "A_c285",
      "qds_data_type": "medication_intolerance",
      "qds_id": "A_780",
      "type": "array",
      "items": {
        "type": "number",
        "format": "utc-sec"
      },
      "codes": [
        {
          "set": "RxNorm",
          "version": "12/2009",
          "standard_concept": "tamoxifen_or_aromatase_inhibitor_therapy",
          "standard_concept_id": "A_c285",
          "qds_id": "A_780",
          "values": [
            "198240",
            "199224",
            "200064",
            "250423",
            "310261",
            "313195",
            "389230"
          ]
        }
      ]
    },
    "tamoxifen_or_aromatase_inhibitor_therapy_medication_adverse_event": {
      "standard_concept": "tamoxifen_or_aromatase_inhibitor_therapy",
      "standard_category": "medication",
      "standard_concept_id": "A_c285",
      "qds_data_type": "medication_adverse_event",
      "qds_id": "A_781",
      "type": "array",
      "items": {
        "type": "number",
        "format": "utc-sec"
      },
      "codes": [
        {
          "set": "RxNorm",
          "version": "12/2009",
          "standard_concept": "tamoxifen_or_aromatase_inhibitor_therapy",
          "standard_concept_id": "A_c285",
          "qds_id": "A_781",
          "values": [
            "198240",
            "199224",
            "200064",
            "250423",
            "310261",
            "313195",
            "389230"
          ]
        }
      ]
    },
    "tamoxifen_or_aromatase_inhibitor_therapy_medication_allergy": {
      "standard_concept": "tamoxifen_or_aromatase_inhibitor_therapy",
      "standard_category": "medication",
      "standard_concept_id": "A_c285",
      "qds_data_type": "medication_allergy",
      "qds_id": "A_782",
      "type": "array",
      "items": {
        "type": "number",
        "format": "utc-sec"
      },
      "codes": [
        {
          "set": "RxNorm",
          "version": "12/2009",
          "standard_concept": "tamoxifen_or_aromatase_inhibitor_therapy",
          "standard_concept_id": "A_c285",
          "qds_id": "A_782",
          "values": [
            "198240",
            "199224",
            "200064",
            "250423",
            "310261",
            "313195",
            "389230"
          ]
        }
      ]
    }
  }
}