{
  "endorser": "NQF",
  "id": "0389",
  "properties": [
    "NQF_Retooled_Measure_0389.xlsx.json"
  ],
  "name": "Prostate Cancer: Avoidance of Overuse of Bone Scan for Staging Low Risk Prostate Cancer Patients",
  "description": "Percentage of patients, regardless of age, with a diagnosis of prostate cancer at low risk of recurrence receiving interstitial prostate brachytherapy, OR external beam radiotherapy to the prostate, OR radical prostatectomy, OR cryotherapy who did not have a bone scan performed at any time since diagnosis of prostate cancer.",
  "category": "Cancer",
  "steward": "AMA",
  "parameters": {
    "effective_date": {
      "description": "Effective end date for measure",
      "type": "number",
      "format": "utc-sec"
    }
  },
  "patient": {
    "birthdate": {
      "description": "Date of birth",
      "type": "number",
      "category_type": "patient_characteristic",
      "format": "utc-sec",
      "codes": [
        {
          "set": "HL7",
          "version": "3.0",
          "values": [
            "00110"
          ]
        }
      ]
    }
  },
  "population": {
    "conjunction": "and",
    "items": [
      {
        "category": "Diagnosis active",
        "title": "Prostate cancer"
      }
    ]
  },
  "denominator": {
    "conjunction": "and",
    "items": [
      {
        "category": "Procedure performed",
        "title": "Prostate cancer treatment"
      },
      {
        "category": "Procedure result",
        "title": "AJCC cancer stage low risk recurrence prostate cancer"
      },
      {
        "category": "Laboratory test result",
        "title": "Prostate-specific antigen result <= 10ng/dL"
      },
      {
        "conjunction": "or",
        "items": [
          {
            "category": "Laboratory test result",
            "title": "Gleason score, result <= 6"
          },
          {
            "category": "Laboratory test result",
            "title": "Gleason score <= 6"
          }
        ]
      }
    ]
  },
  "numerator": {
    "conjunction": "and",
    "items": [
      {
        "category": "Diagnostic study",
        "title": "Bone scan not performed"
      }
    ]
  },
  "exclusions": {
    "conjunction": "or",
    "items": [
      {
        "category": "Diagnosis active",
        "title": "Pain related to prostate cancer"
      },
      {
        "category": "Procedure performed",
        "title": "Salvage therapy"
      },
      {
        "category": "Diagnostic study performed",
        "title": "Bone scan with reason"
      }
    ]
  },
  "map_fn": "function() {\n  var patient = this;\n  var measure = patient.measures[\"0389\"];\n  if (measure == null)\n    measure={};\n\n  <%= init_js_frameworks %>\n\n  var day = 24 * 60 * 60;\n  var year = 365 * day;\n  var effective_date =        <%= effective_date %>;\n\n  var measurement_period_start =  effective_date - (1 * year);\n  var earliest_encounter =        effective_date - (1 * year);\n\n  var population = function() {\n    var prostate_cancer = lessThan(measure.prostate_cancer_diagnosis_active, effective_date);\n    return prostate_cancer;\n  }\n\n  var denominator = function() {\n    var prostate_cancer_treatments = selectWithinRange(measure.prostate_cancer_treatment_procedure_performed,\n      earliest_encounter, effective_date);\n    if (prostate_cancer_treatments.length == 0) {\n      return false;\n    }\n    var final_treatment = _.max(prostate_cancer_treatments);\n    var low_risk_prostate_cancer = actionFollowingSomething(\n      measure.ajcc_cancer_stage_low_risk_recurrence_prostate_cancer_procedure_result,\n      measure.prostate_cancer_treatment_procedure_performed);\n    var MAX_ANTIGEN = 10;\n    var antigens = minValueInDateRange(measure.prostate_specific_antigen_test_laboratory_test_result, -Infinity, final_treatment, MAX_ANTIGEN+1);\n    var MAX_GLEASON = 6;\n    var gleason = minValueInDateRange(measure.gleason_score_laboratory_test_result, -Infinity, final_treatment, MAX_GLEASON+1);\n    var gleason_six = inRange(measure.gleason_score_6_laboratory_test_result, -Infinity, final_treatment);\n    return (low_risk_prostate_cancer && // already checked for treatment above\n            (antigens <= MAX_ANTIGEN) &&\n            ((gleason <= MAX_GLEASON) || gleason_six));\n  }\n\n  var numerator = function() {\n    var bone_scan = actionFollowingSomething(\n      measure.prostate_cancer_diagnosis_active, measure.bone_scan_diagnostic_study_performed);\n    return !(bone_scan);\n  }\n\n  var exclusion = function() {\n    var pain = actionFollowingSomething(\n      measure.prostate_cancer_diagnosis_active, measure.pain_related_to_prostate_cancer_diagnosis_active);\n    var salvage = actionFollowingSomething(\n      measure.prostate_cancer_diagnosis_active, measure.salvage_therapy_procedure_performed);\n    // commented out waiting for issue response - would yield 100% result for measure if included\n    // var bone_scan = actionFollowingSomething(\n    // measure.prostate_cancer_diagnosis_active, measure.bone_scan_diagnostic_study_performed);\n    // return (pain || salvage|| bone_scan );\n    return (pain || salvage);\n  }\n\n  map(patient, population, denominator, numerator, exclusion);\n};",
  "measure": {
    "bone_scan_diagnostic_study_performed": {
      "standard_concept": "bone_scan",
      "standard_category": "diagnostic_study",
      "standard_concept_id": "A_c320",
      "qds_data_type": "diagnostic_study_performed",
      "qds_id": "A_1127",
      "type": "array",
      "items": {
        "type": "number",
        "format": "utc-sec"
      },
      "codes": [
        {
          "set": "CPT",
          "version": "2010",
          "standard_concept": "bone_scan",
          "standard_concept_id": "A_c272",
          "qds_id": "A_7053",
          "values": [
            "78300",
            "78305",
            "78306",
            "78315",
            "78320",
            "78350",
            "78351"
          ]
        },
        {
          "set": "SNOMED-CT",
          "version": "7/2009",
          "standard_concept": "bone_scan",
          "standard_concept_id": "A_c271",
          "qds_id": "A_7019",
          "values": [
            "169140007",
            "241283001",
            "241401004",
            "241403001",
            "241404007",
            "241405008",
            "303883000",
            "3998005",
            "41747008",
            "418832007",
            "429793003",
            "430266004",
            "430825006",
            "430826007",
            "430827003",
            "430828008",
            "430829000",
            "430830005",
            "430831009",
            "430832002",
            "431497006",
            "431616006",
            "431617002",
            "432056005",
            "432275005",
            "432399008",
            "432400001",
            "432850003",
            "432851004",
            "433131007",
            "433171002",
            "58518000"
          ]
        }
      ]
    },
    "gleason_score_laboratory_test_result": {
      "standard_concept": "gleason_score",
      "standard_category": "laboratory_test",
      "standard_concept_id": "A_c397",
      "qds_data_type": "laboratory_test_result",
      "qds_id": "A_1335",
      "type": "array",
      "items": {
        "type": "object",
        "properties": {
          "value": {
            "description": "Gleason score",
            "type": "number"
          },
          "date": {
            "description": "Date of Gleason score",
            "type": "number",
            "format": "utc-sec"
          }
        }
      },
      "codes": [
        {
          "set": "LOINC",
          "version": "2.27, Released: July 07, 2009",
          "standard_concept": "gleason_score",
          "standard_concept_id": "A_c282",
          "qds_id": "A_769",
          "values": [
            "35266-6"
          ]
        },
        {
          "set": "LOINC",
          "version": "2.27, Released: July 07, 2009",
          "standard_concept": "gleason_score",
          "standard_concept_id": "A_c282",
          "qds_id": "A_770",
          "values": [
            "35266-6"
          ]
        },
        {
          "set": "SNOMED-CT",
          "version": "July 2009",
          "standard_concept": "gleason_score",
          "standard_concept_id": "A_c281",
          "qds_id": "A_767",
          "values": [
            "372278000",
            "384997002"
          ]
        },
        {
          "set": "SNOMED-CT",
          "version": "July 2009",
          "standard_concept": "gleason_score",
          "standard_concept_id": "A_c281",
          "qds_id": "A_768",
          "values": [
            "372278000",
            "384997002"
          ]
        }
      ]
    },
    "pain_related_to_prostate_cancer_diagnosis_active": {
      "standard_concept": "pain_related_to_prostate_cancer",
      "standard_category": "diagnosis_condition_problem",
      "standard_concept_id": "A_c451",
      "qds_data_type": "diagnosis_active",
      "qds_id": "A_1445",
      "type": "array",
      "items": {
        "type": "number",
        "format": "utc-sec"
      },
      "codes": [
        {
          "set": "ICD-10-CM",
          "version": "2010",
          "standard_concept": "pain_related_to_prostate_cancer",
          "standard_concept_id": "A_c450",
          "qds_id": "A_1596",
          "values": [
            "G89.3",
            "M53.3",
            "M54.6",
            "M54.89",
            "M54.9",
            "M79.65",
            "M89.8x1",
            "R07.89",
            "Z12.5"
          ]
        },
        {
          "set": "ICD-9-CM",
          "version": "2010",
          "standard_concept": "pain_related_to_prostate_cancer",
          "standard_concept_id": "A_c449",
          "qds_id": "A_1595",
          "values": [
            "338.3",
            "724.1",
            "724.5",
            "724.6",
            "724.79",
            "733.90",
            "786.50",
            "786.59",
            "789.00",
            "V76.44",
            "V84.03"
          ]
        },
        {
          "set": "SNOMED-CT",
          "version": "07/09",
          "standard_concept": "pain_related_to_prostate_cancer",
          "standard_concept_id": "A_c325",
          "qds_id": "A_1132",
          "values": [
            "12584003",
            "161977000",
            "203508001",
            "203509009",
            "20793008",
            "267981009",
            "282743009",
            "297217002",
            "298731003",
            "298740004",
            "301773003",
            "3200003",
            "34789001",
            "36729000",
            "426135001",
            "48926009",
            "89638008"
          ]
        }
      ]
    },
    "prostate_cancer_diagnosis_active": {
      "standard_concept": "prostate_cancer",
      "standard_category": "diagnosis_condition_problem",
      "standard_concept_id": "A_c319",
      "qds_data_type": "diagnosis_active",
      "qds_id": "A_1126",
      "type": "array",
      "items": {
        "type": "number",
        "format": "utc-sec"
      },
      "codes": [
        {
          "set": "ICD-10-CM",
          "version": "2010",
          "standard_concept": "prostate_cancer",
          "standard_concept_id": "A_c91",
          "qds_id": "A_7100",
          "values": [
            "C61"
          ]
        },
        {
          "set": "ICD-9-CM",
          "version": "2009",
          "standard_concept": "prostate_cancer",
          "standard_concept_id": "A_c90",
          "qds_id": "A_7099",
          "values": [
            "185"
          ]
        },
        {
          "set": "SNOMED-CT",
          "version": "7/2009",
          "standard_concept": "prostate_cancer",
          "standard_concept_id": "A_c92",
          "qds_id": "A_7035",
          "values": [
            "254900004",
            "278060005",
            "314969001",
            "369485004",
            "369486003",
            "396198006",
            "399068003",
            "399490008",
            "399590005",
            "427492003",
            "93974005",
            "94503003"
          ]
        }
      ]
    },
    "prostate_cancer_treatment_procedure_performed": {
      "standard_concept": "prostate_cancer_treatment",
      "standard_category": "procedure",
      "standard_concept_id": "A_c398",
      "qds_data_type": "procedure_performed",
      "qds_id": "A_1334",
      "type": "array",
      "items": {
        "type": "number",
        "format": "utc-sec"
      },
      "codes": [
        {
          "set": "CPT",
          "version": "2010",
          "standard_concept": "prostate_cancer_treatment",
          "standard_concept_id": "A_c113",
          "qds_id": "A_285",
          "values": [
            "55810",
            "55812",
            "55815",
            "55840",
            "55842",
            "55845",
            "55866",
            "55873",
            "77427",
            "77776",
            "77777",
            "77778",
            "77787"
          ]
        },
        {
          "set": "SNOMED-CT",
          "version": "July 2009",
          "standard_concept": "prostate_cancer_treatment",
          "standard_concept_id": "A_c213",
          "qds_id": "A_569",
          "values": [
            "10492003",
            "113120007",
            "116244007",
            "118161009",
            "118162002",
            "118163007",
            "14473006",
            "169327006",
            "169328001",
            "169329009",
            "169340001",
            "169349000",
            "169359004",
            "169374002",
            "176106009",
            "176258007",
            "176259004",
            "176260009",
            "176261008",
            "176262001",
            "176263006",
            "176267007",
            "176286004",
            "176288003",
            "176319004",
            "19149007",
            "21190008",
            "21372000",
            "228677009",
            "228684001",
            "228688003",
            "228690002",
            "228692005",
            "228693000",
            "228694006",
            "228695007",
            "228697004",
            "228698009",
            "228699001",
            "228701001",
            "228702008",
            "236209003",
            "236211007",
            "236252003",
            "24242005",
            "26294005",
            "265589001",
            "271291003",
            "27877006",
            "28579000",
            "29860002",
            "30426000",
            "312235007",
            "314202001",
            "359922007",
            "359926005",
            "36253005",
            "37851009",
            "384691004",
            "384692006",
            "38915000",
            "394902000",
            "394918006",
            "399124002",
            "399180008",
            "399315003",
            "41371003",
            "41416003",
            "420529003",
            "427357007",
            "427985002",
            "433224001",
            "433225000",
            "57525009",
            "62867004",
            "64978007",
            "65381004",
            "65551008",
            "67598001",
            "68986004",
            "72388004",
            "77613002",
            "81232004",
            "83154001",
            "84755001",
            "85768003",
            "87795007",
            "8782006",
            "90199006",
            "90470006",
            "91531008"
          ]
        }
      ]
    },
    "prostate_specific_antigen_test_laboratory_test_result": {
      "standard_concept": "prostate_specific_antigen_test",
      "standard_category": "laboratory_test",
      "standard_concept_id": "A_c401",
      "qds_data_type": "laboratory_test_result",
      "qds_id": "A_1338",
      "type": "array",
      "items": {
        "type": "object",
        "properties": {
          "value": {
            "description": "Prostate cancer specific antigen test",
            "type": "number"
          },
          "date": {
            "description": "Date of prostate cancer specific antigen test",
            "type": "number",
            "format": "utc-sec"
          }
        }
      },
      "codes": [
        {
          "set": "CPT",
          "version": "2010",
          "standard_concept": "prostate_specific_antigen_test",
          "standard_concept_id": "A_c214",
          "qds_id": "A_570",
          "values": [
            "84152",
            "84153",
            "84154"
          ]
        },
        {
          "set": "LOINC",
          "version": "2.27, Released: July 07, 2009",
          "standard_concept": "prostate_specific_antigen_test",
          "standard_concept_id": "A_c215",
          "qds_id": "A_572",
          "values": [
            "10508-0",
            "10886-0",
            "12841-3",
            "14120-0",
            "15323-9",
            "15324-7",
            "15325-4",
            "19195-7",
            "19197-3",
            "19198-1",
            "19199-9",
            "19200-5",
            "19201-3",
            "19203-9",
            "19204-7",
            "19205-4",
            "19206-2",
            "2857-1",
            "33667-7",
            "34611-4",
            "35741-8"
          ]
        },
        {
          "set": "LOINC",
          "version": "2.27, Released: July 07, 2009",
          "standard_concept": "prostate_specific_antigen_test",
          "standard_concept_id": "A_c215",
          "qds_id": "A_573",
          "values": [
            "10508-0",
            "10886-0",
            "12841-3",
            "14120-0",
            "15323-9",
            "15324-7",
            "15325-4",
            "19195-7",
            "19197-3",
            "19198-1",
            "19199-9",
            "19200-5",
            "19201-3",
            "19203-9",
            "19204-7",
            "19205-4",
            "19206-2",
            "2857-1",
            "33667-7",
            "34611-4",
            "35741-8"
          ]
        },
        {
          "set": "SNOMED-CT",
          "version": "07/09",
          "standard_concept": "prostate_specific_antigen_test",
          "standard_concept_id": "A_c400",
          "qds_id": "A_1601",
          "values": [
            "395145001",
            "395146000",
            "63476009"
          ]
        }
      ]
    },
    "salvage_therapy_procedure_performed": {
      "standard_concept": "salvage_therapy",
      "standard_category": "procedure",
      "standard_concept_id": "A_c399",
      "qds_data_type": "procedure_performed",
      "qds_id": "A_1337",
      "type": "array",
      "items": {
        "type": "number",
        "format": "utc-sec"
      },
      "codes": [
        {
          "set": "CPT",
          "version": "2010",
          "standard_concept": "salvage_therapy",
          "standard_concept_id": "A_c323",
          "qds_id": "A_1130",
          "values": [
            "55860",
            "55862",
            "55865",
            "55875",
            "55876"
          ]
        },
        {
          "set": "SNOMED-CT",
          "version": "07/09",
          "standard_concept": "salvage_therapy",
          "standard_concept_id": "A_c324",
          "qds_id": "A_1131",
          "values": [
            "236209003",
            "236211007"
          ]
        }
      ]
    },
    "ajcc_cancer_stage_low_risk_recurrence_prostate_cancer_procedure_result": {
      "standard_concept": "ajcc_cancer_stage_low_risk_recurrence_prostate_cancer",
      "standard_category": "procedure",
      "standard_concept_id": "A_c286",
      "qds_data_type": "procedure_result",
      "qds_id": "A_773",
      "type": "array",
      "items": {
        "type": "number",
        "format": "utc-sec"
      },
      "codes": [
        {
          "set": "SNOMED-CT",
          "version": "July 2009",
          "standard_concept": "ajcc_cancer_stage_low_risk_recurrence_prostate_cancer",
          "standard_concept_id": "A_c286",
          "qds_id": "A_773",
          "values": [
            "261650005",
            "261651009"
          ]
        }
      ]
    },
    "gleason_score_6_laboratory_test_result": {
      "standard_concept": "gleason_score_6",
      "standard_category": "laboratory_test",
      "standard_concept_id": "A_c280",
      "qds_data_type": "laboratory_test_result",
      "qds_id": "A_764",
      "type": "array",
      "items": {
        "type": "number",
        "format": "utc-sec"
      },
      "codes": [
        {
          "set": "SNOMED-CT",
          "version": "July 2009",
          "standard_concept": "gleason_score_6",
          "standard_concept_id": "A_c280",
          "qds_id": "A_764",
          "values": [
            "18430005",
            "369775001",
            "369776000",
            "46677009",
            "49878003",
            "74013009",
            "84556003"
          ]
        }
      ]
    }
  }
}