{
  "endorser": "NQF",
  "id": "0421",
  "properties": [
    "NQF_Retooled_Measure_0421.xlsx.json"
  ],
  "name": "Adult Weight Screening and Follow-Up",
  "description": "Patients more than 18 years old whose BMI was calculated within six months, and who have a documented follow-up plan if BMI falls outside parameters.",
  "steward": "QIP",
  "category": "Core",
  "parameters": {
    "effective_date": {
      "name": "Effective end date for measure",
      "type": "number",
      "format": "utc-sec"
    }
  },
  "patient": {
    "birthdate": {
      "description": "Date of birth",
      "standard_category": "characteristic",
      "critical": true,
      "type": "number",
      "format": "utc-sec",
      "codes": [
        {
          "set": "HL7",
          "version": "3.0",
          "values": [
            "00110"
          ]
        }
      ]
    }
  },
  "denominator": {
    "category": "Outpatient Encounter",
    "title": "Within a year of the effective date"
  },
  "exclusions": {
    "conjunction": "or",
    "items": [
      {
        "category": "Physical Exam Not Done",
        "title": "Patient, medical or system reason"
      },
      {
        "category": "Patient Characteristic",
        "title": "Terminal illness 6 months or less before encounter"
      },
      {
        "category": "Condition",
        "title": "Pregnancy"
      }
    ]
  },
  "map_fn": "function() {\n  var patient = this;\n  var measure = patient.measures[\"0421\"];\n  if (measure == null)\n    measure={};\n\n  <%= init_js_frameworks %>\n\n  var day = 24 * 60 * 60;\n  var year = 365 * day;\n  var effective_date =        <%= effective_date %>;\n\n  var measurement_period_start =  effective_date - (1 * year);\n  var latest_birthdate = latestBirthdayForThisAge(65, measurement_period_start);\n  var earliest_encounter =        measurement_period_start - year;\n\n  var population = function() {\n    var correct_age = patient.birthdate <= latest_birthdate;\n    return (correct_age);\n  }\n\n  var denominator = function() {\n    return inRange(measure.encounter_outpatient_encounter, earliest_encounter, effective_date);\n  }\n\n  var numerator = function() {\n    return weight_numerator(measure, 22, 30);\n  }\n\n  var exclusion = function() {\n    return weight_exclusion(measure, earliest_encounter, effective_date);\n  }\n\n  map(patient, population, denominator, numerator, exclusion);\n};",
  "measure": {
    "encounter_outpatient_encounter": {
      "standard_concept": "encounter_outpatient",
      "standard_category": "encounter",
      "standard_concept_id": "Q_c150",
      "qds_data_type": "encounter",
      "qds_id": "Q_123",
      "type": "array",
      "items": {
        "type": "number",
        "format": "utc-sec"
      },
      "codes": [
        {
          "set": "CPT",
          "version": "2010",
          "standard_concept": "encounter_outpatient_cpt_with_clinician",
          "standard_concept_id": "Q_c67",
          "qds_id": "Q_84",
          "values": [
            "90801",
            "90802",
            "90804",
            "90805",
            "90806",
            "90807",
            "90808",
            "90809",
            "97001",
            "97003",
            "97802",
            "97803",
            "98960",
            "99201",
            "99202",
            "99203",
            "99204",
            "99205",
            "99211",
            "99212",
            "99213",
            "99214",
            "99215",
            "99324",
            "99325",
            "99326",
            "99327",
            "99328",
            "99334",
            "99335",
            "99336",
            "99337",
            "99341",
            "99342",
            "99343",
            "99344",
            "99345",
            "99347",
            "99348",
            "99349",
            "99350"
          ]
        }
      ]
    },
    "follow_up_plan_bmi_management_care_plan": {
      "standard_concept": "follow_up_plan_bmi_management",
      "standard_category": "care_goal",
      "standard_concept_id": "Q_c156",
      "qds_data_type": "care_plan",
      "qds_id": "Q_125",
      "type": "array",
      "items": {
        "type": "number",
        "format": "utc-sec"
      },
      "codes": [
        {
          "set": "CPT",
          "version": "2009",
          "standard_concept": "follow_up_plan_bmi_management",
          "standard_concept_id": "Q_c152",
          "qds_id": "Q_7000",
          "values": [
            "43644",
            "43645",
            "43770",
            "43771",
            "43772",
            "43773",
            "43774",
            "43842",
            "43843",
            "43845",
            "43846",
            "43847",
            "43848",
            "97804",
            "98961",
            "98962",
            "99078"
          ]
        },
        {
          "set": "HCPCS",
          "version": "2009",
          "standard_concept": "follow_up_plan_bmi_management",
          "standard_concept_id": "Q_c153",
          "qds_id": "Q_7001",
          "values": [
            "G8417",
            "S9449",
            "S9451",
            "S9452",
            "S9470"
          ]
        },
        {
          "set": "ICD-9-CM",
          "version": "2009",
          "standard_concept": "follow_up_plan_bmi_management",
          "standard_concept_id": "Q_c70",
          "qds_id": "Q_112",
          "values": [
            "V65.3"
          ]
        },
        {
          "set": "SNOMED-CT",
          "version": "2009",
          "standard_concept": "follow_up_plan_bmi_management",
          "standard_concept_id": "Q_c154",
          "qds_id": "Q_7002",
          "values": [
            "169411000",
            "170795002",
            "225171007",
            "268523001",
            "275919002",
            "305849009",
            "307818003",
            "401003006"
          ]
        }
      ]
    },
    "pregnancy_diagnosis_active": {
      "standard_concept": "pregnancy",
      "standard_category": "diagnosis_condition_problem",
      "standard_concept_id": "Q_c159",
      "qds_data_type": "diagnosis_active",
      "qds_id": "Q_127",
      "type": "array",
      "items": {
        "type": "number",
        "format": "utc-sec"
      },
      "codes": [
        {
          "set": "ICD-9-CM",
          "version": "2009",
          "standard_concept": "pregnancy",
          "standard_concept_id": "Q_c157",
          "qds_id": "Q_133",
          "values": [
            "633.11",
            "633.21",
            "633.81",
            "633.91",
            "640.01",
            "640.03",
            "641.13",
            "641.21",
            "641.23",
            "641.31",
            "641.33",
            "641.81",
            "641.83",
            "641.91",
            "641.93",
            "642.01",
            "642.02",
            "642.03",
            "642.11",
            "642.12",
            "642.13",
            "642.21",
            "642.22",
            "642.23",
            "642.31",
            "642.32",
            "642.33",
            "642.62",
            "642.63",
            "642.71",
            "642.72",
            "642.73",
            "642.91",
            "642.92",
            "642.93",
            "643.01",
            "643.03",
            "643.81",
            "643.91",
            "643.93",
            "644.03",
            "644.13",
            "644.21",
            "645.11",
            "645.13",
            "645.21",
            "645.23",
            "646.01",
            "646.03",
            "646.11",
            "646.12",
            "646.13",
            "646.21",
            "646.22",
            "646.23",
            "646.31",
            "646.33",
            "646.41",
            "646.42",
            "646.43",
            "646.51",
            "646.52",
            "646.53",
            "646.61",
            "646.62",
            "646.63",
            "646.71",
            "646.73",
            "646.81",
            "646.82",
            "646.83",
            "646.91",
            "646.93",
            "647.01",
            "647.02",
            "647.03",
            "647.11",
            "647.12",
            "647.13",
            "647.21",
            "647.22",
            "647.23",
            "647.31",
            "647.32",
            "647.33",
            "647.41",
            "647.42",
            "647.43",
            "647.51",
            "647.52",
            "647.53",
            "647.61",
            "647.62",
            "647.63",
            "647.81",
            "647.82",
            "647.83",
            "647.91",
            "647.92",
            "647.93",
            "648.01",
            "648.02",
            "648.03",
            "648.11",
            "648.12",
            "648.13",
            "648.21",
            "648.22",
            "648.23",
            "648.31",
            "648.32",
            "648.33",
            "648.41",
            "648.42",
            "648.43",
            "648.51",
            "648.52",
            "648.53",
            "648.61",
            "648.62",
            "648.63",
            "648.71",
            "648.72",
            "648.73",
            "648.81",
            "648.82",
            "648.83",
            "648.91",
            "648.92",
            "648.93",
            "649.01",
            "649.02",
            "649.03",
            "649.11",
            "649.12",
            "649.13",
            "649.21",
            "649.22",
            "649.23",
            "649.31",
            "649.32",
            "649.33",
            "649.41",
            "649.42",
            "649.43",
            "649.51",
            "649.53",
            "649.61",
            "649.62",
            "649.63",
            "649.71",
            "649.73",
            "651.01",
            "651.03",
            "651.11",
            "651.13",
            "651.21",
            "651.23",
            "651.31",
            "651.33",
            "651.41",
            "651.43",
            "651.51",
            "651.53",
            "651.61",
            "651.63",
            "651.71",
            "651.73",
            "651.81",
            "651.83",
            "651.91",
            "651.93",
            "652.01",
            "652.03",
            "652.11",
            "652.13",
            "652.21",
            "652.23",
            "652.31",
            "652.33",
            "652.41",
            "652.43",
            "652.51",
            "652.53",
            "652.61",
            "652.63",
            "652.71",
            "652.73",
            "652.81",
            "652.83",
            "652.91",
            "652.93",
            "653.01",
            "653.03",
            "653.11",
            "653.13",
            "653.21",
            "653.23",
            "653.31",
            "653.33",
            "653.41",
            "653.43",
            "653.51",
            "653.53",
            "653.61",
            "653.63",
            "653.71",
            "653.73",
            "653.81",
            "653.83",
            "653.91",
            "653.93",
            "654.01",
            "654.02",
            "654.03",
            "654.11",
            "654.12",
            "654.13",
            "654.21",
            "654.23",
            "654.31",
            "654.32",
            "654.33",
            "654.41",
            "654.42",
            "654.43",
            "654.51",
            "654.52",
            "654.53",
            "654.61",
            "654.62",
            "654.63",
            "654.71",
            "654.72",
            "654.73",
            "654.81",
            "654.82",
            "654.83",
            "654.91",
            "654.92",
            "654.93",
            "655.01",
            "655.03",
            "655.11",
            "655.13",
            "655.21",
            "655.23",
            "655.31",
            "655.33",
            "655.41",
            "655.43",
            "655.51",
            "655.53",
            "655.61",
            "655.63",
            "655.71",
            "655.73",
            "655.81",
            "655.83",
            "655.91",
            "655.93",
            "656.01",
            "656.03",
            "656.11",
            "656.13",
            "656.21",
            "656.23",
            "656.31",
            "656.33",
            "656.41",
            "656.43",
            "656.51",
            "656.53",
            "656.61",
            "656.73",
            "656.81",
            "656.83",
            "656.91",
            "656.93",
            "657.01",
            "657.03",
            "658.01",
            "658.03",
            "658.11",
            "658.13",
            "658.21",
            "658.23",
            "658.31",
            "658.33",
            "658.41",
            "658.43",
            "658.81",
            "658.83",
            "658.91",
            "658.93",
            "659.01",
            "659.03",
            "659.11",
            "659.13",
            "659.21",
            "659.23",
            "659.31",
            "659.33",
            "659.41",
            "659.43",
            "659.51",
            "659.53",
            "659.61",
            "659.63",
            "659.71",
            "659.73",
            "659.81",
            "659.83",
            "659.91",
            "659.93",
            "660.01",
            "660.03",
            "660.11",
            "660.13",
            "660.21",
            "660.23",
            "660.31",
            "660.33",
            "660.41",
            "660.43",
            "660.51",
            "660.53",
            "660.61",
            "660.63",
            "660.71",
            "660.73",
            "660.81",
            "660.83",
            "660.91",
            "660.93",
            "661.01",
            "661.03",
            "661.11",
            "661.13",
            "661.21",
            "661.23",
            "661.31",
            "661.33",
            "661.41",
            "661.43",
            "661.91",
            "661.93",
            "662.01",
            "662.03",
            "662.11",
            "662.13",
            "662.21",
            "662.23",
            "662.31",
            "662.33",
            "663.01",
            "663.03",
            "663.11",
            "663.13",
            "663.21",
            "663.23",
            "663.31",
            "663.33",
            "663.41",
            "663.43",
            "663.51",
            "663.61",
            "663.63",
            "663.81",
            "663.83",
            "663.91",
            "663.93",
            "664.01",
            "664.11",
            "664.21",
            "664.31",
            "664.51",
            "664.61",
            "664.81",
            "664.91",
            "665.01",
            "665.03",
            "665.11",
            "665.31",
            "665.41",
            "665.51",
            "665.61",
            "665.71",
            "665.72",
            "665.81",
            "665.83",
            "665.91",
            "665.92",
            "665.93",
            "666.02",
            "666.12",
            "666.22",
            "666.32",
            "667.02",
            "667.12",
            "668.01",
            "668.02",
            "668.03",
            "668.11",
            "668.12",
            "668.13",
            "668.21",
            "668.22",
            "668.23",
            "668.81",
            "668.82",
            "668.83",
            "668.91",
            "668.92",
            "668.93",
            "669.01",
            "669.02",
            "669.03",
            "669.11",
            "669.12",
            "669.13",
            "669.51",
            "669.61",
            "669.71",
            "669.81",
            "669.82",
            "669.83",
            "669.91",
            "669.92",
            "669.93",
            "670.02",
            "671.01",
            "671.02",
            "671.03",
            "671.11",
            "671.12",
            "671.13",
            "671.21",
            "671.22",
            "671.23",
            "671.31",
            "671.33",
            "671.42",
            "671.51",
            "671.52",
            "671.53",
            "671.81",
            "671.82",
            "671.83",
            "671.91",
            "671.92",
            "671.93",
            "672.02",
            "673.01",
            "673.02",
            "673.03",
            "673.11",
            "673.12",
            "673.13",
            "673.21",
            "673.22",
            "673.23",
            "673.31",
            "673.32",
            "673.33",
            "673.81",
            "673.82",
            "674.01",
            "674.02",
            "674.03",
            "674.12",
            "674.22",
            "674.32",
            "674.42",
            "674.51",
            "674.52",
            "674.53",
            "674.82",
            "674.92",
            "675.01",
            "675.02",
            "675.03",
            "675.11",
            "675.12",
            "675.13",
            "675.21",
            "675.22",
            "675.23",
            "675.81",
            "675.82",
            "675.83",
            "675.91",
            "675.92",
            "675.93",
            "676.01",
            "676.02",
            "676.03",
            "676.11",
            "676.12",
            "676.13",
            "676.21",
            "676.22",
            "676.23",
            "676.31",
            "676.32",
            "676.41",
            "676.42",
            "676.43",
            "676.51",
            "676.52",
            "676.53",
            "676.61",
            "676.62",
            "676.63",
            "676.81",
            "676.82",
            "676.83",
            "676.91",
            "676.92",
            "676.93",
            "678.01",
            "678.03",
            "678.11",
            "678.13",
            "679.01",
            "679.02",
            "679.03",
            "679.11",
            "679.12",
            "679.13",
            "V22.2",
            "V23.0",
            "V23.1",
            "V23.2",
            "V23.3",
            "V23.4",
            "V23.41",
            "V23.49",
            "V23.5",
            "V23.7",
            "V23.8"
          ]
        },
        {
          "set": "SNOMED-CT",
          "version": "2009",
          "standard_concept": "pregnancy",
          "standard_concept_id": "Q_c158",
          "qds_id": "Q_134",
          "values": [
            "102872000",
            "102873005",
            "102875003",
            "14418008",
            "169560008",
            "169561007",
            "169562000",
            "169563005",
            "169564004",
            "169565003",
            "169566002",
            "169567006",
            "169568001",
            "199715003",
            "237233002",
            "237238006",
            "237239003",
            "237240001",
            "237241002",
            "237242009",
            "237244005",
            "248985009",
            "281307002",
            "314204000",
            "41587001",
            "442478007",
            "45307008",
            "47200007",
            "57630001",
            "58532003",
            "59466002",
            "65727000",
            "72892002",
            "77386006",
            "83074005",
            "9279009"
          ]
        },
        {
          "set": "ICD-10-CM",
          "version": "2010.0",
          "standard_concept": "pregnancy",
          "standard_concept_id": "Q_c160",
          "qds_id": "Q_147",
          "values": [
            "O09.4",
            "O09.40",
            "O09.41",
            "O09.42",
            "O09.43",
            "O09.5",
            "O09.51",
            "O09.511",
            "O09.512",
            "O09.513",
            "O09.519",
            "O09.52",
            "O09.521",
            "O09.522",
            "O09.523",
            "O09.529",
            "O10.1",
            "O10.11",
            "O10.111",
            "O10.112",
            "O10.113",
            "O10.119",
            "O10.12",
            "O10.13",
            "O10.211",
            "O10.212",
            "O10.213",
            "O10.219",
            "O10.22",
            "O10.411",
            "O10.412",
            "O10.413",
            "O10.419",
            "O10.42",
            "O10.911",
            "O10.912",
            "O10.913",
            "O10.919",
            "O10.92",
            "O15.00",
            "O15.02",
            "O15.03",
            "O15.9",
            "O16.1",
            "O16.2",
            "O16.3",
            "O16.9",
            "O20.0",
            "O20.8",
            "O20.9",
            "O21.0",
            "O21.2",
            "O21.8",
            "O21.9",
            "O22.0",
            "O22.00",
            "O22.01",
            "O22.02",
            "O22.03",
            "O22.1",
            "O22.10",
            "O22.11",
            "O22.12",
            "O22.13",
            "O22.2",
            "O22.20",
            "O22.21",
            "O22.22",
            "O22.23",
            "O22.3",
            "O22.30",
            "O22.31",
            "O22.32",
            "O22.33",
            "O22.5",
            "O22.50",
            "O22.51",
            "O22.52",
            "O22.53",
            "O22.8",
            "O22.8x",
            "O22.8x1",
            "O22.8x2",
            "O22.8x3",
            "O22.8x9",
            "O23.40",
            "O23.41",
            "O23.42",
            "O23.43",
            "O23.90",
            "O23.91",
            "O23.92",
            "O23.93",
            "O24.911",
            "O24.912",
            "O24.913",
            "O24.919",
            "O24.92",
            "O26.00",
            "O26.01",
            "O26.02",
            "O26.03",
            "O26.20",
            "O26.21",
            "O26.22",
            "O26.23",
            "O26.611",
            "O26.612",
            "O26.613",
            "O26.619",
            "O26.811",
            "O26.812",
            "O26.813",
            "O26.819",
            "O26.821",
            "O26.822",
            "O26.823",
            "O26.829",
            "O26.831",
            "O26.832",
            "O26.833",
            "O26.839",
            "O26.84",
            "O26.841",
            "O26.842",
            "O26.843",
            "O26.849",
            "O26.85",
            "O26.851",
            "O26.852",
            "O26.853",
            "O26.859",
            "O26.87",
            "O26.872",
            "O26.873",
            "O26.879",
            "O26.891",
            "O26.892",
            "O26.893",
            "O26.899",
            "O26.90",
            "O26.91",
            "O26.92",
            "O26.93",
            "O30.0",
            "O30.001",
            "O30.002",
            "O30.003",
            "O30.009",
            "O30.02",
            "O30.021",
            "O30.022",
            "O30.023",
            "O30.029",
            "O30.1",
            "O30.10",
            "O30.11",
            "O30.12",
            "O30.13",
            "O30.2",
            "O30.20",
            "O30.21",
            "O30.22",
            "O30.23",
            "O31.000",
            "O31.001",
            "O31.002",
            "O31.003",
            "O31.004",
            "O31.005",
            "O31.009",
            "O31.010",
            "O31.011",
            "O31.012",
            "O31.013",
            "O31.014",
            "O31.015",
            "O31.019",
            "O31.020",
            "O31.021",
            "O31.022",
            "O31.023",
            "O31.024",
            "O31.025",
            "O31.029",
            "O31.030",
            "O31.031",
            "O31.032",
            "O31.033",
            "O31.034",
            "O31.035",
            "O31.039",
            "O31.2",
            "O31.20",
            "O31.21",
            "O31.22",
            "O31.23",
            "O31.3",
            "O31.30",
            "O31.31",
            "O31.32",
            "O31.33",
            "O31.8",
            "O31.8x",
            "O31.8x1",
            "O31.8x2",
            "O31.8x3",
            "O31.8x9",
            "O36.8",
            "O36.81",
            "O36.812",
            "O36.813",
            "O36.819",
            "O36.82",
            "O36.821",
            "O36.822",
            "O36.823",
            "O36.829",
            "O36.89",
            "O36.891",
            "O36.892",
            "O36.893",
            "O36.899",
            "O36.9",
            "O36.90",
            "O36.91",
            "O36.92",
            "O36.93",
            "O40",
            "O40.1",
            "O40.2",
            "O40.3",
            "O40.9",
            "O41.0",
            "O41.00",
            "O41.01",
            "O41.02",
            "O41.03",
            "O41.1",
            "O41.10",
            "O41.101",
            "O41.102",
            "O41.103",
            "O41.109",
            "O41.12",
            "O41.121",
            "O41.122",
            "O41.123",
            "O41.129",
            "O41.14",
            "O41.141",
            "O41.142",
            "O41.143",
            "O41.149",
            "O41.8",
            "O41.8x",
            "O41.8x1",
            "O41.8x2",
            "O41.8x3",
            "O41.8x9",
            "O41.9",
            "O41.90",
            "O41.91",
            "O41.92",
            "O41.93",
            "O42",
            "O42.0",
            "O42.00",
            "O42.01",
            "O42.011",
            "O42.012",
            "O42.013",
            "O42.019",
            "O44.00",
            "O44.01",
            "O44.02",
            "O44.03",
            "O44.10",
            "O44.11",
            "O44.12",
            "O44.13",
            "O45",
            "O46",
            "O46.0",
            "O46.8",
            "O46.9",
            "O48.0",
            "O48.1",
            "O60.00",
            "O60.02",
            "O60.03",
            "O60.100",
            "O60.101",
            "O60.102",
            "O60.103",
            "O60.104",
            "O60.105",
            "O60.109",
            "O60.120",
            "O60.121",
            "O60.122",
            "O60.123",
            "O60.124",
            "O60.125",
            "O60.129",
            "O60.130",
            "O60.131",
            "O60.132",
            "O60.133",
            "O60.134",
            "O60.135",
            "O60.139",
            "O60.140",
            "O60.141",
            "O60.142",
            "O60.143",
            "O60.144",
            "O60.145",
            "O60.149",
            "O61.0",
            "O61.1",
            "O61.8",
            "O61.9",
            "O62",
            "O62.0",
            "O62.1",
            "O62.2",
            "O62.3",
            "O62.4",
            "O62.8",
            "O62.9",
            "O63",
            "O63.0",
            "O63.1",
            "O63.2",
            "O63.9",
            "O64",
            "O64.0",
            "O64.1",
            "O64.2",
            "O64.3",
            "O64.4",
            "O64.5",
            "O64.8",
            "O64.9",
            "O65",
            "O65.0",
            "O65.1",
            "O65.2",
            "O65.3",
            "O65.4",
            "O65.5",
            "O65.8",
            "O65.9",
            "O66",
            "O66.0",
            "O66.1",
            "O66.2",
            "O66.3",
            "O66.4",
            "O66.40",
            "O66.41",
            "O66.5",
            "O66.6",
            "O66.8",
            "O66.9",
            "O67",
            "O67.0",
            "O67.8",
            "O67.9",
            "O69",
            "O69.0",
            "O69.1",
            "O69.2",
            "O69.3",
            "O69.4",
            "O69.5",
            "O69.8",
            "O69.81",
            "O69.82",
            "O69.89",
            "O69.9",
            "O70",
            "O70.0",
            "O70.1",
            "O70.2",
            "O70.3",
            "O70.4",
            "O70.9",
            "O71",
            "O71.0",
            "O71.00",
            "O71.02",
            "O71.03",
            "O71.1",
            "O71.2",
            "O71.3",
            "O71.4",
            "O71.5",
            "O71.6",
            "O71.7",
            "O71.8",
            "O71.81",
            "O71.89",
            "O71.9",
            "O72.0",
            "O74",
            "O74.0",
            "O74.1",
            "O74.2",
            "O74.3",
            "O74.4",
            "O74.5",
            "O74.6",
            "O74.7",
            "O74.8",
            "O74.9",
            "O75",
            "O75.0",
            "O75.1",
            "O75.2",
            "O75.3",
            "O75.4",
            "O75.5",
            "O75.8",
            "O75.81",
            "O75.89",
            "O75.9",
            "O76",
            "O77",
            "O77.0",
            "O77.1",
            "O77.8",
            "O77.9",
            "O80",
            "O82",
            "O88",
            "O88.0",
            "O88.01",
            "O88.011",
            "O88.012",
            "O88.013",
            "O88.019",
            "O88.02",
            "O88.11",
            "O88.111",
            "O88.112",
            "O88.113",
            "O88.119",
            "O88.12",
            "O88.2",
            "O88.21",
            "O88.211",
            "O88.212",
            "O88.213",
            "O88.219",
            "O88.22",
            "O88.31",
            "O88.311",
            "O88.312",
            "O88.313",
            "O88.319",
            "O88.32",
            "O90.0",
            "O90.1",
            "O90.3",
            "O90.4",
            "O90.5",
            "O90.6",
            "O91.0",
            "O91.01",
            "O91.011",
            "O91.012",
            "O91.013",
            "O91.019",
            "O91.1",
            "O91.11",
            "O91.111",
            "O91.112",
            "O91.113",
            "O91.119",
            "O91.2",
            "O91.21",
            "O91.211",
            "O91.212",
            "O91.213",
            "O91.219",
            "O92",
            "O92.0",
            "O92.01",
            "O92.011",
            "O92.012",
            "O92.013",
            "O92.019",
            "O92.1",
            "O92.11",
            "O92.111",
            "O92.112",
            "O92.113",
            "O92.119",
            "O92.29",
            "O92.6",
            "O92.7",
            "O98.011",
            "O98.012",
            "O98.013",
            "O98.019",
            "O98.02",
            "O98.111",
            "O98.112",
            "O98.113",
            "O98.119",
            "O98.12",
            "O98.211",
            "O98.212",
            "O98.213",
            "O98.219",
            "O98.22",
            "O98.311",
            "O98.312",
            "O98.313",
            "O98.319",
            "O98.32",
            "O98.511",
            "O98.512",
            "O98.513",
            "O98.519",
            "O98.52",
            "O98.611",
            "O98.612",
            "O98.613",
            "O98.619",
            "O98.62",
            "O98.811",
            "O98.812",
            "O98.813",
            "O98.819",
            "O98.82",
            "O98.919",
            "O99.011",
            "O99.012",
            "O99.013",
            "O99.019",
            "O99.02",
            "O99.111",
            "O99.112",
            "O99.113",
            "O99.119",
            "O99.12",
            "O99.21",
            "O99.280",
            "O99.281",
            "O99.282",
            "O99.283",
            "O99.284",
            "O99.310",
            "O99.311",
            "O99.312",
            "O99.313",
            "O99.314",
            "O99.320",
            "O99.321",
            "O99.322",
            "O99.323",
            "O99.324",
            "O99.33",
            "O99.8",
            "O99.81",
            "O99.810",
            "O99.84",
            "O99.841",
            "O99.842",
            "O99.843",
            "O99.844",
            "Z33.1"
          ]
        }
      ]
    },
    "physical_exam_not_done_physical_exam_not_done": {
      "standard_concept": "physical_exam_not_done",
      "standard_category": "physical_exam",
      "standard_concept_id": "added-Q_c147-Q_c146-Q_c145",
      "qds_data_type": "physical_exam_not_done",
      "qds_id": "Added_1",
      "type": "array",
      "items": {
        "type": "number",
        "format": "utc-sec"
      },
      "codes": [
        {
          "set": "HL7",
          "version": "3.0",
          "standard_concept": "medical_reason_hl7",
          "standard_concept_id": "Q_c145",
          "qds_id": "Q_119",
          "values": [
            "21703",
            "21704",
            "21738",
            "21745",
            "21747",
            "21815",
            "21990",
            "22259",
            "22261",
            "22855"
          ]
        },
        {
          "set": "HL7",
          "version": "3.0",
          "standard_concept": "medical_reason_hl7",
          "standard_concept_id": "Q_c145",
          "qds_id": "Q_120",
          "values": [
            "21703",
            "21704",
            "21738",
            "21745",
            "21747",
            "21815",
            "21990",
            "22259",
            "22261",
            "22855"
          ]
        },
        {
          "set": "HL7",
          "version": "3.0",
          "standard_concept": "patient_reason_hl7",
          "standard_concept_id": "Q_c146",
          "qds_id": "Q_115",
          "values": [
            "14880",
            "15985",
            "19729",
            "21708",
            "21710",
            "21741",
            "21743",
            "21746",
            "22260",
            "22851"
          ]
        },
        {
          "set": "HL7",
          "version": "3.0",
          "standard_concept": "patient_reason_hl7",
          "standard_concept_id": "Q_c146",
          "qds_id": "Q_117",
          "values": [
            "14880",
            "15985",
            "19729",
            "21708",
            "21710",
            "21741",
            "21743",
            "21746",
            "22260",
            "22851"
          ]
        },
        {
          "set": "HL7",
          "version": "3.0",
          "standard_concept": "system_reason_hl7",
          "standard_concept_id": "Q_c147",
          "qds_id": "Q_128",
          "values": [
            "19730",
            "19731",
            "19733",
            "19734",
            "19735",
            "19736",
            "19987",
            "19988",
            "19989",
            "19990",
            "21408",
            "21493",
            "21568",
            "21706",
            "21707",
            "21709",
            "21728",
            "21729",
            "21730",
            "21731",
            "21732",
            "21733",
            "21734",
            "21735",
            "21744",
            "22023",
            "22024",
            "22165",
            "22166",
            "22167",
            "22168",
            "22169",
            "22857",
            "22858",
            "22859",
            "22865",
            "22866",
            "22867",
            "22907",
            "22909",
            "22911",
            "22912",
            "22913"
          ]
        },
        {
          "set": "HL7",
          "version": "3.0",
          "standard_concept": "system_reason_hl7",
          "standard_concept_id": "Q_c147",
          "qds_id": "Q_129",
          "values": [
            "19730",
            "19731",
            "19733",
            "19734",
            "19735",
            "19736",
            "19987",
            "19988",
            "19989",
            "19990",
            "21408",
            "21493",
            "21568",
            "21706",
            "21707",
            "21709",
            "21728",
            "21729",
            "21730",
            "21731",
            "21732",
            "21733",
            "21734",
            "21735",
            "21744",
            "22023",
            "22024",
            "22165",
            "22166",
            "22167",
            "22168",
            "22169",
            "22857",
            "22858",
            "22859",
            "22865",
            "22866",
            "22867",
            "22907",
            "22909",
            "22911",
            "22912",
            "22913"
          ]
        }
      ]
    },
    "bmi_physical_exam_finding": {
      "standard_concept": "bmi",
      "standard_category": "physical_exam",
      "standard_concept_id": "added-Q_c69-Q_c148",
      "qds_data_type": "physical_exam_finding",
      "qds_id": "Added_2",
      "type": "array",
      "items": {
        "type": "object",
        "properties": {
          "value": {
            "description": "BMI",
            "type": "number"
          },
          "date": {
            "description": "Date of BMI",
            "type": "number",
            "format": "utc-sec"
          }
        }
      },
      "codes": [
        {
          "set": "LOINC",
          "version": "2.3",
          "standard_concept": "bmi",
          "standard_concept_id": "Q_c69",
          "qds_id": "Q_100",
          "values": [
            "39156-5"
          ]
        },
        {
          "set": "SNOMED-CT",
          "version": "2010.0",
          "standard_concept": "bmi",
          "standard_concept_id": "Q_c148",
          "qds_id": "Q_114",
          "values": [
            "225171007",
            "301331008",
            "60621009"
          ]
        }
      ]
    },
    "dietary_consultation_order_communication_provider_to_provider": {
      "standard_concept": "dietary_consultation_order",
      "standard_category": "communication",
      "standard_concept_id": "Q_c155",
      "qds_data_type": "communication_provider_to_provider",
      "qds_id": "Q_126",
      "type": "array",
      "items": {
        "type": "number",
        "format": "utc-sec"
      },
      "codes": [
        {
          "set": "SNOMED-CT",
          "version": "2009",
          "standard_concept": "dietary_consultation_order",
          "standard_concept_id": "Q_c155",
          "qds_id": "Q_126",
          "values": [
            "103699006",
            "306163007",
            "408289007"
          ]
        }
      ]
    },
    "terminal_illness_patient_characteristic": {
      "standard_concept": "terminal_illness",
      "standard_category": "individual_characteristic",
      "standard_concept_id": "Q_c139",
      "qds_data_type": "patient_characteristic",
      "qds_id": "Q_102",
      "type": "array",
      "items": {
        "type": "number",
        "format": "utc-sec"
      },
      "codes": [
        {
          "set": "SNOMED-CT",
          "version": "2010",
          "standard_concept": "terminal_illness",
          "standard_concept_id": "Q_c139",
          "qds_id": "Q_102",
          "values": [
            "162607003",
            "162608008",
            "300936002"
          ]
        }
      ]
    }
  },
  "sub_id": "a",
  "subtitle": "Age 65+",
  "short_subtitle": "65+",
  "numerator": {
    "or": [
      {
        "category": "Patient Characteristic",
        "title": "22 kg/m2 <= BMI <= 30 kg/m2"
      },
      {
        "and": [
          {
            "category": "Patient Characteristic",
            "title": "BMI < 22 kg/m2 OR BMI > 30 kg/m2"
          },
          {
            "or": [
              {
                "category": "Care Goal",
                "title": "Follow-up plan BMI management"
              },
              {
                "category": "Communication Provider to Provider",
                "title": "Dietary Consultation Order"
              }
            ]
          }
        ]
      }
    ]
  },
  "population": {
    "category": "Patient Characteristic",
    "title": "Age Greater Than 65"
  }
}